institution_type,year,enrollment_percentage,field_id,country_id,enrollment_id
Government dependent private educational institutions,2022,54.6295,F001,58.0,ENR0001
Government dependent private educational institutions,2022,58.6359,F002,58.0,ENR0002
Government dependent private educational institutions,2022,60.484,F003,58.0,ENR0003
Government dependent private educational institutions,2022,41.5049,F004,58.0,ENR0004
Government dependent private educational institutions,2022,2.483,F001,71.0,ENR0005
Government dependent private educational institutions,2022,17.1863,F002,71.0,ENR0006
Government dependent private educational institutions,2022,19.8274,F003,71.0,ENR0007
Government dependent private educational institutions,2022,44.5031,F004,71.0,ENR0008
Government dependent private educational institutions,2022,18.6441,F001,168.0,ENR0009
Government dependent private educational institutions,2022,3.623,F002,168.0,ENR0010
Government dependent private educational institutions,2022,1.7782,F001,30.0,ENR0011
Government dependent private educational institutions,2022,0.1983,F002,30.0,ENR0012
Government dependent private educational institutions,2022,62.9019,F002,27.0,ENR0013
Government dependent private educational institutions,2022,23.0465,F003,27.0,ENR0014
Government dependent private educational institutions,2022,10.3822,F001,179.0,ENR0015
Government dependent private educational institutions,2022,1.3627,F002,179.0,ENR0016
Government dependent private educational institutions,2022,0.3725,F003,179.0,ENR0017
Government dependent private educational institutions,2022,9.8026,F001,202.0,ENR0018
Government dependent private educational institutions,2022,9.7137,F002,202.0,ENR0019
Government dependent private educational institutions,2022,12.1864,F003,202.0,ENR0020
Government dependent private educational institutions,2022,5.3617,F004,202.0,ENR0021
Government dependent private educational institutions,2022,23.0114,F001,106.0,ENR0022
Government dependent private educational institutions,2022,21.6902,F002,106.0,ENR0023
Government dependent private educational institutions,2022,21.1828,F003,106.0,ENR0024
Government dependent private educational institutions,2022,12.596,F004,106.0,ENR0025
Government dependent private educational institutions,2022,52.8897,F001,74.0,ENR0026
Government dependent private educational institutions,2022,74.9202,F002,74.0,ENR0027
Government dependent private educational institutions,2022,70.0265,F003,74.0,ENR0028
Government dependent private educational institutions,2022,28.3254,F001,52.0,ENR0029
Government dependent private educational institutions,2022,76.0102,F002,52.0,ENR0030
Government dependent private educational institutions,2022,86.6888,F003,52.0,ENR0031
Government dependent private educational institutions,2022,88.435,F004,52.0,ENR0032
Government dependent private educational institutions,2022,28.758,F001,76.0,ENR0033
Government dependent private educational institutions,2022,4.8371,F002,76.0,ENR0034
Government dependent private educational institutions,2022,4.0564,F003,76.0,ENR0035
Government dependent private educational institutions,2022,33.834,F001,69.0,ENR0036
Government dependent private educational institutions,2022,6.9545,F002,69.0,ENR0037
Government dependent private educational institutions,2022,3.4212,F003,69.0,ENR0038
Government dependent private educational institutions,2022,1.4384,F004,69.0,ENR0039
Government dependent private educational institutions,2022,5.282,F001,107.0,ENR0040
Government dependent private educational institutions,2022,8.0924,F002,107.0,ENR0041
Government dependent private educational institutions,2022,5.7176,F003,107.0,ENR0042
Government dependent private educational institutions,2022,5.7011,F004,107.0,ENR0043
Government dependent private educational institutions,2022,9.1424,F001,182.0,ENR0044
Government dependent private educational institutions,2022,68.0839,F001,127.0,ENR0045
Government dependent private educational institutions,2022,5.0979,F002,127.0,ENR0046
Government dependent private educational institutions,2022,8.0713,F003,127.0,ENR0047
Government dependent private educational institutions,2022,7.4992,F004,127.0,ENR0048
Government dependent private educational institutions,2022,36.7133,F001,156.0,ENR0049
Government dependent private educational institutions,2022,10.1774,F002,156.0,ENR0050
Government dependent private educational institutions,2022,2.9494,F003,156.0,ENR0051
Government dependent private educational institutions,2022,1.3129,F004,156.0,ENR0052
Government dependent private educational institutions,2022,0.1508,F002,28.0,ENR0053
Independent private educational institutions,2022,0.3478,F003,58.0,ENR0054
Independent private educational institutions,2022,92.1438,F001,71.0,ENR0055
Independent private educational institutions,2022,62.9249,F002,71.0,ENR0056
Independent private educational institutions,2022,60.5737,F003,71.0,ENR0057
Independent private educational institutions,2022,16.2464,F004,71.0,ENR0058
Independent private educational institutions,2022,17.1238,F001,72.0,ENR0059
Independent private educational institutions,2022,54.454,F002,72.0,ENR0060
Independent private educational institutions,2022,79.3561,F003,72.0,ENR0061
Independent private educational institutions,2022,49.8717,F004,72.0,ENR0062
Independent private educational institutions,2022,9.7281,F002,168.0,ENR0063
Independent private educational institutions,2022,5.2226,F003,168.0,ENR0064
Independent private educational institutions,2022,0.3892,F004,168.0,ENR0065
Independent private educational institutions,2022,0.148,F001,30.0,ENR0066
Independent private educational institutions,2022,0.0668,F002,30.0,ENR0067
Independent private educational institutions,2022,8.5449,F002,153.0,ENR0068
Independent private educational institutions,2022,2.4934,F003,153.0,ENR0069
Independent private educational institutions,2022,1.921,F004,153.0,ENR0070
Independent private educational institutions,2022,34.3111,F001,179.0,ENR0071
Independent private educational institutions,2022,12.5613,F002,179.0,ENR0072
Independent private educational institutions,2022,31.528,F003,179.0,ENR0073
Independent private educational institutions,2022,1.2866,F004,179.0,ENR0074
Independent private educational institutions,2022,87.9391,F001,202.0,ENR0075
Independent private educational institutions,2022,68.7136,F002,202.0,ENR0076
Independent private educational institutions,2022,62.9651,F003,202.0,ENR0077
Independent private educational institutions,2022,64.4263,F004,202.0,ENR0078
Independent private educational institutions,2022,0.5108,F001,24.0,ENR0079
Independent private educational institutions,2022,2.0186,F002,24.0,ENR0080
Independent private educational institutions,2022,4.5058,F003,24.0,ENR0081
Independent private educational institutions,2022,0.0996,F004,24.0,ENR0082
Independent private educational institutions,2022,13.6206,F002,74.0,ENR0083
Independent private educational institutions,2022,16.4382,F003,74.0,ENR0084
Independent private educational institutions,2022,21.8403,F002,3.0,ENR0085
Independent private educational institutions,2022,16.4637,F003,3.0,ENR0086
Independent private educational institutions,2022,4.8801,F004,3.0,ENR0087
Independent private educational institutions,2022,93.1441,F001,42.0,ENR0088
Independent private educational institutions,2022,80.2655,F002,42.0,ENR0089
Independent private educational institutions,2022,52.5066,F003,42.0,ENR0090
Independent private educational institutions,2022,27.9088,F004,42.0,ENR0091
Independent private educational institutions,2022,97.795,F001,63.0,ENR0092
Independent private educational institutions,2022,77.5968,F002,63.0,ENR0093
Independent private educational institutions,2022,69.6545,F003,63.0,ENR0094
Independent private educational institutions,2022,63.8001,F004,63.0,ENR0095
Independent private educational institutions,2022,33.1707,F001,52.0,ENR0096
Independent private educational institutions,2022,23.9898,F002,52.0,ENR0097
Independent private educational institutions,2022,13.3112,F003,52.0,ENR0098
Independent private educational institutions,2022,11.565,F004,52.0,ENR0099
Independent private educational institutions,2022,15.2223,F002,21.0,ENR0100
Independent private educational institutions,2022,5.4821,F003,21.0,ENR0101
Independent private educational institutions,2022,1.2044,F004,21.0,ENR0102
Independent private educational institutions,2022,4.0025,F001,203.0,ENR0103
Independent private educational institutions,2022,34.3275,F002,203.0,ENR0104
Independent private educational institutions,2022,65.6377,F003,203.0,ENR0105
Independent private educational institutions,2022,51.1375,F004,203.0,ENR0106
Independent private educational institutions,2022,51.4442,F001,87.0,ENR0107
Independent private educational institutions,2022,6.9635,F002,87.0,ENR0108
Independent private educational institutions,2022,30.1291,F003,87.0,ENR0109
Independent private educational institutions,2022,0.9481,F001,76.0,ENR0110
Independent private educational institutions,2022,0.0018,F002,76.0,ENR0111
Independent private educational institutions,2022,16.7052,F002,69.0,ENR0112
Independent private educational institutions,2022,3.5438,F003,69.0,ENR0113
Independent private educational institutions,2022,0.935,F004,69.0,ENR0114
Independent private educational institutions,2022,80.5195,F001,114.0,ENR0115
Independent private educational institutions,2022,36.2609,F002,114.0,ENR0116
Independent private educational institutions,2022,31.5686,F003,114.0,ENR0117
Independent private educational institutions,2022,5.1383,F004,114.0,ENR0118
Independent private educational institutions,2022,23.075,F001,139.0,ENR0119
Independent private educational institutions,2022,21.0159,F002,139.0,ENR0120
Independent private educational institutions,2022,16.3629,F003,139.0,ENR0121
Independent private educational institutions,2022,7.0458,F004,139.0,ENR0122
Independent private educational institutions,2022,27.1538,F001,107.0,ENR0123
Independent private educational institutions,2022,11.006,F002,107.0,ENR0124
Independent private educational institutions,2022,4.6944,F003,107.0,ENR0125
Independent private educational institutions,2022,12.8419,F004,107.0,ENR0126
Independent private educational institutions,2022,25.966,F001,182.0,ENR0127
Independent private educational institutions,2022,21.9722,F002,182.0,ENR0128
Independent private educational institutions,2022,39.2024,F003,182.0,ENR0129
Independent private educational institutions,2022,6.2609,F004,182.0,ENR0130
Independent private educational institutions,2022,5.1387,F001,127.0,ENR0131
Independent private educational institutions,2022,51.0198,F001,156.0,ENR0132
Independent private educational institutions,2022,10.6138,F002,156.0,ENR0133
Independent private educational institutions,2022,2.5807,F003,156.0,ENR0134
Independent private educational institutions,2022,7.404,F001,148.0,ENR0135
Independent private educational institutions,2022,32.6528,F002,148.0,ENR0136
Independent private educational institutions,2022,51.0916,F003,148.0,ENR0137
Independent private educational institutions,2022,43.1215,F004,148.0,ENR0138
Independent private educational institutions,2022,54.5279,F001,161.0,ENR0139
Independent private educational institutions,2022,78.0114,F002,161.0,ENR0140
Independent private educational institutions,2022,15.8404,F003,161.0,ENR0141
Independent private educational institutions,2022,12.4093,F004,161.0,ENR0142
Independent private educational institutions,2022,13.6418,F002,34.0,ENR0143
Independent private educational institutions,2022,9.4242,F003,34.0,ENR0144
Independent private educational institutions,2022,4.2648,F004,34.0,ENR0145
Independent private educational institutions,2022,12.3425,F002,85.0,ENR0146
Independent private educational institutions,2022,5.2211,F003,85.0,ENR0147
Independent private educational institutions,2022,2.0736,F004,85.0,ENR0148
Independent private educational institutions,2022,97.7013,F001,28.0,ENR0149
Independent private educational institutions,2022,72.2758,F002,28.0,ENR0150
Independent private educational institutions,2022,88.6861,F003,28.0,ENR0151
Independent private educational institutions,2022,14.4102,F002,205.0,ENR0152
Independent private educational institutions,2022,9.038,F003,205.0,ENR0153
Independent private educational institutions,2022,1.3262,F004,205.0,ENR0154
Private educational institutions,2022,71.0861,F001,5.0,ENR0155
Private educational institutions,2022,9.1476,F002,5.0,ENR0156
Private educational institutions,2022,12.3266,F003,5.0,ENR0157
Private educational institutions,2022,1.5758,F004,5.0,ENR0158
Private educational institutions,2022,20.9798,F001,169.0,ENR0159
Private educational institutions,2022,26.5519,F002,169.0,ENR0160
Private educational institutions,2022,23.6356,F003,169.0,ENR0161
Private educational institutions,2022,4.8725,F004,169.0,ENR0162
Private educational institutions,2022,54.6295,F001,58.0,ENR0163
Private educational institutions,2022,58.6359,F002,58.0,ENR0164
Private educational institutions,2022,60.8318,F003,58.0,ENR0165
Private educational institutions,2022,41.5049,F004,58.0,ENR0166
Private educational institutions,2022,94.6268,F001,71.0,ENR0167
Private educational institutions,2022,80.1112,F002,71.0,ENR0168
Private educational institutions,2022,80.4011,F003,71.0,ENR0169
Private educational institutions,2022,60.7495,F004,71.0,ENR0170
Private educational institutions,2022,17.1238,F001,72.0,ENR0171
Private educational institutions,2022,54.454,F002,72.0,ENR0172
Private educational institutions,2022,79.3561,F003,72.0,ENR0173
Private educational institutions,2022,49.8717,F004,72.0,ENR0174
Private educational institutions,2022,18.6441,F001,168.0,ENR0175
Private educational institutions,2022,13.351,F002,168.0,ENR0176
Private educational institutions,2022,5.2226,F003,168.0,ENR0177
Private educational institutions,2022,0.3892,F004,168.0,ENR0178
Private educational institutions,2022,1.9262,F001,30.0,ENR0179
Private educational institutions,2022,0.265,F002,30.0,ENR0180
Private educational institutions,2022,8.5449,F002,153.0,ENR0181
Private educational institutions,2022,2.4934,F003,153.0,ENR0182
Private educational institutions,2022,1.921,F004,153.0,ENR0183
Private educational institutions,2022,62.9019,F002,27.0,ENR0184
Private educational institutions,2022,23.0465,F003,27.0,ENR0185
Private educational institutions,2022,44.6933,F001,179.0,ENR0186
Private educational institutions,2022,13.924,F002,179.0,ENR0187
Private educational institutions,2022,31.9005,F003,179.0,ENR0188
Private educational institutions,2022,1.2866,F004,179.0,ENR0189
Private educational institutions,2022,93.8172,F001,75.0,ENR0190
Private educational institutions,2022,23.8665,F002,75.0,ENR0191
Private educational institutions,2022,7.1499,F003,75.0,ENR0192
Private educational institutions,2022,0.967,F004,75.0,ENR0193
Private educational institutions,2022,97.7417,F001,202.0,ENR0194
Private educational institutions,2022,78.4273,F002,202.0,ENR0195
Private educational institutions,2022,75.1515,F003,202.0,ENR0196
Private educational institutions,2022,69.788,F004,202.0,ENR0197
Private educational institutions,2022,23.0114,F001,106.0,ENR0198
Private educational institutions,2022,21.6902,F002,106.0,ENR0199
Private educational institutions,2022,21.1828,F003,106.0,ENR0200
Private educational institutions,2022,12.596,F004,106.0,ENR0201
Private educational institutions,2022,0.5108,F001,24.0,ENR0202
Private educational institutions,2022,2.0186,F002,24.0,ENR0203
Private educational institutions,2022,4.5058,F003,24.0,ENR0204
Private educational institutions,2022,0.0996,F004,24.0,ENR0205
Private educational institutions,2022,52.8897,F001,74.0,ENR0206
Private educational institutions,2022,88.5408,F002,74.0,ENR0207
Private educational institutions,2022,86.4647,F003,74.0,ENR0208
Private educational institutions,2022,21.8403,F002,3.0,ENR0209
Private educational institutions,2022,16.4637,F003,3.0,ENR0210
Private educational institutions,2022,4.8801,F004,3.0,ENR0211
Private educational institutions,2022,93.1441,F001,42.0,ENR0212
Private educational institutions,2022,80.2655,F002,42.0,ENR0213
Private educational institutions,2022,52.5066,F003,42.0,ENR0214
Private educational institutions,2022,27.9088,F004,42.0,ENR0215
Private educational institutions,2022,97.795,F001,63.0,ENR0216
Private educational institutions,2022,77.5968,F002,63.0,ENR0217
Private educational institutions,2022,69.6545,F003,63.0,ENR0218
Private educational institutions,2022,63.8001,F004,63.0,ENR0219
Private educational institutions,2022,61.4961,F001,52.0,ENR0220
Private educational institutions,2022,15.2223,F002,21.0,ENR0221
Private educational institutions,2022,5.4821,F003,21.0,ENR0222
Private educational institutions,2022,1.2044,F004,21.0,ENR0223
Private educational institutions,2022,4.0025,F001,203.0,ENR0224
Private educational institutions,2022,34.3275,F002,203.0,ENR0225
Private educational institutions,2022,65.6377,F003,203.0,ENR0226
Private educational institutions,2022,51.1375,F004,203.0,ENR0227
Private educational institutions,2022,51.4442,F001,87.0,ENR0228
Private educational institutions,2022,6.9635,F002,87.0,ENR0229
Private educational institutions,2022,30.1291,F003,87.0,ENR0230
Private educational institutions,2022,29.7061,F001,76.0,ENR0231
Private educational institutions,2022,4.8389,F002,76.0,ENR0232
Private educational institutions,2022,4.0564,F003,76.0,ENR0233
Private educational institutions,2022,33.834,F001,69.0,ENR0234
Private educational institutions,2022,23.6597,F002,69.0,ENR0235
Private educational institutions,2022,6.965,F003,69.0,ENR0236
Private educational institutions,2022,2.3734,F004,69.0,ENR0237
Private educational institutions,2022,80.5195,F001,114.0,ENR0238
Private educational institutions,2022,36.2609,F002,114.0,ENR0239
Private educational institutions,2022,31.5686,F003,114.0,ENR0240
Private educational institutions,2022,5.1383,F004,114.0,ENR0241
Private educational institutions,2022,23.075,F001,139.0,ENR0242
Private educational institutions,2022,21.0159,F002,139.0,ENR0243
Private educational institutions,2022,16.3629,F003,139.0,ENR0244
Private educational institutions,2022,7.0458,F004,139.0,ENR0245
Private educational institutions,2022,32.4357,F001,107.0,ENR0246
Private educational institutions,2022,19.0983,F002,107.0,ENR0247
Private educational institutions,2022,10.412,F003,107.0,ENR0248
Private educational institutions,2022,18.543,F004,107.0,ENR0249
Private educational institutions,2022,35.1084,F001,182.0,ENR0250
Private educational institutions,2022,21.9722,F002,182.0,ENR0251
Private educational institutions,2022,39.2024,F003,182.0,ENR0252
Private educational institutions,2022,6.2609,F004,182.0,ENR0253
Private educational institutions,2022,73.2226,F001,127.0,ENR0254
Private educational institutions,2022,5.0979,F002,127.0,ENR0255
Private educational institutions,2022,8.0713,F003,127.0,ENR0256
Private educational institutions,2022,7.4992,F004,127.0,ENR0257
Private educational institutions,2022,87.7331,F001,156.0,ENR0258
Private educational institutions,2022,20.7912,F002,156.0,ENR0259
Private educational institutions,2022,5.5301,F003,156.0,ENR0260
Private educational institutions,2022,1.3129,F004,156.0,ENR0261
Private educational institutions,2022,7.404,F001,148.0,ENR0262
Private educational institutions,2022,32.6528,F002,148.0,ENR0263
Private educational institutions,2022,51.0916,F003,148.0,ENR0264
Private educational institutions,2022,43.1215,F004,148.0,ENR0265
Private educational institutions,2022,54.5279,F001,161.0,ENR0266
Private educational institutions,2022,78.0114,F002,161.0,ENR0267
Private educational institutions,2022,15.8404,F003,161.0,ENR0268
Private educational institutions,2022,12.4093,F004,161.0,ENR0269
Private educational institutions,2022,13.6418,F002,34.0,ENR0270
Private educational institutions,2022,9.4242,F003,34.0,ENR0271
Private educational institutions,2022,4.2648,F004,34.0,ENR0272
Private educational institutions,2022,12.3425,F002,85.0,ENR0273
Private educational institutions,2022,5.2211,F003,85.0,ENR0274
Private educational institutions,2022,2.0736,F004,85.0,ENR0275
Private educational institutions,2022,97.7013,F001,28.0,ENR0276
Private educational institutions,2022,72.4266,F002,28.0,ENR0277
Private educational institutions,2022,88.6861,F003,28.0,ENR0278
Private educational institutions,2022,14.4102,F002,205.0,ENR0279
Private educational institutions,2022,9.038,F003,205.0,ENR0280
Private educational institutions,2022,1.3262,F004,205.0,ENR0281
Public educational institutions,2022,28.9139,F001,5.0,ENR0282
Public educational institutions,2022,90.8524,F002,5.0,ENR0283
Public educational institutions,2022,87.6734,F003,5.0,ENR0284
Public educational institutions,2022,98.4242,F004,5.0,ENR0285
Public educational institutions,2022,79.0202,F001,169.0,ENR0286
Public educational institutions,2022,73.4481,F002,169.0,ENR0287
Public educational institutions,2022,76.3644,F003,169.0,ENR0288
Public educational institutions,2022,95.1275,F004,169.0,ENR0289
Public educational institutions,2022,45.3705,F001,58.0,ENR0290
Public educational institutions,2022,41.3641,F002,58.0,ENR0291
Public educational institutions,2022,39.1682,F003,58.0,ENR0292
Public educational institutions,2022,58.4951,F004,58.0,ENR0293
Public educational institutions,2022,5.3732,F001,71.0,ENR0294
Public educational institutions,2022,19.8888,F002,71.0,ENR0295
Public educational institutions,2022,19.5989,F003,71.0,ENR0296
Public educational institutions,2022,39.2505,F004,71.0,ENR0297
Public educational institutions,2022,82.8762,F001,72.0,ENR0298
Public educational institutions,2022,45.546,F002,72.0,ENR0299
Public educational institutions,2022,20.6439,F003,72.0,ENR0300
Public educational institutions,2022,50.1283,F004,72.0,ENR0301
Public educational institutions,2022,81.3559,F001,168.0,ENR0302
Public educational institutions,2022,86.649,F002,168.0,ENR0303
Public educational institutions,2022,94.7774,F003,168.0,ENR0304
Public educational institutions,2022,99.6108,F004,168.0,ENR0305
Public educational institutions,2022,98.0738,F001,30.0,ENR0306
Public educational institutions,2022,99.735,F002,30.0,ENR0307
Public educational institutions,2022,91.4551,F002,153.0,ENR0308
Public educational institutions,2022,97.5066,F003,153.0,ENR0309
Public educational institutions,2022,98.079,F004,153.0,ENR0310
Public educational institutions,2022,37.0981,F002,27.0,ENR0311
Public educational institutions,2022,76.9535,F003,27.0,ENR0312
Public educational institutions,2022,55.3067,F001,179.0,ENR0313
Public educational institutions,2022,86.076,F002,179.0,ENR0314
Public educational institutions,2022,68.0995,F003,179.0,ENR0315
Public educational institutions,2022,98.7134,F004,179.0,ENR0316
Public educational institutions,2022,6.1828,F001,75.0,ENR0317
Public educational institutions,2022,76.1335,F002,75.0,ENR0318
Public educational institutions,2022,92.8501,F003,75.0,ENR0319
Public educational institutions,2022,99.033,F004,75.0,ENR0320
Public educational institutions,2022,2.2583,F001,202.0,ENR0321
Public educational institutions,2022,21.5727,F002,202.0,ENR0322
Public educational institutions,2022,24.8485,F003,202.0,ENR0323
Public educational institutions,2022,30.212,F004,202.0,ENR0324
Public educational institutions,2022,76.9886,F001,106.0,ENR0325
Public educational institutions,2022,78.3098,F002,106.0,ENR0326
Public educational institutions,2022,78.8172,F003,106.0,ENR0327
Public educational institutions,2022,87.404,F004,106.0,ENR0328
Public educational institutions,2022,99.4892,F001,24.0,ENR0329
Public educational institutions,2022,97.9814,F002,24.0,ENR0330
Public educational institutions,2022,95.4942,F003,24.0,ENR0331
Public educational institutions,2022,99.9004,F004,24.0,ENR0332
Public educational institutions,2022,47.1103,F001,74.0,ENR0333
Public educational institutions,2022,11.4592,F002,74.0,ENR0334
Public educational institutions,2022,13.5353,F003,74.0,ENR0335
Public educational institutions,2022,78.1597,F002,3.0,ENR0336
Public educational institutions,2022,83.5363,F003,3.0,ENR0337
Public educational institutions,2022,95.1199,F004,3.0,ENR0338
Public educational institutions,2022,6.8559,F001,42.0,ENR0339
Public educational institutions,2022,19.7345,F002,42.0,ENR0340
Public educational institutions,2022,47.4934,F003,42.0,ENR0341
Public educational institutions,2022,72.0912,F004,42.0,ENR0342
Public educational institutions,2022,2.205,F001,63.0,ENR0343
Public educational institutions,2022,22.4032,F002,63.0,ENR0344
Public educational institutions,2022,30.3455,F003,63.0,ENR0345
Public educational institutions,2022,36.1999,F004,63.0,ENR0346
Public educational institutions,2022,38.5039,F001,52.0,ENR0347
Public educational institutions,2022,84.7777,F002,21.0,ENR0348
Public educational institutions,2022,94.5179,F003,21.0,ENR0349
Public educational institutions,2022,98.7956,F004,21.0,ENR0350
Public educational institutions,2022,95.9975,F001,203.0,ENR0351
Public educational institutions,2022,65.6725,F002,203.0,ENR0352
Public educational institutions,2022,34.3623,F003,203.0,ENR0353
Public educational institutions,2022,48.8625,F004,203.0,ENR0354
Public educational institutions,2022,48.5558,F001,87.0,ENR0355
Public educational institutions,2022,93.0365,F002,87.0,ENR0356
Public educational institutions,2022,69.8709,F003,87.0,ENR0357
Public educational institutions,2022,70.2939,F001,76.0,ENR0358
Public educational institutions,2022,95.1611,F002,76.0,ENR0359
Public educational institutions,2022,95.9436,F003,76.0,ENR0360
Public educational institutions,2022,66.166,F001,69.0,ENR0361
Public educational institutions,2022,76.3403,F002,69.0,ENR0362
Public educational institutions,2022,93.035,F003,69.0,ENR0363
Public educational institutions,2022,97.6266,F004,69.0,ENR0364
Public educational institutions,2022,19.4805,F001,114.0,ENR0365
Public educational institutions,2022,63.7391,F002,114.0,ENR0366
Public educational institutions,2022,68.4314,F003,114.0,ENR0367
Public educational institutions,2022,94.8617,F004,114.0,ENR0368
Public educational institutions,2022,76.925,F001,139.0,ENR0369
Public educational institutions,2022,78.9841,F002,139.0,ENR0370
Public educational institutions,2022,83.6371,F003,139.0,ENR0371
Public educational institutions,2022,92.9542,F004,139.0,ENR0372
Public educational institutions,2022,67.5643,F001,107.0,ENR0373
Public educational institutions,2022,80.9017,F002,107.0,ENR0374
Public educational institutions,2022,89.588,F003,107.0,ENR0375
Public educational institutions,2022,81.457,F004,107.0,ENR0376
Public educational institutions,2022,64.8916,F001,182.0,ENR0377
Public educational institutions,2022,78.0278,F002,182.0,ENR0378
Public educational institutions,2022,60.7976,F003,182.0,ENR0379
Public educational institutions,2022,93.7391,F004,182.0,ENR0380
Public educational institutions,2022,26.7774,F001,127.0,ENR0381
Public educational institutions,2022,94.9021,F002,127.0,ENR0382
Public educational institutions,2022,91.9287,F003,127.0,ENR0383
Public educational institutions,2022,92.5008,F004,127.0,ENR0384
Public educational institutions,2022,12.2669,F001,156.0,ENR0385
Public educational institutions,2022,79.2088,F002,156.0,ENR0386
Public educational institutions,2022,94.4699,F003,156.0,ENR0387
Public educational institutions,2022,98.6871,F004,156.0,ENR0388
Public educational institutions,2022,92.596,F001,148.0,ENR0389
Public educational institutions,2022,67.3472,F002,148.0,ENR0390
Public educational institutions,2022,48.9084,F003,148.0,ENR0391
Public educational institutions,2022,56.8785,F004,148.0,ENR0392
Public educational institutions,2022,45.4721,F001,161.0,ENR0393
Public educational institutions,2022,21.9886,F002,161.0,ENR0394
Public educational institutions,2022,84.1596,F003,161.0,ENR0395
Public educational institutions,2022,87.5907,F004,161.0,ENR0396
Public educational institutions,2022,86.3582,F002,34.0,ENR0397
Public educational institutions,2022,90.5758,F003,34.0,ENR0398
Public educational institutions,2022,95.7352,F004,34.0,ENR0399
Public educational institutions,2022,87.6575,F002,85.0,ENR0400
Public educational institutions,2022,94.7789,F003,85.0,ENR0401
Public educational institutions,2022,97.9264,F004,85.0,ENR0402
Public educational institutions,2022,2.2987,F001,28.0,ENR0403
Public educational institutions,2022,27.5734,F002,28.0,ENR0404
Public educational institutions,2022,11.3139,F003,28.0,ENR0405
Public educational institutions,2022,85.5898,F002,205.0,ENR0406
Public educational institutions,2022,90.962,F003,205.0,ENR0407
Public educational institutions,2022,98.6738,F004,205.0,ENR0408
Government dependent private educational institutions,2023,54.1372,F001,58.0,ENR0409
Government dependent private educational institutions,2023,58.8381,F002,58.0,ENR0410
Government dependent private educational institutions,2023,60.4295,F003,58.0,ENR0411
Government dependent private educational institutions,2023,41.9649,F004,58.0,ENR0412
Government dependent private educational institutions,2023,2.379,F001,71.0,ENR0413
Government dependent private educational institutions,2023,16.7499,F002,71.0,ENR0414
Government dependent private educational institutions,2023,19.373,F003,71.0,ENR0415
Government dependent private educational institutions,2023,45.1682,F004,71.0,ENR0416
Government dependent private educational institutions,2023,19.6262,F001,168.0,ENR0417
Government dependent private educational institutions,2023,3.8815,F002,168.0,ENR0418
Government dependent private educational institutions,2023,1.8843,F001,30.0,ENR0419
Government dependent private educational institutions,2023,0.1994,F002,30.0,ENR0420
Government dependent private educational institutions,2023,63.1228,F002,27.0,ENR0421
Government dependent private educational institutions,2023,24.2456,F003,27.0,ENR0422
Government dependent private educational institutions,2023,11.0074,F001,179.0,ENR0423
Government dependent private educational institutions,2023,1.2934,F002,179.0,ENR0424
Government dependent private educational institutions,2023,0.3629,F003,179.0,ENR0425
Government dependent private educational institutions,2023,10.192,F001,202.0,ENR0426
Government dependent private educational institutions,2023,9.4648,F002,202.0,ENR0427
Government dependent private educational institutions,2023,11.6611,F003,202.0,ENR0428
Government dependent private educational institutions,2023,5.3398,F004,202.0,ENR0429
Government dependent private educational institutions,2023,20.1511,F001,106.0,ENR0430
Government dependent private educational institutions,2023,23.174,F002,106.0,ENR0431
Government dependent private educational institutions,2023,21.1235,F003,106.0,ENR0432
Government dependent private educational institutions,2023,12.8205,F004,106.0,ENR0433
Government dependent private educational institutions,2023,56.0727,F001,74.0,ENR0434
Government dependent private educational institutions,2023,72.2364,F002,74.0,ENR0435
Government dependent private educational institutions,2023,68.2168,F003,74.0,ENR0436
Government dependent private educational institutions,2023,99.4608,F004,74.0,ENR0437
Government dependent private educational institutions,2023,29.4963,F001,52.0,ENR0438
Government dependent private educational institutions,2023,76.7333,F002,52.0,ENR0439
Government dependent private educational institutions,2023,85.2444,F003,52.0,ENR0440
Government dependent private educational institutions,2023,94.263,F004,52.0,ENR0441
Government dependent private educational institutions,2023,52.4432,F001,87.0,ENR0442
Government dependent private educational institutions,2023,68.9561,F002,87.0,ENR0443
Government dependent private educational institutions,2023,21.8791,F003,87.0,ENR0444
Government dependent private educational institutions,2023,22.5007,F004,87.0,ENR0445
Government dependent private educational institutions,2023,30.0769,F001,76.0,ENR0446
Government dependent private educational institutions,2023,4.99,F002,76.0,ENR0447
Government dependent private educational institutions,2023,6.2963,F003,76.0,ENR0448
Government dependent private educational institutions,2023,32.9475,F001,69.0,ENR0449
Government dependent private educational institutions,2023,7.1681,F002,69.0,ENR0450
Government dependent private educational institutions,2023,3.5381,F003,69.0,ENR0451
Government dependent private educational institutions,2023,1.0965,F004,69.0,ENR0452
Government dependent private educational institutions,2023,5.4671,F001,107.0,ENR0453
Government dependent private educational institutions,2023,15.9697,F002,107.0,ENR0454
Government dependent private educational institutions,2023,9.1661,F003,107.0,ENR0455
Government dependent private educational institutions,2023,9.9107,F004,107.0,ENR0456
Government dependent private educational institutions,2023,8.5903,F001,182.0,ENR0457
Government dependent private educational institutions,2023,69.6144,F001,127.0,ENR0458
Government dependent private educational institutions,2023,5.1794,F002,127.0,ENR0459
Government dependent private educational institutions,2023,8.3547,F003,127.0,ENR0460
Government dependent private educational institutions,2023,7.8025,F004,127.0,ENR0461
Government dependent private educational institutions,2023,34.4,F001,156.0,ENR0462
Government dependent private educational institutions,2023,11.128,F002,156.0,ENR0463
Government dependent private educational institutions,2023,2.9537,F003,156.0,ENR0464
Government dependent private educational institutions,2023,1.2984,F004,156.0,ENR0465
Government dependent private educational institutions,2023,0.1768,F002,28.0,ENR0466
Independent private educational institutions,2023,0.4064,F003,58.0,ENR0467
Independent private educational institutions,2023,91.5403,F001,71.0,ENR0468
Independent private educational institutions,2023,63.8627,F002,71.0,ENR0469
Independent private educational institutions,2023,60.9652,F003,71.0,ENR0470
Independent private educational institutions,2023,17.021,F004,71.0,ENR0471
Independent private educational institutions,2023,19.253,F001,72.0,ENR0472
Independent private educational institutions,2023,53.6253,F002,72.0,ENR0473
Independent private educational institutions,2023,78.7496,F003,72.0,ENR0474
Independent private educational institutions,2023,49.9001,F004,72.0,ENR0475
Independent private educational institutions,2023,10.7808,F002,168.0,ENR0476
Independent private educational institutions,2023,5.3855,F003,168.0,ENR0477
Independent private educational institutions,2023,0.4643,F004,168.0,ENR0478
Independent private educational institutions,2023,0.0209,F001,30.0,ENR0479
Independent private educational institutions,2023,0.0679,F002,30.0,ENR0480
Independent private educational institutions,2023,7.9811,F002,153.0,ENR0481
Independent private educational institutions,2023,2.0757,F003,153.0,ENR0482
Independent private educational institutions,2023,2.1025,F004,153.0,ENR0483
Independent private educational institutions,2023,40.6414,F001,179.0,ENR0484
Independent private educational institutions,2023,13.849,F002,179.0,ENR0485
Independent private educational institutions,2023,31.6928,F003,179.0,ENR0486
Independent private educational institutions,2023,1.2896,F004,179.0,ENR0487
Independent private educational institutions,2023,87.2371,F001,202.0,ENR0488
Independent private educational institutions,2023,68.3546,F002,202.0,ENR0489
Independent private educational institutions,2023,63.0925,F003,202.0,ENR0490
Independent private educational institutions,2023,65.3624,F004,202.0,ENR0491
Independent private educational institutions,2023,0.4126,F001,24.0,ENR0492
Independent private educational institutions,2023,1.9313,F002,24.0,ENR0493
Independent private educational institutions,2023,6.4784,F003,24.0,ENR0494
Independent private educational institutions,2023,0.0381,F004,24.0,ENR0495
Independent private educational institutions,2023,16.669,F002,74.0,ENR0496
Independent private educational institutions,2023,18.0886,F003,74.0,ENR0497
Independent private educational institutions,2023,0.5392,F004,74.0,ENR0498
Independent private educational institutions,2023,23.9522,F002,3.0,ENR0499
Independent private educational institutions,2023,17.6019,F003,3.0,ENR0500
Independent private educational institutions,2023,5.1373,F004,3.0,ENR0501
Independent private educational institutions,2023,92.936,F001,42.0,ENR0502
Independent private educational institutions,2023,80.4145,F002,42.0,ENR0503
Independent private educational institutions,2023,52.453,F003,42.0,ENR0504
Independent private educational institutions,2023,27.4782,F004,42.0,ENR0505
Independent private educational institutions,2023,97.78,F001,63.0,ENR0506
Independent private educational institutions,2023,77.4824,F002,63.0,ENR0507
Independent private educational institutions,2023,69.9185,F003,63.0,ENR0508
Independent private educational institutions,2023,63.9316,F004,63.0,ENR0509
Independent private educational institutions,2023,32.6406,F001,52.0,ENR0510
Independent private educational institutions,2023,23.2667,F002,52.0,ENR0511
Independent private educational institutions,2023,14.7556,F003,52.0,ENR0512
Independent private educational institutions,2023,5.737,F004,52.0,ENR0513
Independent private educational institutions,2023,15.2055,F002,21.0,ENR0514
Independent private educational institutions,2023,5.8152,F003,21.0,ENR0515
Independent private educational institutions,2023,1.2008,F004,21.0,ENR0516
Independent private educational institutions,2023,4.018,F001,203.0,ENR0517
Independent private educational institutions,2023,35.1837,F002,203.0,ENR0518
Independent private educational institutions,2023,66.8095,F003,203.0,ENR0519
Independent private educational institutions,2023,55.785,F004,203.0,ENR0520
Independent private educational institutions,2023,47.5568,F001,87.0,ENR0521
Independent private educational institutions,2023,7.316,F002,87.0,ENR0522
Independent private educational institutions,2023,28.7184,F003,87.0,ENR0523
Independent private educational institutions,2023,1.2175,F001,76.0,ENR0524
Independent private educational institutions,2023,0.0024,F002,76.0,ENR0525
Independent private educational institutions,2023,16.6348,F002,69.0,ENR0526
Independent private educational institutions,2023,3.4673,F003,69.0,ENR0527
Independent private educational institutions,2023,0.8714,F004,69.0,ENR0528
Independent private educational institutions,2023,49.6988,F001,114.0,ENR0529
Independent private educational institutions,2023,37.2513,F002,114.0,ENR0530
Independent private educational institutions,2023,34.2913,F003,114.0,ENR0531
Independent private educational institutions,2023,3.8799,F004,114.0,ENR0532
Independent private educational institutions,2023,24.105,F001,139.0,ENR0533
Independent private educational institutions,2023,21.5973,F002,139.0,ENR0534
Independent private educational institutions,2023,16.4692,F003,139.0,ENR0535
Independent private educational institutions,2023,7.2136,F004,139.0,ENR0536
Independent private educational institutions,2023,28.427,F001,107.0,ENR0537
Independent private educational institutions,2023,4.1144,F002,107.0,ENR0538
Independent private educational institutions,2023,2.45,F003,107.0,ENR0539
Independent private educational institutions,2023,9.3345,F004,107.0,ENR0540
Independent private educational institutions,2023,27.7814,F001,182.0,ENR0541
Independent private educational institutions,2023,23.6685,F002,182.0,ENR0542
Independent private educational institutions,2023,40.8735,F003,182.0,ENR0543
Independent private educational institutions,2023,6.6278,F004,182.0,ENR0544
Independent private educational institutions,2023,4.8317,F001,127.0,ENR0545
Independent private educational institutions,2023,55.4667,F001,156.0,ENR0546
Independent private educational institutions,2023,9.6687,F002,156.0,ENR0547
Independent private educational institutions,2023,2.473,F003,156.0,ENR0548
Independent private educational institutions,2023,5.9185,F001,148.0,ENR0549
Independent private educational institutions,2023,34.1701,F002,148.0,ENR0550
Independent private educational institutions,2023,52.9472,F003,148.0,ENR0551
Independent private educational institutions,2023,39.4436,F004,148.0,ENR0552
Independent private educational institutions,2023,45.7471,F001,161.0,ENR0553
Independent private educational institutions,2023,79.2605,F002,161.0,ENR0554
Independent private educational institutions,2023,15.8976,F003,161.0,ENR0555
Independent private educational institutions,2023,12.7649,F004,161.0,ENR0556
Independent private educational institutions,2023,13.8345,F002,34.0,ENR0557
Independent private educational institutions,2023,9.4959,F003,34.0,ENR0558
Independent private educational institutions,2023,4.4136,F004,34.0,ENR0559
Independent private educational institutions,2023,12.3529,F002,85.0,ENR0560
Independent private educational institutions,2023,5.5907,F003,85.0,ENR0561
Independent private educational institutions,2023,2.39,F004,85.0,ENR0562
Independent private educational institutions,2023,95.3511,F001,28.0,ENR0563
Independent private educational institutions,2023,67.1739,F002,28.0,ENR0564
Independent private educational institutions,2023,76.0948,F003,28.0,ENR0565
Independent private educational institutions,2023,54.6831,F004,28.0,ENR0566
Independent private educational institutions,2023,13.9046,F002,205.0,ENR0567
Independent private educational institutions,2023,8.5535,F003,205.0,ENR0568
Independent private educational institutions,2023,1.3763,F004,205.0,ENR0569
Private educational institutions,2023,69.4107,F001,5.0,ENR0570
Private educational institutions,2023,9.7274,F002,5.0,ENR0571
Private educational institutions,2023,11.9691,F003,5.0,ENR0572
Private educational institutions,2023,1.2381,F004,5.0,ENR0573
Private educational institutions,2023,21.0936,F001,169.0,ENR0574
Private educational institutions,2023,27.1692,F002,169.0,ENR0575
Private educational institutions,2023,24.3316,F003,169.0,ENR0576
Private educational institutions,2023,5.3914,F004,169.0,ENR0577
Private educational institutions,2023,54.1372,F001,58.0,ENR0578
Private educational institutions,2023,58.8381,F002,58.0,ENR0579
Private educational institutions,2023,60.8359,F003,58.0,ENR0580
Private educational institutions,2023,41.9649,F004,58.0,ENR0581
Private educational institutions,2023,93.9193,F001,71.0,ENR0582
Private educational institutions,2023,80.6125,F002,71.0,ENR0583
Private educational institutions,2023,80.3382,F003,71.0,ENR0584
Private educational institutions,2023,62.1892,F004,71.0,ENR0585
Private educational institutions,2023,19.253,F001,72.0,ENR0586
Private educational institutions,2023,53.6253,F002,72.0,ENR0587
Private educational institutions,2023,78.7496,F003,72.0,ENR0588
Private educational institutions,2023,49.9001,F004,72.0,ENR0589
Private educational institutions,2023,19.6262,F001,168.0,ENR0590
Private educational institutions,2023,14.6623,F002,168.0,ENR0591
Private educational institutions,2023,5.3855,F003,168.0,ENR0592
Private educational institutions,2023,0.4643,F004,168.0,ENR0593
Private educational institutions,2023,1.9052,F001,30.0,ENR0594
Private educational institutions,2023,0.2674,F002,30.0,ENR0595
Private educational institutions,2023,7.9811,F002,153.0,ENR0596
Private educational institutions,2023,2.0757,F003,153.0,ENR0597
Private educational institutions,2023,2.1025,F004,153.0,ENR0598
Private educational institutions,2023,63.1228,F002,27.0,ENR0599
Private educational institutions,2023,24.2456,F003,27.0,ENR0600
Private educational institutions,2023,51.6488,F001,179.0,ENR0601
Private educational institutions,2023,15.1424,F002,179.0,ENR0602
Private educational institutions,2023,32.0557,F003,179.0,ENR0603
Private educational institutions,2023,1.2896,F004,179.0,ENR0604
Private educational institutions,2023,93.163,F001,75.0,ENR0605
Private educational institutions,2023,24.8853,F002,75.0,ENR0606
Private educational institutions,2023,7.6284,F003,75.0,ENR0607
Private educational institutions,2023,0.9566,F004,75.0,ENR0608
Private educational institutions,2023,97.429,F001,202.0,ENR0609
Private educational institutions,2023,77.8194,F002,202.0,ENR0610
Private educational institutions,2023,74.7536,F003,202.0,ENR0611
Private educational institutions,2023,70.7022,F004,202.0,ENR0612
Private educational institutions,2023,20.1511,F001,106.0,ENR0613
Private educational institutions,2023,23.174,F002,106.0,ENR0614
Private educational institutions,2023,21.1235,F003,106.0,ENR0615
Private educational institutions,2023,12.8205,F004,106.0,ENR0616
Private educational institutions,2023,0.4126,F001,24.0,ENR0617
Private educational institutions,2023,1.9313,F002,24.0,ENR0618
Private educational institutions,2023,6.4784,F003,24.0,ENR0619
Private educational institutions,2023,0.0381,F004,24.0,ENR0620
Private educational institutions,2023,56.0727,F001,74.0,ENR0621
Private educational institutions,2023,88.9054,F002,74.0,ENR0622
Private educational institutions,2023,86.3054,F003,74.0,ENR0623
Private educational institutions,2023,23.9522,F002,3.0,ENR0624
Private educational institutions,2023,17.6019,F003,3.0,ENR0625
Private educational institutions,2023,5.1373,F004,3.0,ENR0626
Private educational institutions,2023,92.936,F001,42.0,ENR0627
Private educational institutions,2023,80.4145,F002,42.0,ENR0628
Private educational institutions,2023,52.453,F003,42.0,ENR0629
Private educational institutions,2023,27.4782,F004,42.0,ENR0630
Private educational institutions,2023,97.78,F001,63.0,ENR0631
Private educational institutions,2023,77.4824,F002,63.0,ENR0632
Private educational institutions,2023,69.9185,F003,63.0,ENR0633
Private educational institutions,2023,63.9316,F004,63.0,ENR0634
Private educational institutions,2023,62.1369,F001,52.0,ENR0635
Private educational institutions,2023,15.2055,F002,21.0,ENR0636
Private educational institutions,2023,5.8152,F003,21.0,ENR0637
Private educational institutions,2023,1.2008,F004,21.0,ENR0638
Private educational institutions,2023,4.018,F001,203.0,ENR0639
Private educational institutions,2023,35.1837,F002,203.0,ENR0640
Private educational institutions,2023,66.8095,F003,203.0,ENR0641
Private educational institutions,2023,55.785,F004,203.0,ENR0642
Private educational institutions,2023,76.272,F002,87.0,ENR0643
Private educational institutions,2023,50.5975,F003,87.0,ENR0644
Private educational institutions,2023,22.5007,F004,87.0,ENR0645
Private educational institutions,2023,31.2945,F001,76.0,ENR0646
Private educational institutions,2023,4.9923,F002,76.0,ENR0647
Private educational institutions,2023,6.2963,F003,76.0,ENR0648
Private educational institutions,2023,32.9475,F001,69.0,ENR0649
Private educational institutions,2023,23.8028,F002,69.0,ENR0650
Private educational institutions,2023,7.0054,F003,69.0,ENR0651
Private educational institutions,2023,1.9679,F004,69.0,ENR0652
Private educational institutions,2023,49.6988,F001,114.0,ENR0653
Private educational institutions,2023,37.2513,F002,114.0,ENR0654
Private educational institutions,2023,34.2913,F003,114.0,ENR0655
Private educational institutions,2023,3.8799,F004,114.0,ENR0656
Private educational institutions,2023,24.105,F001,139.0,ENR0657
Private educational institutions,2023,21.5973,F002,139.0,ENR0658
Private educational institutions,2023,16.4692,F003,139.0,ENR0659
Private educational institutions,2023,7.2136,F004,139.0,ENR0660
Private educational institutions,2023,33.8941,F001,107.0,ENR0661
Private educational institutions,2023,20.084,F002,107.0,ENR0662
Private educational institutions,2023,11.6161,F003,107.0,ENR0663
Private educational institutions,2023,19.2452,F004,107.0,ENR0664
Private educational institutions,2023,36.3717,F001,182.0,ENR0665
Private educational institutions,2023,23.6685,F002,182.0,ENR0666
Private educational institutions,2023,40.8735,F003,182.0,ENR0667
Private educational institutions,2023,6.6278,F004,182.0,ENR0668
Private educational institutions,2023,74.4462,F001,127.0,ENR0669
Private educational institutions,2023,5.1794,F002,127.0,ENR0670
Private educational institutions,2023,8.3547,F003,127.0,ENR0671
Private educational institutions,2023,7.8025,F004,127.0,ENR0672
Private educational institutions,2023,89.8667,F001,156.0,ENR0673
Private educational institutions,2023,20.7966,F002,156.0,ENR0674
Private educational institutions,2023,5.4268,F003,156.0,ENR0675
Private educational institutions,2023,1.2984,F004,156.0,ENR0676
Private educational institutions,2023,5.9185,F001,148.0,ENR0677
Private educational institutions,2023,34.1701,F002,148.0,ENR0678
Private educational institutions,2023,52.9472,F003,148.0,ENR0679
Private educational institutions,2023,39.4436,F004,148.0,ENR0680
Private educational institutions,2023,45.7471,F001,161.0,ENR0681
Private educational institutions,2023,79.2605,F002,161.0,ENR0682
Private educational institutions,2023,15.8976,F003,161.0,ENR0683
Private educational institutions,2023,12.7649,F004,161.0,ENR0684
Private educational institutions,2023,13.8345,F002,34.0,ENR0685
Private educational institutions,2023,9.4959,F003,34.0,ENR0686
Private educational institutions,2023,4.4136,F004,34.0,ENR0687
Private educational institutions,2023,12.3529,F002,85.0,ENR0688
Private educational institutions,2023,5.5907,F003,85.0,ENR0689
Private educational institutions,2023,2.39,F004,85.0,ENR0690
Private educational institutions,2023,95.3511,F001,28.0,ENR0691
Private educational institutions,2023,67.3507,F002,28.0,ENR0692
Private educational institutions,2023,76.0948,F003,28.0,ENR0693
Private educational institutions,2023,54.6831,F004,28.0,ENR0694
Private educational institutions,2023,13.9046,F002,205.0,ENR0695
Private educational institutions,2023,8.5535,F003,205.0,ENR0696
Private educational institutions,2023,1.3763,F004,205.0,ENR0697
Public educational institutions,2023,30.5893,F001,5.0,ENR0698
Public educational institutions,2023,90.2726,F002,5.0,ENR0699
Public educational institutions,2023,88.0309,F003,5.0,ENR0700
Public educational institutions,2023,98.7619,F004,5.0,ENR0701
Public educational institutions,2023,78.9064,F001,169.0,ENR0702
Public educational institutions,2023,72.8308,F002,169.0,ENR0703
Public educational institutions,2023,75.6684,F003,169.0,ENR0704
Public educational institutions,2023,94.6086,F004,169.0,ENR0705
Public educational institutions,2023,45.8628,F001,58.0,ENR0706
Public educational institutions,2023,41.1619,F002,58.0,ENR0707
Public educational institutions,2023,39.1641,F003,58.0,ENR0708
Public educational institutions,2023,58.0351,F004,58.0,ENR0709
Public educational institutions,2023,6.0807,F001,71.0,ENR0710
Public educational institutions,2023,19.3875,F002,71.0,ENR0711
Public educational institutions,2023,19.6618,F003,71.0,ENR0712
Public educational institutions,2023,37.8108,F004,71.0,ENR0713
Public educational institutions,2023,80.747,F001,72.0,ENR0714
Public educational institutions,2023,46.3747,F002,72.0,ENR0715
Public educational institutions,2023,21.2504,F003,72.0,ENR0716
Public educational institutions,2023,50.0999,F004,72.0,ENR0717
Public educational institutions,2023,80.3738,F001,168.0,ENR0718
Public educational institutions,2023,85.3377,F002,168.0,ENR0719
Public educational institutions,2023,94.6145,F003,168.0,ENR0720
Public educational institutions,2023,99.5357,F004,168.0,ENR0721
Public educational institutions,2023,98.0948,F001,30.0,ENR0722
Public educational institutions,2023,99.7326,F002,30.0,ENR0723
Public educational institutions,2023,92.0189,F002,153.0,ENR0724
Public educational institutions,2023,97.9243,F003,153.0,ENR0725
Public educational institutions,2023,97.8975,F004,153.0,ENR0726
Public educational institutions,2023,36.8772,F002,27.0,ENR0727
Public educational institutions,2023,75.7544,F003,27.0,ENR0728
Public educational institutions,2023,48.3512,F001,179.0,ENR0729
Public educational institutions,2023,84.8576,F002,179.0,ENR0730
Public educational institutions,2023,67.9443,F003,179.0,ENR0731
Public educational institutions,2023,98.7104,F004,179.0,ENR0732
Public educational institutions,2023,6.837,F001,75.0,ENR0733
Public educational institutions,2023,75.1147,F002,75.0,ENR0734
Public educational institutions,2023,92.3716,F003,75.0,ENR0735
Public educational institutions,2023,99.0434,F004,75.0,ENR0736
Public educational institutions,2023,2.571,F001,202.0,ENR0737
Public educational institutions,2023,22.1806,F002,202.0,ENR0738
Public educational institutions,2023,25.2464,F003,202.0,ENR0739
Public educational institutions,2023,29.2978,F004,202.0,ENR0740
Public educational institutions,2023,79.8489,F001,106.0,ENR0741
Public educational institutions,2023,76.826,F002,106.0,ENR0742
Public educational institutions,2023,78.8765,F003,106.0,ENR0743
Public educational institutions,2023,87.1795,F004,106.0,ENR0744
Public educational institutions,2023,99.5874,F001,24.0,ENR0745
Public educational institutions,2023,98.0687,F002,24.0,ENR0746
Public educational institutions,2023,93.5216,F003,24.0,ENR0747
Public educational institutions,2023,99.9619,F004,24.0,ENR0748
Public educational institutions,2023,43.9273,F001,74.0,ENR0749
Public educational institutions,2023,11.0946,F002,74.0,ENR0750
Public educational institutions,2023,13.6946,F003,74.0,ENR0751
Public educational institutions,2023,76.0478,F002,3.0,ENR0752
Public educational institutions,2023,82.3981,F003,3.0,ENR0753
Public educational institutions,2023,94.8627,F004,3.0,ENR0754
Public educational institutions,2023,7.064,F001,42.0,ENR0755
Public educational institutions,2023,19.5855,F002,42.0,ENR0756
Public educational institutions,2023,47.547,F003,42.0,ENR0757
Public educational institutions,2023,72.5218,F004,42.0,ENR0758
Public educational institutions,2023,2.22,F001,63.0,ENR0759
Public educational institutions,2023,22.5176,F002,63.0,ENR0760
Public educational institutions,2023,30.0815,F003,63.0,ENR0761
Public educational institutions,2023,36.0684,F004,63.0,ENR0762
Public educational institutions,2023,37.8631,F001,52.0,ENR0763
Public educational institutions,2023,84.7945,F002,21.0,ENR0764
Public educational institutions,2023,94.1848,F003,21.0,ENR0765
Public educational institutions,2023,98.7992,F004,21.0,ENR0766
Public educational institutions,2023,95.982,F001,203.0,ENR0767
Public educational institutions,2023,64.8163,F002,203.0,ENR0768
Public educational institutions,2023,33.1905,F003,203.0,ENR0769
Public educational institutions,2023,44.215,F004,203.0,ENR0770
Public educational institutions,2023,23.728,F002,87.0,ENR0771
Public educational institutions,2023,49.4025,F003,87.0,ENR0772
Public educational institutions,2023,77.4993,F004,87.0,ENR0773
Public educational institutions,2023,68.7055,F001,76.0,ENR0774
Public educational institutions,2023,95.0077,F002,76.0,ENR0775
Public educational institutions,2023,93.7037,F003,76.0,ENR0776
Public educational institutions,2023,67.0525,F001,69.0,ENR0777
Public educational institutions,2023,76.1972,F002,69.0,ENR0778
Public educational institutions,2023,92.9946,F003,69.0,ENR0779
Public educational institutions,2023,98.0321,F004,69.0,ENR0780
Public educational institutions,2023,50.3012,F001,114.0,ENR0781
Public educational institutions,2023,62.7487,F002,114.0,ENR0782
Public educational institutions,2023,65.7087,F003,114.0,ENR0783
Public educational institutions,2023,96.1201,F004,114.0,ENR0784
Public educational institutions,2023,75.895,F001,139.0,ENR0785
Public educational institutions,2023,78.4027,F002,139.0,ENR0786
Public educational institutions,2023,83.5308,F003,139.0,ENR0787
Public educational institutions,2023,92.7864,F004,139.0,ENR0788
Public educational institutions,2023,66.1059,F001,107.0,ENR0789
Public educational institutions,2023,79.916,F002,107.0,ENR0790
Public educational institutions,2023,88.3839,F003,107.0,ENR0791
Public educational institutions,2023,80.7548,F004,107.0,ENR0792
Public educational institutions,2023,63.6283,F001,182.0,ENR0793
Public educational institutions,2023,76.3315,F002,182.0,ENR0794
Public educational institutions,2023,59.1265,F003,182.0,ENR0795
Public educational institutions,2023,93.3722,F004,182.0,ENR0796
Public educational institutions,2023,25.5538,F001,127.0,ENR0797
Public educational institutions,2023,94.8206,F002,127.0,ENR0798
Public educational institutions,2023,91.6453,F003,127.0,ENR0799
Public educational institutions,2023,92.1975,F004,127.0,ENR0800
Public educational institutions,2023,10.1333,F001,156.0,ENR0801
Public educational institutions,2023,79.2034,F002,156.0,ENR0802
Public educational institutions,2023,94.5732,F003,156.0,ENR0803
Public educational institutions,2023,98.7016,F004,156.0,ENR0804
Public educational institutions,2023,94.0815,F001,148.0,ENR0805
Public educational institutions,2023,65.8299,F002,148.0,ENR0806
Public educational institutions,2023,47.0528,F003,148.0,ENR0807
Public educational institutions,2023,60.5564,F004,148.0,ENR0808
Public educational institutions,2023,54.2529,F001,161.0,ENR0809
Public educational institutions,2023,20.7395,F002,161.0,ENR0810
Public educational institutions,2023,84.1024,F003,161.0,ENR0811
Public educational institutions,2023,87.2351,F004,161.0,ENR0812
Public educational institutions,2023,86.1655,F002,34.0,ENR0813
Public educational institutions,2023,90.5041,F003,34.0,ENR0814
Public educational institutions,2023,95.5864,F004,34.0,ENR0815
Public educational institutions,2023,87.6471,F002,85.0,ENR0816
Public educational institutions,2023,94.4093,F003,85.0,ENR0817
Public educational institutions,2023,97.61,F004,85.0,ENR0818
Public educational institutions,2023,4.6489,F001,28.0,ENR0819
Public educational institutions,2023,32.6493,F002,28.0,ENR0820
Public educational institutions,2023,23.9052,F003,28.0,ENR0821
Public educational institutions,2023,45.3169,F004,28.0,ENR0822
Public educational institutions,2023,86.0954,F002,205.0,ENR0823
Public educational institutions,2023,91.4465,F003,205.0,ENR0824
Public educational institutions,2023,98.6237,F004,205.0,ENR0825
Government dependent private educational institutions,2020,56.2158,F001,58.0,ENR0826
Government dependent private educational institutions,2020,57.4448,F002,58.0,ENR0827
Government dependent private educational institutions,2020,60.2238,F003,58.0,ENR0828
Government dependent private educational institutions,2020,42.3195,F004,58.0,ENR0829
Government dependent private educational institutions,2020,2.7556,F001,71.0,ENR0830
Government dependent private educational institutions,2020,17.295,F002,71.0,ENR0831
Government dependent private educational institutions,2020,20.6366,F003,71.0,ENR0832
Government dependent private educational institutions,2020,46.7183,F004,71.0,ENR0833
Government dependent private educational institutions,2020,16.1227,F001,168.0,ENR0834
Government dependent private educational institutions,2020,3.0954,F002,168.0,ENR0835
Government dependent private educational institutions,2020,1.8833,F001,30.0,ENR0836
Government dependent private educational institutions,2020,0.1707,F002,30.0,ENR0837
Government dependent private educational institutions,2020,61.6975,F002,27.0,ENR0838
Government dependent private educational institutions,2020,19.5181,F003,27.0,ENR0839
Government dependent private educational institutions,2020,10.4597,F001,179.0,ENR0840
Government dependent private educational institutions,2020,1.415,F002,179.0,ENR0841
Government dependent private educational institutions,2020,0.3532,F003,179.0,ENR0842
Government dependent private educational institutions,2020,6.0284,F001,202.0,ENR0843
Government dependent private educational institutions,2020,7.3669,F002,202.0,ENR0844
Government dependent private educational institutions,2020,10.5424,F003,202.0,ENR0845
Government dependent private educational institutions,2020,5.0032,F004,202.0,ENR0846
Government dependent private educational institutions,2020,20.9102,F001,106.0,ENR0847
Government dependent private educational institutions,2020,21.5433,F002,106.0,ENR0848
Government dependent private educational institutions,2020,21.731,F003,106.0,ENR0849
Government dependent private educational institutions,2020,8.6207,F004,106.0,ENR0850
Government dependent private educational institutions,2020,49.5912,F001,74.0,ENR0851
Government dependent private educational institutions,2020,72.765,F002,74.0,ENR0852
Government dependent private educational institutions,2020,72.4789,F003,74.0,ENR0853
Government dependent private educational institutions,2020,99.9582,F004,74.0,ENR0854
Government dependent private educational institutions,2020,24.0193,F001,52.0,ENR0855
Government dependent private educational institutions,2020,74.7392,F002,52.0,ENR0856
Government dependent private educational institutions,2020,85.4015,F003,52.0,ENR0857
Government dependent private educational institutions,2020,90.8869,F004,52.0,ENR0858
Government dependent private educational institutions,2020,32.5368,F001,76.0,ENR0859
Government dependent private educational institutions,2020,5.0395,F002,76.0,ENR0860
Government dependent private educational institutions,2020,5.3218,F003,76.0,ENR0861
Government dependent private educational institutions,2020,28.8424,F001,69.0,ENR0862
Government dependent private educational institutions,2020,6.7057,F002,69.0,ENR0863
Government dependent private educational institutions,2020,3.2394,F003,69.0,ENR0864
Government dependent private educational institutions,2020,1.2557,F004,69.0,ENR0865
Government dependent private educational institutions,2020,5.5806,F001,107.0,ENR0866
Government dependent private educational institutions,2020,7.1209,F002,107.0,ENR0867
Government dependent private educational institutions,2020,5.7906,F003,107.0,ENR0868
Government dependent private educational institutions,2020,5.0212,F004,107.0,ENR0869
Government dependent private educational institutions,2020,10.5445,F001,182.0,ENR0870
Government dependent private educational institutions,2020,61.0705,F001,127.0,ENR0871
Government dependent private educational institutions,2020,5.3167,F002,127.0,ENR0872
Government dependent private educational institutions,2020,7.7953,F003,127.0,ENR0873
Government dependent private educational institutions,2020,8.2235,F004,127.0,ENR0874
Government dependent private educational institutions,2020,39.1715,F001,156.0,ENR0875
Government dependent private educational institutions,2020,10.2805,F002,156.0,ENR0876
Government dependent private educational institutions,2020,2.7534,F003,156.0,ENR0877
Government dependent private educational institutions,2020,1.2754,F004,156.0,ENR0878
Government dependent private educational institutions,2021,56.3895,F001,58.0,ENR0879
Government dependent private educational institutions,2021,58.5612,F002,58.0,ENR0880
Government dependent private educational institutions,2021,60.3524,F003,58.0,ENR0881
Government dependent private educational institutions,2021,41.9729,F004,58.0,ENR0882
Government dependent private educational institutions,2021,2.6558,F001,71.0,ENR0883
Government dependent private educational institutions,2021,17.2153,F002,71.0,ENR0884
Government dependent private educational institutions,2021,21.6449,F003,71.0,ENR0885
Government dependent private educational institutions,2021,44.8066,F004,71.0,ENR0886
Government dependent private educational institutions,2021,16.8893,F001,168.0,ENR0887
Government dependent private educational institutions,2021,3.2511,F002,168.0,ENR0888
Government dependent private educational institutions,2021,1.8729,F001,30.0,ENR0889
Government dependent private educational institutions,2021,0.163,F002,30.0,ENR0890
Government dependent private educational institutions,2021,62.2655,F002,27.0,ENR0891
Government dependent private educational institutions,2021,21.0231,F003,27.0,ENR0892
Government dependent private educational institutions,2021,10.2849,F001,179.0,ENR0893
Government dependent private educational institutions,2021,1.4029,F002,179.0,ENR0894
Government dependent private educational institutions,2021,0.3743,F003,179.0,ENR0895
Government dependent private educational institutions,2021,5.4757,F001,202.0,ENR0896
Government dependent private educational institutions,2021,7.4956,F002,202.0,ENR0897
Government dependent private educational institutions,2021,10.7503,F003,202.0,ENR0898
Government dependent private educational institutions,2021,4.3855,F004,202.0,ENR0899
Government dependent private educational institutions,2021,26.3021,F001,106.0,ENR0900
Government dependent private educational institutions,2021,20.6822,F002,106.0,ENR0901
Government dependent private educational institutions,2021,21.0526,F003,106.0,ENR0902
Government dependent private educational institutions,2021,9.6037,F004,106.0,ENR0903
Government dependent private educational institutions,2021,51.2861,F001,74.0,ENR0904
Government dependent private educational institutions,2021,72.7878,F002,74.0,ENR0905
Government dependent private educational institutions,2021,69.6387,F003,74.0,ENR0906
Government dependent private educational institutions,2021,99.7716,F004,74.0,ENR0907
Government dependent private educational institutions,2021,26.8719,F001,52.0,ENR0908
Government dependent private educational institutions,2021,75.3004,F002,52.0,ENR0909
Government dependent private educational institutions,2021,86.4061,F003,52.0,ENR0910
Government dependent private educational institutions,2021,89.4556,F004,52.0,ENR0911
Government dependent private educational institutions,2021,28.9779,F001,76.0,ENR0912
Government dependent private educational institutions,2021,5.0052,F002,76.0,ENR0913
Government dependent private educational institutions,2021,4.7288,F003,76.0,ENR0914
Government dependent private educational institutions,2021,31.2314,F001,69.0,ENR0915
Government dependent private educational institutions,2021,6.8084,F002,69.0,ENR0916
Government dependent private educational institutions,2021,3.2898,F003,69.0,ENR0917
Government dependent private educational institutions,2021,1.4678,F004,69.0,ENR0918
Government dependent private educational institutions,2021,5.5282,F001,107.0,ENR0919
Government dependent private educational institutions,2021,7.4976,F002,107.0,ENR0920
Government dependent private educational institutions,2021,5.841,F003,107.0,ENR0921
Government dependent private educational institutions,2021,4.9302,F004,107.0,ENR0922
Government dependent private educational institutions,2021,9.7397,F001,182.0,ENR0923
Government dependent private educational institutions,2021,65.154,F001,127.0,ENR0924
Government dependent private educational institutions,2021,5.1884,F002,127.0,ENR0925
Government dependent private educational institutions,2021,7.9224,F003,127.0,ENR0926
Government dependent private educational institutions,2021,8.0717,F004,127.0,ENR0927
Government dependent private educational institutions,2021,38.8672,F001,156.0,ENR0928
Government dependent private educational institutions,2021,10.2296,F002,156.0,ENR0929
Government dependent private educational institutions,2021,3.074,F003,156.0,ENR0930
Government dependent private educational institutions,2021,1.2943,F004,156.0,ENR0931
Independent private educational institutions,2021,0.3772,F003,58.0,ENR0932
Independent private educational institutions,2021,92.1217,F001,71.0,ENR0933
Independent private educational institutions,2021,62.1577,F002,71.0,ENR0934
Independent private educational institutions,2021,58.9079,F003,71.0,ENR0935
Independent private educational institutions,2021,14.505,F004,71.0,ENR0936
Independent private educational institutions,2021,15.3464,F001,72.0,ENR0937
Independent private educational institutions,2021,55.7495,F002,72.0,ENR0938
Independent private educational institutions,2021,73.8508,F003,72.0,ENR0939
Independent private educational institutions,2021,45.5406,F004,72.0,ENR0940
Independent private educational institutions,2021,10.4529,F002,168.0,ENR0941
Independent private educational institutions,2021,5.8582,F003,168.0,ENR0942
Independent private educational institutions,2021,0.3662,F004,168.0,ENR0943
Independent private educational institutions,2021,0.1851,F001,30.0,ENR0944
Independent private educational institutions,2021,0.0877,F002,30.0,ENR0945
Independent private educational institutions,2021,8.8468,F002,153.0,ENR0946
Independent private educational institutions,2021,3.1984,F003,153.0,ENR0947
Independent private educational institutions,2021,2.0824,F004,153.0,ENR0948
Independent private educational institutions,2021,25.8129,F001,179.0,ENR0949
Independent private educational institutions,2021,12.4433,F002,179.0,ENR0950
Independent private educational institutions,2021,30.0147,F003,179.0,ENR0951
Independent private educational institutions,2021,1.309,F004,179.0,ENR0952
Independent private educational institutions,2021,18.8778,F001,202.0,ENR0953
Independent private educational institutions,2021,22.1264,F002,202.0,ENR0954
Independent private educational institutions,2021,15.3465,F003,202.0,ENR0955
Independent private educational institutions,2021,12.4864,F004,202.0,ENR0956
Independent private educational institutions,2021,3.9005,F001,24.0,ENR0957
Independent private educational institutions,2021,2.3142,F002,24.0,ENR0958
Independent private educational institutions,2021,8.6011,F003,24.0,ENR0959
Independent private educational institutions,2021,0.0524,F004,24.0,ENR0960
Independent private educational institutions,2021,15.0143,F002,74.0,ENR0961
Independent private educational institutions,2021,17.2871,F003,74.0,ENR0962
Independent private educational institutions,2021,0.2284,F004,74.0,ENR0963
Independent private educational institutions,2021,19.69,F002,3.0,ENR0964
Independent private educational institutions,2021,14.9527,F003,3.0,ENR0965
Independent private educational institutions,2021,5.6401,F004,3.0,ENR0966
Independent private educational institutions,2021,93.0627,F001,42.0,ENR0967
Independent private educational institutions,2021,80.1627,F002,42.0,ENR0968
Independent private educational institutions,2021,52.3927,F003,42.0,ENR0969
Independent private educational institutions,2021,27.9833,F004,42.0,ENR0970
Independent private educational institutions,2021,97.9537,F001,63.0,ENR0971
Independent private educational institutions,2021,77.235,F002,63.0,ENR0972
Independent private educational institutions,2021,69.6223,F003,63.0,ENR0973
Independent private educational institutions,2021,63.2561,F004,63.0,ENR0974
Independent private educational institutions,2021,31.472,F001,52.0,ENR0975
Independent private educational institutions,2021,24.6996,F002,52.0,ENR0976
Independent private educational institutions,2021,13.5939,F003,52.0,ENR0977
Independent private educational institutions,2021,10.5444,F004,52.0,ENR0978
Independent private educational institutions,2021,14.4098,F002,21.0,ENR0979
Independent private educational institutions,2021,4.4623,F003,21.0,ENR0980
Independent private educational institutions,2021,1.396,F004,21.0,ENR0981
Independent private educational institutions,2021,3.946,F001,203.0,ENR0982
Independent private educational institutions,2021,33.7271,F002,203.0,ENR0983
Independent private educational institutions,2021,66.0876,F003,203.0,ENR0984
Independent private educational institutions,2021,48.2513,F004,203.0,ENR0985
Independent private educational institutions,2021,47.7845,F001,87.0,ENR0986
Independent private educational institutions,2021,9.167,F002,87.0,ENR0987
Independent private educational institutions,2021,34.0976,F003,87.0,ENR0988
Independent private educational institutions,2021,2.8299,F001,76.0,ENR0989
Independent private educational institutions,2021,0.0017,F002,76.0,ENR0990
Independent private educational institutions,2021,15.5149,F002,69.0,ENR0991
Independent private educational institutions,2021,3.4395,F003,69.0,ENR0992
Independent private educational institutions,2021,0.8892,F004,69.0,ENR0993
Independent private educational institutions,2021,52.1654,F001,114.0,ENR0994
Independent private educational institutions,2021,33.728,F002,114.0,ENR0995
Independent private educational institutions,2021,28.8771,F003,114.0,ENR0996
Independent private educational institutions,2021,6.0137,F004,114.0,ENR0997
Independent private educational institutions,2021,24.6428,F001,139.0,ENR0998
Independent private educational institutions,2021,22.0099,F002,139.0,ENR0999
Independent private educational institutions,2021,14.0984,F003,139.0,ENR1000
Independent private educational institutions,2021,7.0991,F004,139.0,ENR1001
Independent private educational institutions,2021,26.6092,F001,107.0,ENR1002
Independent private educational institutions,2021,10.2751,F002,107.0,ENR1003
Independent private educational institutions,2021,4.2324,F003,107.0,ENR1004
Independent private educational institutions,2021,12.0262,F004,107.0,ENR1005
Independent private educational institutions,2021,22.7076,F001,182.0,ENR1006
Independent private educational institutions,2021,20.6956,F002,182.0,ENR1007
Independent private educational institutions,2021,36.9159,F003,182.0,ENR1008
Independent private educational institutions,2021,5.8906,F004,182.0,ENR1009
Independent private educational institutions,2021,5.3371,F001,127.0,ENR1010
Independent private educational institutions,2021,46.4189,F001,156.0,ENR1011
Independent private educational institutions,2021,10.5848,F002,156.0,ENR1012
Independent private educational institutions,2021,2.4907,F003,156.0,ENR1013
Independent private educational institutions,2021,7.3031,F001,148.0,ENR1014
Independent private educational institutions,2021,31.9549,F002,148.0,ENR1015
Independent private educational institutions,2021,51.6388,F003,148.0,ENR1016
Independent private educational institutions,2021,43.6299,F004,148.0,ENR1017
Independent private educational institutions,2021,56.7138,F001,161.0,ENR1018
Independent private educational institutions,2021,76.8692,F002,161.0,ENR1019
Independent private educational institutions,2021,15.6254,F003,161.0,ENR1020
Independent private educational institutions,2021,12.0415,F004,161.0,ENR1021
Independent private educational institutions,2021,14.147,F002,34.0,ENR1022
Independent private educational institutions,2021,9.3677,F003,34.0,ENR1023
Independent private educational institutions,2021,3.9726,F004,34.0,ENR1024
Independent private educational institutions,2021,25.0,F001,85.0,ENR1025
Independent private educational institutions,2021,12.2562,F002,85.0,ENR1026
Independent private educational institutions,2021,4.8903,F003,85.0,ENR1027
Independent private educational institutions,2021,2.157,F004,85.0,ENR1028
Independent private educational institutions,2021,14.4977,F002,205.0,ENR1029
Independent private educational institutions,2021,9.0629,F003,205.0,ENR1030
Independent private educational institutions,2021,1.3564,F004,205.0,ENR1031
Independent private educational institutions,2020,0.1049,F002,58.0,ENR1032
Independent private educational institutions,2020,0.3931,F003,58.0,ENR1033
Independent private educational institutions,2020,92.9165,F001,71.0,ENR1034
Independent private educational institutions,2020,62.4935,F002,71.0,ENR1035
Independent private educational institutions,2020,58.7891,F003,71.0,ENR1036
Independent private educational institutions,2020,13.4471,F004,71.0,ENR1037
Independent private educational institutions,2020,17.4741,F001,72.0,ENR1038
Independent private educational institutions,2020,60.0991,F002,72.0,ENR1039
Independent private educational institutions,2020,72.5539,F003,72.0,ENR1040
Independent private educational institutions,2020,43.3632,F004,72.0,ENR1041
Independent private educational institutions,2020,11.0849,F002,168.0,ENR1042
Independent private educational institutions,2020,6.4081,F003,168.0,ENR1043
Independent private educational institutions,2020,0.3119,F004,168.0,ENR1044
Independent private educational institutions,2020,0.139,F001,30.0,ENR1045
Independent private educational institutions,2020,0.0858,F002,30.0,ENR1046
Independent private educational institutions,2020,9.0944,F002,153.0,ENR1047
Independent private educational institutions,2020,3.6547,F003,153.0,ENR1048
Independent private educational institutions,2020,2.1716,F004,153.0,ENR1049
Independent private educational institutions,2020,24.7947,F001,179.0,ENR1050
Independent private educational institutions,2020,14.2701,F002,179.0,ENR1051
Independent private educational institutions,2020,31.0288,F003,179.0,ENR1052
Independent private educational institutions,2020,1.1645,F004,179.0,ENR1053
Independent private educational institutions,2020,5.6444,F001,202.0,ENR1054
Independent private educational institutions,2020,11.4509,F002,202.0,ENR1055
Independent private educational institutions,2020,5.7704,F003,202.0,ENR1056
Independent private educational institutions,2020,4.3658,F004,202.0,ENR1057
Independent private educational institutions,2020,3.5928,F001,24.0,ENR1058
Independent private educational institutions,2020,2.3671,F002,24.0,ENR1059
Independent private educational institutions,2020,9.6332,F003,24.0,ENR1060
Independent private educational institutions,2020,0.0337,F004,24.0,ENR1061
Independent private educational institutions,2020,14.0715,F002,74.0,ENR1062
Independent private educational institutions,2020,15.0635,F003,74.0,ENR1063
Independent private educational institutions,2020,0.0418,F004,74.0,ENR1064
Independent private educational institutions,2020,19.8249,F002,3.0,ENR1065
Independent private educational institutions,2020,13.3466,F003,3.0,ENR1066
Independent private educational institutions,2020,5.4609,F004,3.0,ENR1067
Independent private educational institutions,2020,92.9509,F001,42.0,ENR1068
Independent private educational institutions,2020,79.982,F002,42.0,ENR1069
Independent private educational institutions,2020,52.3532,F003,42.0,ENR1070
Independent private educational institutions,2020,28.1409,F004,42.0,ENR1071
Independent private educational institutions,2020,98.0653,F001,63.0,ENR1072
Independent private educational institutions,2020,77.0213,F002,63.0,ENR1073
Independent private educational institutions,2020,69.8542,F003,63.0,ENR1074
Independent private educational institutions,2020,63.0958,F004,63.0,ENR1075
Independent private educational institutions,2020,30.2567,F001,52.0,ENR1076
Independent private educational institutions,2020,25.2608,F002,52.0,ENR1077
Independent private educational institutions,2020,14.5985,F003,52.0,ENR1078
Independent private educational institutions,2020,9.1131,F004,52.0,ENR1079
Independent private educational institutions,2020,13.0961,F002,21.0,ENR1080
Independent private educational institutions,2020,4.1555,F003,21.0,ENR1081
Independent private educational institutions,2020,1.2802,F004,21.0,ENR1082
Independent private educational institutions,2020,3.8232,F001,203.0,ENR1083
Independent private educational institutions,2020,35.1164,F002,203.0,ENR1084
Independent private educational institutions,2020,65.3986,F003,203.0,ENR1085
Independent private educational institutions,2020,48.0201,F004,203.0,ENR1086
Independent private educational institutions,2020,53.4552,F001,87.0,ENR1087
Independent private educational institutions,2020,9.6328,F002,87.0,ENR1088
Independent private educational institutions,2020,35.9779,F003,87.0,ENR1089
Independent private educational institutions,2020,2.9165,F001,76.0,ENR1090
Independent private educational institutions,2020,0.0057,F002,76.0,ENR1091
Independent private educational institutions,2020,12.952,F002,69.0,ENR1092
Independent private educational institutions,2020,3.8565,F003,69.0,ENR1093
Independent private educational institutions,2020,0.7902,F004,69.0,ENR1094
Independent private educational institutions,2020,32.3873,F002,114.0,ENR1095
Independent private educational institutions,2020,26.732,F003,114.0,ENR1096
Independent private educational institutions,2020,6.8,F004,114.0,ENR1097
Independent private educational institutions,2020,24.1609,F001,139.0,ENR1098
Independent private educational institutions,2020,21.9948,F002,139.0,ENR1099
Independent private educational institutions,2020,13.8695,F003,139.0,ENR1100
Independent private educational institutions,2020,7.41,F004,139.0,ENR1101
Independent private educational institutions,2020,25.4455,F001,107.0,ENR1102
Independent private educational institutions,2020,9.9325,F002,107.0,ENR1103
Independent private educational institutions,2020,4.1437,F003,107.0,ENR1104
Independent private educational institutions,2020,12.7042,F004,107.0,ENR1105
Independent private educational institutions,2020,20.0724,F001,182.0,ENR1106
Independent private educational institutions,2020,19.7529,F002,182.0,ENR1107
Independent private educational institutions,2020,35.5401,F003,182.0,ENR1108
Independent private educational institutions,2020,5.6876,F004,182.0,ENR1109
Independent private educational institutions,2020,6.0717,F001,127.0,ENR1110
Independent private educational institutions,2020,49.161,F001,156.0,ENR1111
Independent private educational institutions,2020,10.6811,F002,156.0,ENR1112
Independent private educational institutions,2020,2.3381,F003,156.0,ENR1113
Independent private educational institutions,2020,6.9307,F001,148.0,ENR1114
Independent private educational institutions,2020,31.0237,F002,148.0,ENR1115
Independent private educational institutions,2020,52.1078,F003,148.0,ENR1116
Independent private educational institutions,2020,43.8389,F004,148.0,ENR1117
Independent private educational institutions,2020,57.022,F001,161.0,ENR1118
Independent private educational institutions,2020,77.4623,F002,161.0,ENR1119
Independent private educational institutions,2020,16.6759,F003,161.0,ENR1120
Independent private educational institutions,2020,12.1627,F004,161.0,ENR1121
Independent private educational institutions,2020,14.3338,F002,34.0,ENR1122
Independent private educational institutions,2020,9.7668,F003,34.0,ENR1123
Independent private educational institutions,2020,4.0994,F004,34.0,ENR1124
Independent private educational institutions,2020,52.1739,F001,85.0,ENR1125
Independent private educational institutions,2020,12.5792,F002,85.0,ENR1126
Independent private educational institutions,2020,4.9815,F003,85.0,ENR1127
Independent private educational institutions,2020,14.6832,F002,205.0,ENR1128
Independent private educational institutions,2020,9.2764,F003,205.0,ENR1129
Independent private educational institutions,2020,1.0193,F004,205.0,ENR1130
Private educational institutions,2020,67.3535,F001,5.0,ENR1131
Private educational institutions,2020,8.3359,F002,5.0,ENR1132
Private educational institutions,2020,13.35,F003,5.0,ENR1133
Private educational institutions,2020,1.5177,F004,5.0,ENR1134
Private educational institutions,2020,19.9076,F001,169.0,ENR1135
Private educational institutions,2020,25.1069,F002,169.0,ENR1136
Private educational institutions,2020,20.3415,F003,169.0,ENR1137
Private educational institutions,2020,2.4736,F004,169.0,ENR1138
Private educational institutions,2020,56.2158,F001,58.0,ENR1139
Private educational institutions,2020,57.5498,F002,58.0,ENR1140
Private educational institutions,2020,60.6169,F003,58.0,ENR1141
Private educational institutions,2020,42.3195,F004,58.0,ENR1142
Private educational institutions,2020,95.6721,F001,71.0,ENR1143
Private educational institutions,2020,79.7885,F002,71.0,ENR1144
Private educational institutions,2020,79.4257,F003,71.0,ENR1145
Private educational institutions,2020,60.1654,F004,71.0,ENR1146
Private educational institutions,2020,17.4741,F001,72.0,ENR1147
Private educational institutions,2020,60.0991,F002,72.0,ENR1148
Private educational institutions,2020,72.5539,F003,72.0,ENR1149
Private educational institutions,2020,43.3632,F004,72.0,ENR1150
Private educational institutions,2020,16.1227,F001,168.0,ENR1151
Private educational institutions,2020,14.1803,F002,168.0,ENR1152
Private educational institutions,2020,6.4081,F003,168.0,ENR1153
Private educational institutions,2020,0.3119,F004,168.0,ENR1154
Private educational institutions,2020,2.0223,F001,30.0,ENR1155
Private educational institutions,2020,0.2565,F002,30.0,ENR1156
Private educational institutions,2020,9.0944,F002,153.0,ENR1157
Private educational institutions,2020,3.6547,F003,153.0,ENR1158
Private educational institutions,2020,2.1716,F004,153.0,ENR1159
Private educational institutions,2020,61.6975,F002,27.0,ENR1160
Private educational institutions,2020,19.5181,F003,27.0,ENR1161
Private educational institutions,2020,35.2543,F001,179.0,ENR1162
Private educational institutions,2020,15.685,F002,179.0,ENR1163
Private educational institutions,2020,31.382,F003,179.0,ENR1164
Private educational institutions,2020,1.1645,F004,179.0,ENR1165
Private educational institutions,2020,95.1164,F001,75.0,ENR1166
Private educational institutions,2020,20.9343,F002,75.0,ENR1167
Private educational institutions,2020,5.8137,F003,75.0,ENR1168
Private educational institutions,2020,0.9892,F004,75.0,ENR1169
Private educational institutions,2020,11.6728,F001,202.0,ENR1170
Private educational institutions,2020,18.8178,F002,202.0,ENR1171
Private educational institutions,2020,16.3127,F003,202.0,ENR1172
Private educational institutions,2020,9.369,F004,202.0,ENR1173
Private educational institutions,2020,20.9102,F001,106.0,ENR1174
Private educational institutions,2020,21.5433,F002,106.0,ENR1175
Private educational institutions,2020,21.731,F003,106.0,ENR1176
Private educational institutions,2020,8.6207,F004,106.0,ENR1177
Private educational institutions,2020,3.5928,F001,24.0,ENR1178
Private educational institutions,2020,2.3671,F002,24.0,ENR1179
Private educational institutions,2020,9.6332,F003,24.0,ENR1180
Private educational institutions,2020,0.0337,F004,24.0,ENR1181
Private educational institutions,2020,49.5912,F001,74.0,ENR1182
Private educational institutions,2020,86.8365,F002,74.0,ENR1183
Private educational institutions,2020,87.5424,F003,74.0,ENR1184
Private educational institutions,2020,19.8249,F002,3.0,ENR1185
Private educational institutions,2020,13.3466,F003,3.0,ENR1186
Private educational institutions,2020,5.4609,F004,3.0,ENR1187
Private educational institutions,2020,92.9509,F001,42.0,ENR1188
Private educational institutions,2020,79.982,F002,42.0,ENR1189
Private educational institutions,2020,52.3532,F003,42.0,ENR1190
Private educational institutions,2020,28.1409,F004,42.0,ENR1191
Private educational institutions,2020,98.0653,F001,63.0,ENR1192
Private educational institutions,2020,77.0213,F002,63.0,ENR1193
Private educational institutions,2020,69.8542,F003,63.0,ENR1194
Private educational institutions,2020,63.0958,F004,63.0,ENR1195
Private educational institutions,2020,54.276,F001,52.0,ENR1196
Private educational institutions,2020,13.0961,F002,21.0,ENR1197
Private educational institutions,2020,4.1555,F003,21.0,ENR1198
Private educational institutions,2020,1.2802,F004,21.0,ENR1199
Private educational institutions,2020,3.8232,F001,203.0,ENR1200
Private educational institutions,2020,35.1164,F002,203.0,ENR1201
Private educational institutions,2020,65.3986,F003,203.0,ENR1202
Private educational institutions,2020,48.0201,F004,203.0,ENR1203
Private educational institutions,2020,53.4552,F001,87.0,ENR1204
Private educational institutions,2020,9.6328,F002,87.0,ENR1205
Private educational institutions,2020,35.9779,F003,87.0,ENR1206
Private educational institutions,2020,35.4533,F001,76.0,ENR1207
Private educational institutions,2020,5.0451,F002,76.0,ENR1208
Private educational institutions,2020,5.3218,F003,76.0,ENR1209
Private educational institutions,2020,28.8424,F001,69.0,ENR1210
Private educational institutions,2020,19.6577,F002,69.0,ENR1211
Private educational institutions,2020,7.0958,F003,69.0,ENR1212
Private educational institutions,2020,2.0459,F004,69.0,ENR1213
Private educational institutions,2020,32.3873,F002,114.0,ENR1214
Private educational institutions,2020,26.732,F003,114.0,ENR1215
Private educational institutions,2020,6.8,F004,114.0,ENR1216
Private educational institutions,2020,24.1609,F001,139.0,ENR1217
Private educational institutions,2020,21.9948,F002,139.0,ENR1218
Private educational institutions,2020,13.8695,F003,139.0,ENR1219
Private educational institutions,2020,7.41,F004,139.0,ENR1220
Private educational institutions,2020,31.0261,F001,107.0,ENR1221
Private educational institutions,2020,17.0534,F002,107.0,ENR1222
Private educational institutions,2020,9.9342,F003,107.0,ENR1223
Private educational institutions,2020,17.7253,F004,107.0,ENR1224
Private educational institutions,2020,30.6169,F001,182.0,ENR1225
Private educational institutions,2020,19.7529,F002,182.0,ENR1226
Private educational institutions,2020,35.5401,F003,182.0,ENR1227
Private educational institutions,2020,5.6876,F004,182.0,ENR1228
Private educational institutions,2020,67.1421,F001,127.0,ENR1229
Private educational institutions,2020,5.3167,F002,127.0,ENR1230
Private educational institutions,2020,7.7953,F003,127.0,ENR1231
Private educational institutions,2020,8.2235,F004,127.0,ENR1232
Private educational institutions,2020,88.3325,F001,156.0,ENR1233
Private educational institutions,2020,20.9616,F002,156.0,ENR1234
Private educational institutions,2020,5.0915,F003,156.0,ENR1235
Private educational institutions,2020,1.2754,F004,156.0,ENR1236
Private educational institutions,2020,6.9307,F001,148.0,ENR1237
Private educational institutions,2020,31.0237,F002,148.0,ENR1238
Private educational institutions,2020,52.1078,F003,148.0,ENR1239
Private educational institutions,2020,43.8389,F004,148.0,ENR1240
Private educational institutions,2020,57.022,F001,161.0,ENR1241
Private educational institutions,2020,77.4623,F002,161.0,ENR1242
Private educational institutions,2020,16.6759,F003,161.0,ENR1243
Private educational institutions,2020,12.1627,F004,161.0,ENR1244
Private educational institutions,2020,14.3338,F002,34.0,ENR1245
Private educational institutions,2020,9.7668,F003,34.0,ENR1246
Private educational institutions,2020,4.0994,F004,34.0,ENR1247
Private educational institutions,2020,52.1739,F001,85.0,ENR1248
Private educational institutions,2020,12.5792,F002,85.0,ENR1249
Private educational institutions,2020,4.9815,F003,85.0,ENR1250
Private educational institutions,2020,96.6792,F001,28.0,ENR1251
Private educational institutions,2020,64.1102,F002,28.0,ENR1252
Private educational institutions,2020,14.6832,F002,205.0,ENR1253
Private educational institutions,2020,9.2764,F003,205.0,ENR1254
Private educational institutions,2020,1.0193,F004,205.0,ENR1255
Private educational institutions,2021,68.703,F001,5.0,ENR1256
Private educational institutions,2021,8.4566,F002,5.0,ENR1257
Private educational institutions,2021,13.0243,F003,5.0,ENR1258
Private educational institutions,2021,1.4895,F004,5.0,ENR1259
Private educational institutions,2021,20.7951,F001,169.0,ENR1260
Private educational institutions,2021,25.5128,F002,169.0,ENR1261
Private educational institutions,2021,21.9714,F003,169.0,ENR1262
Private educational institutions,2021,4.0255,F004,169.0,ENR1263
Private educational institutions,2021,56.3895,F001,58.0,ENR1264
Private educational institutions,2021,58.5612,F002,58.0,ENR1265
Private educational institutions,2021,60.7296,F003,58.0,ENR1266
Private educational institutions,2021,41.9729,F004,58.0,ENR1267
Private educational institutions,2021,94.7775,F001,71.0,ENR1268
Private educational institutions,2021,79.373,F002,71.0,ENR1269
Private educational institutions,2021,80.5528,F003,71.0,ENR1270
Private educational institutions,2021,59.3116,F004,71.0,ENR1271
Private educational institutions,2021,15.3464,F001,72.0,ENR1272
Private educational institutions,2021,55.7495,F002,72.0,ENR1273
Private educational institutions,2021,73.8508,F003,72.0,ENR1274
Private educational institutions,2021,45.5406,F004,72.0,ENR1275
Private educational institutions,2021,16.8893,F001,168.0,ENR1276
Private educational institutions,2021,13.704,F002,168.0,ENR1277
Private educational institutions,2021,5.8582,F003,168.0,ENR1278
Private educational institutions,2021,0.3662,F004,168.0,ENR1279
Private educational institutions,2021,2.058,F001,30.0,ENR1280
Private educational institutions,2021,0.2506,F002,30.0,ENR1281
Private educational institutions,2021,8.8468,F002,153.0,ENR1282
Private educational institutions,2021,3.1984,F003,153.0,ENR1283
Private educational institutions,2021,2.0824,F004,153.0,ENR1284
Private educational institutions,2021,62.2655,F002,27.0,ENR1285
Private educational institutions,2021,21.0231,F003,27.0,ENR1286
Private educational institutions,2021,36.0978,F001,179.0,ENR1287
Private educational institutions,2021,13.8462,F002,179.0,ENR1288
Private educational institutions,2021,30.3891,F003,179.0,ENR1289
Private educational institutions,2021,1.309,F004,179.0,ENR1290
Private educational institutions,2021,94.8908,F001,75.0,ENR1291
Private educational institutions,2021,22.3897,F002,75.0,ENR1292
Private educational institutions,2021,6.4337,F003,75.0,ENR1293
Private educational institutions,2021,0.9487,F004,75.0,ENR1294
Private educational institutions,2021,24.3536,F001,202.0,ENR1295
Private educational institutions,2021,29.622,F002,202.0,ENR1296
Private educational institutions,2021,26.0968,F003,202.0,ENR1297
Private educational institutions,2021,16.872,F004,202.0,ENR1298
Private educational institutions,2021,26.3021,F001,106.0,ENR1299
Private educational institutions,2021,20.6822,F002,106.0,ENR1300
Private educational institutions,2021,21.0526,F003,106.0,ENR1301
Private educational institutions,2021,9.6037,F004,106.0,ENR1302
Private educational institutions,2021,3.9005,F001,24.0,ENR1303
Private educational institutions,2021,2.3142,F002,24.0,ENR1304
Private educational institutions,2021,8.6011,F003,24.0,ENR1305
Private educational institutions,2021,0.0524,F004,24.0,ENR1306
Private educational institutions,2021,51.2861,F001,74.0,ENR1307
Private educational institutions,2021,87.802,F002,74.0,ENR1308
Private educational institutions,2021,86.9258,F003,74.0,ENR1309
Private educational institutions,2021,19.69,F002,3.0,ENR1310
Private educational institutions,2021,14.9527,F003,3.0,ENR1311
Private educational institutions,2021,5.6401,F004,3.0,ENR1312
Private educational institutions,2021,93.0627,F001,42.0,ENR1313
Private educational institutions,2021,80.1627,F002,42.0,ENR1314
Private educational institutions,2021,52.3927,F003,42.0,ENR1315
Private educational institutions,2021,27.9833,F004,42.0,ENR1316
Private educational institutions,2021,97.9537,F001,63.0,ENR1317
Private educational institutions,2021,77.235,F002,63.0,ENR1318
Private educational institutions,2021,69.6223,F003,63.0,ENR1319
Private educational institutions,2021,63.2561,F004,63.0,ENR1320
Private educational institutions,2021,58.3439,F001,52.0,ENR1321
Private educational institutions,2021,14.4098,F002,21.0,ENR1322
Private educational institutions,2021,4.4623,F003,21.0,ENR1323
Private educational institutions,2021,1.396,F004,21.0,ENR1324
Private educational institutions,2021,3.946,F001,203.0,ENR1325
Private educational institutions,2021,33.7271,F002,203.0,ENR1326
Private educational institutions,2021,66.0876,F003,203.0,ENR1327
Private educational institutions,2021,48.2513,F004,203.0,ENR1328
Private educational institutions,2021,47.7845,F001,87.0,ENR1329
Private educational institutions,2021,9.167,F002,87.0,ENR1330
Private educational institutions,2021,34.0976,F003,87.0,ENR1331
Private educational institutions,2021,31.8078,F001,76.0,ENR1332
Private educational institutions,2021,5.0069,F002,76.0,ENR1333
Private educational institutions,2021,4.7288,F003,76.0,ENR1334
Private educational institutions,2021,31.2314,F001,69.0,ENR1335
Private educational institutions,2021,22.3233,F002,69.0,ENR1336
Private educational institutions,2021,6.7292,F003,69.0,ENR1337
Private educational institutions,2021,2.357,F004,69.0,ENR1338
Private educational institutions,2021,52.1654,F001,114.0,ENR1339
Private educational institutions,2021,33.728,F002,114.0,ENR1340
Private educational institutions,2021,28.8771,F003,114.0,ENR1341
Private educational institutions,2021,6.0137,F004,114.0,ENR1342
Private educational institutions,2021,24.6428,F001,139.0,ENR1343
Private educational institutions,2021,22.0099,F002,139.0,ENR1344
Private educational institutions,2021,14.0984,F003,139.0,ENR1345
Private educational institutions,2021,7.0991,F004,139.0,ENR1346
Private educational institutions,2021,32.1374,F001,107.0,ENR1347
Private educational institutions,2021,17.7727,F002,107.0,ENR1348
Private educational institutions,2021,10.0734,F003,107.0,ENR1349
Private educational institutions,2021,16.9564,F004,107.0,ENR1350
Private educational institutions,2021,32.4473,F001,182.0,ENR1351
Private educational institutions,2021,20.6956,F002,182.0,ENR1352
Private educational institutions,2021,36.9159,F003,182.0,ENR1353
Private educational institutions,2021,5.8906,F004,182.0,ENR1354
Private educational institutions,2021,70.4911,F001,127.0,ENR1355
Private educational institutions,2021,5.1884,F002,127.0,ENR1356
Private educational institutions,2021,7.9224,F003,127.0,ENR1357
Private educational institutions,2021,8.0717,F004,127.0,ENR1358
Private educational institutions,2021,85.2862,F001,156.0,ENR1359
Private educational institutions,2021,20.8144,F002,156.0,ENR1360
Private educational institutions,2021,5.5647,F003,156.0,ENR1361
Private educational institutions,2021,1.2943,F004,156.0,ENR1362
Private educational institutions,2021,7.3031,F001,148.0,ENR1363
Private educational institutions,2021,31.9549,F002,148.0,ENR1364
Private educational institutions,2021,51.6388,F003,148.0,ENR1365
Private educational institutions,2021,43.6299,F004,148.0,ENR1366
Private educational institutions,2021,56.7138,F001,161.0,ENR1367
Private educational institutions,2021,76.8692,F002,161.0,ENR1368
Private educational institutions,2021,15.6254,F003,161.0,ENR1369
Private educational institutions,2021,12.0415,F004,161.0,ENR1370
Private educational institutions,2021,14.147,F002,34.0,ENR1371
Private educational institutions,2021,9.3677,F003,34.0,ENR1372
Private educational institutions,2021,3.9726,F004,34.0,ENR1373
Private educational institutions,2021,25.0,F001,85.0,ENR1374
Private educational institutions,2021,12.2562,F002,85.0,ENR1375
Private educational institutions,2021,4.8903,F003,85.0,ENR1376
Private educational institutions,2021,2.157,F004,85.0,ENR1377
Private educational institutions,2021,90.9115,F001,28.0,ENR1378
Private educational institutions,2021,64.6729,F002,28.0,ENR1379
Private educational institutions,2021,14.4977,F002,205.0,ENR1380
Private educational institutions,2021,9.0629,F003,205.0,ENR1381
Private educational institutions,2021,1.3564,F004,205.0,ENR1382
Public educational institutions,2020,32.6465,F001,5.0,ENR1383
Public educational institutions,2020,91.6641,F002,5.0,ENR1384
Public educational institutions,2020,86.65,F003,5.0,ENR1385
Public educational institutions,2020,98.4823,F004,5.0,ENR1386
Public educational institutions,2020,80.0924,F001,169.0,ENR1387
Public educational institutions,2020,74.8931,F002,169.0,ENR1388
Public educational institutions,2020,79.6585,F003,169.0,ENR1389
Public educational institutions,2020,97.5264,F004,169.0,ENR1390
Public educational institutions,2020,43.7842,F001,58.0,ENR1391
Public educational institutions,2020,42.4502,F002,58.0,ENR1392
Public educational institutions,2020,39.3831,F003,58.0,ENR1393
Public educational institutions,2020,57.6805,F004,58.0,ENR1394
Public educational institutions,2020,4.3279,F001,71.0,ENR1395
Public educational institutions,2020,20.2115,F002,71.0,ENR1396
Public educational institutions,2020,20.5743,F003,71.0,ENR1397
Public educational institutions,2020,39.8346,F004,71.0,ENR1398
Public educational institutions,2020,82.5259,F001,72.0,ENR1399
Public educational institutions,2020,39.9009,F002,72.0,ENR1400
Public educational institutions,2020,27.4461,F003,72.0,ENR1401
Public educational institutions,2020,56.6368,F004,72.0,ENR1402
Public educational institutions,2020,83.8773,F001,168.0,ENR1403
Public educational institutions,2020,85.8197,F002,168.0,ENR1404
Public educational institutions,2020,93.5919,F003,168.0,ENR1405
Public educational institutions,2020,99.6881,F004,168.0,ENR1406
Public educational institutions,2020,97.9777,F001,30.0,ENR1407
Public educational institutions,2020,99.7435,F002,30.0,ENR1408
Public educational institutions,2020,90.9056,F002,153.0,ENR1409
Public educational institutions,2020,96.3453,F003,153.0,ENR1410
Public educational institutions,2020,97.8284,F004,153.0,ENR1411
Public educational institutions,2020,38.3025,F002,27.0,ENR1412
Public educational institutions,2020,80.4819,F003,27.0,ENR1413
Public educational institutions,2020,64.7457,F001,179.0,ENR1414
Public educational institutions,2020,84.315,F002,179.0,ENR1415
Public educational institutions,2020,68.618,F003,179.0,ENR1416
Public educational institutions,2020,98.8355,F004,179.0,ENR1417
Public educational institutions,2020,4.8836,F001,75.0,ENR1418
Public educational institutions,2020,79.0657,F002,75.0,ENR1419
Public educational institutions,2020,94.1863,F003,75.0,ENR1420
Public educational institutions,2020,99.0108,F004,75.0,ENR1421
Public educational institutions,2020,88.3272,F001,202.0,ENR1422
Public educational institutions,2020,81.1822,F002,202.0,ENR1423
Public educational institutions,2020,83.6873,F003,202.0,ENR1424
Public educational institutions,2020,90.631,F004,202.0,ENR1425
Public educational institutions,2020,79.0898,F001,106.0,ENR1426
Public educational institutions,2020,78.4567,F002,106.0,ENR1427
Public educational institutions,2020,78.269,F003,106.0,ENR1428
Public educational institutions,2020,91.3793,F004,106.0,ENR1429
Public educational institutions,2020,96.4072,F001,24.0,ENR1430
Public educational institutions,2020,97.6329,F002,24.0,ENR1431
Public educational institutions,2020,90.3668,F003,24.0,ENR1432
Public educational institutions,2020,99.9663,F004,24.0,ENR1433
Public educational institutions,2020,50.4088,F001,74.0,ENR1434
Public educational institutions,2020,13.1635,F002,74.0,ENR1435
Public educational institutions,2020,12.4576,F003,74.0,ENR1436
Public educational institutions,2020,80.1751,F002,3.0,ENR1437
Public educational institutions,2020,86.6534,F003,3.0,ENR1438
Public educational institutions,2020,94.5391,F004,3.0,ENR1439
Public educational institutions,2020,7.0491,F001,42.0,ENR1440
Public educational institutions,2020,20.018,F002,42.0,ENR1441
Public educational institutions,2020,47.6468,F003,42.0,ENR1442
Public educational institutions,2020,71.8591,F004,42.0,ENR1443
Public educational institutions,2020,1.9347,F001,63.0,ENR1444
Public educational institutions,2020,22.9787,F002,63.0,ENR1445
Public educational institutions,2020,30.1458,F003,63.0,ENR1446
Public educational institutions,2020,36.9042,F004,63.0,ENR1447
Public educational institutions,2020,45.724,F001,52.0,ENR1448
Public educational institutions,2020,86.9039,F002,21.0,ENR1449
Public educational institutions,2020,95.8445,F003,21.0,ENR1450
Public educational institutions,2020,98.7198,F004,21.0,ENR1451
Public educational institutions,2020,96.1768,F001,203.0,ENR1452
Public educational institutions,2020,64.8836,F002,203.0,ENR1453
Public educational institutions,2020,34.6014,F003,203.0,ENR1454
Public educational institutions,2020,51.9799,F004,203.0,ENR1455
Public educational institutions,2020,46.5448,F001,87.0,ENR1456
Public educational institutions,2020,90.3672,F002,87.0,ENR1457
Public educational institutions,2020,64.0221,F003,87.0,ENR1458
Public educational institutions,2020,64.5467,F001,76.0,ENR1459
Public educational institutions,2020,94.9549,F002,76.0,ENR1460
Public educational institutions,2020,94.6782,F003,76.0,ENR1461
Public educational institutions,2020,71.1576,F001,69.0,ENR1462
Public educational institutions,2020,80.3423,F002,69.0,ENR1463
Public educational institutions,2020,92.9042,F003,69.0,ENR1464
Public educational institutions,2020,97.9541,F004,69.0,ENR1465
Public educational institutions,2020,67.6127,F002,114.0,ENR1466
Public educational institutions,2020,73.268,F003,114.0,ENR1467
Public educational institutions,2020,93.2,F004,114.0,ENR1468
Public educational institutions,2020,75.8391,F001,139.0,ENR1469
Public educational institutions,2020,78.0052,F002,139.0,ENR1470
Public educational institutions,2020,86.1305,F003,139.0,ENR1471
Public educational institutions,2020,92.59,F004,139.0,ENR1472
Public educational institutions,2020,68.9739,F001,107.0,ENR1473
Public educational institutions,2020,82.9466,F002,107.0,ENR1474
Public educational institutions,2020,90.0658,F003,107.0,ENR1475
Public educational institutions,2020,82.2747,F004,107.0,ENR1476
Public educational institutions,2020,69.3831,F001,182.0,ENR1477
Public educational institutions,2020,80.2471,F002,182.0,ENR1478
Public educational institutions,2020,64.4599,F003,182.0,ENR1479
Public educational institutions,2020,94.3124,F004,182.0,ENR1480
Public educational institutions,2020,32.8579,F001,127.0,ENR1481
Public educational institutions,2020,94.6833,F002,127.0,ENR1482
Public educational institutions,2020,92.2047,F003,127.0,ENR1483
Public educational institutions,2020,91.7765,F004,127.0,ENR1484
Public educational institutions,2020,11.6675,F001,156.0,ENR1485
Public educational institutions,2020,79.0384,F002,156.0,ENR1486
Public educational institutions,2020,94.9085,F003,156.0,ENR1487
Public educational institutions,2020,98.7246,F004,156.0,ENR1488
Public educational institutions,2020,93.0693,F001,148.0,ENR1489
Public educational institutions,2020,68.9763,F002,148.0,ENR1490
Public educational institutions,2020,47.8922,F003,148.0,ENR1491
Public educational institutions,2020,56.1611,F004,148.0,ENR1492
Public educational institutions,2020,42.978,F001,161.0,ENR1493
Public educational institutions,2020,22.5377,F002,161.0,ENR1494
Public educational institutions,2020,83.3241,F003,161.0,ENR1495
Public educational institutions,2020,87.8373,F004,161.0,ENR1496
Public educational institutions,2020,85.6662,F002,34.0,ENR1497
Public educational institutions,2020,90.2332,F003,34.0,ENR1498
Public educational institutions,2020,95.9006,F004,34.0,ENR1499
Public educational institutions,2020,47.8261,F001,85.0,ENR1500
Public educational institutions,2020,87.4208,F002,85.0,ENR1501
Public educational institutions,2020,95.0185,F003,85.0,ENR1502
Public educational institutions,2020,3.3208,F001,28.0,ENR1503
Public educational institutions,2020,35.8898,F002,28.0,ENR1504
Public educational institutions,2020,85.3168,F002,205.0,ENR1505
Public educational institutions,2020,90.7236,F003,205.0,ENR1506
Public educational institutions,2020,98.9807,F004,205.0,ENR1507
Public educational institutions,2021,31.297,F001,5.0,ENR1508
Public educational institutions,2021,91.5434,F002,5.0,ENR1509
Public educational institutions,2021,86.9757,F003,5.0,ENR1510
Public educational institutions,2021,98.5105,F004,5.0,ENR1511
Public educational institutions,2021,79.2049,F001,169.0,ENR1512
Public educational institutions,2021,74.4872,F002,169.0,ENR1513
Public educational institutions,2021,78.0286,F003,169.0,ENR1514
Public educational institutions,2021,95.9745,F004,169.0,ENR1515
Public educational institutions,2021,43.6105,F001,58.0,ENR1516
Public educational institutions,2021,41.4388,F002,58.0,ENR1517
Public educational institutions,2021,39.2704,F003,58.0,ENR1518
Public educational institutions,2021,58.0271,F004,58.0,ENR1519
Public educational institutions,2021,5.2225,F001,71.0,ENR1520
Public educational institutions,2021,20.627,F002,71.0,ENR1521
Public educational institutions,2021,19.4472,F003,71.0,ENR1522
Public educational institutions,2021,40.6884,F004,71.0,ENR1523
Public educational institutions,2021,84.6536,F001,72.0,ENR1524
Public educational institutions,2021,44.2505,F002,72.0,ENR1525
Public educational institutions,2021,26.1492,F003,72.0,ENR1526
Public educational institutions,2021,54.4594,F004,72.0,ENR1527
Public educational institutions,2021,83.1107,F001,168.0,ENR1528
Public educational institutions,2021,86.296,F002,168.0,ENR1529
Public educational institutions,2021,94.1418,F003,168.0,ENR1530
Public educational institutions,2021,99.6338,F004,168.0,ENR1531
Public educational institutions,2021,97.942,F001,30.0,ENR1532
Public educational institutions,2021,99.7494,F002,30.0,ENR1533
Public educational institutions,2021,91.1532,F002,153.0,ENR1534
Public educational institutions,2021,96.8016,F003,153.0,ENR1535
Public educational institutions,2021,97.9176,F004,153.0,ENR1536
Public educational institutions,2021,37.7345,F002,27.0,ENR1537
Public educational institutions,2021,78.9769,F003,27.0,ENR1538
Public educational institutions,2021,63.9022,F001,179.0,ENR1539
Public educational institutions,2021,86.1538,F002,179.0,ENR1540
Public educational institutions,2021,69.6109,F003,179.0,ENR1541
Public educational institutions,2021,98.691,F004,179.0,ENR1542
Public educational institutions,2021,5.1092,F001,75.0,ENR1543
Public educational institutions,2021,77.6103,F002,75.0,ENR1544
Public educational institutions,2021,93.5663,F003,75.0,ENR1545
Public educational institutions,2021,99.0513,F004,75.0,ENR1546
Public educational institutions,2021,75.6464,F001,202.0,ENR1547
Public educational institutions,2021,70.378,F002,202.0,ENR1548
Public educational institutions,2021,73.9032,F003,202.0,ENR1549
Public educational institutions,2021,83.128,F004,202.0,ENR1550
Public educational institutions,2021,73.6979,F001,106.0,ENR1551
Public educational institutions,2021,79.3178,F002,106.0,ENR1552
Public educational institutions,2021,78.9474,F003,106.0,ENR1553
Public educational institutions,2021,90.3963,F004,106.0,ENR1554
Public educational institutions,2021,96.0995,F001,24.0,ENR1555
Public educational institutions,2021,97.6858,F002,24.0,ENR1556
Public educational institutions,2021,91.3989,F003,24.0,ENR1557
Public educational institutions,2021,99.9476,F004,24.0,ENR1558
Public educational institutions,2021,48.7139,F001,74.0,ENR1559
Public educational institutions,2021,12.198,F002,74.0,ENR1560
Public educational institutions,2021,13.0742,F003,74.0,ENR1561
Public educational institutions,2021,80.31,F002,3.0,ENR1562
Public educational institutions,2021,85.0473,F003,3.0,ENR1563
Public educational institutions,2021,94.3599,F004,3.0,ENR1564
Public educational institutions,2021,6.9373,F001,42.0,ENR1565
Public educational institutions,2021,19.8373,F002,42.0,ENR1566
Public educational institutions,2021,47.6073,F003,42.0,ENR1567
Public educational institutions,2021,72.0167,F004,42.0,ENR1568
Public educational institutions,2021,2.0463,F001,63.0,ENR1569
Public educational institutions,2021,22.765,F002,63.0,ENR1570
Public educational institutions,2021,30.3777,F003,63.0,ENR1571
Public educational institutions,2021,36.7439,F004,63.0,ENR1572
Public educational institutions,2021,41.6561,F001,52.0,ENR1573
Public educational institutions,2021,85.5902,F002,21.0,ENR1574
Public educational institutions,2021,95.5377,F003,21.0,ENR1575
Public educational institutions,2021,98.604,F004,21.0,ENR1576
Public educational institutions,2021,96.054,F001,203.0,ENR1577
Public educational institutions,2021,66.2729,F002,203.0,ENR1578
Public educational institutions,2021,33.9124,F003,203.0,ENR1579
Public educational institutions,2021,51.7487,F004,203.0,ENR1580
Public educational institutions,2021,52.2155,F001,87.0,ENR1581
Public educational institutions,2021,90.833,F002,87.0,ENR1582
Public educational institutions,2021,65.9024,F003,87.0,ENR1583
Public educational institutions,2021,68.1922,F001,76.0,ENR1584
Public educational institutions,2021,94.9931,F002,76.0,ENR1585
Public educational institutions,2021,95.2712,F003,76.0,ENR1586
Public educational institutions,2021,68.7686,F001,69.0,ENR1587
Public educational institutions,2021,77.6767,F002,69.0,ENR1588
Public educational institutions,2021,93.2708,F003,69.0,ENR1589
Public educational institutions,2021,97.643,F004,69.0,ENR1590
Public educational institutions,2021,47.8346,F001,114.0,ENR1591
Public educational institutions,2021,66.272,F002,114.0,ENR1592
Public educational institutions,2021,71.1229,F003,114.0,ENR1593
Public educational institutions,2021,93.9863,F004,114.0,ENR1594
Public educational institutions,2021,75.3572,F001,139.0,ENR1595
Public educational institutions,2021,77.9901,F002,139.0,ENR1596
Public educational institutions,2021,85.9016,F003,139.0,ENR1597
Public educational institutions,2021,92.9009,F004,139.0,ENR1598
Public educational institutions,2021,67.8626,F001,107.0,ENR1599
Public educational institutions,2021,82.2273,F002,107.0,ENR1600
Public educational institutions,2021,89.9266,F003,107.0,ENR1601
Public educational institutions,2021,83.0436,F004,107.0,ENR1602
Public educational institutions,2021,67.5527,F001,182.0,ENR1603
Public educational institutions,2021,79.3044,F002,182.0,ENR1604
Public educational institutions,2021,63.0841,F003,182.0,ENR1605
Public educational institutions,2021,94.1094,F004,182.0,ENR1606
Public educational institutions,2021,29.5089,F001,127.0,ENR1607
Public educational institutions,2021,94.8116,F002,127.0,ENR1608
Public educational institutions,2021,92.0776,F003,127.0,ENR1609
Public educational institutions,2021,91.9283,F004,127.0,ENR1610
Public educational institutions,2021,14.7138,F001,156.0,ENR1611
Public educational institutions,2021,79.1856,F002,156.0,ENR1612
Public educational institutions,2021,94.4353,F003,156.0,ENR1613
Public educational institutions,2021,98.7057,F004,156.0,ENR1614
Public educational institutions,2021,92.6969,F001,148.0,ENR1615
Public educational institutions,2021,68.0451,F002,148.0,ENR1616
Public educational institutions,2021,48.3612,F003,148.0,ENR1617
Public educational institutions,2021,56.3701,F004,148.0,ENR1618
Public educational institutions,2021,43.2862,F001,161.0,ENR1619
Public educational institutions,2021,23.1308,F002,161.0,ENR1620
Public educational institutions,2021,84.3746,F003,161.0,ENR1621
Public educational institutions,2021,87.9585,F004,161.0,ENR1622
Public educational institutions,2021,85.853,F002,34.0,ENR1623
Public educational institutions,2021,90.6323,F003,34.0,ENR1624
Public educational institutions,2021,96.0274,F004,34.0,ENR1625
Public educational institutions,2021,75.0,F001,85.0,ENR1626
Public educational institutions,2021,87.7438,F002,85.0,ENR1627
Public educational institutions,2021,95.1097,F003,85.0,ENR1628
Public educational institutions,2021,97.843,F004,85.0,ENR1629
Public educational institutions,2021,9.0885,F001,28.0,ENR1630
Public educational institutions,2021,35.3271,F002,28.0,ENR1631
Public educational institutions,2021,85.5023,F002,205.0,ENR1632
Public educational institutions,2021,90.9371,F003,205.0,ENR1633
Public educational institutions,2021,98.6436,F004,205.0,ENR1634
