year,percentage,gender,country_id,graduation_id
2001,1.6,Male,94.0,GRD0001
2002,2.2044,Male,94.0,GRD0002
2003,0.8197,Male,94.0,GRD0003
2004,1.4799,Male,94.0,GRD0004
2005,0.9881,Male,94.0,GRD0005
2006,2.3483,Male,94.0,GRD0006
2007,5.1002,Male,94.0,GRD0007
2008,3.3688,Male,94.0,GRD0008
2009,1.1257,Male,94.0,GRD0009
2010,2.5362,Male,94.0,GRD0010
2011,6.0914,Male,94.0,GRD0011
2012,6.3209,Male,94.0,GRD0012
2014,6.2701,Male,94.0,GRD0013
2018,14.7569,Male,133.0,GRD0014
2020,15.9433,Male,133.0,GRD0015
2023,5.0291,Male,185.0,GRD0016
2003,6.6488,Male,46.0,GRD0017
2011,18.8511,Male,46.0,GRD0018
2012,24.2757,Male,46.0,GRD0019
2013,28.0048,Male,46.0,GRD0020
2014,25.1248,Male,46.0,GRD0021
2015,28.1946,Male,46.0,GRD0022
2016,27.2383,Male,46.0,GRD0023
2017,30.0263,Male,46.0,GRD0024
2018,33.4346,Male,46.0,GRD0025
2019,30.2862,Male,46.0,GRD0026
2020,30.0578,Male,46.0,GRD0027
2021,28.8617,Male,46.0,GRD0028
2022,27.9931,Male,46.0,GRD0029
2023,31.194,Male,46.0,GRD0030
2024,43.4025,Male,46.0,GRD0031
2002,0.0,Male,134.0,GRD0032
2003,0.0,Male,134.0,GRD0033
2004,0.4843,Male,134.0,GRD0034
2005,0.4264,Male,134.0,GRD0035
2006,0.5894,Male,134.0,GRD0036
2008,0.8386,Male,134.0,GRD0037
2012,4.1769,Male,134.0,GRD0038
2013,4.4386,Male,134.0,GRD0039
2014,6.2842,Male,134.0,GRD0040
2015,3.6855,Male,134.0,GRD0041
2016,4.0,Male,134.0,GRD0042
2017,3.3248,Male,134.0,GRD0043
2018,6.5882,Male,134.0,GRD0044
2019,5.679,Male,134.0,GRD0045
2020,7.8,Male,134.0,GRD0046
2021,6.3205,Male,134.0,GRD0047
2022,7.113,Male,134.0,GRD0048
2023,11.4519,Male,134.0,GRD0049
2024,38.1974,Male,134.0,GRD0050
2001,8.0698,Male,109.0,GRD0051
2002,7.0453,Male,109.0,GRD0052
2003,9.2983,Male,109.0,GRD0053
2004,9.6931,Male,109.0,GRD0054
2006,11.1866,Male,109.0,GRD0055
2007,8.7487,Male,109.0,GRD0056
2008,9.2557,Male,109.0,GRD0057
2009,9.48,Male,109.0,GRD0058
2018,3.4651,Male,109.0,GRD0059
2019,11.8387,Male,109.0,GRD0060
2020,10.1421,Male,109.0,GRD0061
2021,9.3381,Male,109.0,GRD0062
2022,17.1308,Male,109.0,GRD0063
2023,9.07,Male,109.0,GRD0064
2001,16.6117,Male,162.0,GRD0065
2002,17.4215,Male,162.0,GRD0066
2003,16.6839,Male,162.0,GRD0067
2004,19.1525,Male,162.0,GRD0068
2005,19.6946,Male,162.0,GRD0069
2006,21.2254,Male,162.0,GRD0070
2007,22.5642,Male,162.0,GRD0071
2008,25.844,Male,162.0,GRD0072
2009,38.3982,Male,162.0,GRD0073
2010,35.7216,Male,162.0,GRD0074
2011,38.9925,Male,162.0,GRD0075
2012,40.6265,Male,162.0,GRD0076
2013,40.1553,Male,162.0,GRD0077
2014,37.5582,Male,162.0,GRD0078
2015,32.6829,Male,162.0,GRD0079
2016,29.1506,Male,162.0,GRD0080
2017,41.464,Male,162.0,GRD0081
2018,36.7165,Male,162.0,GRD0082
2019,33.855,Male,162.0,GRD0083
2020,36.2911,Male,162.0,GRD0084
2021,39.6275,Male,162.0,GRD0085
2022,44.424,Male,162.0,GRD0086
2023,33.8721,Male,162.0,GRD0087
2024,30.3276,Male,162.0,GRD0088
2009,0.2972,Male,1.0,GRD0089
2010,0.5943,Male,1.0,GRD0090
2011,0.4425,Male,1.0,GRD0091
2012,0.6983,Male,1.0,GRD0092
2000,42.9517,Male,5.0,GRD0093
2001,45.1478,Male,5.0,GRD0094
2002,48.5665,Male,5.0,GRD0095
2003,38.2946,Male,5.0,GRD0096
2005,49.5586,Male,5.0,GRD0097
2006,48.8994,Male,5.0,GRD0098
2007,48.1971,Male,5.0,GRD0099
2008,48.4523,Male,5.0,GRD0100
2009,49.0611,Male,5.0,GRD0101
2010,49.5379,Male,5.0,GRD0102
2011,51.8005,Male,5.0,GRD0103
2013,62.6178,Male,5.0,GRD0104
2014,62.6365,Male,5.0,GRD0105
2015,47.9895,Male,5.0,GRD0106
2017,49.1455,Male,5.0,GRD0107
2018,50.3467,Male,5.0,GRD0108
2019,50.2453,Male,5.0,GRD0109
2020,51.698,Male,5.0,GRD0110
2021,57.9416,Male,5.0,GRD0111
2022,57.6236,Male,5.0,GRD0112
2023,52.9775,Male,5.0,GRD0113
2013,28.936,Male,169.0,GRD0114
2014,26.9564,Male,169.0,GRD0115
2015,27.0904,Male,169.0,GRD0116
2016,27.3551,Male,169.0,GRD0117
2018,27.0817,Male,169.0,GRD0118
2019,28.3404,Male,169.0,GRD0119
2020,29.8576,Male,169.0,GRD0120
2021,32.5604,Male,169.0,GRD0121
2022,29.9107,Male,169.0,GRD0122
2023,30.1622,Male,169.0,GRD0123
2000,15.2901,Male,110.0,GRD0124
2001,18.9219,Male,110.0,GRD0125
2002,16.9394,Male,110.0,GRD0126
2003,19.4183,Male,110.0,GRD0127
2004,18.9921,Male,110.0,GRD0128
2005,19.5623,Male,110.0,GRD0129
2008,17.1007,Male,110.0,GRD0130
2009,17.7261,Male,110.0,GRD0131
2010,18.0989,Male,110.0,GRD0132
2011,16.8645,Male,110.0,GRD0133
2012,16.5773,Male,110.0,GRD0134
2013,18.0942,Male,110.0,GRD0135
2014,18.6254,Male,110.0,GRD0136
2015,16.0271,Male,110.0,GRD0137
2016,17.3962,Male,110.0,GRD0138
2017,17.4348,Male,110.0,GRD0139
2018,19.6793,Male,110.0,GRD0140
2019,20.8968,Male,110.0,GRD0141
2020,24.2688,Male,110.0,GRD0142
2021,25.3512,Male,110.0,GRD0143
2022,28.0712,Male,110.0,GRD0144
2023,31.8456,Male,110.0,GRD0145
2024,30.6935,Male,110.0,GRD0146
2001,0.7135,Male,23.0,GRD0147
2003,0.5599,Male,23.0,GRD0148
2004,0.7796,Male,23.0,GRD0149
2013,4.4911,Male,23.0,GRD0150
2014,5.7516,Male,23.0,GRD0151
2001,18.2009,Male,58.0,GRD0152
2002,18.3765,Male,58.0,GRD0153
2006,18.6337,Male,58.0,GRD0154
2008,25.5136,Male,58.0,GRD0155
2009,16.9694,Male,58.0,GRD0156
2010,17.7249,Male,58.0,GRD0157
2011,16.0603,Male,58.0,GRD0158
2012,16.3962,Male,58.0,GRD0159
2013,34.0107,Male,58.0,GRD0160
2014,33.9108,Male,58.0,GRD0161
2016,22.6494,Male,58.0,GRD0162
2017,23.1603,Male,58.0,GRD0163
2018,38.9804,Male,58.0,GRD0164
2019,38.6492,Male,58.0,GRD0165
2020,42.438,Male,58.0,GRD0166
2021,39.5686,Male,58.0,GRD0167
2022,36.8522,Male,58.0,GRD0168
2023,37.084,Male,58.0,GRD0169
2008,2.8533,Male,121.0,GRD0170
2018,1.7824,Male,121.0,GRD0171
2019,2.2663,Male,121.0,GRD0172
2020,2.4729,Male,121.0,GRD0173
2021,3.7131,Male,121.0,GRD0174
2022,3.5361,Male,121.0,GRD0175
2024,5.8078,Male,121.0,GRD0176
2002,6.1789,Male,29.0,GRD0177
2003,6.3401,Male,29.0,GRD0178
2000,10.1807,Male,34.0,GRD0179
2001,9.5265,Male,34.0,GRD0180
2002,20.3747,Male,34.0,GRD0181
2003,20.8699,Male,34.0,GRD0182
2004,21.003,Male,34.0,GRD0183
2005,19.5714,Male,34.0,GRD0184
2007,19.2954,Male,34.0,GRD0185
2008,21.3422,Male,34.0,GRD0186
2009,23.0739,Male,34.0,GRD0187
2010,23.5167,Male,34.0,GRD0188
2011,25.3083,Male,34.0,GRD0189
2012,26.1269,Male,34.0,GRD0190
2013,37.1968,Male,34.0,GRD0191
2014,37.1543,Male,34.0,GRD0192
2015,39.8446,Male,34.0,GRD0193
2016,41.5414,Male,34.0,GRD0194
2017,42.158,Male,34.0,GRD0195
2018,43.5679,Male,34.0,GRD0196
2019,47.0933,Male,34.0,GRD0197
2020,43.6016,Male,34.0,GRD0198
2021,45.7285,Male,34.0,GRD0199
2023,39.3439,Male,34.0,GRD0200
2003,3.4431,Male,147.0,GRD0201
2005,3.797,Male,147.0,GRD0202
2006,3.0879,Male,147.0,GRD0203
2015,13.5677,Male,147.0,GRD0204
2016,14.2317,Male,147.0,GRD0205
2017,13.5699,Male,147.0,GRD0206
2018,12.9574,Male,147.0,GRD0207
2019,15.9782,Male,147.0,GRD0208
2020,18.4944,Male,147.0,GRD0209
2021,15.6088,Male,147.0,GRD0210
2022,17.7593,Male,147.0,GRD0211
2023,19.4858,Male,147.0,GRD0212
2024,22.1443,Male,147.0,GRD0213
2007,14.6433,Male,143.0,GRD0214
2008,18.9064,Male,143.0,GRD0215
2009,22.6509,Male,143.0,GRD0216
2018,33.0133,Male,143.0,GRD0217
2019,30.2181,Male,143.0,GRD0218
2020,24.4919,Male,143.0,GRD0219
2021,24.0458,Male,143.0,GRD0220
2022,26.9331,Male,143.0,GRD0221
2023,24.5318,Male,143.0,GRD0222
2000,21.6599,Male,8.0,GRD0223
2001,22.4871,Male,8.0,GRD0224
2002,24.9721,Male,8.0,GRD0225
2003,25.9744,Male,8.0,GRD0226
2010,34.9375,Male,8.0,GRD0227
2011,36.8606,Male,8.0,GRD0228
2012,39.6889,Male,8.0,GRD0229
2013,44.5088,Male,8.0,GRD0230
2018,68.8419,Male,8.0,GRD0231
2019,57.6046,Male,8.0,GRD0232
2020,53.4894,Male,8.0,GRD0233
2021,52.4136,Male,8.0,GRD0234
2022,55.9165,Male,8.0,GRD0235
2023,62.7827,Male,8.0,GRD0236
2024,53.3927,Male,8.0,GRD0237
2011,7.2352,Male,6.0,GRD0238
2012,8.6467,Male,6.0,GRD0239
2014,0.0,Male,6.0,GRD0240
2015,4.0055,Male,6.0,GRD0241
2017,0.0,Male,26.0,GRD0242
2018,0.0,Male,26.0,GRD0243
2012,18.3179,Male,161.0,GRD0244
2001,12.069,Male,181.0,GRD0245
2007,13.6714,Male,181.0,GRD0246
2009,14.5898,Male,181.0,GRD0247
2010,13.5427,Male,181.0,GRD0248
2011,16.517,Male,181.0,GRD0249
2004,25.4826,Male,193.0,GRD0250
2005,29.9037,Male,193.0,GRD0251
2012,27.5159,Male,193.0,GRD0252
2013,30.7771,Male,193.0,GRD0253
2014,31.699,Male,193.0,GRD0254
2016,32.0069,Male,193.0,GRD0255
2018,31.7406,Male,193.0,GRD0256
2019,31.2429,Male,193.0,GRD0257
2020,31.9613,Male,193.0,GRD0258
2021,33.8868,Male,193.0,GRD0259
2022,36.1898,Male,193.0,GRD0260
2023,33.1275,Male,193.0,GRD0261
2000,27.0091,Male,156.0,GRD0262
2001,25.1019,Male,156.0,GRD0263
2002,23.4641,Male,156.0,GRD0264
2003,23.8447,Male,156.0,GRD0265
2004,24.1434,Male,156.0,GRD0266
2005,25.1359,Male,156.0,GRD0267
2006,27.8064,Male,156.0,GRD0268
2007,30.1773,Male,156.0,GRD0269
2008,29.7623,Male,156.0,GRD0270
2009,28.628,Male,156.0,GRD0271
2010,27.6723,Male,156.0,GRD0272
2011,26.5731,Male,156.0,GRD0273
2013,50.3726,Male,156.0,GRD0274
2014,51.5092,Male,156.0,GRD0275
2015,52.413,Male,156.0,GRD0276
2016,51.9035,Male,156.0,GRD0277
2017,53.5872,Male,156.0,GRD0278
2018,54.7513,Male,156.0,GRD0279
2019,56.5243,Male,156.0,GRD0280
2020,53.9612,Male,156.0,GRD0281
2021,58.7155,Male,156.0,GRD0282
2022,58.32,Male,156.0,GRD0283
2023,60.3848,Male,156.0,GRD0284
2000,11.865,Male,71.0,GRD0285
2003,14.7303,Male,71.0,GRD0286
2006,13.0763,Male,71.0,GRD0287
2007,12.6056,Male,71.0,GRD0288
2008,12.883,Male,71.0,GRD0289
2009,17.2171,Male,71.0,GRD0290
2010,16.2465,Male,71.0,GRD0291
2012,16.1214,Male,71.0,GRD0292
2018,16.1466,Male,71.0,GRD0293
2019,14.9801,Male,71.0,GRD0294
2020,12.2097,Male,71.0,GRD0295
2021,17.6798,Male,71.0,GRD0296
2022,18.1994,Male,71.0,GRD0297
2023,18.6108,Male,71.0,GRD0298
2013,15.3353,Male,15.0,GRD0299
2014,22.1667,Male,15.0,GRD0300
2015,25.1645,Male,15.0,GRD0301
2016,27.2571,Male,15.0,GRD0302
2017,28.9658,Male,15.0,GRD0303
2018,29.1216,Male,15.0,GRD0304
2019,29.1161,Male,15.0,GRD0305
2020,30.806,Male,15.0,GRD0306
2021,33.9702,Male,15.0,GRD0307
2022,36.8679,Male,15.0,GRD0308
2023,39.7617,Male,15.0,GRD0309
2024,45.6314,Male,15.0,GRD0310
2002,4.1526,Male,72.0,GRD0311
2004,5.7891,Male,72.0,GRD0312
2006,8.1188,Male,72.0,GRD0313
2011,12.7131,Male,72.0,GRD0314
2012,12.7501,Male,72.0,GRD0315
2013,16.5739,Male,72.0,GRD0316
2014,17.3789,Male,72.0,GRD0317
2015,18.5407,Male,72.0,GRD0318
2016,19.2861,Male,72.0,GRD0319
2017,20.6096,Male,72.0,GRD0320
2018,21.829,Male,72.0,GRD0321
2019,22.0089,Male,72.0,GRD0322
2020,20.9259,Male,72.0,GRD0323
2021,24.2867,Male,72.0,GRD0324
2001,20.7761,Male,35.0,GRD0325
2002,22.0347,Male,35.0,GRD0326
2010,25.8612,Male,35.0,GRD0327
2011,26.6296,Male,35.0,GRD0328
2000,7.3277,Male,67.0,GRD0329
2001,7.3237,Male,67.0,GRD0330
2002,8.978,Male,67.0,GRD0331
2003,9.4468,Male,67.0,GRD0332
2004,10.1008,Male,67.0,GRD0333
2005,10.7415,Male,67.0,GRD0334
2006,11.8371,Male,67.0,GRD0335
2007,13.6878,Male,67.0,GRD0336
2008,19.6454,Male,67.0,GRD0337
2009,27.4474,Male,67.0,GRD0338
2010,36.0107,Male,67.0,GRD0339
2011,36.8381,Male,67.0,GRD0340
2012,35.9859,Male,67.0,GRD0341
2013,35.8707,Male,67.0,GRD0342
2014,27.9306,Male,67.0,GRD0343
2015,25.7378,Male,67.0,GRD0344
2016,20.8273,Male,67.0,GRD0345
2017,13.0498,Male,67.0,GRD0346
2018,12.0297,Male,67.0,GRD0347
2006,0.0,Male,60.0,GRD0348
2007,0.0,Male,60.0,GRD0349
2008,1.3423,Male,60.0,GRD0350
2002,2.3709,Male,213.0,GRD0351
2003,1.8055,Male,213.0,GRD0352
2004,2.3473,Male,213.0,GRD0353
2005,2.0748,Male,213.0,GRD0354
2006,2.3726,Male,213.0,GRD0355
2007,2.6593,Male,213.0,GRD0356
2008,6.311,Male,213.0,GRD0357
2009,8.3618,Male,213.0,GRD0358
2010,10.4436,Male,213.0,GRD0359
2011,13.9797,Male,213.0,GRD0360
2012,13.1539,Male,213.0,GRD0361
2013,19.9638,Male,213.0,GRD0362
2014,22.9638,Male,213.0,GRD0363
2015,21.8145,Male,213.0,GRD0364
2016,22.9653,Male,213.0,GRD0365
2017,23.3359,Male,213.0,GRD0366
2018,22.4064,Male,213.0,GRD0367
2019,24.4837,Male,213.0,GRD0368
2020,26.493,Male,213.0,GRD0369
2021,31.7645,Male,213.0,GRD0370
2022,2.3505,Male,213.0,GRD0371
2023,30.7071,Male,213.0,GRD0372
2000,13.3917,Male,168.0,GRD0373
2001,14.0728,Male,168.0,GRD0374
2002,14.5592,Male,168.0,GRD0375
2003,15.8014,Male,168.0,GRD0376
2004,19.6795,Male,168.0,GRD0377
2005,23.7076,Male,168.0,GRD0378
2006,27.8736,Male,168.0,GRD0379
2007,31.9953,Male,168.0,GRD0380
2008,32.8768,Male,168.0,GRD0381
2009,31.3155,Male,168.0,GRD0382
2010,31.457,Male,168.0,GRD0383
2011,31.7314,Male,168.0,GRD0384
2012,31.759,Male,168.0,GRD0385
2013,33.4451,Male,168.0,GRD0386
2014,32.6523,Male,168.0,GRD0387
2015,29.1133,Male,168.0,GRD0388
2016,27.5951,Male,168.0,GRD0389
2017,30.3191,Male,168.0,GRD0390
2018,31.8899,Male,168.0,GRD0391
2019,31.1622,Male,168.0,GRD0392
2020,31.3368,Male,168.0,GRD0393
2021,31.469,Male,168.0,GRD0394
2022,31.36,Male,168.0,GRD0395
2023,31.4303,Male,168.0,GRD0396
2000,20.1744,Male,75.0,GRD0397
2001,18.6846,Male,75.0,GRD0398
2002,18.0704,Male,75.0,GRD0399
2003,18.0752,Male,75.0,GRD0400
2004,18.7899,Male,75.0,GRD0401
2005,19.0662,Male,75.0,GRD0402
2006,20.1572,Male,75.0,GRD0403
2007,21.9975,Male,75.0,GRD0404
2008,24.3907,Male,75.0,GRD0405
2009,27.5802,Male,75.0,GRD0406
2010,27.7161,Male,75.0,GRD0407
2011,29.5198,Male,75.0,GRD0408
2012,30.4868,Male,75.0,GRD0409
2015,40.6049,Male,75.0,GRD0410
2016,38.0826,Male,75.0,GRD0411
2017,37.8796,Male,75.0,GRD0412
2018,36.5788,Male,75.0,GRD0413
2019,45.3483,Male,75.0,GRD0414
2020,40.4281,Male,75.0,GRD0415
2021,44.4659,Male,75.0,GRD0416
2022,43.7079,Male,75.0,GRD0417
2023,43.4928,Male,75.0,GRD0418
2005,0.9768,Male,49.0,GRD0419
2001,24.942,Male,30.0,GRD0420
2002,23.3892,Male,30.0,GRD0421
2003,25.1573,Male,30.0,GRD0422
2004,33.8484,Male,30.0,GRD0423
2005,37.821,Male,30.0,GRD0424
2006,37.0885,Male,30.0,GRD0425
2007,39.8143,Male,30.0,GRD0426
2008,37.5878,Male,30.0,GRD0427
2009,37.5239,Male,30.0,GRD0428
2010,36.3212,Male,30.0,GRD0429
2011,38.0287,Male,30.0,GRD0430
2012,35.8343,Male,30.0,GRD0431
2013,40.8738,Male,30.0,GRD0432
2014,42.7798,Male,30.0,GRD0433
2017,44.5371,Male,30.0,GRD0434
2018,44.0057,Male,30.0,GRD0435
2019,43.8931,Male,30.0,GRD0436
2020,46.7121,Male,30.0,GRD0437
2021,48.0619,Male,30.0,GRD0438
2023,47.5553,Male,30.0,GRD0439
2012,14.6139,Male,32.0,GRD0440
2014,14.4178,Male,32.0,GRD0441
2015,14.6132,Male,32.0,GRD0442
2016,14.7853,Male,32.0,GRD0443
2017,21.0515,Male,32.0,GRD0444
2012,20.0686,Male,92.0,GRD0445
2013,23.0217,Male,92.0,GRD0446
2014,22.8787,Male,92.0,GRD0447
2017,17.5089,Male,92.0,GRD0448
2018,18.1068,Male,92.0,GRD0449
2019,24.2329,Male,92.0,GRD0450
2020,27.9533,Male,92.0,GRD0451
2021,29.6471,Male,92.0,GRD0452
2022,25.9437,Male,92.0,GRD0453
2023,25.8432,Male,92.0,GRD0454
2024,24.8132,Male,92.0,GRD0455
2013,19.0923,Male,99.0,GRD0456
2014,18.1776,Male,99.0,GRD0457
2015,27.4333,Male,99.0,GRD0458
2016,29.2385,Male,99.0,GRD0459
2018,29.8336,Male,99.0,GRD0460
2023,44.8455,Male,99.0,GRD0461
2001,21.596,Male,95.0,GRD0462
2002,20.7676,Male,95.0,GRD0463
2003,20.8955,Male,95.0,GRD0464
2004,21.0338,Male,95.0,GRD0465
2005,23.6985,Male,95.0,GRD0466
2006,23.7752,Male,95.0,GRD0467
2007,23.1658,Male,95.0,GRD0468
2008,23.024,Male,95.0,GRD0469
2009,21.988,Male,95.0,GRD0470
2010,22.3825,Male,95.0,GRD0471
2013,22.6548,Male,95.0,GRD0472
2016,15.7225,Male,95.0,GRD0473
2022,29.5671,Male,95.0,GRD0474
2023,35.7342,Male,95.0,GRD0475
2000,2.2493,Male,118.0,GRD0476
2001,4.2102,Male,118.0,GRD0477
2002,4.5511,Male,118.0,GRD0478
2003,4.7559,Male,118.0,GRD0479
2004,4.8716,Male,118.0,GRD0480
2014,3.1307,Male,118.0,GRD0481
2000,25.1305,Male,182.0,GRD0482
2001,26.998,Male,182.0,GRD0483
2002,27.6372,Male,182.0,GRD0484
2003,28.0138,Male,182.0,GRD0485
2004,27.4494,Male,182.0,GRD0486
2005,27.3916,Male,182.0,GRD0487
2006,27.2344,Male,182.0,GRD0488
2007,26.5475,Male,182.0,GRD0489
2008,27.1305,Male,182.0,GRD0490
2009,28.6565,Male,182.0,GRD0491
2010,30.4488,Male,182.0,GRD0492
2011,35.2447,Male,182.0,GRD0493
2012,35.8785,Male,182.0,GRD0494
2013,20.2924,Male,182.0,GRD0495
2014,40.6455,Male,182.0,GRD0496
2015,39.7606,Male,182.0,GRD0497
2016,36.0926,Male,182.0,GRD0498
2017,36.4342,Male,182.0,GRD0499
2018,34.6809,Male,182.0,GRD0500
2020,35.6085,Male,182.0,GRD0501
2021,34.9875,Male,182.0,GRD0502
2022,32.2298,Male,182.0,GRD0503
2023,30.6882,Male,182.0,GRD0504
2000,6.5677,Male,153.0,GRD0505
2001,7.8355,Male,153.0,GRD0506
2002,21.0366,Male,153.0,GRD0507
2003,13.7411,Male,153.0,GRD0508
2004,12.4322,Male,153.0,GRD0509
2005,17.9763,Male,153.0,GRD0510
2006,16.8117,Male,153.0,GRD0511
2007,18.5005,Male,153.0,GRD0512
2008,15.7228,Male,153.0,GRD0513
2009,15.0703,Male,153.0,GRD0514
2010,15.168,Male,153.0,GRD0515
2011,16.1306,Male,153.0,GRD0516
2013,28.7134,Male,153.0,GRD0517
2014,29.4262,Male,153.0,GRD0518
2018,31.7572,Male,153.0,GRD0519
2019,30.4828,Male,153.0,GRD0520
2020,32.3711,Male,153.0,GRD0521
2021,36.6667,Male,153.0,GRD0522
2022,32.6045,Male,153.0,GRD0523
2023,29.4587,Male,153.0,GRD0524
2000,1.6634,Male,64.0,GRD0525
2001,2.4749,Male,64.0,GRD0526
2002,2.3664,Male,64.0,GRD0527
2003,3.5395,Male,64.0,GRD0528
2004,4.7038,Male,64.0,GRD0529
2005,3.5087,Male,64.0,GRD0530
2006,3.4131,Male,64.0,GRD0531
2007,3.8571,Male,64.0,GRD0532
2008,5.6014,Male,64.0,GRD0533
2010,7.1048,Male,64.0,GRD0534
2000,31.0047,Male,27.0,GRD0535
2001,35.0975,Male,27.0,GRD0536
2002,38.8604,Male,27.0,GRD0537
2003,39.7841,Male,27.0,GRD0538
2004,40.0959,Male,27.0,GRD0539
2006,38.7735,Male,27.0,GRD0540
2007,40.5049,Male,27.0,GRD0541
2009,29.8887,Male,27.0,GRD0542
2010,34.2755,Male,27.0,GRD0543
2011,37.0051,Male,27.0,GRD0544
2012,36.7901,Male,27.0,GRD0545
2013,38.7421,Male,27.0,GRD0546
2014,39.447,Male,27.0,GRD0547
2015,42.3288,Male,27.0,GRD0548
2016,43.2209,Male,27.0,GRD0549
2017,41.8195,Male,27.0,GRD0550
2018,45.458,Male,27.0,GRD0551
2019,47.7975,Male,27.0,GRD0552
2020,51.6973,Male,27.0,GRD0553
2021,49.658,Male,27.0,GRD0554
2022,46.2503,Male,27.0,GRD0555
2023,49.1668,Male,27.0,GRD0556
2000,31.1139,Male,179.0,GRD0557
2002,31.5751,Male,179.0,GRD0558
2003,33.6042,Male,179.0,GRD0559
2004,29.8012,Male,179.0,GRD0560
2005,32.9107,Male,179.0,GRD0561
2006,31.8763,Male,179.0,GRD0562
2007,31.493,Male,179.0,GRD0563
2008,31.5071,Male,179.0,GRD0564
2009,32.2705,Male,179.0,GRD0565
2012,34.3241,Male,179.0,GRD0566
2013,35.028,Male,179.0,GRD0567
2014,35.3938,Male,179.0,GRD0568
2015,38.7884,Male,179.0,GRD0569
2016,40.5063,Male,179.0,GRD0570
2018,39.4772,Male,179.0,GRD0571
2019,40.9239,Male,179.0,GRD0572
2020,43.4247,Male,179.0,GRD0573
2021,45.0863,Male,179.0,GRD0574
2022,42.4572,Male,179.0,GRD0575
2023,45.7694,Male,179.0,GRD0576
2000,33.6272,Male,189.0,GRD0577
2001,33.3355,Male,189.0,GRD0578
2002,33.8728,Male,189.0,GRD0579
2003,34.4421,Male,189.0,GRD0580
2004,34.4916,Male,189.0,GRD0581
2005,34.5282,Male,189.0,GRD0582
2006,34.0935,Male,189.0,GRD0583
2007,33.8445,Male,189.0,GRD0584
2008,35.5484,Male,189.0,GRD0585
2009,35.5536,Male,189.0,GRD0586
2010,36.5421,Male,189.0,GRD0587
2011,37.2544,Male,189.0,GRD0588
2012,38.1497,Male,189.0,GRD0589
2013,40.0591,Male,189.0,GRD0590
2014,45.5281,Male,189.0,GRD0591
2019,42.7271,Male,189.0,GRD0592
2020,42.8405,Male,189.0,GRD0593
2021,45.7949,Male,189.0,GRD0594
2023,45.5064,Male,189.0,GRD0595
2008,53.9699,Male,163.0,GRD0596
2009,40.9277,Male,163.0,GRD0597
2010,17.5147,Male,163.0,GRD0598
2011,29.4198,Male,163.0,GRD0599
2012,17.3306,Male,163.0,GRD0600
2014,19.0998,Male,163.0,GRD0601
2016,23.9783,Male,163.0,GRD0602
2017,25.0384,Male,163.0,GRD0603
2018,33.2167,Male,163.0,GRD0604
2019,32.8899,Male,163.0,GRD0605
2020,33.9604,Male,163.0,GRD0606
2021,33.002,Male,163.0,GRD0607
2022,34.6891,Male,163.0,GRD0608
2023,29.0272,Male,163.0,GRD0609
2012,9.8371,Male,44.0,GRD0610
2013,9.7205,Male,44.0,GRD0611
2016,10.3109,Male,44.0,GRD0612
2017,11.3674,Male,44.0,GRD0613
2018,13.0446,Male,44.0,GRD0614
2019,13.1827,Male,44.0,GRD0615
2020,11.6856,Male,44.0,GRD0616
2021,11.0339,Male,44.0,GRD0617
2022,14.8987,Male,44.0,GRD0618
2023,17.8749,Male,44.0,GRD0619
2014,13.056,Male,167.0,GRD0620
2017,7.8203,Male,167.0,GRD0621
2022,7.0751,Male,167.0,GRD0622
2011,0.3049,Male,53.0,GRD0623
2012,0.1436,Male,53.0,GRD0624
2004,12.319,Male,135.0,GRD0625
2005,15.0716,Male,135.0,GRD0626
2006,15.1306,Male,135.0,GRD0627
2007,14.2218,Male,135.0,GRD0628
2008,17.7068,Male,135.0,GRD0629
2010,18.2329,Male,135.0,GRD0630
2011,17.2272,Male,135.0,GRD0631
2012,18.4137,Male,135.0,GRD0632
2017,35.4204,Male,135.0,GRD0633
2018,34.8906,Male,135.0,GRD0634
2019,32.8982,Male,135.0,GRD0635
2020,33.3799,Male,135.0,GRD0636
2021,40.8034,Male,135.0,GRD0637
2022,45.2889,Male,135.0,GRD0638
2015,57.185,Male,70.0,GRD0639
2016,67.1764,Male,70.0,GRD0640
2002,1.9324,Male,68.0,GRD0641
2007,1.6945,Male,68.0,GRD0642
2014,4.0994,Male,68.0,GRD0643
2015,3.8945,Male,68.0,GRD0644
2004,6.0161,Male,201.0,GRD0645
2005,3.6011,Male,201.0,GRD0646
2006,3.4766,Male,201.0,GRD0647
2007,1.4306,Male,201.0,GRD0648
2008,3.6112,Male,201.0,GRD0649
2009,3.3307,Male,201.0,GRD0650
2010,1.7005,Male,201.0,GRD0651
2011,2.3762,Male,201.0,GRD0652
2012,2.1531,Male,201.0,GRD0653
2003,16.5991,Male,116.0,GRD0654
2004,17.9475,Male,116.0,GRD0655
2005,17.745,Male,116.0,GRD0656
2006,18.0087,Male,116.0,GRD0657
2000,1.066,Male,54.0,GRD0658
2003,2.2852,Male,54.0,GRD0659
2012,6.1807,Male,54.0,GRD0660
2013,6.4624,Male,54.0,GRD0661
2014,7.1362,Male,54.0,GRD0662
2015,6.7682,Male,54.0,GRD0663
2016,7.5293,Male,54.0,GRD0664
2017,7.1097,Male,54.0,GRD0665
2018,7.595,Male,54.0,GRD0666
2019,8.1893,Male,54.0,GRD0667
2001,12.3221,Male,85.0,GRD0668
2002,11.6954,Male,85.0,GRD0669
2003,12.4127,Male,85.0,GRD0670
2005,13.2334,Male,85.0,GRD0671
2006,14.2639,Male,85.0,GRD0672
2007,15.334,Male,85.0,GRD0673
2008,20.5664,Male,85.0,GRD0674
2009,28.0731,Male,85.0,GRD0675
2010,31.0002,Male,85.0,GRD0676
2011,37.249,Male,85.0,GRD0677
2014,33.907,Male,85.0,GRD0678
2015,38.4721,Male,85.0,GRD0679
2016,35.392,Male,85.0,GRD0680
2017,37.2131,Male,85.0,GRD0681
2018,37.0182,Male,85.0,GRD0682
2019,35.7228,Male,85.0,GRD0683
2020,36.2175,Male,85.0,GRD0684
2022,35.3482,Male,85.0,GRD0685
2005,29.7146,Male,202.0,GRD0686
2006,29.0644,Male,202.0,GRD0687
2007,26.9828,Male,202.0,GRD0688
2008,24.19,Male,202.0,GRD0689
2009,27.6494,Male,202.0,GRD0690
2010,28.2063,Male,202.0,GRD0691
2011,24.894,Male,202.0,GRD0692
2012,23.6503,Male,202.0,GRD0693
2013,22.9187,Male,202.0,GRD0694
2014,23.4144,Male,202.0,GRD0695
2015,26.2283,Male,202.0,GRD0696
2016,26.1362,Male,202.0,GRD0697
2017,24.0931,Male,202.0,GRD0698
2018,25.0603,Male,202.0,GRD0699
2019,25.3579,Male,202.0,GRD0700
2020,98.1564,Male,202.0,GRD0701
2021,34.306,Male,202.0,GRD0702
2022,26.9226,Male,202.0,GRD0703
2023,37.0853,Male,202.0,GRD0704
2000,7.1585,Male,196.0,GRD0705
2001,8.2619,Male,196.0,GRD0706
2002,9.3347,Male,196.0,GRD0707
2003,10.0409,Male,196.0,GRD0708
2004,9.3117,Male,196.0,GRD0709
2012,14.2338,Male,196.0,GRD0710
2015,16.7017,Male,196.0,GRD0711
2016,17.319,Male,196.0,GRD0712
2017,17.7417,Male,196.0,GRD0713
2018,17.2412,Male,196.0,GRD0714
2022,24.356,Male,196.0,GRD0715
2023,22.349,Male,196.0,GRD0716
2013,31.029,Male,186.0,GRD0717
2014,25.5768,Male,186.0,GRD0718
2015,27.6295,Male,186.0,GRD0719
2016,28.3965,Male,186.0,GRD0720
2017,26.5168,Male,186.0,GRD0721
2018,25.7972,Male,186.0,GRD0722
2019,25.6557,Male,186.0,GRD0723
2020,28.8105,Male,186.0,GRD0724
2021,23.8725,Male,186.0,GRD0725
2022,27.1325,Male,186.0,GRD0726
2023,27.1547,Male,186.0,GRD0727
2000,28.5073,Male,24.0,GRD0728
2001,26.9962,Male,24.0,GRD0729
2002,27.0968,Male,24.0,GRD0730
2003,29.2168,Male,24.0,GRD0731
2004,30.9549,Male,24.0,GRD0732
2005,31.6027,Male,24.0,GRD0733
2006,32.2761,Male,24.0,GRD0734
2007,32.5833,Male,24.0,GRD0735
2008,31.0491,Male,24.0,GRD0736
2009,30.6392,Male,24.0,GRD0737
2010,35.2888,Male,24.0,GRD0738
2004,9.8674,Male,103.0,GRD0739
2005,8.7181,Male,103.0,GRD0740
2006,9.1565,Male,103.0,GRD0741
2007,8.2323,Male,103.0,GRD0742
2009,12.0117,Male,103.0,GRD0743
2010,15.5953,Male,103.0,GRD0744
2011,16.0738,Male,103.0,GRD0745
2012,18.3332,Male,103.0,GRD0746
2013,25.9684,Male,103.0,GRD0747
2014,24.5378,Male,103.0,GRD0748
2015,30.2743,Male,103.0,GRD0749
2016,36.4363,Male,103.0,GRD0750
2017,36.3188,Male,103.0,GRD0751
2018,37.1797,Male,103.0,GRD0752
2019,24.9657,Male,103.0,GRD0753
2020,24.0058,Male,103.0,GRD0754
2004,12.9764,Male,137.0,GRD0755
2000,21.8241,Male,106.0,GRD0756
2001,28.543,Male,106.0,GRD0757
2002,27.1955,Male,106.0,GRD0758
2003,29.3187,Male,106.0,GRD0759
2004,31.2365,Male,106.0,GRD0760
2005,33.5561,Male,106.0,GRD0761
2006,37.473,Male,106.0,GRD0762
2007,38.1269,Male,106.0,GRD0763
2008,34.7862,Male,106.0,GRD0764
2009,33.2753,Male,106.0,GRD0765
2010,40.1447,Male,106.0,GRD0766
2012,38.5523,Male,106.0,GRD0767
2018,33.6823,Male,106.0,GRD0768
2019,33.7961,Male,106.0,GRD0769
2020,32.7099,Male,106.0,GRD0770
2021,36.0614,Male,106.0,GRD0771
2022,37.3939,Male,106.0,GRD0772
2023,38.326,Male,106.0,GRD0773
2000,21.6154,Male,74.0,GRD0774
2001,22.0433,Male,74.0,GRD0775
2002,23.06,Male,74.0,GRD0776
2003,24.6073,Male,74.0,GRD0777
2004,25.2615,Male,74.0,GRD0778
2005,25.7477,Male,74.0,GRD0779
2006,26.772,Male,74.0,GRD0780
2007,27.3902,Male,74.0,GRD0781
2008,27.8464,Male,74.0,GRD0782
2009,29.5139,Male,74.0,GRD0783
2010,30.9658,Male,74.0,GRD0784
2011,25.8855,Male,74.0,GRD0785
2012,32.5288,Male,74.0,GRD0786
2013,32.8804,Male,74.0,GRD0787
2014,33.7191,Male,74.0,GRD0788
2020,29.1801,Male,74.0,GRD0789
2021,28.6645,Male,74.0,GRD0790
2022,29.4058,Male,74.0,GRD0791
2023,27.4606,Male,74.0,GRD0792
2000,18.9421,Male,3.0,GRD0793
2001,20.7946,Male,3.0,GRD0794
2002,25.7686,Male,3.0,GRD0795
2003,30.4867,Male,3.0,GRD0796
2004,34.0116,Male,3.0,GRD0797
2005,38.0111,Male,3.0,GRD0798
2006,36.4616,Male,3.0,GRD0799
2007,33.8861,Male,3.0,GRD0800
2008,31.4662,Male,3.0,GRD0801
2009,30.4471,Male,3.0,GRD0802
2010,28.1175,Male,3.0,GRD0803
2011,27.4562,Male,3.0,GRD0804
2012,26.8761,Male,3.0,GRD0805
2013,27.7273,Male,3.0,GRD0806
2014,28.4726,Male,3.0,GRD0807
2015,28.7988,Male,3.0,GRD0808
2016,30.2457,Male,3.0,GRD0809
2018,32.7562,Male,3.0,GRD0810
2019,33.4571,Male,3.0,GRD0811
2020,33.7342,Male,3.0,GRD0812
2021,35.1031,Male,3.0,GRD0813
2022,34.6599,Male,3.0,GRD0814
2023,36.0247,Male,3.0,GRD0815
2002,19.2547,Male,115.0,GRD0816
2003,20.5907,Male,115.0,GRD0817
2004,25.9672,Male,115.0,GRD0818
2005,26.3181,Male,115.0,GRD0819
2006,29.7736,Male,115.0,GRD0820
2007,29.6255,Male,115.0,GRD0821
2009,32.9825,Male,115.0,GRD0822
2011,36.6585,Male,115.0,GRD0823
2024,21.0384,Male,115.0,GRD0824
2013,49.5533,Male,42.0,GRD0825
2014,50.2892,Male,42.0,GRD0826
2015,48.9205,Male,42.0,GRD0827
2016,50.4736,Male,42.0,GRD0828
2017,49.3422,Male,42.0,GRD0829
2018,48.174,Male,42.0,GRD0830
2019,48.5184,Male,42.0,GRD0831
2020,47.3637,Male,42.0,GRD0832
2021,48.9409,Male,42.0,GRD0833
2022,50.2546,Male,42.0,GRD0834
2023,49.5246,Male,42.0,GRD0835
2000,19.1194,Male,104.0,GRD0836
2001,22.9725,Male,104.0,GRD0837
2002,25.2321,Male,104.0,GRD0838
2003,27.1033,Male,104.0,GRD0839
2004,39.7304,Male,104.0,GRD0840
2005,34.9069,Male,104.0,GRD0841
2006,40.3576,Male,104.0,GRD0842
2009,49.9207,Male,104.0,GRD0843
2014,47.4861,Male,104.0,GRD0844
2015,55.9983,Male,104.0,GRD0845
2016,44.4337,Male,104.0,GRD0846
2017,42.8509,Male,104.0,GRD0847
2018,41.9611,Male,104.0,GRD0848
2019,44.9303,Male,104.0,GRD0849
2020,52.4897,Male,104.0,GRD0850
2024,55.9242,Male,104.0,GRD0851
2000,2.3689,Male,123.0,GRD0852
2001,3.3118,Male,123.0,GRD0853
2001,18.3601,Male,78.0,GRD0854
2002,21.0929,Male,78.0,GRD0855
2003,23.1068,Male,78.0,GRD0856
2004,28.9369,Male,78.0,GRD0857
2005,28.7771,Male,78.0,GRD0858
2006,27.2999,Male,78.0,GRD0859
2007,25.205,Male,78.0,GRD0860
2008,19.6941,Male,78.0,GRD0861
2009,22.7146,Male,78.0,GRD0862
2010,25.7986,Male,78.0,GRD0863
2011,25.7556,Male,78.0,GRD0864
2012,28.1097,Male,78.0,GRD0865
2013,30.1829,Male,78.0,GRD0866
2014,32.4281,Male,78.0,GRD0867
2015,37.2425,Male,78.0,GRD0868
2016,31.7629,Male,78.0,GRD0869
2017,37.3163,Male,78.0,GRD0870
2018,55.0431,Male,78.0,GRD0871
2019,22.1178,Male,78.0,GRD0872
2020,24.8794,Male,78.0,GRD0873
2021,26.1469,Male,78.0,GRD0874
2022,28.3284,Male,78.0,GRD0875
2023,25.8287,Male,78.0,GRD0876
2024,34.5495,Male,78.0,GRD0877
2000,2.3166,Male,211.0,GRD0878
2001,2.169,Male,211.0,GRD0879
2002,2.107,Male,211.0,GRD0880
2004,4.5571,Male,211.0,GRD0881
2007,6.6918,Male,211.0,GRD0882
2020,17.7686,Male,199.0,GRD0883
2000,11.1647,Male,51.0,GRD0884
2001,11.9806,Male,51.0,GRD0885
2002,12.3248,Male,51.0,GRD0886
2003,14.4914,Male,51.0,GRD0887
2004,15.6392,Male,51.0,GRD0888
2005,15.3831,Male,51.0,GRD0889
2006,18.354,Male,51.0,GRD0890
2007,19.1848,Male,51.0,GRD0891
2008,18.8915,Male,51.0,GRD0892
2009,22.0895,Male,51.0,GRD0893
2010,22.5657,Male,51.0,GRD0894
2011,22.9878,Male,51.0,GRD0895
2000,4.927,Male,88.0,GRD0896
2005,1.6695,Male,171.0,GRD0897
2003,20.0873,Male,160.0,GRD0898
2004,11.8421,Male,160.0,GRD0899
2005,27.2321,Male,160.0,GRD0900
2006,48.4849,Male,160.0,GRD0901
2007,42.7313,Male,160.0,GRD0902
2008,54.185,Male,160.0,GRD0903
2009,54.8223,Male,160.0,GRD0904
2010,23.9819,Male,160.0,GRD0905
2011,20.7031,Male,160.0,GRD0906
2012,21.6327,Male,160.0,GRD0907
2014,21.3115,Male,160.0,GRD0908
2015,18.6275,Male,160.0,GRD0909
2018,12.0332,Male,160.0,GRD0910
2019,13.8393,Male,160.0,GRD0911
2020,8.0851,Male,160.0,GRD0912
2010,5.1363,Male,14.0,GRD0913
2011,5.0646,Male,14.0,GRD0914
2013,6.0898,Male,14.0,GRD0915
2014,7.1678,Male,14.0,GRD0916
2015,7.2484,Male,14.0,GRD0917
2016,7.4714,Male,14.0,GRD0918
2017,7.6309,Male,14.0,GRD0919
2018,7.3941,Male,14.0,GRD0920
2019,7.3401,Male,14.0,GRD0921
2020,6.931,Male,14.0,GRD0922
2021,8.4306,Male,14.0,GRD0923
2022,9.3877,Male,14.0,GRD0924
2023,8.5564,Male,14.0,GRD0925
2012,2.1073,Male,128.0,GRD0926
2013,2.1518,Male,128.0,GRD0927
2014,2.5882,Male,128.0,GRD0928
2018,3.0462,Male,128.0,GRD0929
2000,17.6817,Male,21.0,GRD0930
2001,19.078,Male,21.0,GRD0931
2002,21.0606,Male,21.0,GRD0932
2003,24.4884,Male,21.0,GRD0933
2004,25.5678,Male,21.0,GRD0934
2005,28.1759,Male,21.0,GRD0935
2006,32.4757,Male,21.0,GRD0936
2007,31.7542,Male,21.0,GRD0937
2008,30.7646,Male,21.0,GRD0938
2009,34.2015,Male,21.0,GRD0939
2010,33.4103,Male,21.0,GRD0940
2011,33.8962,Male,21.0,GRD0941
2012,37.2004,Male,21.0,GRD0942
2013,55.3161,Male,21.0,GRD0943
2014,47.1064,Male,21.0,GRD0944
2015,42.7829,Male,21.0,GRD0945
2016,40.6629,Male,21.0,GRD0946
2017,39.6898,Male,21.0,GRD0947
2018,42.0953,Male,21.0,GRD0948
2019,45.2655,Male,21.0,GRD0949
2020,45.01,Male,21.0,GRD0950
2021,45.1754,Male,21.0,GRD0951
2022,41.607,Male,21.0,GRD0952
2023,43.0866,Male,21.0,GRD0953
2008,5.7351,Male,37.0,GRD0954
2012,7.2401,Male,37.0,GRD0955
2013,7.6466,Male,37.0,GRD0956
2014,7.454,Male,37.0,GRD0957
2015,8.1662,Male,37.0,GRD0958
2018,7.2771,Male,37.0,GRD0959
2019,7.1537,Male,37.0,GRD0960
2020,6.84,Male,37.0,GRD0961
2021,7.5969,Male,37.0,GRD0962
2022,7.5972,Male,37.0,GRD0963
2023,7.2817,Male,37.0,GRD0964
2000,29.0953,Male,52.0,GRD0965
2001,50.1601,Male,52.0,GRD0966
2002,28.4278,Male,52.0,GRD0967
2003,16.6697,Male,52.0,GRD0968
2004,23.0198,Male,52.0,GRD0969
2005,24.5168,Male,52.0,GRD0970
2006,24.8889,Male,52.0,GRD0971
2007,23.9254,Male,52.0,GRD0972
2008,20.2502,Male,52.0,GRD0973
2009,23.1303,Male,52.0,GRD0974
2010,25.6535,Male,52.0,GRD0975
2011,27.1695,Male,52.0,GRD0976
2012,27.5436,Male,52.0,GRD0977
2013,26.7051,Male,52.0,GRD0978
2014,22.1591,Male,52.0,GRD0979
2015,24.0615,Male,52.0,GRD0980
2016,26.2666,Male,52.0,GRD0981
2017,28.8525,Male,52.0,GRD0982
2018,31.6866,Male,52.0,GRD0983
2019,32.221,Male,52.0,GRD0984
2020,31.5319,Male,52.0,GRD0985
2021,34.5273,Male,52.0,GRD0986
2022,29.8329,Male,52.0,GRD0987
2023,30.5033,Male,52.0,GRD0988
2001,5.7255,Male,142.0,GRD0989
2006,5.2008,Male,142.0,GRD0990
2015,11.9201,Male,142.0,GRD0991
2016,14.113,Male,142.0,GRD0992
2017,15.3109,Male,142.0,GRD0993
2019,16.3732,Male,142.0,GRD0994
2020,16.7273,Male,142.0,GRD0995
2021,16.9268,Male,142.0,GRD0996
2022,18.8832,Male,142.0,GRD0997
2023,18.0988,Male,142.0,GRD0998
2024,16.5745,Male,142.0,GRD0999
2016,39.6226,Male,174.0,GRD1000
2024,156.7416,Male,174.0,GRD1001
2014,33.8963,Male,33.0,GRD1002
2015,34.2916,Male,33.0,GRD1003
2016,34.351,Male,33.0,GRD1004
2017,33.637,Male,33.0,GRD1005
2018,34.4038,Male,33.0,GRD1006
2019,33.7713,Male,33.0,GRD1007
2020,34.2036,Male,33.0,GRD1008
2001,1.0923,Male,61.0,GRD1009
2002,0.8727,Male,61.0,GRD1010
2003,0.9343,Male,61.0,GRD1011
2004,1.2678,Male,61.0,GRD1012
2005,1.2665,Male,61.0,GRD1013
2006,1.2548,Male,61.0,GRD1014
2007,1.3486,Male,61.0,GRD1015
2008,1.3103,Male,61.0,GRD1016
2009,1.4293,Male,61.0,GRD1017
2010,1.1723,Male,61.0,GRD1018
2013,2.6496,Male,61.0,GRD1019
2014,1.8453,Male,61.0,GRD1020
2015,2.1229,Male,61.0,GRD1021
2016,3.0612,Male,61.0,GRD1022
2017,3.364,Male,61.0,GRD1023
2018,3.6197,Male,61.0,GRD1024
2019,3.3553,Male,61.0,GRD1025
2020,3.5243,Male,61.0,GRD1026
2022,3.4882,Male,61.0,GRD1027
2023,3.5106,Male,61.0,GRD1028
2001,15.9672,Male,203.0,GRD1029
2003,14.705,Male,203.0,GRD1030
2005,14.8733,Male,203.0,GRD1031
2006,16.6165,Male,203.0,GRD1032
2007,16.5993,Male,203.0,GRD1033
2008,15.8566,Male,203.0,GRD1034
2009,16.7852,Male,203.0,GRD1035
2010,16.8571,Male,203.0,GRD1036
2011,18.1105,Male,203.0,GRD1037
2013,19.8177,Male,203.0,GRD1038
2014,20.3044,Male,203.0,GRD1039
2015,20.7169,Male,203.0,GRD1040
2016,24.2764,Male,203.0,GRD1041
2017,25.3334,Male,203.0,GRD1042
2021,27.7657,Male,203.0,GRD1043
2019,3.8461,Male,120.0,GRD1044
2000,7.3521,Male,150.0,GRD1045
2001,6.9169,Male,150.0,GRD1046
2002,7.334,Male,150.0,GRD1047
2003,9.5324,Male,150.0,GRD1048
2004,9.9367,Male,150.0,GRD1049
2005,10.191,Male,150.0,GRD1050
2006,11.9916,Male,150.0,GRD1051
2007,18.2633,Male,150.0,GRD1052
2008,24.5781,Male,150.0,GRD1053
2009,25.0207,Male,150.0,GRD1054
2010,25.6559,Male,150.0,GRD1055
2011,24.115,Male,150.0,GRD1056
2012,27.0385,Male,150.0,GRD1057
2013,25.6215,Male,150.0,GRD1058
2014,26.4382,Male,150.0,GRD1059
2015,22.8602,Male,150.0,GRD1060
2017,23.663,Male,150.0,GRD1061
2018,20.8651,Male,150.0,GRD1062
2020,20.0558,Male,150.0,GRD1063
2021,23.0135,Male,150.0,GRD1064
2022,28.9773,Male,150.0,GRD1065
2000,14.1554,Male,82.0,GRD1066
2001,17.1003,Male,82.0,GRD1067
2002,18.2413,Male,82.0,GRD1068
2003,22.2334,Male,82.0,GRD1069
2004,18.5912,Male,82.0,GRD1070
2006,26.6712,Male,82.0,GRD1071
2009,28.4533,Male,82.0,GRD1072
2010,25.0957,Male,82.0,GRD1073
2011,25.4677,Male,82.0,GRD1074
2012,24.2919,Male,82.0,GRD1075
2013,30.9804,Male,82.0,GRD1076
2014,31.4415,Male,82.0,GRD1077
2015,30.0295,Male,82.0,GRD1078
2016,29.4885,Male,82.0,GRD1079
2017,35.6536,Male,82.0,GRD1080
2019,35.2667,Male,82.0,GRD1081
2020,34.5234,Male,82.0,GRD1082
2021,40.0538,Male,82.0,GRD1083
2022,50.382,Male,82.0,GRD1084
2023,40.3588,Male,82.0,GRD1085
2007,6.279,Male,113.0,GRD1086
2011,9.0566,Male,113.0,GRD1087
2017,31.6744,Male,62.0,GRD1088
2019,31.2605,Male,62.0,GRD1089
2021,27.6074,Male,62.0,GRD1090
2000,12.6188,Male,65.0,GRD1091
2001,18.1102,Male,65.0,GRD1092
2002,22.1627,Male,65.0,GRD1093
2003,22.461,Male,65.0,GRD1094
2004,24.3052,Male,65.0,GRD1095
2005,24.4874,Male,65.0,GRD1096
2006,26.3268,Male,65.0,GRD1097
2007,28.0189,Male,65.0,GRD1098
2008,31.1976,Male,65.0,GRD1099
2009,34.0161,Male,65.0,GRD1100
2010,33.3016,Male,65.0,GRD1101
2011,36.8743,Male,65.0,GRD1102
2012,38.3809,Male,65.0,GRD1103
2017,46.9907,Male,65.0,GRD1104
2018,40.891,Male,65.0,GRD1105
2019,31.4952,Male,65.0,GRD1106
2022,41.9967,Male,65.0,GRD1107
2023,43.4564,Male,65.0,GRD1108
2009,2.4165,Male,178.0,GRD1109
2010,0.274,Male,178.0,GRD1110
2018,4.0551,Male,178.0,GRD1111
2015,4.7553,Male,55.0,GRD1112
2016,5.0658,Male,55.0,GRD1113
2017,5.3363,Male,55.0,GRD1114
2019,5.2647,Male,55.0,GRD1115
2017,24.3505,Male,9.0,GRD1116
2007,0.6862,Male,96.0,GRD1117
2021,9.676,Male,212.0,GRD1118
2022,9.7165,Male,212.0,GRD1119
2023,10.183,Male,212.0,GRD1120
2001,7.4524,Male,36.0,GRD1121
2003,3.6871,Male,36.0,GRD1122
2005,4.9374,Male,36.0,GRD1123
2006,2.5271,Male,36.0,GRD1124
2008,5.8861,Male,36.0,GRD1125
2014,5.1557,Male,36.0,GRD1126
2015,5.9358,Male,36.0,GRD1127
2016,7.9915,Male,36.0,GRD1128
2017,8.4796,Male,36.0,GRD1129
2018,8.7334,Male,36.0,GRD1130
2019,10.085,Male,36.0,GRD1131
2020,10.0577,Male,36.0,GRD1132
2022,9.8611,Male,36.0,GRD1133
2001,0.3043,Male,112.0,GRD1134
2010,1.2268,Male,112.0,GRD1135
2016,1.4872,Male,112.0,GRD1136
2017,1.7199,Male,112.0,GRD1137
2018,5.7169,Male,112.0,GRD1138
2019,6.0251,Male,112.0,GRD1139
2002,2.5352,Male,105.0,GRD1140
2000,33.6592,Male,87.0,GRD1141
2001,33.4781,Male,87.0,GRD1142
2002,34.8603,Male,87.0,GRD1143
2003,35.3695,Male,87.0,GRD1144
2004,37.1791,Male,87.0,GRD1145
2005,40.2216,Male,87.0,GRD1146
2006,43.9056,Male,87.0,GRD1147
2007,41.9115,Male,87.0,GRD1148
2008,39.6918,Male,87.0,GRD1149
2009,38.8329,Male,87.0,GRD1150
2010,38.3644,Male,87.0,GRD1151
2011,38.9956,Male,87.0,GRD1152
2012,42.1865,Male,87.0,GRD1153
2013,36.3424,Male,87.0,GRD1154
2014,37.4684,Male,87.0,GRD1155
2015,40.7221,Male,87.0,GRD1156
2016,40.4723,Male,87.0,GRD1157
2017,42.5495,Male,87.0,GRD1158
2018,42.8947,Male,87.0,GRD1159
2019,42.5626,Male,87.0,GRD1160
2020,41.1328,Male,87.0,GRD1161
2021,44.0882,Male,87.0,GRD1162
2022,39.4307,Male,87.0,GRD1163
2023,41.8706,Male,87.0,GRD1164
2000,28.1154,Male,69.0,GRD1165
2001,33.1688,Male,69.0,GRD1166
2002,29.745,Male,69.0,GRD1167
2003,30.0285,Male,69.0,GRD1168
2004,33.798,Male,69.0,GRD1169
2005,31.2874,Male,69.0,GRD1170
2006,33.9752,Male,69.0,GRD1171
2007,33.8148,Male,69.0,GRD1172
2008,35.0359,Male,69.0,GRD1173
2009,32.976,Male,69.0,GRD1174
2010,34.7508,Male,69.0,GRD1175
2011,34.133,Male,69.0,GRD1176
2012,33.2842,Male,69.0,GRD1177
2013,33.3248,Male,69.0,GRD1178
2014,35.116,Male,69.0,GRD1179
2015,35.6164,Male,69.0,GRD1180
2016,36.3052,Male,69.0,GRD1181
2017,41.3645,Male,69.0,GRD1182
2018,41.6147,Male,69.0,GRD1183
2019,43.2496,Male,69.0,GRD1184
2020,44.7323,Male,69.0,GRD1185
2021,47.5847,Male,69.0,GRD1186
2022,44.699,Male,69.0,GRD1187
2023,45.7053,Male,69.0,GRD1188
2013,10.6152,Male,208.0,GRD1189
2005,36.2809,Male,76.0,GRD1190
2013,41.9852,Male,76.0,GRD1191
2014,42.1225,Male,76.0,GRD1192
2015,44.076,Male,76.0,GRD1193
2016,41.6643,Male,76.0,GRD1194
2017,43.7212,Male,76.0,GRD1195
2018,35.1565,Male,76.0,GRD1196
2019,43.1739,Male,76.0,GRD1197
2020,30.4297,Male,76.0,GRD1198
2021,29.8511,Male,76.0,GRD1199
2022,28.8066,Male,76.0,GRD1200
2023,29.4678,Male,76.0,GRD1201
2007,9.4446,Male,146.0,GRD1202
2009,4.7407,Male,146.0,GRD1203
2010,11.1469,Male,146.0,GRD1204
2013,7.6978,Male,146.0,GRD1205
2014,9.4784,Male,146.0,GRD1206
2015,11.5464,Male,146.0,GRD1207
2016,9.748,Male,146.0,GRD1208
2017,9.873,Male,146.0,GRD1209
2018,12.0746,Male,146.0,GRD1210
2019,12.6811,Male,146.0,GRD1211
2020,14.0125,Male,146.0,GRD1212
2021,14.0087,Male,146.0,GRD1213
2002,13.3673,Male,155.0,GRD1214
2003,24.8161,Male,155.0,GRD1215
2004,12.9777,Male,155.0,GRD1216
2005,12.0035,Male,155.0,GRD1217
2006,13.6888,Male,155.0,GRD1218
2007,13.2054,Male,155.0,GRD1219
2008,14.219,Male,155.0,GRD1220
2009,14.6606,Male,155.0,GRD1221
2010,15.2249,Male,155.0,GRD1222
2012,15.6777,Male,155.0,GRD1223
2013,15.9897,Male,155.0,GRD1224
2014,16.3303,Male,155.0,GRD1225
2015,15.8338,Male,155.0,GRD1226
2016,16.4533,Male,155.0,GRD1227
2020,9.5519,Male,155.0,GRD1228
2001,13.234,Male,200.0,GRD1229
2002,13.7714,Male,200.0,GRD1230
2004,15.3166,Male,200.0,GRD1231
2005,13.2571,Male,200.0,GRD1232
2006,13.7535,Male,200.0,GRD1233
2001,29.8602,Male,114.0,GRD1234
2002,31.2544,Male,114.0,GRD1235
2003,32.8581,Male,114.0,GRD1236
2004,32.2396,Male,114.0,GRD1237
2005,31.4106,Male,114.0,GRD1238
2006,31.2381,Male,114.0,GRD1239
2007,33.6992,Male,114.0,GRD1240
2008,35.7058,Male,114.0,GRD1241
2009,39.0312,Male,114.0,GRD1242
2010,44.4196,Male,114.0,GRD1243
2011,45.739,Male,114.0,GRD1244
2012,42.2488,Male,114.0,GRD1245
2013,37.0659,Male,114.0,GRD1246
2014,34.8862,Male,114.0,GRD1247
2015,34.8364,Male,114.0,GRD1248
2017,36.9067,Male,114.0,GRD1249
2018,34.4177,Male,114.0,GRD1250
2019,33.9388,Male,114.0,GRD1251
2020,33.9707,Male,114.0,GRD1252
2021,36.6986,Male,114.0,GRD1253
2022,38.1089,Male,114.0,GRD1254
2023,39.2926,Male,114.0,GRD1255
2004,21.6679,Male,139.0,GRD1256
2005,23.559,Male,139.0,GRD1257
2006,24.7787,Male,139.0,GRD1258
2007,39.217,Male,139.0,GRD1259
2008,43.7858,Male,139.0,GRD1260
2009,38.4145,Male,139.0,GRD1261
2010,35.944,Male,139.0,GRD1262
2011,36.0753,Male,139.0,GRD1263
2012,35.4384,Male,139.0,GRD1264
2013,42.6563,Male,139.0,GRD1265
2014,41.1266,Male,139.0,GRD1266
2015,41.2146,Male,139.0,GRD1267
2016,42.6387,Male,139.0,GRD1268
2017,43.0555,Male,139.0,GRD1269
2019,43.2669,Male,139.0,GRD1270
2020,44.7309,Male,139.0,GRD1271
2021,45.201,Male,139.0,GRD1272
2022,41.0659,Male,139.0,GRD1273
2023,44.9978,Male,139.0,GRD1274
2000,13.7391,Male,145.0,GRD1275
2001,15.393,Male,145.0,GRD1276
2003,14.5868,Male,145.0,GRD1277
2004,13.8182,Male,145.0,GRD1278
2007,18.85,Male,145.0,GRD1279
2008,20.4745,Male,145.0,GRD1280
2009,21.4827,Male,145.0,GRD1281
2010,21.2792,Male,145.0,GRD1282
2011,22.0578,Male,145.0,GRD1283
2012,22.3469,Male,145.0,GRD1284
2013,22.825,Male,145.0,GRD1285
2014,23.1039,Male,145.0,GRD1286
2015,24.3859,Male,145.0,GRD1287
2016,26.5395,Male,145.0,GRD1288
2017,27.0803,Male,145.0,GRD1289
2018,29.7848,Male,145.0,GRD1290
2019,26.121,Male,145.0,GRD1291
2020,24.4188,Male,145.0,GRD1292
2021,24.0331,Male,145.0,GRD1293
2022,26.427,Male,145.0,GRD1294
2023,23.8372,Male,145.0,GRD1295
2001,6.1285,Male,164.0,GRD1296
2002,5.0651,Male,164.0,GRD1297
2003,5.2091,Male,164.0,GRD1298
2007,1.755,Male,164.0,GRD1299
2008,1.643,Male,164.0,GRD1300
2010,0.7648,Male,164.0,GRD1301
2011,1.1259,Male,164.0,GRD1302
2012,1.1211,Male,164.0,GRD1303
2013,1.1094,Male,164.0,GRD1304
2014,1.2534,Male,164.0,GRD1305
2015,1.4593,Male,164.0,GRD1306
2016,1.5866,Male,164.0,GRD1307
2017,1.9632,Male,164.0,GRD1308
2018,1.9602,Male,164.0,GRD1309
2019,1.9408,Male,164.0,GRD1310
2020,2.0571,Male,164.0,GRD1311
2021,3.2943,Male,164.0,GRD1312
2022,3.8272,Male,164.0,GRD1313
2000,14.3752,Male,205.0,GRD1314
2001,15.1206,Male,205.0,GRD1315
2002,19.1122,Male,205.0,GRD1316
2003,21.9371,Male,205.0,GRD1317
2004,23.6902,Male,205.0,GRD1318
2005,23.9491,Male,205.0,GRD1319
2006,25.2493,Male,205.0,GRD1320
2007,28.4076,Male,205.0,GRD1321
2008,51.3641,Male,205.0,GRD1322
2009,56.5526,Male,205.0,GRD1323
2010,47.5266,Male,205.0,GRD1324
2011,44.5189,Male,205.0,GRD1325
2013,33.7048,Male,205.0,GRD1326
2014,32.7807,Male,205.0,GRD1327
2015,31.6355,Male,205.0,GRD1328
2016,30.7371,Male,205.0,GRD1329
2019,34.5512,Male,205.0,GRD1330
2020,34.5763,Male,205.0,GRD1331
2021,34.8897,Male,205.0,GRD1332
2022,34.7899,Male,205.0,GRD1333
2023,35.1272,Male,205.0,GRD1334
2004,1.439,Male,173.0,GRD1335
2013,3.8476,Male,173.0,GRD1336
2017,8.7539,Male,173.0,GRD1337
2018,7.9598,Male,173.0,GRD1338
2019,6.2672,Male,173.0,GRD1339
2020,7.4696,Male,173.0,GRD1340
2022,6.5833,Male,173.0,GRD1341
2023,7.4337,Male,173.0,GRD1342
2024,7.7377,Male,173.0,GRD1343
2000,12.9214,Male,73.0,GRD1344
2001,12.9485,Male,73.0,GRD1345
2002,12.3182,Male,73.0,GRD1346
2003,10.6419,Male,73.0,GRD1347
2004,9.9156,Male,73.0,GRD1348
2005,7.8116,Male,73.0,GRD1349
2006,7.627,Male,73.0,GRD1350
2007,7.1276,Male,73.0,GRD1351
2008,6.8947,Male,73.0,GRD1352
2009,7.3313,Male,73.0,GRD1353
2010,7.5109,Male,73.0,GRD1354
2011,6.5357,Male,73.0,GRD1355
2012,7.4109,Male,73.0,GRD1356
2013,9.5646,Male,73.0,GRD1357
2014,11.1536,Male,73.0,GRD1358
2015,15.6062,Male,73.0,GRD1359
2016,19.2238,Male,73.0,GRD1360
2017,24.0363,Male,73.0,GRD1361
2018,31.0533,Male,73.0,GRD1362
2019,30.6348,Male,73.0,GRD1363
2020,32.3315,Male,73.0,GRD1364
2021,35.9361,Male,73.0,GRD1365
2022,26.5148,Male,73.0,GRD1366
2012,9.7678,Male,16.0,GRD1367
2016,49.5714,Male,154.0,GRD1368
2017,49.5525,Male,154.0,GRD1369
2018,46.5347,Male,154.0,GRD1370
2019,53.7606,Male,154.0,GRD1371
2020,57.634,Male,154.0,GRD1372
2021,55.0564,Male,154.0,GRD1373
2022,55.6507,Male,154.0,GRD1374
2023,62.0427,Male,154.0,GRD1375
2000,1.6724,Male,45.0,GRD1376
2002,5.7863,Male,79.0,GRD1377
2003,6.985,Male,79.0,GRD1378
2005,8.3296,Male,79.0,GRD1379
2006,8.426,Male,79.0,GRD1380
2007,8.902,Male,79.0,GRD1381
2008,9.0489,Male,79.0,GRD1382
2009,8.831,Male,79.0,GRD1383
2010,8.7247,Male,79.0,GRD1384
2011,9.8377,Male,79.0,GRD1385
2012,10.2263,Male,79.0,GRD1386
2013,9.7002,Male,79.0,GRD1387
2014,9.236,Male,79.0,GRD1388
2015,9.9985,Male,79.0,GRD1389
2016,9.631,Male,79.0,GRD1390
2017,10.2888,Male,79.0,GRD1391
2018,11.2412,Male,79.0,GRD1392
2019,10.6715,Male,79.0,GRD1393
2018,37.5758,Male,191.0,GRD1394
2020,49.7238,Male,191.0,GRD1395
2021,48.1081,Male,191.0,GRD1396
2022,56.1497,Male,191.0,GRD1397
2023,45.2514,Male,191.0,GRD1398
2024,50.0,Male,191.0,GRD1399
2010,24.3242,Male,210.0,GRD1400
2011,19.0611,Male,210.0,GRD1401
2012,18.8919,Male,210.0,GRD1402
2021,1.5882,Male,206.0,GRD1403
2000,19.6923,Male,66.0,GRD1404
2001,23.4468,Male,66.0,GRD1405
2002,20.5975,Male,66.0,GRD1406
2003,22.541,Male,66.0,GRD1407
2004,24.3702,Male,66.0,GRD1408
2005,25.6031,Male,66.0,GRD1409
2006,26.1387,Male,66.0,GRD1410
2007,27.2009,Male,66.0,GRD1411
2008,38.363,Male,66.0,GRD1412
2009,42.4803,Male,66.0,GRD1413
2010,34.3886,Male,66.0,GRD1414
2011,33.2899,Male,66.0,GRD1415
2012,32.9217,Male,66.0,GRD1416
2013,31.3697,Male,66.0,GRD1417
2014,29.9671,Male,66.0,GRD1418
2015,28.8496,Male,66.0,GRD1419
2017,26.1841,Male,66.0,GRD1420
2018,26.2127,Male,66.0,GRD1421
2019,24.0039,Male,66.0,GRD1422
2020,24.121,Male,66.0,GRD1423
2021,25.6688,Male,66.0,GRD1424
2022,27.5299,Male,66.0,GRD1425
2023,26.485,Male,66.0,GRD1426
2000,11.7651,Male,107.0,GRD1427
2001,11.358,Male,107.0,GRD1428
2002,13.5157,Male,107.0,GRD1429
2003,12.4476,Male,107.0,GRD1430
2004,14.5764,Male,107.0,GRD1431
2005,15.2172,Male,107.0,GRD1432
2006,16.1677,Male,107.0,GRD1433
2007,15.8002,Male,107.0,GRD1434
2008,16.3517,Male,107.0,GRD1435
2009,18.047,Male,107.0,GRD1436
2010,22.3919,Male,107.0,GRD1437
2011,25.4741,Male,107.0,GRD1438
2012,34.1603,Male,107.0,GRD1439
2013,41.5067,Male,107.0,GRD1440
2014,41.9869,Male,107.0,GRD1441
2015,43.8741,Male,107.0,GRD1442
2017,34.0387,Male,107.0,GRD1443
2018,34.566,Male,107.0,GRD1444
2019,31.6225,Male,107.0,GRD1445
2020,30.6964,Male,107.0,GRD1446
2021,31.8326,Male,107.0,GRD1447
2022,33.2423,Male,107.0,GRD1448
2023,32.2332,Male,107.0,GRD1449
2000,25.2704,Male,127.0,GRD1450
2001,25.8752,Male,127.0,GRD1451
2002,27.6043,Male,127.0,GRD1452
2003,28.0369,Male,127.0,GRD1453
2004,32.8861,Male,127.0,GRD1454
2005,30.7973,Male,127.0,GRD1455
2006,32.4721,Male,127.0,GRD1456
2007,29.7586,Male,127.0,GRD1457
2008,28.1207,Male,127.0,GRD1458
2009,24.9944,Male,127.0,GRD1459
2010,22.8015,Male,127.0,GRD1460
2011,25.0081,Male,127.0,GRD1461
2012,22.8353,Male,127.0,GRD1462
2015,16.3923,Male,127.0,GRD1463
2016,26.5943,Male,127.0,GRD1464
2017,24.5767,Male,127.0,GRD1465
2018,26.4668,Male,127.0,GRD1466
2019,28.3956,Male,127.0,GRD1467
2020,31.1084,Male,127.0,GRD1468
2021,32.0118,Male,127.0,GRD1469
2022,28.6499,Male,127.0,GRD1470
2023,29.1709,Male,127.0,GRD1471
2000,4.877,Male,180.0,GRD1472
2001,5.5451,Male,180.0,GRD1473
2002,5.5231,Male,180.0,GRD1474
2004,4.4335,Male,180.0,GRD1475
2005,3.7187,Male,180.0,GRD1476
2006,7.8069,Male,180.0,GRD1477
2013,13.0007,Male,180.0,GRD1478
2015,0.0,Male,40.0,GRD1479
2022,0.0,Male,40.0,GRD1480
2012,0.5342,Male,188.0,GRD1481
2013,1.1411,Male,188.0,GRD1482
2014,1.996,Male,188.0,GRD1483
2015,4.5675,Male,188.0,GRD1484
2016,2.3127,Male,188.0,GRD1485
2020,9.0218,Male,188.0,GRD1486
2021,1.9319,Male,188.0,GRD1487
2022,7.9646,Male,188.0,GRD1488
2023,7.2534,Male,188.0,GRD1489
2024,5.5828,Male,188.0,GRD1490
2023,0.3788,Male,17.0,GRD1491
2000,0.6337,Male,209.0,GRD1492
2001,12.8461,Male,183.0,GRD1493
2002,12.5824,Male,183.0,GRD1494
2003,21.4011,Male,183.0,GRD1495
2004,18.9888,Male,183.0,GRD1496
2005,19.9288,Male,183.0,GRD1497
2006,20.6318,Male,183.0,GRD1498
2007,20.2453,Male,183.0,GRD1499
2008,23.2171,Male,183.0,GRD1500
2015,19.5077,Male,183.0,GRD1501
2022,24.6018,Male,183.0,GRD1502
2023,21.5804,Male,183.0,GRD1503
2024,25.9816,Male,183.0,GRD1504
2000,4.0465,Male,152.0,GRD1505
2001,3.3365,Male,152.0,GRD1506
2002,3.422,Male,152.0,GRD1507
2004,3.7893,Male,152.0,GRD1508
2021,3.1029,Male,152.0,GRD1509
2022,3.2041,Male,152.0,GRD1510
2023,3.4952,Male,152.0,GRD1511
2013,14.8853,Male,151.0,GRD1512
2014,14.9305,Male,151.0,GRD1513
2015,14.9379,Male,151.0,GRD1514
2016,14.296,Male,151.0,GRD1515
2020,15.7417,Male,151.0,GRD1516
2021,16.1934,Male,151.0,GRD1517
2022,14.6647,Male,151.0,GRD1518
2023,14.0548,Male,151.0,GRD1519
2004,0.8305,Male,131.0,GRD1520
2021,3.5796,Male,131.0,GRD1521
2000,2.0166,Male,111.0,GRD1522
2004,2.4299,Male,111.0,GRD1523
2015,20.7018,Male,166.0,GRD1524
2016,21.5531,Male,166.0,GRD1525
2017,23.0152,Male,166.0,GRD1526
2018,28.8475,Male,166.0,GRD1527
2019,31.3096,Male,166.0,GRD1528
2020,29.9088,Male,166.0,GRD1529
2020,11.534,Male,157.0,GRD1530
2021,12.354,Male,157.0,GRD1531
2022,14.4879,Male,157.0,GRD1532
2023,26.6988,Male,157.0,GRD1533
2006,11.6515,Male,100.0,GRD1534
2008,13.6859,Male,100.0,GRD1535
2009,13.8304,Male,100.0,GRD1536
2010,11.6039,Male,100.0,GRD1537
2011,12.3681,Male,100.0,GRD1538
2000,5.1791,Male,90.0,GRD1539
2002,8.6893,Male,90.0,GRD1540
2009,11.8592,Male,90.0,GRD1541
2001,12.2609,Male,133.0,GRD1542
2003,12.3779,Male,133.0,GRD1543
2004,12.5847,Male,133.0,GRD1544
2005,12.5481,Male,133.0,GRD1545
2006,12.875,Male,133.0,GRD1546
2007,12.7831,Male,133.0,GRD1547
2008,13.3578,Male,133.0,GRD1548
2009,13.7847,Male,133.0,GRD1549
2010,14.6665,Male,133.0,GRD1550
2011,14.7427,Male,133.0,GRD1551
2012,15.1847,Male,133.0,GRD1552
2013,17.2001,Male,133.0,GRD1553
2014,16.4984,Male,133.0,GRD1554
2015,17.4521,Male,133.0,GRD1555
2016,18.1731,Male,133.0,GRD1556
2017,18.5525,Male,133.0,GRD1557
2018,19.1342,Male,133.0,GRD1558
2019,17.9504,Male,133.0,GRD1559
2020,18.4907,Male,133.0,GRD1560
2021,18.9134,Male,133.0,GRD1561
2000,1.7565,Male,144.0,GRD1562
2017,7.3595,Male,144.0,GRD1563
2018,8.2796,Male,144.0,GRD1564
2019,7.8611,Male,144.0,GRD1565
2020,8.2251,Male,144.0,GRD1566
2021,3.3857,Male,144.0,GRD1567
2012,5.0052,Male,159.0,GRD1568
2013,5.5988,Male,159.0,GRD1569
2014,5.8671,Male,159.0,GRD1570
2015,6.2989,Male,159.0,GRD1571
2016,6.6582,Male,159.0,GRD1572
2017,7.2989,Male,159.0,GRD1573
2018,7.7927,Male,159.0,GRD1574
2019,7.7397,Male,159.0,GRD1575
2020,8.533,Male,159.0,GRD1576
2021,8.0275,Male,159.0,GRD1577
2022,8.8161,Male,159.0,GRD1578
2023,8.3265,Male,159.0,GRD1579
2013,1.5345,Male,122.0,GRD1580
2001,9.6774,Female,94.0,GRD1581
2002,7.4074,Female,94.0,GRD1582
2003,9.5672,Female,94.0,GRD1583
2004,6.3457,Female,94.0,GRD1584
2005,6.5574,Female,94.0,GRD1585
2006,15.2964,Female,94.0,GRD1586
2007,4.4444,Female,94.0,GRD1587
2008,8.972,Female,94.0,GRD1588
2009,8.6876,Female,94.0,GRD1589
2010,9.9609,Female,94.0,GRD1590
2011,16.1634,Female,94.0,GRD1591
2012,18.9091,Female,94.0,GRD1592
2014,25.4669,Female,94.0,GRD1593
2018,4.7416,Female,133.0,GRD1594
2020,6.1757,Female,133.0,GRD1595
2023,5.3674,Female,185.0,GRD1596
2003,15.6199,Female,46.0,GRD1597
2011,41.4093,Female,46.0,GRD1598
2012,50.1071,Female,46.0,GRD1599
2013,51.966,Female,46.0,GRD1600
2014,44.9282,Female,46.0,GRD1601
2015,49.4161,Female,46.0,GRD1602
2016,48.4285,Female,46.0,GRD1603
2017,55.2165,Female,46.0,GRD1604
2018,54.5026,Female,46.0,GRD1605
2019,57.8575,Female,46.0,GRD1606
2020,58.0926,Female,46.0,GRD1607
2021,54.8707,Female,46.0,GRD1608
2022,54.0381,Female,46.0,GRD1609
2023,57.0553,Female,46.0,GRD1610
2024,75.433,Female,46.0,GRD1611
2002,0.0,Female,134.0,GRD1612
2003,0.2817,Female,134.0,GRD1613
2004,0.2132,Female,134.0,GRD1614
2005,0.1996,Female,134.0,GRD1615
2006,0.0,Female,134.0,GRD1616
2008,0.6667,Female,134.0,GRD1617
2012,16.3102,Female,134.0,GRD1618
2013,17.4157,Female,134.0,GRD1619
2014,10.6557,Female,134.0,GRD1620
2015,5.4795,Female,134.0,GRD1621
2016,12.6074,Female,134.0,GRD1622
2017,8.6154,Female,134.0,GRD1623
2018,15.4286,Female,134.0,GRD1624
2019,13.4328,Female,134.0,GRD1625
2020,13.1105,Female,134.0,GRD1626
2021,9.7156,Female,134.0,GRD1627
2022,9.4421,Female,134.0,GRD1628
2023,14.6988,Female,134.0,GRD1629
2024,17.66,Female,134.0,GRD1630
2001,11.0162,Female,109.0,GRD1631
2002,8.9293,Female,109.0,GRD1632
2003,13.6356,Female,109.0,GRD1633
2004,14.2356,Female,109.0,GRD1634
2006,15.5602,Female,109.0,GRD1635
2007,13.8131,Female,109.0,GRD1636
2008,14.3448,Female,109.0,GRD1637
2009,15.0803,Female,109.0,GRD1638
2018,12.2668,Female,109.0,GRD1639
2019,26.6294,Female,109.0,GRD1640
2020,24.11,Female,109.0,GRD1641
2021,16.2666,Female,109.0,GRD1642
2022,39.8896,Female,109.0,GRD1643
2023,16.1587,Female,109.0,GRD1644
2001,19.7701,Female,162.0,GRD1645
2002,19.0896,Female,162.0,GRD1646
2003,20.6025,Female,162.0,GRD1647
2004,21.9137,Female,162.0,GRD1648
2005,22.212,Female,162.0,GRD1649
2006,22.9575,Female,162.0,GRD1650
2007,27.9976,Female,162.0,GRD1651
2008,32.6182,Female,162.0,GRD1652
2009,50.0441,Female,162.0,GRD1653
2010,45.2902,Female,162.0,GRD1654
2011,44.7361,Female,162.0,GRD1655
2012,47.8635,Female,162.0,GRD1656
2013,43.6712,Female,162.0,GRD1657
2014,40.2224,Female,162.0,GRD1658
2015,45.2162,Female,162.0,GRD1659
2016,27.5873,Female,162.0,GRD1660
2017,51.7268,Female,162.0,GRD1661
2018,58.1256,Female,162.0,GRD1662
2019,52.4291,Female,162.0,GRD1663
2020,56.831,Female,162.0,GRD1664
2021,54.7859,Female,162.0,GRD1665
2022,51.3154,Female,162.0,GRD1666
2023,34.99,Female,162.0,GRD1667
2024,43.6773,Female,162.0,GRD1668
2009,2.6462,Female,1.0,GRD1669
2010,2.9703,Female,1.0,GRD1670
2011,2.5281,Female,1.0,GRD1671
2012,3.268,Female,1.0,GRD1672
2000,59.624,Female,5.0,GRD1673
2001,61.8751,Female,5.0,GRD1674
2002,65.2806,Female,5.0,GRD1675
2003,57.0436,Female,5.0,GRD1676
2005,72.9573,Female,5.0,GRD1677
2006,72.6307,Female,5.0,GRD1678
2007,72.5999,Female,5.0,GRD1679
2008,73.4262,Female,5.0,GRD1680
2009,74.8229,Female,5.0,GRD1681
2010,74.8544,Female,5.0,GRD1682
2011,79.0745,Female,5.0,GRD1683
2013,87.0605,Female,5.0,GRD1684
2014,87.3612,Female,5.0,GRD1685
2015,70.4565,Female,5.0,GRD1686
2017,72.1852,Female,5.0,GRD1687
2018,74.8773,Female,5.0,GRD1688
2019,75.1396,Female,5.0,GRD1689
2020,76.2157,Female,5.0,GRD1690
2021,89.3547,Female,5.0,GRD1691
2022,91.8901,Female,5.0,GRD1692
2023,84.1,Female,5.0,GRD1693
2013,46.9479,Female,169.0,GRD1694
2014,42.5339,Female,169.0,GRD1695
2015,42.3225,Female,169.0,GRD1696
2016,42.3004,Female,169.0,GRD1697
2018,39.0575,Female,169.0,GRD1698
2019,42.3082,Female,169.0,GRD1699
2020,45.3187,Female,169.0,GRD1700
2021,50.2853,Female,169.0,GRD1701
2022,45.0458,Female,169.0,GRD1702
2023,46.9785,Female,169.0,GRD1703
2000,11.8653,Female,110.0,GRD1704
2001,12.5157,Female,110.0,GRD1705
2002,10.2655,Female,110.0,GRD1706
2003,13.8455,Female,110.0,GRD1707
2004,13.6698,Female,110.0,GRD1708
2005,14.2459,Female,110.0,GRD1709
2008,12.7364,Female,110.0,GRD1710
2009,14.102,Female,110.0,GRD1711
2010,14.9189,Female,110.0,GRD1712
2011,14.2655,Female,110.0,GRD1713
2012,13.2976,Female,110.0,GRD1714
2013,16.0311,Female,110.0,GRD1715
2014,16.1588,Female,110.0,GRD1716
2015,15.1471,Female,110.0,GRD1717
2016,16.0701,Female,110.0,GRD1718
2017,19.1341,Female,110.0,GRD1719
2018,20.7107,Female,110.0,GRD1720
2019,21.1889,Female,110.0,GRD1721
2020,24.5185,Female,110.0,GRD1722
2021,26.9291,Female,110.0,GRD1723
2022,28.166,Female,110.0,GRD1724
2023,32.0951,Female,110.0,GRD1725
2024,34.7158,Female,110.0,GRD1726
2001,0.3255,Female,23.0,GRD1727
2003,0.3809,Female,23.0,GRD1728
2004,0.268,Female,23.0,GRD1729
2013,2.0771,Female,23.0,GRD1730
2014,2.4781,Female,23.0,GRD1731
2001,18.5012,Female,58.0,GRD1732
2002,19.7987,Female,58.0,GRD1733
2006,21.1423,Female,58.0,GRD1734
2008,31.4213,Female,58.0,GRD1735
2009,21.3877,Female,58.0,GRD1736
2010,21.6544,Female,58.0,GRD1737
2011,20.2177,Female,58.0,GRD1738
2012,20.3292,Female,58.0,GRD1739
2013,52.81,Female,58.0,GRD1740
2014,54.3607,Female,58.0,GRD1741
2016,35.0944,Female,58.0,GRD1742
2017,38.4663,Female,58.0,GRD1743
2018,62.5281,Female,58.0,GRD1744
2019,59.5566,Female,58.0,GRD1745
2020,67.2383,Female,58.0,GRD1746
2021,63.7492,Female,58.0,GRD1747
2022,61.4333,Female,58.0,GRD1748
2023,61.5585,Female,58.0,GRD1749
2008,1.0962,Female,121.0,GRD1750
2018,1.1754,Female,121.0,GRD1751
2019,1.8968,Female,121.0,GRD1752
2020,1.5353,Female,121.0,GRD1753
2021,2.0926,Female,121.0,GRD1754
2022,2.6041,Female,121.0,GRD1755
2024,4.202,Female,121.0,GRD1756
2002,3.0599,Female,29.0,GRD1757
2003,3.2517,Female,29.0,GRD1758
2000,24.3815,Female,34.0,GRD1759
2001,22.7354,Female,34.0,GRD1760
2002,31.3918,Female,34.0,GRD1761
2003,31.0018,Female,34.0,GRD1762
2004,30.1734,Female,34.0,GRD1763
2005,29.7458,Female,34.0,GRD1764
2007,30.7599,Female,34.0,GRD1765
2008,35.4068,Female,34.0,GRD1766
2009,35.678,Female,34.0,GRD1767
2010,35.6958,Female,34.0,GRD1768
2011,40.2138,Female,34.0,GRD1769
2012,42.1175,Female,34.0,GRD1770
2013,57.6786,Female,34.0,GRD1771
2014,54.801,Female,34.0,GRD1772
2015,58.1516,Female,34.0,GRD1773
2016,63.4949,Female,34.0,GRD1774
2017,63.8705,Female,34.0,GRD1775
2018,64.4609,Female,34.0,GRD1776
2019,69.0819,Female,34.0,GRD1777
2020,64.4522,Female,34.0,GRD1778
2021,71.2841,Female,34.0,GRD1779
2023,58.4126,Female,34.0,GRD1780
2003,16.3856,Female,147.0,GRD1781
2005,19.7125,Female,147.0,GRD1782
2006,17.551,Female,147.0,GRD1783
2015,30.5715,Female,147.0,GRD1784
2016,37.4222,Female,147.0,GRD1785
2017,36.4209,Female,147.0,GRD1786
2018,35.3118,Female,147.0,GRD1787
2019,41.2487,Female,147.0,GRD1788
2020,46.9024,Female,147.0,GRD1789
2021,39.5777,Female,147.0,GRD1790
2022,45.205,Female,147.0,GRD1791
2023,58.8327,Female,147.0,GRD1792
2024,60.8696,Female,147.0,GRD1793
2007,21.454,Female,143.0,GRD1794
2008,28.5353,Female,143.0,GRD1795
2009,34.388,Female,143.0,GRD1796
2018,49.055,Female,143.0,GRD1797
2019,48.0742,Female,143.0,GRD1798
2020,39.4674,Female,143.0,GRD1799
2021,38.8656,Female,143.0,GRD1800
2022,45.6203,Female,143.0,GRD1801
2023,44.0303,Female,143.0,GRD1802
2000,27.1284,Female,8.0,GRD1803
2001,30.1613,Female,8.0,GRD1804
2002,33.9841,Female,8.0,GRD1805
2003,37.5439,Female,8.0,GRD1806
2010,60.3278,Female,8.0,GRD1807
2011,61.485,Female,8.0,GRD1808
2012,68.5146,Female,8.0,GRD1809
2013,82.8759,Female,8.0,GRD1810
2018,103.2523,Female,8.0,GRD1811
2019,87.1544,Female,8.0,GRD1812
2020,72.7803,Female,8.0,GRD1813
2021,69.3857,Female,8.0,GRD1814
2022,68.8229,Female,8.0,GRD1815
2023,69.9763,Female,8.0,GRD1816
2024,64.9565,Female,8.0,GRD1817
2011,13.0884,Female,6.0,GRD1818
2012,16.6372,Female,6.0,GRD1819
2014,0.0,Female,6.0,GRD1820
2015,9.8116,Female,6.0,GRD1821
2017,0.0,Female,26.0,GRD1822
2018,0.0,Female,26.0,GRD1823
2012,31.6109,Female,161.0,GRD1824
2001,25.5586,Female,181.0,GRD1825
2007,41.9443,Female,181.0,GRD1826
2009,38.4334,Female,181.0,GRD1827
2010,39.96,Female,181.0,GRD1828
2011,40.05,Female,181.0,GRD1829
2004,42.4437,Female,193.0,GRD1830
2005,50.2604,Female,193.0,GRD1831
2012,45.5607,Female,193.0,GRD1832
2013,48.5711,Female,193.0,GRD1833
2014,50.1694,Female,193.0,GRD1834
2016,50.5793,Female,193.0,GRD1835
2018,49.5752,Female,193.0,GRD1836
2019,50.0677,Female,193.0,GRD1837
2020,50.8155,Female,193.0,GRD1838
2021,53.666,Female,193.0,GRD1839
2022,57.1433,Female,193.0,GRD1840
2023,53.4668,Female,193.0,GRD1841
2000,19.1187,Female,156.0,GRD1842
2001,19.2813,Female,156.0,GRD1843
2002,18.7171,Female,156.0,GRD1844
2003,18.6643,Female,156.0,GRD1845
2004,20.9718,Female,156.0,GRD1846
2005,25.9308,Female,156.0,GRD1847
2006,28.3711,Female,156.0,GRD1848
2007,31.4886,Female,156.0,GRD1849
2008,33.8712,Female,156.0,GRD1850
2009,33.3037,Female,156.0,GRD1851
2010,32.8053,Female,156.0,GRD1852
2011,32.208,Female,156.0,GRD1853
2013,49.6359,Female,156.0,GRD1854
2014,50.7324,Female,156.0,GRD1855
2015,51.7349,Female,156.0,GRD1856
2016,51.3979,Female,156.0,GRD1857
2017,54.4971,Female,156.0,GRD1858
2018,56.4623,Female,156.0,GRD1859
2019,58.9192,Female,156.0,GRD1860
2020,58.2768,Female,156.0,GRD1861
2021,63.6494,Female,156.0,GRD1862
2022,65.1286,Female,156.0,GRD1863
2023,67.4775,Female,156.0,GRD1864
2000,11.9528,Female,71.0,GRD1865
2003,16.2041,Female,71.0,GRD1866
2006,16.9011,Female,71.0,GRD1867
2007,18.1829,Female,71.0,GRD1868
2008,19.224,Female,71.0,GRD1869
2009,25.05,Female,71.0,GRD1870
2010,22.9221,Female,71.0,GRD1871
2012,21.7272,Female,71.0,GRD1872
2018,15.6251,Female,71.0,GRD1873
2019,13.7915,Female,71.0,GRD1874
2020,11.247,Female,71.0,GRD1875
2021,16.1791,Female,71.0,GRD1876
2022,17.9481,Female,71.0,GRD1877
2023,18.1156,Female,71.0,GRD1878
2013,17.0956,Female,15.0,GRD1879
2014,26.2938,Female,15.0,GRD1880
2015,30.4662,Female,15.0,GRD1881
2016,33.9616,Female,15.0,GRD1882
2017,37.2997,Female,15.0,GRD1883
2018,39.4687,Female,15.0,GRD1884
2019,40.8346,Female,15.0,GRD1885
2020,44.2094,Female,15.0,GRD1886
2021,48.993,Female,15.0,GRD1887
2022,51.9369,Female,15.0,GRD1888
2023,55.0872,Female,15.0,GRD1889
2024,61.2215,Female,15.0,GRD1890
2002,5.4939,Female,72.0,GRD1891
2004,7.3499,Female,72.0,GRD1892
2006,9.4798,Female,72.0,GRD1893
2011,16.0933,Female,72.0,GRD1894
2012,17.1982,Female,72.0,GRD1895
2013,22.9795,Female,72.0,GRD1896
2014,24.2355,Female,72.0,GRD1897
2015,25.1737,Female,72.0,GRD1898
2016,27.4244,Female,72.0,GRD1899
2017,29.5862,Female,72.0,GRD1900
2018,31.8582,Female,72.0,GRD1901
2019,32.6287,Female,72.0,GRD1902
2020,30.7381,Female,72.0,GRD1903
2021,35.3049,Female,72.0,GRD1904
2001,35.3296,Female,35.0,GRD1905
2002,39.6283,Female,35.0,GRD1906
2010,46.5737,Female,35.0,GRD1907
2011,49.5532,Female,35.0,GRD1908
2000,13.3909,Female,67.0,GRD1909
2001,15.0584,Female,67.0,GRD1910
2002,16.0151,Female,67.0,GRD1911
2003,18.4198,Female,67.0,GRD1912
2004,18.733,Female,67.0,GRD1913
2005,19.7506,Female,67.0,GRD1914
2006,21.4758,Female,67.0,GRD1915
2007,29.2129,Female,67.0,GRD1916
2008,38.1944,Female,67.0,GRD1917
2009,61.3071,Female,67.0,GRD1918
2010,56.9594,Female,67.0,GRD1919
2011,67.2998,Female,67.0,GRD1920
2012,63.3226,Female,67.0,GRD1921
2013,66.8423,Female,67.0,GRD1922
2014,54.8256,Female,67.0,GRD1923
2015,42.2722,Female,67.0,GRD1924
2016,27.8052,Female,67.0,GRD1925
2017,21.2395,Female,67.0,GRD1926
2018,23.0756,Female,67.0,GRD1927
2006,1.676,Female,60.0,GRD1928
2007,3.4091,Female,60.0,GRD1929
2008,2.7523,Female,60.0,GRD1930
2002,8.3646,Female,213.0,GRD1931
2003,8.1272,Female,213.0,GRD1932
2004,9.696,Female,213.0,GRD1933
2005,9.7718,Female,213.0,GRD1934
2006,9.8943,Female,213.0,GRD1935
2007,9.5857,Female,213.0,GRD1936
2008,15.6537,Female,213.0,GRD1937
2009,17.2925,Female,213.0,GRD1938
2010,19.2902,Female,213.0,GRD1939
2011,21.5615,Female,213.0,GRD1940
2012,27.0722,Female,213.0,GRD1941
2013,28.92,Female,213.0,GRD1942
2014,32.5981,Female,213.0,GRD1943
2015,30.8832,Female,213.0,GRD1944
2016,31.1704,Female,213.0,GRD1945
2017,31.553,Female,213.0,GRD1946
2018,27.1721,Female,213.0,GRD1947
2019,29.617,Female,213.0,GRD1948
2020,28.6642,Female,213.0,GRD1949
2021,34.8297,Female,213.0,GRD1950
2022,3.3777,Female,213.0,GRD1951
2023,37.3361,Female,213.0,GRD1952
2000,14.6425,Female,168.0,GRD1953
2001,15.1551,Female,168.0,GRD1954
2002,16.7401,Female,168.0,GRD1955
2003,18.53,Female,168.0,GRD1956
2004,24.3478,Female,168.0,GRD1957
2005,30.3986,Female,168.0,GRD1958
2006,36.5954,Female,168.0,GRD1959
2007,43.1646,Female,168.0,GRD1960
2008,47.1579,Female,168.0,GRD1961
2009,50.6875,Female,168.0,GRD1962
2010,55.0242,Female,168.0,GRD1963
2011,57.8394,Female,168.0,GRD1964
2012,55.9891,Female,168.0,GRD1965
2013,60.6877,Female,168.0,GRD1966
2014,58.791,Female,168.0,GRD1967
2015,49.2985,Female,168.0,GRD1968
2016,46.6033,Female,168.0,GRD1969
2017,54.972,Female,168.0,GRD1970
2018,57.304,Female,168.0,GRD1971
2019,55.5422,Female,168.0,GRD1972
2020,54.1933,Female,168.0,GRD1973
2021,55.2094,Female,168.0,GRD1974
2022,54.5923,Female,168.0,GRD1975
2023,53.5157,Female,168.0,GRD1976
2000,17.8655,Female,75.0,GRD1977
2001,17.2836,Female,75.0,GRD1978
2002,17.5152,Female,75.0,GRD1979
2003,18.3144,Female,75.0,GRD1980
2004,19.3248,Female,75.0,GRD1981
2005,20.0634,Female,75.0,GRD1982
2006,22.1194,Female,75.0,GRD1983
2007,24.4609,Female,75.0,GRD1984
2008,27.4947,Female,75.0,GRD1985
2009,30.7291,Female,75.0,GRD1986
2010,31.3697,Female,75.0,GRD1987
2011,32.4647,Female,75.0,GRD1988
2012,33.4466,Female,75.0,GRD1989
2015,44.3359,Female,75.0,GRD1990
2016,45.0378,Female,75.0,GRD1991
2017,46.6639,Female,75.0,GRD1992
2018,45.8979,Female,75.0,GRD1993
2019,49.9183,Female,75.0,GRD1994
2020,46.2127,Female,75.0,GRD1995
2021,51.8726,Female,75.0,GRD1996
2022,50.9833,Female,75.0,GRD1997
2023,50.2149,Female,75.0,GRD1998
2005,0.8287,Female,49.0,GRD1999
2001,47.1154,Female,30.0,GRD2000
2002,45.7293,Female,30.0,GRD2001
2003,52.3571,Female,30.0,GRD2002
2004,60.4065,Female,30.0,GRD2003
2005,68.6025,Female,30.0,GRD2004
2006,65.0416,Female,30.0,GRD2005
2007,65.6806,Female,30.0,GRD2006
2008,62.3844,Female,30.0,GRD2007
2009,63.6096,Female,30.0,GRD2008
2010,63.3999,Female,30.0,GRD2009
2011,63.317,Female,30.0,GRD2010
2012,59.7142,Female,30.0,GRD2011
2013,64.9189,Female,30.0,GRD2012
2014,69.2989,Female,30.0,GRD2013
2017,67.1527,Female,30.0,GRD2014
2018,65.0049,Female,30.0,GRD2015
2019,66.7282,Female,30.0,GRD2016
2020,69.6801,Female,30.0,GRD2017
2021,71.8662,Female,30.0,GRD2018
2023,72.0892,Female,30.0,GRD2019
2012,26.5155,Female,32.0,GRD2020
2014,24.6835,Female,32.0,GRD2021
2015,24.9722,Female,32.0,GRD2022
2016,31.243,Female,32.0,GRD2023
2017,41.7063,Female,32.0,GRD2024
2012,40.4454,Female,92.0,GRD2025
2013,42.4794,Female,92.0,GRD2026
2014,44.0831,Female,92.0,GRD2027
2017,35.1969,Female,92.0,GRD2028
2018,39.2857,Female,92.0,GRD2029
2019,55.6368,Female,92.0,GRD2030
2020,54.6684,Female,92.0,GRD2031
2021,59.1106,Female,92.0,GRD2032
2022,52.8529,Female,92.0,GRD2033
2023,46.617,Female,92.0,GRD2034
2024,49.0636,Female,92.0,GRD2035
2013,27.9489,Female,99.0,GRD2036
2014,28.9473,Female,99.0,GRD2037
2015,41.9917,Female,99.0,GRD2038
2016,45.8353,Female,99.0,GRD2039
2018,41.5503,Female,99.0,GRD2040
2023,62.9479,Female,99.0,GRD2041
2001,19.0728,Female,95.0,GRD2042
2002,19.1094,Female,95.0,GRD2043
2003,20.7848,Female,95.0,GRD2044
2004,21.7475,Female,95.0,GRD2045
2005,25.4908,Female,95.0,GRD2046
2006,24.9137,Female,95.0,GRD2047
2007,25.1864,Female,95.0,GRD2048
2008,25.5549,Female,95.0,GRD2049
2009,23.2938,Female,95.0,GRD2050
2010,24.3793,Female,95.0,GRD2051
2013,24.3327,Female,95.0,GRD2052
2016,17.6721,Female,95.0,GRD2053
2022,34.5843,Female,95.0,GRD2054
2023,42.7223,Female,95.0,GRD2055
2000,0.401,Female,118.0,GRD2056
2001,0.605,Female,118.0,GRD2057
2002,0.8,Female,118.0,GRD2058
2003,0.6419,Female,118.0,GRD2059
2004,0.7879,Female,118.0,GRD2060
2014,1.0823,Female,118.0,GRD2061
2000,37.8054,Female,182.0,GRD2062
2001,40.5528,Female,182.0,GRD2063
2002,42.0614,Female,182.0,GRD2064
2003,42.8432,Female,182.0,GRD2065
2004,43.0766,Female,182.0,GRD2066
2005,43.6964,Female,182.0,GRD2067
2006,43.6531,Female,182.0,GRD2068
2007,42.9439,Female,182.0,GRD2069
2008,43.7136,Female,182.0,GRD2070
2009,45.905,Female,182.0,GRD2071
2010,47.7428,Female,182.0,GRD2072
2011,54.1303,Female,182.0,GRD2073
2012,51.1384,Female,182.0,GRD2074
2013,28.7572,Female,182.0,GRD2075
2014,59.585,Female,182.0,GRD2076
2015,56.0583,Female,182.0,GRD2077
2016,53.0464,Female,182.0,GRD2078
2017,53.3852,Female,182.0,GRD2079
2018,53.5007,Female,182.0,GRD2080
2020,55.3492,Female,182.0,GRD2081
2021,55.9609,Female,182.0,GRD2082
2022,52.0607,Female,182.0,GRD2083
2023,51.0662,Female,182.0,GRD2084
2000,11.9731,Female,153.0,GRD2085
2001,15.4136,Female,153.0,GRD2086
2002,40.4136,Female,153.0,GRD2087
2003,27.8571,Female,153.0,GRD2088
2004,30.0,Female,153.0,GRD2089
2005,42.2057,Female,153.0,GRD2090
2006,41.4286,Female,153.0,GRD2091
2007,40.2878,Female,153.0,GRD2092
2008,34.7653,Female,153.0,GRD2093
2009,36.1287,Female,153.0,GRD2094
2010,34.7579,Female,153.0,GRD2095
2011,35.1623,Female,153.0,GRD2096
2013,57.4203,Female,153.0,GRD2097
2014,60.2447,Female,153.0,GRD2098
2018,58.8817,Female,153.0,GRD2099
2019,56.5824,Female,153.0,GRD2100
2020,60.4146,Female,153.0,GRD2101
2021,62.602,Female,153.0,GRD2102
2022,58.9405,Female,153.0,GRD2103
2023,53.3689,Female,153.0,GRD2104
2000,0.4576,Female,64.0,GRD2105
2001,0.6939,Female,64.0,GRD2106
2002,0.7671,Female,64.0,GRD2107
2003,1.2486,Female,64.0,GRD2108
2004,2.0302,Female,64.0,GRD2109
2005,1.1463,Female,64.0,GRD2110
2006,0.6787,Female,64.0,GRD2111
2007,0.8706,Female,64.0,GRD2112
2008,1.424,Female,64.0,GRD2113
2010,2.2334,Female,64.0,GRD2114
2000,54.1257,Female,27.0,GRD2115
2001,61.6317,Female,27.0,GRD2116
2002,69.2823,Female,27.0,GRD2117
2003,70.8669,Female,27.0,GRD2118
2004,71.6598,Female,27.0,GRD2119
2006,72.3676,Female,27.0,GRD2120
2007,75.5044,Female,27.0,GRD2121
2009,58.9355,Female,27.0,GRD2122
2010,62.6464,Female,27.0,GRD2123
2011,66.1101,Female,27.0,GRD2124
2012,63.3036,Female,27.0,GRD2125
2013,62.1939,Female,27.0,GRD2126
2014,63.8211,Female,27.0,GRD2127
2015,67.021,Female,27.0,GRD2128
2016,66.9284,Female,27.0,GRD2129
2017,68.5144,Female,27.0,GRD2130
2018,71.57,Female,27.0,GRD2131
2019,73.6709,Female,27.0,GRD2132
2020,77.8389,Female,27.0,GRD2133
2021,80.2017,Female,27.0,GRD2134
2022,77.8393,Female,27.0,GRD2135
2023,84.889,Female,27.0,GRD2136
2000,41.3805,Female,179.0,GRD2137
2002,43.2394,Female,179.0,GRD2138
2003,46.2556,Female,179.0,GRD2139
2004,36.9803,Female,179.0,GRD2140
2005,40.399,Female,179.0,GRD2141
2006,39.8725,Female,179.0,GRD2142
2007,39.142,Female,179.0,GRD2143
2008,38.3261,Female,179.0,GRD2144
2009,39.9753,Female,179.0,GRD2145
2012,42.9497,Female,179.0,GRD2146
2013,47.0732,Female,179.0,GRD2147
2014,48.4927,Female,179.0,GRD2148
2015,52.7609,Female,179.0,GRD2149
2016,55.3971,Female,179.0,GRD2150
2018,53.6078,Female,179.0,GRD2151
2019,55.5071,Female,179.0,GRD2152
2020,58.5551,Female,179.0,GRD2153
2021,63.7185,Female,179.0,GRD2154
2022,61.2552,Female,179.0,GRD2155
2023,66.9952,Female,179.0,GRD2156
2000,40.8338,Female,189.0,GRD2157
2001,41.6674,Female,189.0,GRD2158
2002,42.7237,Female,189.0,GRD2159
2003,44.6391,Female,189.0,GRD2160
2004,44.2942,Female,189.0,GRD2161
2005,45.7285,Female,189.0,GRD2162
2006,45.5054,Female,189.0,GRD2163
2007,44.8652,Female,189.0,GRD2164
2008,47.078,Female,189.0,GRD2165
2009,45.9694,Female,189.0,GRD2166
2010,47.9747,Female,189.0,GRD2167
2011,50.2153,Female,189.0,GRD2168
2012,52.1004,Female,189.0,GRD2169
2013,52.7887,Female,189.0,GRD2170
2014,58.7162,Female,189.0,GRD2171
2019,58.3717,Female,189.0,GRD2172
2020,58.2624,Female,189.0,GRD2173
2021,63.3315,Female,189.0,GRD2174
2023,65.7105,Female,189.0,GRD2175
2008,60.2254,Female,163.0,GRD2176
2009,48.0675,Female,163.0,GRD2177
2010,25.2492,Female,163.0,GRD2178
2011,32.5754,Female,163.0,GRD2179
2012,24.42,Female,163.0,GRD2180
2014,33.3344,Female,163.0,GRD2181
2016,40.116,Female,163.0,GRD2182
2017,41.7294,Female,163.0,GRD2183
2018,55.0334,Female,163.0,GRD2184
2019,42.8468,Female,163.0,GRD2185
2020,43.9515,Female,163.0,GRD2186
2021,44.3335,Female,163.0,GRD2187
2022,50.9385,Female,163.0,GRD2188
2023,46.469,Female,163.0,GRD2189
2012,6.6577,Female,44.0,GRD2190
2013,7.5015,Female,44.0,GRD2191
2016,7.1136,Female,44.0,GRD2192
2017,7.1755,Female,44.0,GRD2193
2018,8.908,Female,44.0,GRD2194
2019,7.9402,Female,44.0,GRD2195
2020,7.7804,Female,44.0,GRD2196
2021,8.7227,Female,44.0,GRD2197
2022,11.8355,Female,44.0,GRD2198
2023,14.9986,Female,44.0,GRD2199
2014,4.7493,Female,167.0,GRD2200
2017,3.0908,Female,167.0,GRD2201
2022,2.9061,Female,167.0,GRD2202
2011,0.1376,Female,53.0,GRD2203
2012,0.0496,Female,53.0,GRD2204
2004,23.5211,Female,135.0,GRD2205
2005,30.0666,Female,135.0,GRD2206
2006,30.7822,Female,135.0,GRD2207
2007,28.9792,Female,135.0,GRD2208
2008,35.0329,Female,135.0,GRD2209
2010,34.2446,Female,135.0,GRD2210
2011,33.401,Female,135.0,GRD2211
2012,33.787,Female,135.0,GRD2212
2017,53.3279,Female,135.0,GRD2213
2018,53.3244,Female,135.0,GRD2214
2019,52.3519,Female,135.0,GRD2215
2020,51.3878,Female,135.0,GRD2216
2021,61.8257,Female,135.0,GRD2217
2022,68.8753,Female,135.0,GRD2218
2015,65.5244,Female,70.0,GRD2219
2016,66.1325,Female,70.0,GRD2220
2002,1.6248,Female,68.0,GRD2221
2007,1.3975,Female,68.0,GRD2222
2014,4.9767,Female,68.0,GRD2223
2015,5.1487,Female,68.0,GRD2224
2004,8.1853,Female,201.0,GRD2225
2005,6.1952,Female,201.0,GRD2226
2006,8.3268,Female,201.0,GRD2227
2007,5.1607,Female,201.0,GRD2228
2008,6.1334,Female,201.0,GRD2229
2009,3.8425,Female,201.0,GRD2230
2010,3.3938,Female,201.0,GRD2231
2011,4.3231,Female,201.0,GRD2232
2012,3.3179,Female,201.0,GRD2233
2003,19.0485,Female,116.0,GRD2234
2004,20.7824,Female,116.0,GRD2235
2005,19.6184,Female,116.0,GRD2236
2006,20.0569,Female,116.0,GRD2237
2000,3.0429,Female,54.0,GRD2238
2003,3.5266,Female,54.0,GRD2239
2012,11.792,Female,54.0,GRD2240
2013,11.1802,Female,54.0,GRD2241
2014,12.7021,Female,54.0,GRD2242
2015,11.8793,Female,54.0,GRD2243
2016,13.1784,Female,54.0,GRD2244
2017,12.5704,Female,54.0,GRD2245
2018,12.7772,Female,54.0,GRD2246
2019,13.7186,Female,54.0,GRD2247
2001,19.1168,Female,85.0,GRD2248
2002,17.7875,Female,85.0,GRD2249
2003,19.8678,Female,85.0,GRD2250
2005,20.5003,Female,85.0,GRD2251
2006,22.7852,Female,85.0,GRD2252
2007,23.2557,Female,85.0,GRD2253
2008,32.4573,Female,85.0,GRD2254
2009,44.025,Female,85.0,GRD2255
2010,52.6834,Female,85.0,GRD2256
2011,58.5513,Female,85.0,GRD2257
2014,52.6418,Female,85.0,GRD2258
2015,58.4861,Female,85.0,GRD2259
2016,54.5923,Female,85.0,GRD2260
2017,54.9965,Female,85.0,GRD2261
2018,58.117,Female,85.0,GRD2262
2019,55.227,Female,85.0,GRD2263
2020,57.499,Female,85.0,GRD2264
2022,58.778,Female,85.0,GRD2265
2005,55.5991,Female,202.0,GRD2266
2006,56.1837,Female,202.0,GRD2267
2007,52.827,Female,202.0,GRD2268
2008,48.7122,Female,202.0,GRD2269
2009,52.3014,Female,202.0,GRD2270
2010,49.6733,Female,202.0,GRD2271
2011,40.7996,Female,202.0,GRD2272
2012,38.8669,Female,202.0,GRD2273
2013,36.865,Female,202.0,GRD2274
2014,38.0732,Female,202.0,GRD2275
2015,41.0401,Female,202.0,GRD2276
2016,40.2799,Female,202.0,GRD2277
2017,35.6697,Female,202.0,GRD2278
2018,37.3712,Female,202.0,GRD2279
2019,37.2068,Female,202.0,GRD2280
2020,169.2503,Female,202.0,GRD2281
2021,51.1431,Female,202.0,GRD2282
2022,37.6385,Female,202.0,GRD2283
2023,54.333,Female,202.0,GRD2284
2000,5.5915,Female,196.0,GRD2285
2001,6.3103,Female,196.0,GRD2286
2002,7.191,Female,196.0,GRD2287
2003,7.8473,Female,196.0,GRD2288
2004,7.6998,Female,196.0,GRD2289
2012,13.9678,Female,196.0,GRD2290
2015,22.559,Female,196.0,GRD2291
2016,24.0998,Female,196.0,GRD2292
2017,25.4543,Female,196.0,GRD2293
2018,25.2724,Female,196.0,GRD2294
2022,40.2359,Female,196.0,GRD2295
2023,36.4839,Female,196.0,GRD2296
2013,32.6195,Female,186.0,GRD2297
2014,28.2178,Female,186.0,GRD2298
2015,30.7158,Female,186.0,GRD2299
2016,29.4168,Female,186.0,GRD2300
2017,30.3778,Female,186.0,GRD2301
2018,30.6369,Female,186.0,GRD2302
2019,31.4612,Female,186.0,GRD2303
2020,34.0903,Female,186.0,GRD2304
2021,26.5685,Female,186.0,GRD2305
2022,29.3558,Female,186.0,GRD2306
2023,29.9431,Female,186.0,GRD2307
2000,36.6187,Female,24.0,GRD2308
2001,36.1627,Female,24.0,GRD2309
2002,38.6209,Female,24.0,GRD2310
2003,43.168,Female,24.0,GRD2311
2004,44.099,Female,24.0,GRD2312
2005,45.4625,Female,24.0,GRD2313
2006,49.9309,Female,24.0,GRD2314
2007,47.8707,Female,24.0,GRD2315
2008,45.9799,Female,24.0,GRD2316
2009,44.6965,Female,24.0,GRD2317
2010,46.5421,Female,24.0,GRD2318
2004,10.0225,Female,103.0,GRD2319
2005,11.2828,Female,103.0,GRD2320
2006,11.9524,Female,103.0,GRD2321
2007,10.7702,Female,103.0,GRD2322
2009,16.8577,Female,103.0,GRD2323
2010,18.588,Female,103.0,GRD2324
2011,17.2705,Female,103.0,GRD2325
2012,17.1171,Female,103.0,GRD2326
2013,26.5877,Female,103.0,GRD2327
2014,24.5459,Female,103.0,GRD2328
2015,28.7294,Female,103.0,GRD2329
2016,31.4177,Female,103.0,GRD2330
2017,32.2838,Female,103.0,GRD2331
2018,31.8237,Female,103.0,GRD2332
2019,26.025,Female,103.0,GRD2333
2020,24.7635,Female,103.0,GRD2334
2004,8.6234,Female,137.0,GRD2335
2000,47.4585,Female,106.0,GRD2336
2001,52.4963,Female,106.0,GRD2337
2002,53.1549,Female,106.0,GRD2338
2003,58.8443,Female,106.0,GRD2339
2004,70.058,Female,106.0,GRD2340
2005,80.6436,Female,106.0,GRD2341
2006,89.8605,Female,106.0,GRD2342
2007,88.0145,Female,106.0,GRD2343
2008,82.2053,Female,106.0,GRD2344
2009,73.7582,Female,106.0,GRD2345
2010,91.4815,Female,106.0,GRD2346
2012,77.5493,Female,106.0,GRD2347
2018,61.4042,Female,106.0,GRD2348
2019,58.1861,Female,106.0,GRD2349
2020,58.7223,Female,106.0,GRD2350
2021,69.3846,Female,106.0,GRD2351
2022,70.6135,Female,106.0,GRD2352
2023,69.0167,Female,106.0,GRD2353
2000,35.5235,Female,74.0,GRD2354
2001,35.5737,Female,74.0,GRD2355
2002,36.8571,Female,74.0,GRD2356
2003,37.7696,Female,74.0,GRD2357
2004,39.5575,Female,74.0,GRD2358
2005,40.1695,Female,74.0,GRD2359
2006,40.2612,Female,74.0,GRD2360
2007,41.9845,Female,74.0,GRD2361
2008,41.3311,Female,74.0,GRD2362
2009,40.9337,Female,74.0,GRD2363
2010,43.8175,Female,74.0,GRD2364
2011,39.7216,Female,74.0,GRD2365
2012,48.3832,Female,74.0,GRD2366
2013,48.8851,Female,74.0,GRD2367
2014,51.3055,Female,74.0,GRD2368
2020,47.9889,Female,74.0,GRD2369
2021,48.4742,Female,74.0,GRD2370
2022,50.6327,Female,74.0,GRD2371
2023,47.4095,Female,74.0,GRD2372
2000,24.6017,Female,3.0,GRD2373
2001,27.9732,Female,3.0,GRD2374
2002,34.1908,Female,3.0,GRD2375
2003,40.9897,Female,3.0,GRD2376
2004,48.471,Female,3.0,GRD2377
2005,53.4194,Female,3.0,GRD2378
2006,52.6921,Female,3.0,GRD2379
2007,49.6603,Female,3.0,GRD2380
2008,45.1449,Female,3.0,GRD2381
2009,44.4555,Female,3.0,GRD2382
2010,42.7288,Female,3.0,GRD2383
2011,42.2663,Female,3.0,GRD2384
2012,42.3583,Female,3.0,GRD2385
2013,43.5212,Female,3.0,GRD2386
2014,44.6414,Female,3.0,GRD2387
2015,41.874,Female,3.0,GRD2388
2016,45.268,Female,3.0,GRD2389
2018,49.4387,Female,3.0,GRD2390
2019,50.5113,Female,3.0,GRD2391
2020,51.0271,Female,3.0,GRD2392
2021,54.4878,Female,3.0,GRD2393
2022,52.7728,Female,3.0,GRD2394
2023,54.5193,Female,3.0,GRD2395
2002,25.1836,Female,115.0,GRD2396
2003,27.0707,Female,115.0,GRD2397
2004,27.8557,Female,115.0,GRD2398
2005,33.1305,Female,115.0,GRD2399
2006,38.0058,Female,115.0,GRD2400
2007,39.9038,Female,115.0,GRD2401
2009,46.4776,Female,115.0,GRD2402
2011,49.4029,Female,115.0,GRD2403
2024,38.5663,Female,115.0,GRD2404
2013,42.7224,Female,42.0,GRD2405
2014,44.038,Female,42.0,GRD2406
2015,43.8113,Female,42.0,GRD2407
2016,45.3423,Female,42.0,GRD2408
2017,44.8636,Female,42.0,GRD2409
2018,44.0736,Female,42.0,GRD2410
2019,45.2431,Female,42.0,GRD2411
2020,44.6992,Female,42.0,GRD2412
2021,45.7684,Female,42.0,GRD2413
2022,47.3314,Female,42.0,GRD2414
2023,46.8514,Female,42.0,GRD2415
2000,22.6347,Female,104.0,GRD2416
2001,25.0265,Female,104.0,GRD2417
2002,29.4402,Female,104.0,GRD2418
2003,32.5491,Female,104.0,GRD2419
2004,27.1941,Female,104.0,GRD2420
2005,48.6627,Female,104.0,GRD2421
2006,59.3269,Female,104.0,GRD2422
2009,66.0248,Female,104.0,GRD2423
2014,63.916,Female,104.0,GRD2424
2015,75.7606,Female,104.0,GRD2425
2016,58.7332,Female,104.0,GRD2426
2017,56.9027,Female,104.0,GRD2427
2018,54.9126,Female,104.0,GRD2428
2019,59.0343,Female,104.0,GRD2429
2020,68.4884,Female,104.0,GRD2430
2024,74.9718,Female,104.0,GRD2431
2000,1.2735,Female,123.0,GRD2432
2001,1.8628,Female,123.0,GRD2433
2001,19.419,Female,78.0,GRD2434
2002,25.9529,Female,78.0,GRD2435
2003,30.6458,Female,78.0,GRD2436
2004,33.7127,Female,78.0,GRD2437
2005,35.9803,Female,78.0,GRD2438
2006,33.8549,Female,78.0,GRD2439
2007,30.7421,Female,78.0,GRD2440
2008,26.5549,Female,78.0,GRD2441
2009,33.6387,Female,78.0,GRD2442
2010,35.5358,Female,78.0,GRD2443
2011,34.669,Female,78.0,GRD2444
2012,39.5842,Female,78.0,GRD2445
2013,38.6778,Female,78.0,GRD2446
2014,39.001,Female,78.0,GRD2447
2015,34.8518,Female,78.0,GRD2448
2016,38.3327,Female,78.0,GRD2449
2017,49.9366,Female,78.0,GRD2450
2018,24.0524,Female,78.0,GRD2451
2019,30.3824,Female,78.0,GRD2452
2020,31.573,Female,78.0,GRD2453
2021,34.2416,Female,78.0,GRD2454
2022,34.1577,Female,78.0,GRD2455
2023,32.4908,Female,78.0,GRD2456
2024,34.4567,Female,78.0,GRD2457
2000,0.569,Female,211.0,GRD2458
2001,0.7425,Female,211.0,GRD2459
2002,0.6464,Female,211.0,GRD2460
2004,1.7324,Female,211.0,GRD2461
2007,3.1287,Female,211.0,GRD2462
2020,52.7892,Female,199.0,GRD2463
2000,15.3653,Female,51.0,GRD2464
2001,17.8861,Female,51.0,GRD2465
2002,19.0715,Female,51.0,GRD2466
2003,20.9254,Female,51.0,GRD2467
2004,22.485,Female,51.0,GRD2468
2005,23.7043,Female,51.0,GRD2469
2006,27.0666,Female,51.0,GRD2470
2007,27.8476,Female,51.0,GRD2471
2008,26.9279,Female,51.0,GRD2472
2009,29.0111,Female,51.0,GRD2473
2010,28.755,Female,51.0,GRD2474
2011,30.7414,Female,51.0,GRD2475
2000,3.5936,Female,88.0,GRD2476
2005,4.6794,Female,171.0,GRD2477
2003,6.5789,Female,160.0,GRD2478
2004,5.4187,Female,160.0,GRD2479
2005,8.0,Female,160.0,GRD2480
2006,14.5455,Female,160.0,GRD2481
2007,20.7373,Female,160.0,GRD2482
2008,24.8826,Female,160.0,GRD2483
2009,21.327,Female,160.0,GRD2484
2010,22.6852,Female,160.0,GRD2485
2011,23.0047,Female,160.0,GRD2486
2012,16.7464,Female,160.0,GRD2487
2014,21.8182,Female,160.0,GRD2488
2015,17.3333,Female,160.0,GRD2489
2018,13.8528,Female,160.0,GRD2490
2019,11.3636,Female,160.0,GRD2491
2020,0.8621,Female,160.0,GRD2492
2010,7.7313,Female,14.0,GRD2493
2011,8.6789,Female,14.0,GRD2494
2013,8.5948,Female,14.0,GRD2495
2014,12.3534,Female,14.0,GRD2496
2015,13.2768,Female,14.0,GRD2497
2016,14.0195,Female,14.0,GRD2498
2017,11.7003,Female,14.0,GRD2499
2018,13.5223,Female,14.0,GRD2500
2019,12.7078,Female,14.0,GRD2501
2020,14.1188,Female,14.0,GRD2502
2021,16.1093,Female,14.0,GRD2503
2022,17.1742,Female,14.0,GRD2504
2023,16.1839,Female,14.0,GRD2505
2012,3.1039,Female,128.0,GRD2506
2013,3.4133,Female,128.0,GRD2507
2014,4.1736,Female,128.0,GRD2508
2018,4.8905,Female,128.0,GRD2509
2000,25.9544,Female,21.0,GRD2510
2001,31.304,Female,21.0,GRD2511
2002,34.862,Female,21.0,GRD2512
2003,43.3771,Female,21.0,GRD2513
2004,47.4096,Female,21.0,GRD2514
2005,56.6037,Female,21.0,GRD2515
2006,65.9812,Female,21.0,GRD2516
2007,65.0188,Female,21.0,GRD2517
2008,62.901,Female,21.0,GRD2518
2009,64.1991,Female,21.0,GRD2519
2010,62.4346,Female,21.0,GRD2520
2011,64.1873,Female,21.0,GRD2521
2012,69.1297,Female,21.0,GRD2522
2013,96.8172,Female,21.0,GRD2523
2014,79.2016,Female,21.0,GRD2524
2015,75.039,Female,21.0,GRD2525
2016,67.555,Female,21.0,GRD2526
2017,62.8227,Female,21.0,GRD2527
2018,67.6798,Female,21.0,GRD2528
2019,71.4322,Female,21.0,GRD2529
2020,70.8857,Female,21.0,GRD2530
2021,70.7175,Female,21.0,GRD2531
2022,72.1633,Female,21.0,GRD2532
2023,69.5714,Female,21.0,GRD2533
2008,6.0241,Female,37.0,GRD2534
2012,12.7666,Female,37.0,GRD2535
2013,11.0969,Female,37.0,GRD2536
2014,10.7065,Female,37.0,GRD2537
2015,10.0236,Female,37.0,GRD2538
2018,9.8343,Female,37.0,GRD2539
2019,9.6572,Female,37.0,GRD2540
2020,10.3293,Female,37.0,GRD2541
2021,9.9384,Female,37.0,GRD2542
2022,10.5795,Female,37.0,GRD2543
2023,11.0203,Female,37.0,GRD2544
2000,55.4177,Female,52.0,GRD2545
2001,65.1701,Female,52.0,GRD2546
2002,74.3736,Female,52.0,GRD2547
2003,40.6208,Female,52.0,GRD2548
2004,59.7444,Female,52.0,GRD2549
2005,65.9515,Female,52.0,GRD2550
2006,67.3099,Female,52.0,GRD2551
2007,64.7135,Female,52.0,GRD2552
2008,52.4925,Female,52.0,GRD2553
2009,58.5394,Female,52.0,GRD2554
2010,66.1912,Female,52.0,GRD2555
2011,61.8933,Female,52.0,GRD2556
2012,60.3788,Female,52.0,GRD2557
2013,61.8032,Female,52.0,GRD2558
2014,43.4532,Female,52.0,GRD2559
2015,44.876,Female,52.0,GRD2560
2016,49.3393,Female,52.0,GRD2561
2017,51.1077,Female,52.0,GRD2562
2018,59.4853,Female,52.0,GRD2563
2019,62.5902,Female,52.0,GRD2564
2020,61.1654,Female,52.0,GRD2565
2021,64.522,Female,52.0,GRD2566
2022,57.0144,Female,52.0,GRD2567
2023,55.6644,Female,52.0,GRD2568
2001,4.4349,Female,142.0,GRD2569
2006,4.2786,Female,142.0,GRD2570
2015,12.2283,Female,142.0,GRD2571
2016,14.5647,Female,142.0,GRD2572
2017,16.7006,Female,142.0,GRD2573
2019,18.1285,Female,142.0,GRD2574
2020,19.5048,Female,142.0,GRD2575
2021,20.6555,Female,142.0,GRD2576
2022,25.3574,Female,142.0,GRD2577
2023,26.4414,Female,142.0,GRD2578
2024,26.559,Female,142.0,GRD2579
2016,58.0,Female,174.0,GRD2580
2024,280.814,Female,174.0,GRD2581
2014,46.714,Female,33.0,GRD2582
2015,48.916,Female,33.0,GRD2583
2016,53.1566,Female,33.0,GRD2584
2017,48.6423,Female,33.0,GRD2585
2018,50.5466,Female,33.0,GRD2586
2019,49.7561,Female,33.0,GRD2587
2020,52.4919,Female,33.0,GRD2588
2001,1.0024,Female,61.0,GRD2589
2002,0.8575,Female,61.0,GRD2590
2003,0.8487,Female,61.0,GRD2591
2004,1.1736,Female,61.0,GRD2592
2005,1.2826,Female,61.0,GRD2593
2006,1.3915,Female,61.0,GRD2594
2007,1.414,Female,61.0,GRD2595
2008,1.3253,Female,61.0,GRD2596
2009,1.3099,Female,61.0,GRD2597
2010,1.1831,Female,61.0,GRD2598
2013,2.5684,Female,61.0,GRD2599
2014,1.6897,Female,61.0,GRD2600
2015,2.1259,Female,61.0,GRD2601
2016,3.2155,Female,61.0,GRD2602
2017,3.6931,Female,61.0,GRD2603
2018,3.7909,Female,61.0,GRD2604
2019,3.7452,Female,61.0,GRD2605
2020,3.998,Female,61.0,GRD2606
2022,4.0847,Female,61.0,GRD2607
2023,4.1151,Female,61.0,GRD2608
2001,16.3007,Female,203.0,GRD2609
2003,15.5887,Female,203.0,GRD2610
2005,17.8581,Female,203.0,GRD2611
2006,18.9968,Female,203.0,GRD2612
2007,19.0122,Female,203.0,GRD2613
2008,18.5792,Female,203.0,GRD2614
2009,19.6737,Female,203.0,GRD2615
2010,20.0545,Female,203.0,GRD2616
2011,21.0826,Female,203.0,GRD2617
2013,22.811,Female,203.0,GRD2618
2014,23.2416,Female,203.0,GRD2619
2015,24.2056,Female,203.0,GRD2620
2016,28.9298,Female,203.0,GRD2621
2017,30.0431,Female,203.0,GRD2622
2021,35.9971,Female,203.0,GRD2623
2019,3.6036,Female,120.0,GRD2624
2000,12.6585,Female,150.0,GRD2625
2001,12.9226,Female,150.0,GRD2626
2002,13.0166,Female,150.0,GRD2627
2003,16.7485,Female,150.0,GRD2628
2004,19.4199,Female,150.0,GRD2629
2005,21.3655,Female,150.0,GRD2630
2006,23.4079,Female,150.0,GRD2631
2007,30.388,Female,150.0,GRD2632
2008,37.3389,Female,150.0,GRD2633
2009,34.8755,Female,150.0,GRD2634
2010,33.1746,Female,150.0,GRD2635
2011,32.7466,Female,150.0,GRD2636
2012,34.8213,Female,150.0,GRD2637
2013,35.0404,Female,150.0,GRD2638
2014,35.4839,Female,150.0,GRD2639
2015,31.9616,Female,150.0,GRD2640
2017,33.1008,Female,150.0,GRD2641
2018,32.5225,Female,150.0,GRD2642
2020,30.6506,Female,150.0,GRD2643
2021,34.7763,Female,150.0,GRD2644
2022,39.5844,Female,150.0,GRD2645
2000,17.3834,Female,82.0,GRD2646
2001,20.9514,Female,82.0,GRD2647
2002,22.0725,Female,82.0,GRD2648
2003,29.287,Female,82.0,GRD2649
2004,25.9749,Female,82.0,GRD2650
2006,42.775,Female,82.0,GRD2651
2009,47.1752,Female,82.0,GRD2652
2010,42.5197,Female,82.0,GRD2653
2011,37.9565,Female,82.0,GRD2654
2012,40.5319,Female,82.0,GRD2655
2013,40.4307,Female,82.0,GRD2656
2014,39.4874,Female,82.0,GRD2657
2015,38.9202,Female,82.0,GRD2658
2016,43.4751,Female,82.0,GRD2659
2017,49.1437,Female,82.0,GRD2660
2019,54.6548,Female,82.0,GRD2661
2020,49.7217,Female,82.0,GRD2662
2021,67.756,Female,82.0,GRD2663
2022,62.9277,Female,82.0,GRD2664
2023,68.0521,Female,82.0,GRD2665
2007,14.5196,Female,113.0,GRD2666
2011,17.3114,Female,113.0,GRD2667
2017,45.0603,Female,62.0,GRD2668
2019,43.5228,Female,62.0,GRD2669
2021,43.1362,Female,62.0,GRD2670
2000,23.4297,Female,65.0,GRD2671
2001,33.9209,Female,65.0,GRD2672
2002,43.5369,Female,65.0,GRD2673
2003,40.0969,Female,65.0,GRD2674
2004,46.3484,Female,65.0,GRD2675
2005,47.1521,Female,65.0,GRD2676
2006,49.2025,Female,65.0,GRD2677
2007,52.6659,Female,65.0,GRD2678
2008,58.0162,Female,65.0,GRD2679
2009,58.5472,Female,65.0,GRD2680
2010,59.1899,Female,65.0,GRD2681
2011,63.616,Female,65.0,GRD2682
2012,69.6539,Female,65.0,GRD2683
2017,74.8788,Female,65.0,GRD2684
2018,62.3101,Female,65.0,GRD2685
2019,47.5634,Female,65.0,GRD2686
2022,73.5199,Female,65.0,GRD2687
2023,78.6152,Female,65.0,GRD2688
2009,1.6744,Female,178.0,GRD2689
2010,0.1985,Female,178.0,GRD2690
2018,4.1194,Female,178.0,GRD2691
2015,2.8738,Female,55.0,GRD2692
2016,2.4381,Female,55.0,GRD2693
2017,2.1713,Female,55.0,GRD2694
2019,2.277,Female,55.0,GRD2695
2017,33.9035,Female,9.0,GRD2696
2007,0.318,Female,96.0,GRD2697
2021,22.2843,Female,212.0,GRD2698
2022,20.6528,Female,212.0,GRD2699
2023,20.1941,Female,212.0,GRD2700
2001,7.9883,Female,36.0,GRD2701
2003,4.617,Female,36.0,GRD2702
2005,6.1146,Female,36.0,GRD2703
2006,4.9871,Female,36.0,GRD2704
2008,8.7711,Female,36.0,GRD2705
2014,9.0849,Female,36.0,GRD2706
2015,11.0846,Female,36.0,GRD2707
2016,14.421,Female,36.0,GRD2708
2017,16.2418,Female,36.0,GRD2709
2018,16.3857,Female,36.0,GRD2710
2019,20.7322,Female,36.0,GRD2711
2020,23.8626,Female,36.0,GRD2712
2022,18.8702,Female,36.0,GRD2713
2001,0.1205,Female,112.0,GRD2714
2010,0.4938,Female,112.0,GRD2715
2016,2.1032,Female,112.0,GRD2716
2017,2.5975,Female,112.0,GRD2717
2018,3.4278,Female,112.0,GRD2718
2019,2.6222,Female,112.0,GRD2719
2002,3.6479,Female,105.0,GRD2720
2000,40.2658,Female,87.0,GRD2721
2001,40.7911,Female,87.0,GRD2722
2002,43.5038,Female,87.0,GRD2723
2003,47.62,Female,87.0,GRD2724
2004,48.6433,Female,87.0,GRD2725
2005,54.2676,Female,87.0,GRD2726
2006,56.4327,Female,87.0,GRD2727
2007,54.4747,Female,87.0,GRD2728
2008,51.8664,Female,87.0,GRD2729
2009,51.0245,Female,87.0,GRD2730
2010,51.4771,Female,87.0,GRD2731
2011,52.4415,Female,87.0,GRD2732
2012,56.0395,Female,87.0,GRD2733
2013,50.329,Female,87.0,GRD2734
2014,51.0784,Female,87.0,GRD2735
2015,53.3028,Female,87.0,GRD2736
2016,53.42,Female,87.0,GRD2737
2017,56.4656,Female,87.0,GRD2738
2018,57.4075,Female,87.0,GRD2739
2019,55.3019,Female,87.0,GRD2740
2020,54.077,Female,87.0,GRD2741
2021,58.4196,Female,87.0,GRD2742
2022,53.9318,Female,87.0,GRD2743
2023,57.3964,Female,87.0,GRD2744
2000,51.6616,Female,69.0,GRD2745
2001,55.8965,Female,69.0,GRD2746
2002,52.7524,Female,69.0,GRD2747
2003,54.2391,Female,69.0,GRD2748
2004,59.1493,Female,69.0,GRD2749
2005,59.7609,Female,69.0,GRD2750
2006,62.5381,Female,69.0,GRD2751
2007,62.3659,Female,69.0,GRD2752
2008,61.1339,Female,69.0,GRD2753
2009,59.6091,Female,69.0,GRD2754
2010,60.5779,Female,69.0,GRD2755
2011,60.7086,Female,69.0,GRD2756
2012,58.1634,Female,69.0,GRD2757
2013,58.6705,Female,69.0,GRD2758
2014,62.3617,Female,69.0,GRD2759
2015,65.0648,Female,69.0,GRD2760
2016,65.8432,Female,69.0,GRD2761
2017,70.567,Female,69.0,GRD2762
2018,73.5298,Female,69.0,GRD2763
2019,73.4324,Female,69.0,GRD2764
2020,75.2203,Female,69.0,GRD2765
2021,75.532,Female,69.0,GRD2766
2022,76.9388,Female,69.0,GRD2767
2023,77.2006,Female,69.0,GRD2768
2013,9.1705,Female,208.0,GRD2769
2005,57.137,Female,76.0,GRD2770
2013,67.181,Female,76.0,GRD2771
2014,65.9799,Female,76.0,GRD2772
2015,68.0868,Female,76.0,GRD2773
2016,67.1885,Female,76.0,GRD2774
2017,67.2631,Female,76.0,GRD2775
2018,55.6791,Female,76.0,GRD2776
2019,66.0837,Female,76.0,GRD2777
2020,53.9552,Female,76.0,GRD2778
2021,52.9355,Female,76.0,GRD2779
2022,53.3227,Female,76.0,GRD2780
2023,55.2626,Female,76.0,GRD2781
2007,13.0755,Female,146.0,GRD2782
2009,12.0392,Female,146.0,GRD2783
2010,22.5279,Female,146.0,GRD2784
2013,19.4364,Female,146.0,GRD2785
2014,22.7209,Female,146.0,GRD2786
2015,24.3456,Female,146.0,GRD2787
2016,29.8811,Female,146.0,GRD2788
2017,37.4468,Female,146.0,GRD2789
2018,37.6703,Female,146.0,GRD2790
2019,37.761,Female,146.0,GRD2791
2020,36.8935,Female,146.0,GRD2792
2021,45.9634,Female,146.0,GRD2793
2002,30.9341,Female,155.0,GRD2794
2003,20.3602,Female,155.0,GRD2795
2004,34.4389,Female,155.0,GRD2796
2005,30.0262,Female,155.0,GRD2797
2006,32.7772,Female,155.0,GRD2798
2007,28.4448,Female,155.0,GRD2799
2008,30.0284,Female,155.0,GRD2800
2009,30.574,Female,155.0,GRD2801
2010,29.9814,Female,155.0,GRD2802
2012,30.5469,Female,155.0,GRD2803
2013,31.5154,Female,155.0,GRD2804
2014,33.6617,Female,155.0,GRD2805
2015,32.2721,Female,155.0,GRD2806
2016,34.3703,Female,155.0,GRD2807
2020,19.2038,Female,155.0,GRD2808
2001,22.6595,Female,200.0,GRD2809
2002,23.5127,Female,200.0,GRD2810
2004,23.5915,Female,200.0,GRD2811
2005,22.6849,Female,200.0,GRD2812
2006,23.6308,Female,200.0,GRD2813
2001,51.3674,Female,114.0,GRD2814
2002,54.0515,Female,114.0,GRD2815
2003,56.14,Female,114.0,GRD2816
2004,56.0619,Female,114.0,GRD2817
2005,55.7915,Female,114.0,GRD2818
2006,54.0838,Female,114.0,GRD2819
2007,58.628,Female,114.0,GRD2820
2008,63.3254,Female,114.0,GRD2821
2009,69.0704,Female,114.0,GRD2822
2010,81.356,Female,114.0,GRD2823
2011,83.5101,Female,114.0,GRD2824
2012,75.6077,Female,114.0,GRD2825
2013,67.8848,Female,114.0,GRD2826
2014,62.9198,Female,114.0,GRD2827
2015,61.2133,Female,114.0,GRD2828
2017,60.3465,Female,114.0,GRD2829
2018,56.837,Female,114.0,GRD2830
2019,55.8813,Female,114.0,GRD2831
2020,55.7338,Female,114.0,GRD2832
2021,61.0689,Female,114.0,GRD2833
2022,61.6643,Female,114.0,GRD2834
2023,61.653,Female,114.0,GRD2835
2004,48.1076,Female,139.0,GRD2836
2005,50.3535,Female,139.0,GRD2837
2006,51.6484,Female,139.0,GRD2838
2007,64.4014,Female,139.0,GRD2839
2008,66.033,Female,139.0,GRD2840
2009,56.698,Female,139.0,GRD2841
2010,56.4855,Female,139.0,GRD2842
2011,53.7739,Female,139.0,GRD2843
2012,52.6134,Female,139.0,GRD2844
2013,60.1503,Female,139.0,GRD2845
2014,57.3367,Female,139.0,GRD2846
2015,58.6861,Female,139.0,GRD2847
2016,60.9668,Female,139.0,GRD2848
2017,61.8988,Female,139.0,GRD2849
2019,62.0872,Female,139.0,GRD2850
2020,65.9617,Female,139.0,GRD2851
2021,67.3559,Female,139.0,GRD2852
2022,61.8066,Female,139.0,GRD2853
2023,69.4168,Female,139.0,GRD2854
2000,13.1637,Female,145.0,GRD2855
2001,15.1919,Female,145.0,GRD2856
2003,16.4293,Female,145.0,GRD2857
2004,16.4925,Female,145.0,GRD2858
2007,27.0574,Female,145.0,GRD2859
2008,30.4308,Female,145.0,GRD2860
2009,32.452,Female,145.0,GRD2861
2010,34.0189,Female,145.0,GRD2862
2011,34.8924,Female,145.0,GRD2863
2012,36.693,Female,145.0,GRD2864
2013,36.3565,Female,145.0,GRD2865
2014,37.7459,Female,145.0,GRD2866
2015,39.1183,Female,145.0,GRD2867
2016,43.7842,Female,145.0,GRD2868
2017,44.6915,Female,145.0,GRD2869
2018,48.1206,Female,145.0,GRD2870
2019,43.7558,Female,145.0,GRD2871
2020,45.1572,Female,145.0,GRD2872
2021,43.0103,Female,145.0,GRD2873
2022,48.5132,Female,145.0,GRD2874
2023,46.1134,Female,145.0,GRD2875
2001,29.1002,Female,164.0,GRD2876
2002,25.0547,Female,164.0,GRD2877
2003,24.2158,Female,164.0,GRD2878
2007,16.3646,Female,164.0,GRD2879
2008,16.8164,Female,164.0,GRD2880
2010,12.8368,Female,164.0,GRD2881
2011,14.2216,Female,164.0,GRD2882
2012,14.5016,Female,164.0,GRD2883
2013,16.0358,Female,164.0,GRD2884
2014,17.2473,Female,164.0,GRD2885
2015,14.488,Female,164.0,GRD2886
2016,20.9076,Female,164.0,GRD2887
2017,29.0595,Female,164.0,GRD2888
2018,30.7402,Female,164.0,GRD2889
2019,31.9827,Female,164.0,GRD2890
2020,32.5725,Female,164.0,GRD2891
2021,37.0204,Female,164.0,GRD2892
2022,46.6476,Female,164.0,GRD2893
2000,16.4009,Female,205.0,GRD2894
2001,18.4149,Female,205.0,GRD2895
2002,25.0453,Female,205.0,GRD2896
2003,28.8869,Female,205.0,GRD2897
2004,32.9835,Female,205.0,GRD2898
2005,33.6449,Female,205.0,GRD2899
2006,37.0203,Female,205.0,GRD2900
2007,43.8814,Female,205.0,GRD2901
2008,101.2171,Female,205.0,GRD2902
2009,89.553,Female,205.0,GRD2903
2010,83.9147,Female,205.0,GRD2904
2011,73.5795,Female,205.0,GRD2905
2013,50.7122,Female,205.0,GRD2906
2014,48.7195,Female,205.0,GRD2907
2015,46.8368,Female,205.0,GRD2908
2016,45.6446,Female,205.0,GRD2909
2019,49.8116,Female,205.0,GRD2910
2020,50.9281,Female,205.0,GRD2911
2021,50.3288,Female,205.0,GRD2912
2022,51.4287,Female,205.0,GRD2913
2023,52.1291,Female,205.0,GRD2914
2004,1.1232,Female,173.0,GRD2915
2013,1.9618,Female,173.0,GRD2916
2017,8.0404,Female,173.0,GRD2917
2018,7.0755,Female,173.0,GRD2918
2019,5.7362,Female,173.0,GRD2919
2020,6.2087,Female,173.0,GRD2920
2022,6.0981,Female,173.0,GRD2921
2023,6.5631,Female,173.0,GRD2922
2024,7.0643,Female,173.0,GRD2923
2000,19.7346,Female,73.0,GRD2924
2001,20.4787,Female,73.0,GRD2925
2002,24.1057,Female,73.0,GRD2926
2003,24.0144,Female,73.0,GRD2927
2004,23.6952,Female,73.0,GRD2928
2005,23.1857,Female,73.0,GRD2929
2006,25.7063,Female,73.0,GRD2930
2007,26.4241,Female,73.0,GRD2931
2008,27.1272,Female,73.0,GRD2932
2009,28.0332,Female,73.0,GRD2933
2010,23.0602,Female,73.0,GRD2934
2011,23.9209,Female,73.0,GRD2935
2012,24.1355,Female,73.0,GRD2936
2013,25.1462,Female,73.0,GRD2937
2014,25.5096,Female,73.0,GRD2938
2015,31.7594,Female,73.0,GRD2939
2016,38.0142,Female,73.0,GRD2940
2017,46.3116,Female,73.0,GRD2941
2018,56.3724,Female,73.0,GRD2942
2019,58.1749,Female,73.0,GRD2943
2020,62.041,Female,73.0,GRD2944
2021,66.7364,Female,73.0,GRD2945
2022,60.0532,Female,73.0,GRD2946
2012,11.4786,Female,16.0,GRD2947
2016,69.3806,Female,154.0,GRD2948
2017,66.8643,Female,154.0,GRD2949
2018,61.9463,Female,154.0,GRD2950
2019,69.2136,Female,154.0,GRD2951
2020,72.5706,Female,154.0,GRD2952
2021,63.5231,Female,154.0,GRD2953
2022,66.2692,Female,154.0,GRD2954
2023,80.4917,Female,154.0,GRD2955
2000,1.9723,Female,45.0,GRD2956
2002,6.2255,Female,79.0,GRD2957
2003,8.4386,Female,79.0,GRD2958
2005,10.2832,Female,79.0,GRD2959
2006,10.7546,Female,79.0,GRD2960
2007,11.344,Female,79.0,GRD2961
2008,12.0048,Female,79.0,GRD2962
2009,11.8205,Female,79.0,GRD2963
2010,12.3569,Female,79.0,GRD2964
2011,13.9216,Female,79.0,GRD2965
2012,14.7378,Female,79.0,GRD2966
2013,14.066,Female,79.0,GRD2967
2014,13.1312,Female,79.0,GRD2968
2015,15.216,Female,79.0,GRD2969
2016,14.2181,Female,79.0,GRD2970
2017,15.5105,Female,79.0,GRD2971
2018,15.0631,Female,79.0,GRD2972
2019,15.6579,Female,79.0,GRD2973
2018,35.0649,Female,191.0,GRD2974
2020,44.8485,Female,191.0,GRD2975
2021,52.7607,Female,191.0,GRD2976
2022,54.4944,Female,191.0,GRD2977
2023,37.1069,Female,191.0,GRD2978
2024,40.1042,Female,191.0,GRD2979
2010,39.0552,Female,210.0,GRD2980
2011,27.4781,Female,210.0,GRD2981
2012,25.8036,Female,210.0,GRD2982
2021,2.4656,Female,206.0,GRD2983
2000,22.7458,Female,66.0,GRD2984
2001,26.7175,Female,66.0,GRD2985
2002,25.5512,Female,66.0,GRD2986
2003,27.2446,Female,66.0,GRD2987
2004,32.3653,Female,66.0,GRD2988
2005,34.7876,Female,66.0,GRD2989
2006,42.4124,Female,66.0,GRD2990
2007,50.2683,Female,66.0,GRD2991
2008,76.1491,Female,66.0,GRD2992
2009,80.7797,Female,66.0,GRD2993
2010,65.7338,Female,66.0,GRD2994
2011,61.6157,Female,66.0,GRD2995
2012,60.0794,Female,66.0,GRD2996
2013,57.2938,Female,66.0,GRD2997
2014,54.4808,Female,66.0,GRD2998
2015,51.4106,Female,66.0,GRD2999
2017,47.0459,Female,66.0,GRD3000
2018,46.9214,Female,66.0,GRD3001
2019,41.5039,Female,66.0,GRD3002
2020,41.2479,Female,66.0,GRD3003
2021,45.0468,Female,66.0,GRD3004
2022,45.3675,Female,66.0,GRD3005
2023,46.469,Female,66.0,GRD3006
2000,20.9431,Female,107.0,GRD3007
2001,21.3227,Female,107.0,GRD3008
2002,25.6772,Female,107.0,GRD3009
2003,25.125,Female,107.0,GRD3010
2004,27.3486,Female,107.0,GRD3011
2005,30.4647,Female,107.0,GRD3012
2006,33.5617,Female,107.0,GRD3013
2007,32.5424,Female,107.0,GRD3014
2008,34.4691,Female,107.0,GRD3015
2009,41.9726,Female,107.0,GRD3016
2010,50.0699,Female,107.0,GRD3017
2011,53.1509,Female,107.0,GRD3018
2012,66.496,Female,107.0,GRD3019
2013,76.3391,Female,107.0,GRD3020
2014,72.4155,Female,107.0,GRD3021
2015,77.1006,Female,107.0,GRD3022
2017,60.4183,Female,107.0,GRD3023
2018,60.3294,Female,107.0,GRD3024
2019,57.8085,Female,107.0,GRD3025
2020,57.5616,Female,107.0,GRD3026
2021,64.1661,Female,107.0,GRD3027
2022,61.2934,Female,107.0,GRD3028
2023,61.1408,Female,107.0,GRD3029
2000,39.7101,Female,127.0,GRD3030
2001,41.3295,Female,127.0,GRD3031
2002,45.4215,Female,127.0,GRD3032
2003,47.3852,Female,127.0,GRD3033
2004,57.1902,Female,127.0,GRD3034
2005,57.6658,Female,127.0,GRD3035
2006,62.2486,Female,127.0,GRD3036
2007,57.5793,Female,127.0,GRD3037
2008,54.9423,Female,127.0,GRD3038
2009,49.1071,Female,127.0,GRD3039
2010,46.4702,Female,127.0,GRD3040
2011,51.3408,Female,127.0,GRD3041
2012,44.9847,Female,127.0,GRD3042
2015,37.9264,Female,127.0,GRD3043
2016,51.1038,Female,127.0,GRD3044
2017,48.1757,Female,127.0,GRD3045
2018,52.5734,Female,127.0,GRD3046
2019,55.5872,Female,127.0,GRD3047
2020,63.558,Female,127.0,GRD3048
2021,65.7669,Female,127.0,GRD3049
2022,64.6044,Female,127.0,GRD3050
2023,61.0668,Female,127.0,GRD3051
2000,5.0392,Female,180.0,GRD3052
2001,4.9412,Female,180.0,GRD3053
2002,4.6461,Female,180.0,GRD3054
2004,4.6937,Female,180.0,GRD3055
2005,3.9635,Female,180.0,GRD3056
2006,7.8798,Female,180.0,GRD3057
2013,7.7381,Female,180.0,GRD3058
2015,4.878,Female,40.0,GRD3059
2017,0.0,Female,40.0,GRD3060
2022,2.0202,Female,40.0,GRD3061
2012,2.4567,Female,188.0,GRD3062
2013,8.1989,Female,188.0,GRD3063
2014,8.7126,Female,188.0,GRD3064
2015,13.4689,Female,188.0,GRD3065
2016,9.9415,Female,188.0,GRD3066
2020,23.0359,Female,188.0,GRD3067
2021,6.4644,Female,188.0,GRD3068
2022,25.4062,Female,188.0,GRD3069
2023,25.0991,Female,188.0,GRD3070
2024,18.2631,Female,188.0,GRD3071
2023,3.3333,Female,17.0,GRD3072
2000,0.0727,Female,209.0,GRD3073
2001,19.6524,Female,183.0,GRD3074
2002,19.0513,Female,183.0,GRD3075
2003,34.2963,Female,183.0,GRD3076
2004,29.6062,Female,183.0,GRD3077
2005,31.2849,Female,183.0,GRD3078
2006,34.7834,Female,183.0,GRD3079
2007,31.352,Female,183.0,GRD3080
2008,35.243,Female,183.0,GRD3081
2015,31.1116,Female,183.0,GRD3082
2022,42.0218,Female,183.0,GRD3083
2023,37.6858,Female,183.0,GRD3084
2024,43.8343,Female,183.0,GRD3085
2000,5.5896,Female,152.0,GRD3086
2001,5.5138,Female,152.0,GRD3087
2002,5.5715,Female,152.0,GRD3088
2004,6.4219,Female,152.0,GRD3089
2021,5.6002,Female,152.0,GRD3090
2022,4.0554,Female,152.0,GRD3091
2023,7.0503,Female,152.0,GRD3092
2013,33.0907,Female,151.0,GRD3093
2014,31.9108,Female,151.0,GRD3094
2015,30.9382,Female,151.0,GRD3095
2016,31.5205,Female,151.0,GRD3096
2020,36.0005,Female,151.0,GRD3097
2021,37.2028,Female,151.0,GRD3098
2022,35.0431,Female,151.0,GRD3099
2023,40.6492,Female,151.0,GRD3100
2004,0.0583,Female,131.0,GRD3101
2021,2.5702,Female,131.0,GRD3102
2000,0.9438,Female,111.0,GRD3103
2004,1.7659,Female,111.0,GRD3104
2015,26.89,Female,166.0,GRD3105
2016,28.1491,Female,166.0,GRD3106
2017,31.8276,Female,166.0,GRD3107
2018,39.7651,Female,166.0,GRD3108
2019,43.7299,Female,166.0,GRD3109
2020,45.5718,Female,166.0,GRD3110
2020,24.2066,Female,157.0,GRD3111
2021,20.6591,Female,157.0,GRD3112
2022,29.5623,Female,157.0,GRD3113
2023,30.2507,Female,157.0,GRD3114
2006,8.462,Female,100.0,GRD3115
2008,8.8475,Female,100.0,GRD3116
2009,10.7142,Female,100.0,GRD3117
2010,8.7778,Female,100.0,GRD3118
2011,10.2415,Female,100.0,GRD3119
2000,8.9997,Female,90.0,GRD3120
2002,13.8181,Female,90.0,GRD3121
2009,24.7574,Female,90.0,GRD3122
2001,14.3874,Female,133.0,GRD3123
2003,14.7863,Female,133.0,GRD3124
2004,13.9917,Female,133.0,GRD3125
2005,15.0351,Female,133.0,GRD3126
2006,15.3621,Female,133.0,GRD3127
2007,15.3847,Female,133.0,GRD3128
2008,15.6614,Female,133.0,GRD3129
2009,16.6508,Female,133.0,GRD3130
2010,17.2764,Female,133.0,GRD3131
2011,17.1035,Female,133.0,GRD3132
2012,17.4053,Female,133.0,GRD3133
2013,19.8722,Female,133.0,GRD3134
2014,18.7351,Female,133.0,GRD3135
2015,19.2875,Female,133.0,GRD3136
2016,19.6887,Female,133.0,GRD3137
2017,20.2874,Female,133.0,GRD3138
2018,21.0334,Female,133.0,GRD3139
2019,21.497,Female,133.0,GRD3140
2020,21.9009,Female,133.0,GRD3141
2021,22.415,Female,133.0,GRD3142
2000,1.3522,Female,144.0,GRD3143
2017,15.0766,Female,144.0,GRD3144
2018,15.493,Female,144.0,GRD3145
2019,15.2572,Female,144.0,GRD3146
2020,15.6671,Female,144.0,GRD3147
2021,3.9545,Female,144.0,GRD3148
2012,7.6444,Female,159.0,GRD3149
2013,8.7838,Female,159.0,GRD3150
2014,9.4425,Female,159.0,GRD3151
2015,10.072,Female,159.0,GRD3152
2016,11.0953,Female,159.0,GRD3153
2017,11.9029,Female,159.0,GRD3154
2018,12.8879,Female,159.0,GRD3155
2019,12.9564,Female,159.0,GRD3156
2020,14.22,Female,159.0,GRD3157
2021,14.0595,Female,159.0,GRD3158
2022,15.8926,Female,159.0,GRD3159
2023,16.1414,Female,159.0,GRD3160
2013,1.1965,Female,122.0,GRD3161
