year,percentage,gender,country_id,enrollment_abroad_id
2001,5.342,Male,94.0,EAB0001
2002,11.5139,Male,94.0,EAB0002
2003,5.3314,Male,94.0,EAB0003
2004,8.7788,Male,94.0,EAB0004
2005,5.4321,Male,94.0,EAB0005
2006,6.1724,Male,94.0,EAB0006
2007,5.5642,Male,94.0,EAB0007
2008,4.0994,Male,94.0,EAB0008
2009,7.9798,Male,94.0,EAB0009
2010,15.3348,Male,94.0,EAB0010
2011,6.2501,Male,94.0,EAB0011
2012,5.0081,Male,94.0,EAB0012
2013,4.7684,Male,94.0,EAB0013
2014,4.7815,Male,94.0,EAB0014
2015,4.5215,Male,94.0,EAB0015
2016,4.8778,Male,94.0,EAB0016
2017,4.8387,Male,94.0,EAB0017
2018,7.9428,Male,94.0,EAB0018
2019,7.3604,Male,94.0,EAB0019
2020,10.8284,Male,94.0,EAB0020
2021,7.2063,Male,94.0,EAB0021
2022,7.1842,Male,94.0,EAB0022
2023,6.1635,Male,94.0,EAB0023
2000,0.2699,Male,133.0,EAB0024
2001,0.277,Male,133.0,EAB0025
2002,0.2806,Male,133.0,EAB0026
2003,0.2623,Male,133.0,EAB0027
2004,0.2578,Male,133.0,EAB0028
2005,0.285,Male,133.0,EAB0029
2006,0.3146,Male,133.0,EAB0030
2007,0.3472,Male,133.0,EAB0031
2008,0.3938,Male,133.0,EAB0032
2009,0.4487,Male,133.0,EAB0033
2010,0.6074,Male,133.0,EAB0034
2011,0.7007,Male,133.0,EAB0035
2012,0.4884,Male,133.0,EAB0036
2013,0.6076,Male,133.0,EAB0037
2014,0.8102,Male,133.0,EAB0038
2015,0.9709,Male,133.0,EAB0039
2016,1.0967,Male,133.0,EAB0040
2017,1.1038,Male,133.0,EAB0041
2018,1.0867,Male,133.0,EAB0042
2019,1.0971,Male,133.0,EAB0043
2020,1.1428,Male,133.0,EAB0044
2021,1.13,Male,133.0,EAB0045
2022,1.0893,Male,133.0,EAB0046
2023,1.0919,Male,133.0,EAB0047
2000,0.869,Male,185.0,EAB0048
2001,0.904,Male,185.0,EAB0049
2002,0.8925,Male,185.0,EAB0050
2003,0.9459,Male,185.0,EAB0051
2004,0.9321,Male,185.0,EAB0052
2005,1.0039,Male,185.0,EAB0053
2006,0.9953,Male,185.0,EAB0054
2007,1.1161,Male,185.0,EAB0055
2008,0.7978,Male,185.0,EAB0056
2009,0.9069,Male,185.0,EAB0057
2010,0.8932,Male,185.0,EAB0058
2011,0.8915,Male,185.0,EAB0059
2012,0.5104,Male,185.0,EAB0060
2013,0.5568,Male,185.0,EAB0061
2014,0.6484,Male,185.0,EAB0062
2015,0.6945,Male,185.0,EAB0063
2016,0.7669,Male,185.0,EAB0064
2017,0.7304,Male,185.0,EAB0065
2018,0.6471,Male,185.0,EAB0066
2019,0.5415,Male,185.0,EAB0067
2020,0.506,Male,185.0,EAB0068
2021,0.4352,Male,185.0,EAB0069
2022,0.421,Male,185.0,EAB0070
2023,0.4365,Male,185.0,EAB0071
2002,6.8951,Male,46.0,EAB0072
2003,8.7364,Male,46.0,EAB0073
2004,9.9196,Male,46.0,EAB0074
2005,10.7589,Male,46.0,EAB0075
2006,12.2846,Male,46.0,EAB0076
2007,13.7101,Male,46.0,EAB0077
2008,14.388,Male,46.0,EAB0078
2009,15.5567,Male,46.0,EAB0079
2010,16.2204,Male,46.0,EAB0080
2011,18.0493,Male,46.0,EAB0081
2012,7.0532,Male,46.0,EAB0082
2013,6.4085,Male,46.0,EAB0083
2014,5.9037,Male,46.0,EAB0084
2015,5.5445,Male,46.0,EAB0085
2016,5.0907,Male,46.0,EAB0086
2017,5.4823,Male,46.0,EAB0087
2018,6.3922,Male,46.0,EAB0088
2019,4.2629,Male,46.0,EAB0089
2020,4.7201,Male,46.0,EAB0090
2021,5.4829,Male,46.0,EAB0091
2022,5.9136,Male,46.0,EAB0092
2023,6.1425,Male,46.0,EAB0093
2000,33.5198,Male,134.0,EAB0094
2001,33.3008,Male,134.0,EAB0095
2002,38.8338,Male,134.0,EAB0096
2003,51.6614,Male,134.0,EAB0097
2004,64.8002,Male,134.0,EAB0098
2005,52.859,Male,134.0,EAB0099
2006,15.0095,Male,134.0,EAB0100
2007,47.1477,Male,134.0,EAB0101
2008,56.4143,Male,134.0,EAB0102
2009,62.5442,Male,134.0,EAB0103
2010,62.6754,Male,134.0,EAB0104
2011,71.4497,Male,134.0,EAB0105
2012,33.8639,Male,134.0,EAB0106
2013,31.2042,Male,134.0,EAB0107
2014,36.0968,Male,134.0,EAB0108
2015,33.6217,Male,134.0,EAB0109
2016,34.6284,Male,134.0,EAB0110
2017,33.171,Male,134.0,EAB0111
2018,33.5553,Male,134.0,EAB0112
2019,31.7836,Male,134.0,EAB0113
2020,34.2273,Male,134.0,EAB0114
2021,36.0102,Male,134.0,EAB0115
2022,34.3016,Male,134.0,EAB0116
2023,33.4863,Male,134.0,EAB0117
2001,2.8605,Male,39.0,EAB0118
2002,2.702,Male,39.0,EAB0119
2003,2.4995,Male,39.0,EAB0120
2004,2.4642,Male,39.0,EAB0121
2005,2.7334,Male,39.0,EAB0122
2006,2.8976,Male,39.0,EAB0123
2007,2.6911,Male,39.0,EAB0124
2008,2.5411,Male,39.0,EAB0125
2009,2.3733,Male,39.0,EAB0126
2010,2.5353,Male,39.0,EAB0127
2011,2.6393,Male,39.0,EAB0128
2012,1.8167,Male,39.0,EAB0129
2013,1.8319,Male,39.0,EAB0130
2014,1.9053,Male,39.0,EAB0131
2015,1.991,Male,39.0,EAB0132
2016,2.0223,Male,39.0,EAB0133
2017,2.4032,Male,39.0,EAB0134
2018,2.6192,Male,39.0,EAB0135
2019,2.7887,Male,39.0,EAB0136
2020,2.9609,Male,39.0,EAB0137
2021,3.4564,Male,39.0,EAB0138
2022,3.5618,Male,39.0,EAB0139
2023,3.485,Male,39.0,EAB0140
2000,0.4173,Male,109.0,EAB0141
2001,0.4338,Male,109.0,EAB0142
2002,0.4748,Male,109.0,EAB0143
2003,0.5597,Male,109.0,EAB0144
2004,0.4931,Male,109.0,EAB0145
2005,0.4917,Male,109.0,EAB0146
2006,0.4896,Male,109.0,EAB0147
2007,0.486,Male,109.0,EAB0148
2008,0.5456,Male,109.0,EAB0149
2009,0.5267,Male,109.0,EAB0150
2010,0.5639,Male,109.0,EAB0151
2011,0.5329,Male,109.0,EAB0152
2012,0.2161,Male,109.0,EAB0153
2013,0.1954,Male,109.0,EAB0154
2014,0.1905,Male,109.0,EAB0155
2015,0.2016,Male,109.0,EAB0156
2016,0.2064,Male,109.0,EAB0157
2017,0.2246,Male,109.0,EAB0158
2018,0.2268,Male,109.0,EAB0159
2019,0.247,Male,109.0,EAB0160
2020,0.2661,Male,109.0,EAB0161
2021,0.2701,Male,109.0,EAB0162
2022,0.3179,Male,109.0,EAB0163
2023,0.334,Male,109.0,EAB0164
2000,1.5758,Male,162.0,EAB0165
2001,1.9094,Male,162.0,EAB0166
2002,1.7424,Male,162.0,EAB0167
2003,2.2683,Male,162.0,EAB0168
2004,2.0104,Male,162.0,EAB0169
2005,2.3485,Male,162.0,EAB0170
2006,2.6044,Male,162.0,EAB0171
2007,2.7051,Male,162.0,EAB0172
2008,3.6867,Male,162.0,EAB0173
2009,3.8732,Male,162.0,EAB0174
2010,4.6121,Male,162.0,EAB0175
2011,5.346,Male,162.0,EAB0176
2012,4.0253,Male,162.0,EAB0177
2013,4.2151,Male,162.0,EAB0178
2014,4.7231,Male,162.0,EAB0179
2015,5.1906,Male,162.0,EAB0180
2016,5.903,Male,162.0,EAB0181
2017,3.989,Male,162.0,EAB0182
2018,5.3091,Male,162.0,EAB0183
2019,5.3511,Male,162.0,EAB0184
2020,3.7369,Male,162.0,EAB0185
2021,3.6782,Male,162.0,EAB0186
2022,4.1267,Male,162.0,EAB0187
2023,3.4325,Male,162.0,EAB0188
2000,0.0,Male,207.0,EAB0189
2001,0.0,Male,207.0,EAB0190
2002,0.0,Male,207.0,EAB0191
2003,0.0,Male,207.0,EAB0192
2004,0.0,Male,207.0,EAB0193
2005,0.0,Male,207.0,EAB0194
2006,0.0,Male,207.0,EAB0195
2007,0.0,Male,207.0,EAB0196
2008,0.0,Male,207.0,EAB0197
2009,0.0,Male,207.0,EAB0198
2010,0.0,Male,207.0,EAB0199
2011,0.0,Male,207.0,EAB0200
2012,0.0,Male,207.0,EAB0201
2013,0.0,Male,207.0,EAB0202
2014,0.0,Male,207.0,EAB0203
2015,0.0,Male,207.0,EAB0204
2016,0.0,Male,207.0,EAB0205
2017,0.0,Male,207.0,EAB0206
2018,0.0,Male,207.0,EAB0207
2019,0.0,Male,207.0,EAB0208
2020,0.0,Male,207.0,EAB0209
2021,0.0,Male,207.0,EAB0210
2022,0.0,Male,207.0,EAB0211
2023,0.0,Male,207.0,EAB0212
2000,17.9174,Male,1.0,EAB0213
2001,17.6091,Male,1.0,EAB0214
2002,18.5833,Male,1.0,EAB0215
2003,18.6333,Male,1.0,EAB0216
2004,18.5897,Male,1.0,EAB0217
2005,19.161,Male,1.0,EAB0218
2006,16.6486,Male,1.0,EAB0219
2007,19.4403,Male,1.0,EAB0220
2008,19.1027,Male,1.0,EAB0221
2009,20.1717,Male,1.0,EAB0222
2010,18.8792,Male,1.0,EAB0223
2011,18.4581,Male,1.0,EAB0224
2012,12.2514,Male,1.0,EAB0225
2013,10.9606,Male,1.0,EAB0226
2014,11.077,Male,1.0,EAB0227
2015,10.0904,Male,1.0,EAB0228
2016,12.6084,Male,1.0,EAB0229
2017,11.2539,Male,1.0,EAB0230
2018,10.2133,Male,1.0,EAB0231
2019,11.5274,Male,1.0,EAB0232
2020,10.698,Male,1.0,EAB0233
2021,10.8199,Male,1.0,EAB0234
2022,10.0078,Male,1.0,EAB0235
2023,9.7969,Male,1.0,EAB0236
2000,0.8717,Male,5.0,EAB0237
2001,0.8789,Male,5.0,EAB0238
2002,0.8917,Male,5.0,EAB0239
2003,0.9301,Male,5.0,EAB0240
2004,1.2878,Male,5.0,EAB0241
2005,1.3485,Male,5.0,EAB0242
2006,1.3686,Male,5.0,EAB0243
2007,1.414,Male,5.0,EAB0244
2008,1.2996,Male,5.0,EAB0245
2009,1.3136,Male,5.0,EAB0246
2010,1.3573,Male,5.0,EAB0247
2011,1.3594,Male,5.0,EAB0248
2012,0.7076,Male,5.0,EAB0249
2013,0.7389,Male,5.0,EAB0250
2014,0.7946,Male,5.0,EAB0251
2015,0.7465,Male,5.0,EAB0252
2016,0.7878,Male,5.0,EAB0253
2017,0.8736,Male,5.0,EAB0254
2018,0.8497,Male,5.0,EAB0255
2019,0.8374,Male,5.0,EAB0256
2020,0.8509,Male,5.0,EAB0257
2021,0.8043,Male,5.0,EAB0258
2022,0.8274,Male,5.0,EAB0259
2023,0.7764,Male,5.0,EAB0260
2000,5.711,Male,169.0,EAB0261
2001,5.6686,Male,169.0,EAB0262
2002,5.6491,Male,169.0,EAB0263
2003,5.6701,Male,169.0,EAB0264
2004,5.3314,Male,169.0,EAB0265
2005,5.34,Male,169.0,EAB0266
2006,5.2948,Male,169.0,EAB0267
2007,5.4231,Male,169.0,EAB0268
2008,5.3598,Male,169.0,EAB0269
2009,5.4693,Male,169.0,EAB0270
2010,5.55,Male,169.0,EAB0271
2011,5.6925,Male,169.0,EAB0272
2012,3.0936,Male,169.0,EAB0273
2013,3.1202,Male,169.0,EAB0274
2014,3.2102,Male,169.0,EAB0275
2015,3.3542,Male,169.0,EAB0276
2016,3.3856,Male,169.0,EAB0277
2017,3.6075,Male,169.0,EAB0278
2018,4.0973,Male,169.0,EAB0279
2019,4.299,Male,169.0,EAB0280
2020,4.7211,Male,169.0,EAB0281
2021,4.9381,Male,169.0,EAB0282
2022,4.9972,Male,169.0,EAB0283
2023,4.9635,Male,169.0,EAB0284
2000,1.3224,Male,110.0,EAB0285
2001,1.0861,Male,110.0,EAB0286
2002,1.5817,Male,110.0,EAB0287
2003,1.4714,Male,110.0,EAB0288
2004,0.9657,Male,110.0,EAB0289
2005,0.9797,Male,110.0,EAB0290
2006,1.0553,Male,110.0,EAB0291
2007,1.1057,Male,110.0,EAB0292
2008,1.5974,Male,110.0,EAB0293
2009,2.1736,Male,110.0,EAB0294
2010,3.0577,Male,110.0,EAB0295
2011,4.0975,Male,110.0,EAB0296
2012,3.1306,Male,110.0,EAB0297
2013,4.2246,Male,110.0,EAB0298
2014,6.4226,Male,110.0,EAB0299
2015,8.1686,Male,110.0,EAB0300
2016,9.3579,Male,110.0,EAB0301
2017,9.3398,Male,110.0,EAB0302
2018,9.935,Male,110.0,EAB0303
2019,10.1707,Male,110.0,EAB0304
2020,9.7416,Male,110.0,EAB0305
2021,10.1262,Male,110.0,EAB0306
2022,10.9291,Male,110.0,EAB0307
2023,10.2931,Male,110.0,EAB0308
2000,0.3859,Male,23.0,EAB0309
2001,0.3945,Male,23.0,EAB0310
2002,0.372,Male,23.0,EAB0311
2003,0.361,Male,23.0,EAB0312
2004,0.3163,Male,23.0,EAB0313
2005,0.2993,Male,23.0,EAB0314
2006,0.3263,Male,23.0,EAB0315
2007,0.3524,Male,23.0,EAB0316
2008,0.3938,Male,23.0,EAB0317
2009,0.4024,Male,23.0,EAB0318
2010,0.3894,Male,23.0,EAB0319
2011,0.4411,Male,23.0,EAB0320
2012,0.2696,Male,23.0,EAB0321
2013,0.2891,Male,23.0,EAB0322
2014,0.3082,Male,23.0,EAB0323
2015,0.3186,Male,23.0,EAB0324
2016,0.3602,Male,23.0,EAB0325
2017,0.3932,Male,23.0,EAB0326
2018,0.4345,Male,23.0,EAB0327
2019,0.3587,Male,23.0,EAB0328
2020,0.3834,Male,23.0,EAB0329
2021,0.3882,Male,23.0,EAB0330
2022,0.4141,Male,23.0,EAB0331
2023,0.4199,Male,23.0,EAB0332
2000,3.1992,Male,58.0,EAB0333
2001,3.3662,Male,58.0,EAB0334
2002,3.4362,Male,58.0,EAB0335
2003,3.7595,Male,58.0,EAB0336
2004,3.2385,Male,58.0,EAB0337
2005,3.2204,Male,58.0,EAB0338
2006,3.2434,Male,58.0,EAB0339
2007,3.2663,Male,58.0,EAB0340
2008,3.1168,Male,58.0,EAB0341
2009,3.2146,Male,58.0,EAB0342
2010,3.3993,Male,58.0,EAB0343
2011,3.5868,Male,58.0,EAB0344
2012,1.9354,Male,58.0,EAB0345
2013,1.8419,Male,58.0,EAB0346
2014,1.9235,Male,58.0,EAB0347
2015,2.0255,Male,58.0,EAB0348
2016,2.1089,Male,58.0,EAB0349
2017,2.2325,Male,58.0,EAB0350
2018,2.3691,Male,58.0,EAB0351
2019,2.4326,Male,58.0,EAB0352
2020,2.4641,Male,58.0,EAB0353
2021,2.4635,Male,58.0,EAB0354
2022,2.4942,Male,58.0,EAB0355
2023,2.4535,Male,58.0,EAB0356
2000,1.2201,Male,20.0,EAB0357
2001,1.2186,Male,20.0,EAB0358
2002,1.2536,Male,20.0,EAB0359
2003,1.3835,Male,20.0,EAB0360
2004,1.3702,Male,20.0,EAB0361
2005,1.3733,Male,20.0,EAB0362
2006,1.4269,Male,20.0,EAB0363
2007,1.3575,Male,20.0,EAB0364
2008,1.3261,Male,20.0,EAB0365
2009,1.1343,Male,20.0,EAB0366
2010,1.1259,Male,20.0,EAB0367
2011,1.0963,Male,20.0,EAB0368
2012,0.7029,Male,20.0,EAB0369
2013,0.7097,Male,20.0,EAB0370
2014,0.7646,Male,20.0,EAB0371
2015,0.7945,Male,20.0,EAB0372
2016,0.834,Male,20.0,EAB0373
2017,0.8645,Male,20.0,EAB0374
2018,0.8722,Male,20.0,EAB0375
2019,0.8796,Male,20.0,EAB0376
2020,0.9591,Male,20.0,EAB0377
2021,0.9986,Male,20.0,EAB0378
2022,1.0585,Male,20.0,EAB0379
2023,1.0943,Male,20.0,EAB0380
2000,0.3993,Male,121.0,EAB0381
2001,0.4002,Male,121.0,EAB0382
2002,0.4211,Male,121.0,EAB0383
2003,0.4497,Male,121.0,EAB0384
2004,0.4419,Male,121.0,EAB0385
2005,0.4705,Male,121.0,EAB0386
2006,0.5176,Male,121.0,EAB0387
2007,0.5166,Male,121.0,EAB0388
2008,0.5233,Male,121.0,EAB0389
2009,0.4921,Male,121.0,EAB0390
2010,0.5107,Male,121.0,EAB0391
2011,0.5217,Male,121.0,EAB0392
2012,0.3729,Male,121.0,EAB0393
2013,0.3782,Male,121.0,EAB0394
2014,0.4168,Male,121.0,EAB0395
2015,0.4345,Male,121.0,EAB0396
2016,0.4408,Male,121.0,EAB0397
2017,0.4488,Male,121.0,EAB0398
2018,0.4776,Male,121.0,EAB0399
2019,0.4904,Male,121.0,EAB0400
2020,0.5131,Male,121.0,EAB0401
2021,0.5289,Male,121.0,EAB0402
2022,0.532,Male,121.0,EAB0403
2023,0.5069,Male,121.0,EAB0404
2000,0.1262,Male,29.0,EAB0405
2001,0.1475,Male,29.0,EAB0406
2002,0.1719,Male,29.0,EAB0407
2003,0.2209,Male,29.0,EAB0408
2004,0.204,Male,29.0,EAB0409
2005,0.2001,Male,29.0,EAB0410
2006,0.1989,Male,29.0,EAB0411
2007,0.2138,Male,29.0,EAB0412
2008,0.2229,Male,29.0,EAB0413
2009,0.2557,Male,29.0,EAB0414
2010,0.2899,Male,29.0,EAB0415
2011,0.3019,Male,29.0,EAB0416
2012,0.2477,Male,29.0,EAB0417
2013,0.421,Male,29.0,EAB0418
2014,0.6138,Male,29.0,EAB0419
2015,0.6398,Male,29.0,EAB0420
2016,0.6927,Male,29.0,EAB0421
2017,0.6222,Male,29.0,EAB0422
2018,0.5082,Male,29.0,EAB0423
2019,0.4291,Male,29.0,EAB0424
2020,0.4852,Male,29.0,EAB0425
2021,0.5159,Male,29.0,EAB0426
2022,0.6123,Male,29.0,EAB0427
2023,0.696,Male,29.0,EAB0428
2000,4.6116,Male,34.0,EAB0429
2001,5.1296,Male,34.0,EAB0430
2002,6.0698,Male,34.0,EAB0431
2003,6.6252,Male,34.0,EAB0432
2004,6.9284,Male,34.0,EAB0433
2005,7.109,Male,34.0,EAB0434
2006,7.4193,Male,34.0,EAB0435
2007,7.3724,Male,34.0,EAB0436
2008,7.5689,Male,34.0,EAB0437
2009,8.1569,Male,34.0,EAB0438
2010,8.814,Male,34.0,EAB0439
2011,9.6563,Male,34.0,EAB0440
2012,4.5426,Male,34.0,EAB0441
2013,4.9491,Male,34.0,EAB0442
2014,5.2729,Male,34.0,EAB0443
2015,5.6162,Male,34.0,EAB0444
2016,6.0297,Male,34.0,EAB0445
2017,6.7406,Male,34.0,EAB0446
2018,7.3349,Male,34.0,EAB0447
2019,7.6401,Male,34.0,EAB0448
2020,8.142,Male,34.0,EAB0449
2021,8.1221,Male,34.0,EAB0450
2022,6.1623,Male,34.0,EAB0451
2023,5.4204,Male,34.0,EAB0452
2000,6.4278,Male,147.0,EAB0453
2001,7.5204,Male,147.0,EAB0454
2002,6.6871,Male,147.0,EAB0455
2003,5.5894,Male,147.0,EAB0456
2004,5.1488,Male,147.0,EAB0457
2005,5.3692,Male,147.0,EAB0458
2006,5.2723,Male,147.0,EAB0459
2007,5.5363,Male,147.0,EAB0460
2008,6.3108,Male,147.0,EAB0461
2009,6.991,Male,147.0,EAB0462
2010,8.0984,Male,147.0,EAB0463
2011,8.2262,Male,147.0,EAB0464
2012,5.1552,Male,147.0,EAB0465
2013,5.6323,Male,147.0,EAB0466
2014,6.2712,Male,147.0,EAB0467
2015,6.3903,Male,147.0,EAB0468
2016,6.3768,Male,147.0,EAB0469
2017,6.5403,Male,147.0,EAB0470
2018,6.3807,Male,147.0,EAB0471
2019,5.6739,Male,147.0,EAB0472
2020,5.4436,Male,147.0,EAB0473
2021,4.291,Male,147.0,EAB0474
2022,3.9551,Male,147.0,EAB0475
2023,4.4607,Male,147.0,EAB0476
2000,18.0095,Male,41.0,EAB0477
2001,21.5502,Male,41.0,EAB0478
2002,21.5124,Male,41.0,EAB0479
2003,21.8143,Male,41.0,EAB0480
2004,22.02,Male,41.0,EAB0481
2005,19.3052,Male,41.0,EAB0482
2006,18.1083,Male,41.0,EAB0483
2007,17.7246,Male,41.0,EAB0484
2008,16.828,Male,41.0,EAB0485
2009,17.8194,Male,41.0,EAB0486
2010,16.8164,Male,41.0,EAB0487
2011,15.5543,Male,41.0,EAB0488
2012,10.8898,Male,41.0,EAB0489
2013,8.696,Male,41.0,EAB0490
2014,8.4121,Male,41.0,EAB0491
2015,9.498,Male,41.0,EAB0492
2016,9.188,Male,41.0,EAB0493
2017,10.047,Male,41.0,EAB0494
2018,11.9974,Male,41.0,EAB0495
2019,14.1873,Male,41.0,EAB0496
2020,14.6616,Male,41.0,EAB0497
2021,13.93,Male,41.0,EAB0498
2022,14.4124,Male,41.0,EAB0499
2023,14.585,Male,41.0,EAB0500
2000,6.8115,Male,143.0,EAB0501
2001,7.2447,Male,143.0,EAB0502
2002,6.1743,Male,143.0,EAB0503
2003,7.347,Male,143.0,EAB0504
2004,7.3021,Male,143.0,EAB0505
2005,8.0383,Male,143.0,EAB0506
2006,8.3984,Male,143.0,EAB0507
2007,8.8343,Male,143.0,EAB0508
2008,9.5499,Male,143.0,EAB0509
2009,8.368,Male,143.0,EAB0510
2010,8.5556,Male,143.0,EAB0511
2011,8.6665,Male,143.0,EAB0512
2012,4.4255,Male,143.0,EAB0513
2013,4.6403,Male,143.0,EAB0514
2014,4.7216,Male,143.0,EAB0515
2015,5.0914,Male,143.0,EAB0516
2016,5.8222,Male,143.0,EAB0517
2017,7.2053,Male,143.0,EAB0518
2018,6.9956,Male,143.0,EAB0519
2019,6.7612,Male,143.0,EAB0520
2020,6.93,Male,143.0,EAB0521
2021,6.9182,Male,143.0,EAB0522
2022,7.3161,Male,143.0,EAB0523
2023,7.5262,Male,143.0,EAB0524
2000,1.8811,Male,8.0,EAB0525
2001,1.7569,Male,8.0,EAB0526
2002,2.1173,Male,8.0,EAB0527
2003,1.8258,Male,8.0,EAB0528
2004,2.4401,Male,8.0,EAB0529
2005,2.5443,Male,8.0,EAB0530
2006,2.8641,Male,8.0,EAB0531
2007,3.5082,Male,8.0,EAB0532
2008,7.422,Male,8.0,EAB0533
2009,7.3851,Male,8.0,EAB0534
2010,9.4065,Male,8.0,EAB0535
2011,11.6882,Male,8.0,EAB0536
2012,10.769,Male,8.0,EAB0537
2013,10.3702,Male,8.0,EAB0538
2014,9.9904,Male,8.0,EAB0539
2015,8.4312,Male,8.0,EAB0540
2016,7.5348,Male,8.0,EAB0541
2017,6.2925,Male,8.0,EAB0542
2018,6.5647,Male,8.0,EAB0543
2019,6.6006,Male,8.0,EAB0544
2020,6.3477,Male,8.0,EAB0545
2021,6.6257,Male,8.0,EAB0546
2022,7.3125,Male,8.0,EAB0547
2023,7.2533,Male,8.0,EAB0548
2000,5.7477,Male,6.0,EAB0549
2001,6.2553,Male,6.0,EAB0550
2002,5.5669,Male,6.0,EAB0551
2003,6.1747,Male,6.0,EAB0552
2004,6.2696,Male,6.0,EAB0553
2005,5.8073,Male,6.0,EAB0554
2006,5.5718,Male,6.0,EAB0555
2007,5.3667,Male,6.0,EAB0556
2008,5.8687,Male,6.0,EAB0557
2009,5.8313,Male,6.0,EAB0558
2010,5.6468,Male,6.0,EAB0559
2011,5.2737,Male,6.0,EAB0560
2012,3.4365,Male,6.0,EAB0561
2013,3.0507,Male,6.0,EAB0562
2014,3.0859,Male,6.0,EAB0563
2015,2.832,Male,6.0,EAB0564
2016,2.4376,Male,6.0,EAB0565
2017,2.6727,Male,6.0,EAB0566
2018,2.3489,Male,6.0,EAB0567
2019,2.2905,Male,6.0,EAB0568
2020,2.2305,Male,6.0,EAB0569
2021,2.4826,Male,6.0,EAB0570
2022,2.7211,Male,6.0,EAB0571
2023,2.5997,Male,6.0,EAB0572
2000,66.319,Male,26.0,EAB0573
2001,67.6611,Male,26.0,EAB0574
2002,65.2436,Male,26.0,EAB0575
2003,68.5841,Male,26.0,EAB0576
2004,69.6199,Male,26.0,EAB0577
2005,62.5614,Male,26.0,EAB0578
2006,56.0901,Male,26.0,EAB0579
2007,65.466,Male,26.0,EAB0580
2008,65.1346,Male,26.0,EAB0581
2009,63.723,Male,26.0,EAB0582
2010,66.3106,Male,26.0,EAB0583
2011,69.8528,Male,26.0,EAB0584
2012,47.1257,Male,26.0,EAB0585
2013,50.1851,Male,26.0,EAB0586
2014,52.9706,Male,26.0,EAB0587
2015,59.1464,Male,26.0,EAB0588
2016,53.1684,Male,26.0,EAB0589
2017,53.0104,Male,26.0,EAB0590
2018,47.0637,Male,26.0,EAB0591
2019,31.5212,Male,26.0,EAB0592
2020,31.413,Male,26.0,EAB0593
2021,29.8478,Male,26.0,EAB0594
2022,30.2838,Male,26.0,EAB0595
2023,27.928,Male,26.0,EAB0596
2000,0.6321,Male,13.0,EAB0597
2001,0.8439,Male,13.0,EAB0598
2002,1.0326,Male,13.0,EAB0599
2003,1.222,Male,13.0,EAB0600
2004,1.2909,Male,13.0,EAB0601
2005,1.4957,Male,13.0,EAB0602
2006,1.7402,Male,13.0,EAB0603
2007,2.837,Male,13.0,EAB0604
2008,3.1801,Male,13.0,EAB0605
2009,3.2384,Male,13.0,EAB0606
2010,3.3849,Male,13.0,EAB0607
2011,3.3363,Male,13.0,EAB0608
2012,1.519,Male,13.0,EAB0609
2013,1.2771,Male,13.0,EAB0610
2014,1.1443,Male,13.0,EAB0611
2015,1.1653,Male,13.0,EAB0612
2016,1.1838,Male,13.0,EAB0613
2017,1.3349,Male,13.0,EAB0614
2018,1.3918,Male,13.0,EAB0615
2019,1.4792,Male,13.0,EAB0616
2020,1.5303,Male,13.0,EAB0617
2021,1.3638,Male,13.0,EAB0618
2022,1.6977,Male,13.0,EAB0619
2023,1.5141,Male,13.0,EAB0620
2012,0.2277,Male,161.0,EAB0621
2013,0.2246,Male,161.0,EAB0622
2014,0.2543,Male,161.0,EAB0623
2015,0.2895,Male,161.0,EAB0624
2016,0.2845,Male,161.0,EAB0625
2017,0.3115,Male,161.0,EAB0626
2018,0.3723,Male,161.0,EAB0627
2019,0.4253,Male,161.0,EAB0628
2020,0.4653,Male,161.0,EAB0629
2021,0.4503,Male,161.0,EAB0630
2022,0.4578,Male,161.0,EAB0631
2000,14.677,Male,181.0,EAB0632
2001,14.6484,Male,181.0,EAB0633
2002,15.3184,Male,181.0,EAB0634
2003,15.8234,Male,181.0,EAB0635
2004,16.3145,Male,181.0,EAB0636
2005,17.4569,Male,181.0,EAB0637
2006,17.1525,Male,181.0,EAB0638
2007,15.9688,Male,181.0,EAB0639
2008,14.2872,Male,181.0,EAB0640
2009,14.2657,Male,181.0,EAB0641
2010,13.5854,Male,181.0,EAB0642
2011,13.1096,Male,181.0,EAB0643
2012,7.8018,Male,181.0,EAB0644
2013,7.4509,Male,181.0,EAB0645
2014,7.3115,Male,181.0,EAB0646
2015,6.6628,Male,181.0,EAB0647
2016,6.5769,Male,181.0,EAB0648
2017,6.4775,Male,181.0,EAB0649
2018,6.6655,Male,181.0,EAB0650
2019,6.6175,Male,181.0,EAB0651
2020,6.2081,Male,181.0,EAB0652
2021,6.6568,Male,181.0,EAB0653
2022,6.6007,Male,181.0,EAB0654
2023,6.2664,Male,181.0,EAB0655
2000,3.3984,Male,2.0,EAB0656
2001,2.3571,Male,2.0,EAB0657
2002,2.7246,Male,2.0,EAB0658
2003,2.3198,Male,2.0,EAB0659
2004,2.1507,Male,2.0,EAB0660
2005,2.5779,Male,2.0,EAB0661
2006,2.8462,Male,2.0,EAB0662
2007,3.3108,Male,2.0,EAB0663
2008,3.7657,Male,2.0,EAB0664
2009,4.5687,Male,2.0,EAB0665
2010,5.1445,Male,2.0,EAB0666
2011,5.4933,Male,2.0,EAB0667
2012,4.6257,Male,2.0,EAB0668
2013,4.7632,Male,2.0,EAB0669
2014,5.6878,Male,2.0,EAB0670
2015,5.4656,Male,2.0,EAB0671
2016,5.716,Male,2.0,EAB0672
2017,5.7305,Male,2.0,EAB0673
2018,5.9259,Male,2.0,EAB0674
2019,6.5437,Male,2.0,EAB0675
2020,6.8067,Male,2.0,EAB0676
2021,6.2934,Male,2.0,EAB0677
2022,6.5647,Male,2.0,EAB0678
2023,12.9419,Male,2.0,EAB0679
2000,3.9491,Male,19.0,EAB0680
2001,7.9073,Male,19.0,EAB0681
2002,9.2118,Male,19.0,EAB0682
2003,9.7073,Male,19.0,EAB0683
2004,10.2183,Male,19.0,EAB0684
2005,9.0163,Male,19.0,EAB0685
2006,7.6451,Male,19.0,EAB0686
2007,6.7995,Male,19.0,EAB0687
2008,6.9443,Male,19.0,EAB0688
2009,8.3352,Male,19.0,EAB0689
2010,7.5759,Male,19.0,EAB0690
2011,6.2934,Male,19.0,EAB0691
2012,2.1982,Male,19.0,EAB0692
2013,1.8885,Male,19.0,EAB0693
2014,1.662,Male,19.0,EAB0694
2015,1.5172,Male,19.0,EAB0695
2016,1.355,Male,19.0,EAB0696
2017,1.1432,Male,19.0,EAB0697
2018,1.0694,Male,19.0,EAB0698
2019,1.0603,Male,19.0,EAB0699
2020,1.0762,Male,19.0,EAB0700
2021,1.0539,Male,19.0,EAB0701
2022,0.9853,Male,19.0,EAB0702
2023,1.06,Male,19.0,EAB0703
2000,1.2651,Male,50.0,EAB0704
2001,1.4146,Male,50.0,EAB0705
2002,1.6023,Male,50.0,EAB0706
2003,1.4364,Male,50.0,EAB0707
2004,1.0251,Male,50.0,EAB0708
2005,0.9561,Male,50.0,EAB0709
2006,0.9487,Male,50.0,EAB0710
2007,0.9325,Male,50.0,EAB0711
2008,0.9094,Male,50.0,EAB0712
2009,0.8299,Male,50.0,EAB0713
2010,1.0344,Male,50.0,EAB0714
2011,0.9552,Male,50.0,EAB0715
2012,0.5957,Male,50.0,EAB0716
2013,0.5783,Male,50.0,EAB0717
2014,0.6285,Male,50.0,EAB0718
2015,0.6873,Male,50.0,EAB0719
2016,0.7239,Male,50.0,EAB0720
2017,0.7054,Male,50.0,EAB0721
2018,0.6573,Male,50.0,EAB0722
2019,0.6859,Male,50.0,EAB0723
2020,0.6383,Male,50.0,EAB0724
2021,0.6546,Male,50.0,EAB0725
2022,0.6457,Male,50.0,EAB0726
2023,0.683,Male,50.0,EAB0727
2000,2.9292,Male,193.0,EAB0728
2001,3.1772,Male,193.0,EAB0729
2002,3.433,Male,193.0,EAB0730
2003,3.5574,Male,193.0,EAB0731
2004,3.5631,Male,193.0,EAB0732
2005,3.8332,Male,193.0,EAB0733
2006,3.9156,Male,193.0,EAB0734
2007,3.9751,Male,193.0,EAB0735
2008,3.9822,Male,193.0,EAB0736
2009,4.0539,Male,193.0,EAB0737
2010,3.987,Male,193.0,EAB0738
2011,3.9327,Male,193.0,EAB0739
2012,1.9912,Male,193.0,EAB0740
2013,1.9383,Male,193.0,EAB0741
2014,1.9688,Male,193.0,EAB0742
2015,1.943,Male,193.0,EAB0743
2016,2.0042,Male,193.0,EAB0744
2017,2.0322,Male,193.0,EAB0745
2018,1.9486,Male,193.0,EAB0746
2019,1.843,Male,193.0,EAB0747
2020,1.8336,Male,193.0,EAB0748
2021,1.9245,Male,193.0,EAB0749
2022,2.0838,Male,193.0,EAB0750
2023,1.9166,Male,193.0,EAB0751
2000,3.5243,Male,156.0,EAB0752
2001,3.9129,Male,156.0,EAB0753
2002,4.2019,Male,156.0,EAB0754
2003,4.4108,Male,156.0,EAB0755
2004,4.5614,Male,156.0,EAB0756
2005,4.398,Male,156.0,EAB0757
2006,4.6362,Male,156.0,EAB0758
2007,4.81,Male,156.0,EAB0759
2008,4.6964,Male,156.0,EAB0760
2009,4.7892,Male,156.0,EAB0761
2010,4.8882,Male,156.0,EAB0762
2011,4.8787,Male,156.0,EAB0763
2012,2.3518,Male,156.0,EAB0764
2013,2.3951,Male,156.0,EAB0765
2014,2.4093,Male,156.0,EAB0766
2015,2.5223,Male,156.0,EAB0767
2016,2.708,Male,156.0,EAB0768
2017,2.8124,Male,156.0,EAB0769
2018,3.2864,Male,156.0,EAB0770
2019,3.3878,Male,156.0,EAB0771
2020,3.6102,Male,156.0,EAB0772
2021,3.6744,Male,156.0,EAB0773
2022,3.8327,Male,156.0,EAB0774
2023,3.9642,Male,156.0,EAB0775
2000,0.8178,Male,71.0,EAB0776
2001,0.9232,Male,71.0,EAB0777
2002,1.0135,Male,71.0,EAB0778
2003,1.1625,Male,71.0,EAB0779
2004,1.0301,Male,71.0,EAB0780
2005,1.3687,Male,71.0,EAB0781
2006,1.1755,Male,71.0,EAB0782
2007,1.1736,Male,71.0,EAB0783
2008,1.3197,Male,71.0,EAB0784
2009,1.4659,Male,71.0,EAB0785
2010,1.5828,Male,71.0,EAB0786
2011,1.7235,Male,71.0,EAB0787
2012,0.8738,Male,71.0,EAB0788
2013,0.9113,Male,71.0,EAB0789
2014,0.9405,Male,71.0,EAB0790
2015,0.9751,Male,71.0,EAB0791
2016,1.0173,Male,71.0,EAB0792
2017,1.1939,Male,71.0,EAB0793
2018,1.2557,Male,71.0,EAB0794
2019,1.3165,Male,71.0,EAB0795
2020,1.367,Male,71.0,EAB0796
2021,1.3873,Male,71.0,EAB0797
2022,1.5907,Male,71.0,EAB0798
2023,1.6471,Male,71.0,EAB0799
2000,0.3136,Male,15.0,EAB0800
2001,0.3531,Male,15.0,EAB0801
2002,0.4313,Male,15.0,EAB0802
2003,0.5331,Male,15.0,EAB0803
2004,0.6022,Male,15.0,EAB0804
2005,0.6409,Male,15.0,EAB0805
2006,0.6355,Male,15.0,EAB0806
2007,0.6707,Male,15.0,EAB0807
2008,0.7024,Male,15.0,EAB0808
2009,0.7733,Male,15.0,EAB0809
2010,0.9027,Male,15.0,EAB0810
2011,1.0353,Male,15.0,EAB0811
2012,0.5723,Male,15.0,EAB0812
2013,0.6401,Male,15.0,EAB0813
2014,0.7379,Male,15.0,EAB0814
2015,0.7887,Male,15.0,EAB0815
2016,0.8554,Male,15.0,EAB0816
2017,0.9233,Male,15.0,EAB0817
2018,1.0189,Male,15.0,EAB0818
2019,1.1117,Male,15.0,EAB0819
2020,1.1699,Male,15.0,EAB0820
2021,1.1299,Male,15.0,EAB0821
2022,1.1839,Male,15.0,EAB0822
2023,1.1969,Male,15.0,EAB0823
2000,2.0523,Male,108.0,EAB0824
2001,2.0243,Male,108.0,EAB0825
2002,2.0057,Male,108.0,EAB0826
2003,2.1513,Male,108.0,EAB0827
2004,2.0851,Male,108.0,EAB0828
2005,2.1484,Male,108.0,EAB0829
2006,2.202,Male,108.0,EAB0830
2007,2.2415,Male,108.0,EAB0831
2008,2.3506,Male,108.0,EAB0832
2009,2.3516,Male,108.0,EAB0833
2010,2.3572,Male,108.0,EAB0834
2011,2.5027,Male,108.0,EAB0835
2012,1.4079,Male,108.0,EAB0836
2013,1.2899,Male,108.0,EAB0837
2014,1.4381,Male,108.0,EAB0838
2015,1.4407,Male,108.0,EAB0839
2016,1.4489,Male,108.0,EAB0840
2017,1.4521,Male,108.0,EAB0841
2018,1.455,Male,108.0,EAB0842
2019,1.3871,Male,108.0,EAB0843
2020,1.4415,Male,108.0,EAB0844
2021,1.5216,Male,108.0,EAB0845
2022,1.5113,Male,108.0,EAB0846
2023,1.49,Male,108.0,EAB0847
2000,5.945,Male,117.0,EAB0848
2001,5.713,Male,117.0,EAB0849
2002,5.9422,Male,117.0,EAB0850
2003,6.4028,Male,117.0,EAB0851
2004,6.1032,Male,117.0,EAB0852
2005,6.0451,Male,117.0,EAB0853
2006,6.0595,Male,117.0,EAB0854
2007,5.973,Male,117.0,EAB0855
2008,6.0202,Male,117.0,EAB0856
2009,6.0906,Male,117.0,EAB0857
2010,6.0471,Male,117.0,EAB0858
2011,6.4566,Male,117.0,EAB0859
2012,4.285,Male,117.0,EAB0860
2013,3.84,Male,117.0,EAB0861
2014,3.7232,Male,117.0,EAB0862
2015,3.5956,Male,117.0,EAB0863
2016,3.7873,Male,117.0,EAB0864
2017,4.1662,Male,117.0,EAB0865
2018,4.2542,Male,117.0,EAB0866
2019,3.9972,Male,117.0,EAB0867
2020,3.9723,Male,117.0,EAB0868
2021,3.6873,Male,117.0,EAB0869
2022,3.2879,Male,117.0,EAB0870
2023,3.1536,Male,117.0,EAB0871
2000,0.7803,Male,72.0,EAB0872
2001,0.9072,Male,72.0,EAB0873
2002,1.0579,Male,72.0,EAB0874
2003,1.1619,Male,72.0,EAB0875
2004,1.1122,Male,72.0,EAB0876
2005,1.1374,Male,72.0,EAB0877
2006,1.1405,Male,72.0,EAB0878
2007,1.1883,Male,72.0,EAB0879
2008,1.2857,Male,72.0,EAB0880
2009,1.3836,Male,72.0,EAB0881
2010,1.4872,Male,72.0,EAB0882
2011,1.576,Male,72.0,EAB0883
2012,0.7691,Male,72.0,EAB0884
2013,0.7784,Male,72.0,EAB0885
2014,0.8207,Male,72.0,EAB0886
2015,0.8314,Male,72.0,EAB0887
2016,0.8534,Male,72.0,EAB0888
2017,1.0309,Male,72.0,EAB0889
2018,1.1099,Male,72.0,EAB0890
2019,1.192,Male,72.0,EAB0891
2020,1.2697,Male,72.0,EAB0892
2021,1.3077,Male,72.0,EAB0893
2022,1.4112,Male,72.0,EAB0894
2000,19.8827,Male,124.0,EAB0895
2001,17.5776,Male,124.0,EAB0896
2002,15.8711,Male,124.0,EAB0897
2003,18.002,Male,124.0,EAB0898
2004,19.6843,Male,124.0,EAB0899
2005,19.048,Male,124.0,EAB0900
2006,18.5502,Male,124.0,EAB0901
2007,17.6522,Male,124.0,EAB0902
2008,16.9964,Male,124.0,EAB0903
2009,16.3522,Male,124.0,EAB0904
2010,17.68,Male,124.0,EAB0905
2011,17.7523,Male,124.0,EAB0906
2012,11.9667,Male,124.0,EAB0907
2013,11.252,Male,124.0,EAB0908
2014,12.7129,Male,124.0,EAB0909
2015,12.7564,Male,124.0,EAB0910
2016,13.2901,Male,124.0,EAB0911
2017,13.6918,Male,124.0,EAB0912
2018,12.5358,Male,124.0,EAB0913
2019,12.2627,Male,124.0,EAB0914
2020,10.6029,Male,124.0,EAB0915
2021,9.5886,Male,124.0,EAB0916
2022,8.9803,Male,124.0,EAB0917
2023,8.7081,Male,124.0,EAB0918
2000,0.9276,Male,35.0,EAB0919
2001,1.0483,Male,35.0,EAB0920
2002,1.096,Male,35.0,EAB0921
2003,1.095,Male,35.0,EAB0922
2004,1.0496,Male,35.0,EAB0923
2005,1.0458,Male,35.0,EAB0924
2006,1.1203,Male,35.0,EAB0925
2007,1.1093,Male,35.0,EAB0926
2008,1.1486,Male,35.0,EAB0927
2009,1.2104,Male,35.0,EAB0928
2010,1.2548,Male,35.0,EAB0929
2011,1.2029,Male,35.0,EAB0930
2012,0.7373,Male,35.0,EAB0931
2013,0.7296,Male,35.0,EAB0932
2014,0.742,Male,35.0,EAB0933
2015,0.78,Male,35.0,EAB0934
2016,0.8059,Male,35.0,EAB0935
2017,0.9034,Male,35.0,EAB0936
2018,0.9971,Male,35.0,EAB0937
2019,0.984,Male,35.0,EAB0938
2020,1.0697,Male,35.0,EAB0939
2021,1.0605,Male,35.0,EAB0940
2022,1.2474,Male,35.0,EAB0941
2023,1.2218,Male,35.0,EAB0942
2000,0.5003,Male,67.0,EAB0943
2001,0.406,Male,67.0,EAB0944
2002,0.4186,Male,67.0,EAB0945
2003,0.5016,Male,67.0,EAB0946
2004,0.3408,Male,67.0,EAB0947
2005,0.3529,Male,67.0,EAB0948
2006,0.3703,Male,67.0,EAB0949
2007,0.3765,Male,67.0,EAB0950
2008,0.4098,Male,67.0,EAB0951
2009,0.4462,Male,67.0,EAB0952
2010,0.5225,Male,67.0,EAB0953
2011,0.5479,Male,67.0,EAB0954
2012,0.259,Male,67.0,EAB0955
2013,0.2645,Male,67.0,EAB0956
2014,0.2754,Male,67.0,EAB0957
2015,0.3167,Male,67.0,EAB0958
2016,0.3101,Male,67.0,EAB0959
2017,0.3665,Male,67.0,EAB0960
2018,0.3452,Male,67.0,EAB0961
2019,0.3783,Male,67.0,EAB0962
2020,0.4958,Male,67.0,EAB0963
2021,0.5124,Male,67.0,EAB0964
2022,0.6182,Male,67.0,EAB0965
2023,0.7076,Male,67.0,EAB0966
2000,0.0,Male,18.0,EAB0967
2001,0.0,Male,18.0,EAB0968
2002,0.0,Male,18.0,EAB0969
2003,0.0,Male,18.0,EAB0970
2004,0.0,Male,18.0,EAB0971
2005,0.0,Male,18.0,EAB0972
2006,0.0,Male,18.0,EAB0973
2007,0.0,Male,18.0,EAB0974
2008,0.0,Male,18.0,EAB0975
2009,0.0,Male,18.0,EAB0976
2010,0.0,Male,18.0,EAB0977
2011,0.0,Male,18.0,EAB0978
2012,1.1115,Male,18.0,EAB0979
2013,0.2481,Male,18.0,EAB0980
2014,1.651,Male,18.0,EAB0981
2015,1.8388,Male,18.0,EAB0982
2016,2.9241,Male,18.0,EAB0983
2017,2.5905,Male,18.0,EAB0984
2018,2.6435,Male,18.0,EAB0985
2019,2.6501,Male,18.0,EAB0986
2020,3.2915,Male,18.0,EAB0987
2021,1.9114,Male,18.0,EAB0988
2022,2.1084,Male,18.0,EAB0989
2023,1.5896,Male,18.0,EAB0990
2000,1.8405,Male,60.0,EAB0991
2001,6.0626,Male,60.0,EAB0992
2002,9.3799,Male,60.0,EAB0993
2003,12.0471,Male,60.0,EAB0994
2004,22.2686,Male,60.0,EAB0995
2005,21.7512,Male,60.0,EAB0996
2006,25.6776,Male,60.0,EAB0997
2007,27.2059,Male,60.0,EAB0998
2008,26.9434,Male,60.0,EAB0999
2009,26.1597,Male,60.0,EAB1000
2010,24.1285,Male,60.0,EAB1001
2011,22.7144,Male,60.0,EAB1002
2012,14.7896,Male,60.0,EAB1003
2013,13.2284,Male,60.0,EAB1004
2014,13.6259,Male,60.0,EAB1005
2015,14.6389,Male,60.0,EAB1006
2016,12.428,Male,60.0,EAB1007
2017,12.9905,Male,60.0,EAB1008
2018,15.6895,Male,60.0,EAB1009
2019,14.6971,Male,60.0,EAB1010
2020,14.2872,Male,60.0,EAB1011
2021,15.6174,Male,60.0,EAB1012
2022,16.6105,Male,60.0,EAB1013
2023,19.6721,Male,60.0,EAB1014
2000,63.2714,Male,213.0,EAB1015
2001,61.0436,Male,213.0,EAB1016
2002,50.2126,Male,213.0,EAB1017
2003,58.5081,Male,213.0,EAB1018
2004,64.4148,Male,213.0,EAB1019
2005,71.1362,Male,213.0,EAB1020
2006,62.9687,Male,213.0,EAB1021
2007,74.0872,Male,213.0,EAB1022
2008,75.8377,Male,213.0,EAB1023
2009,77.7741,Male,213.0,EAB1024
2010,79.539,Male,213.0,EAB1025
2011,77.0595,Male,213.0,EAB1026
2012,37.3192,Male,213.0,EAB1027
2013,37.3274,Male,213.0,EAB1028
2014,38.5744,Male,213.0,EAB1029
2015,39.2017,Male,213.0,EAB1030
2016,40.9194,Male,213.0,EAB1031
2017,39.5025,Male,213.0,EAB1032
2018,47.1578,Male,213.0,EAB1033
2019,46.4998,Male,213.0,EAB1034
2020,44.6913,Male,213.0,EAB1035
2021,47.4801,Male,213.0,EAB1036
2022,44.5791,Male,213.0,EAB1037
2023,41.7481,Male,213.0,EAB1038
2000,1.0424,Male,168.0,EAB1039
2001,1.2015,Male,168.0,EAB1040
2002,1.3764,Male,168.0,EAB1041
2003,1.5672,Male,168.0,EAB1042
2004,1.5631,Male,168.0,EAB1043
2005,1.6661,Male,168.0,EAB1044
2006,1.8241,Male,168.0,EAB1045
2007,1.9557,Male,168.0,EAB1046
2008,2.6106,Male,168.0,EAB1047
2009,2.9673,Male,168.0,EAB1048
2010,3.2843,Male,168.0,EAB1049
2011,3.514,Male,168.0,EAB1050
2012,1.3136,Male,168.0,EAB1051
2013,1.3913,Male,168.0,EAB1052
2014,1.3753,Male,168.0,EAB1053
2015,1.4589,Male,168.0,EAB1054
2016,1.6247,Male,168.0,EAB1055
2017,1.7965,Male,168.0,EAB1056
2018,1.8415,Male,168.0,EAB1057
2019,1.8867,Male,168.0,EAB1058
2020,1.9215,Male,168.0,EAB1059
2021,1.9248,Male,168.0,EAB1060
2022,1.9743,Male,168.0,EAB1061
2023,1.7817,Male,168.0,EAB1062
2000,2.3416,Male,75.0,EAB1063
2001,2.415,Male,75.0,EAB1064
2002,2.4066,Male,75.0,EAB1065
2003,2.6024,Male,75.0,EAB1066
2004,2.3465,Male,75.0,EAB1067
2005,2.6383,Male,75.0,EAB1068
2006,2.9044,Male,75.0,EAB1069
2007,3.2094,Male,75.0,EAB1070
2008,3.3554,Male,75.0,EAB1071
2009,3.7211,Male,75.0,EAB1072
2010,4.1648,Male,75.0,EAB1073
2011,4.7137,Male,75.0,EAB1074
2012,2.3363,Male,75.0,EAB1075
2013,2.4175,Male,75.0,EAB1076
2014,2.4419,Male,75.0,EAB1077
2015,2.4544,Male,75.0,EAB1078
2016,2.3799,Male,75.0,EAB1079
2017,2.4471,Male,75.0,EAB1080
2018,2.4482,Male,75.0,EAB1081
2019,2.4183,Male,75.0,EAB1082
2020,2.4081,Male,75.0,EAB1083
2021,2.5135,Male,75.0,EAB1084
2022,2.5763,Male,75.0,EAB1085
2023,2.7058,Male,75.0,EAB1086
2000,6.6239,Male,49.0,EAB1087
2001,6.8324,Male,49.0,EAB1088
2002,7.1615,Male,49.0,EAB1089
2003,7.3969,Male,49.0,EAB1090
2004,7.7727,Male,49.0,EAB1091
2005,8.4585,Male,49.0,EAB1092
2006,9.2913,Male,49.0,EAB1093
2007,6.7638,Male,49.0,EAB1094
2008,6.3729,Male,49.0,EAB1095
2009,6.7952,Male,49.0,EAB1096
2010,6.727,Male,49.0,EAB1097
2011,6.6272,Male,49.0,EAB1098
2012,4.1215,Male,49.0,EAB1099
2013,4.0803,Male,49.0,EAB1100
2014,4.4423,Male,49.0,EAB1101
2015,4.5067,Male,49.0,EAB1102
2016,4.484,Male,49.0,EAB1103
2017,4.3583,Male,49.0,EAB1104
2018,4.4701,Male,49.0,EAB1105
2019,4.4723,Male,49.0,EAB1106
2020,4.6008,Male,49.0,EAB1107
2021,5.0107,Male,49.0,EAB1108
2022,5.1552,Male,49.0,EAB1109
2023,5.0616,Male,49.0,EAB1110
2000,26.2605,Male,165.0,EAB1111
2001,25.7236,Male,165.0,EAB1112
2002,25.1357,Male,165.0,EAB1113
2003,23.294,Male,165.0,EAB1114
2004,22.3554,Male,165.0,EAB1115
2005,26.8384,Male,165.0,EAB1116
2006,28.0578,Male,165.0,EAB1117
2007,24.1832,Male,165.0,EAB1118
2008,23.5871,Male,165.0,EAB1119
2009,26.861,Male,165.0,EAB1120
2010,25.5949,Male,165.0,EAB1121
2011,24.3872,Male,165.0,EAB1122
2012,15.6346,Male,165.0,EAB1123
2013,14.3628,Male,165.0,EAB1124
2014,13.0192,Male,165.0,EAB1125
2015,12.9518,Male,165.0,EAB1126
2016,13.9753,Male,165.0,EAB1127
2017,16.3498,Male,165.0,EAB1128
2018,20.1972,Male,165.0,EAB1129
2019,26.9269,Male,165.0,EAB1130
2020,27.1649,Male,165.0,EAB1131
2021,30.4673,Male,165.0,EAB1132
2022,26.3672,Male,165.0,EAB1133
2023,29.6245,Male,165.0,EAB1134
2000,3.8888,Male,30.0,EAB1135
2001,3.9056,Male,30.0,EAB1136
2002,4.1503,Male,30.0,EAB1137
2003,4.3745,Male,30.0,EAB1138
2004,3.5605,Male,30.0,EAB1139
2005,3.6324,Male,30.0,EAB1140
2006,3.4568,Male,30.0,EAB1141
2007,3.3316,Male,30.0,EAB1142
2008,3.2127,Male,30.0,EAB1143
2009,3.2299,Male,30.0,EAB1144
2010,3.2575,Male,30.0,EAB1145
2011,3.5419,Male,30.0,EAB1146
2012,1.5816,Male,30.0,EAB1147
2013,1.3614,Male,30.0,EAB1148
2014,1.3538,Male,30.0,EAB1149
2015,1.2527,Male,30.0,EAB1150
2016,1.2162,Male,30.0,EAB1151
2017,1.2322,Male,30.0,EAB1152
2018,1.3604,Male,30.0,EAB1153
2019,1.3886,Male,30.0,EAB1154
2020,1.4577,Male,30.0,EAB1155
2021,1.4076,Male,30.0,EAB1156
2022,1.4513,Male,30.0,EAB1157
2023,1.4102,Male,30.0,EAB1158
2000,0.3299,Male,32.0,EAB1159
2001,0.4144,Male,32.0,EAB1160
2002,0.4453,Male,32.0,EAB1161
2003,0.5135,Male,32.0,EAB1162
2004,0.4635,Male,32.0,EAB1163
2005,0.4621,Male,32.0,EAB1164
2006,0.4923,Male,32.0,EAB1165
2007,0.5393,Male,32.0,EAB1166
2008,0.5877,Male,32.0,EAB1167
2009,0.7121,Male,32.0,EAB1168
2010,0.8175,Male,32.0,EAB1169
2011,0.8722,Male,32.0,EAB1170
2012,0.4304,Male,32.0,EAB1171
2013,0.4716,Male,32.0,EAB1172
2014,0.4367,Male,32.0,EAB1173
2015,0.4091,Male,32.0,EAB1174
2016,0.3785,Male,32.0,EAB1175
2017,0.4152,Male,32.0,EAB1176
2018,0.4538,Male,32.0,EAB1177
2019,0.4188,Male,32.0,EAB1178
2020,0.4044,Male,32.0,EAB1179
2021,0.3745,Male,32.0,EAB1180
2022,0.5039,Male,32.0,EAB1181
2023,0.534,Male,32.0,EAB1182
2000,0.8986,Male,92.0,EAB1183
2001,0.8216,Male,92.0,EAB1184
2002,0.8944,Male,92.0,EAB1185
2003,1.087,Male,92.0,EAB1186
2004,1.2491,Male,92.0,EAB1187
2005,1.249,Male,92.0,EAB1188
2006,1.2634,Male,92.0,EAB1189
2007,1.1701,Male,92.0,EAB1190
2008,1.1187,Male,92.0,EAB1191
2009,1.1569,Male,92.0,EAB1192
2010,1.1861,Male,92.0,EAB1193
2011,1.2616,Male,92.0,EAB1194
2012,0.7684,Male,92.0,EAB1195
2013,0.6706,Male,92.0,EAB1196
2014,0.664,Male,92.0,EAB1197
2015,0.6666,Male,92.0,EAB1198
2016,0.7256,Male,92.0,EAB1199
2017,0.8744,Male,92.0,EAB1200
2018,1.0601,Male,92.0,EAB1201
2019,1.1361,Male,92.0,EAB1202
2020,1.1658,Male,92.0,EAB1203
2021,1.2115,Male,92.0,EAB1204
2022,1.2593,Male,92.0,EAB1205
2023,1.3055,Male,92.0,EAB1206
2000,0.6346,Male,99.0,EAB1207
2001,0.7411,Male,99.0,EAB1208
2002,0.8602,Male,99.0,EAB1209
2003,0.9814,Male,99.0,EAB1210
2004,0.8843,Male,99.0,EAB1211
2005,0.945,Male,99.0,EAB1212
2006,0.9848,Male,99.0,EAB1213
2007,1.2228,Male,99.0,EAB1214
2008,1.4483,Male,99.0,EAB1215
2009,1.543,Male,99.0,EAB1216
2010,1.6636,Male,99.0,EAB1217
2011,1.7439,Male,99.0,EAB1218
2012,0.8999,Male,99.0,EAB1219
2013,0.8844,Male,99.0,EAB1220
2014,0.965,Male,99.0,EAB1221
2015,1.0341,Male,99.0,EAB1222
2016,1.107,Male,99.0,EAB1223
2017,1.3477,Male,99.0,EAB1224
2018,1.4835,Male,99.0,EAB1225
2019,1.5055,Male,99.0,EAB1226
2020,1.6132,Male,99.0,EAB1227
2021,1.7757,Male,99.0,EAB1228
2022,2.0093,Male,99.0,EAB1229
2023,2.228,Male,99.0,EAB1230
2000,0.2351,Male,95.0,EAB1231
2001,0.2523,Male,95.0,EAB1232
2002,0.2407,Male,95.0,EAB1233
2003,0.2308,Male,95.0,EAB1234
2004,0.2245,Male,95.0,EAB1235
2005,0.23,Male,95.0,EAB1236
2006,0.2346,Male,95.0,EAB1237
2007,0.2489,Male,95.0,EAB1238
2008,0.2746,Male,95.0,EAB1239
2009,0.2823,Male,95.0,EAB1240
2010,0.3097,Male,95.0,EAB1241
2011,0.3376,Male,95.0,EAB1242
2012,0.2468,Male,95.0,EAB1243
2013,0.2828,Male,95.0,EAB1244
2014,0.3225,Male,95.0,EAB1245
2015,0.3581,Male,95.0,EAB1246
2016,0.4227,Male,95.0,EAB1247
2017,0.4744,Male,95.0,EAB1248
2018,0.5524,Male,95.0,EAB1249
2019,0.6151,Male,95.0,EAB1250
2020,0.782,Male,95.0,EAB1251
2021,0.8805,Male,95.0,EAB1252
2022,0.9876,Male,95.0,EAB1253
2023,0.9837,Male,95.0,EAB1254
2000,0.6788,Male,118.0,EAB1255
2001,0.8013,Male,118.0,EAB1256
2002,0.8798,Male,118.0,EAB1257
2003,0.7783,Male,118.0,EAB1258
2004,0.662,Male,118.0,EAB1259
2005,0.7152,Male,118.0,EAB1260
2006,0.7332,Male,118.0,EAB1261
2007,0.7444,Male,118.0,EAB1262
2008,0.7501,Male,118.0,EAB1263
2009,0.658,Male,118.0,EAB1264
2010,0.7687,Male,118.0,EAB1265
2011,0.922,Male,118.0,EAB1266
2012,0.6094,Male,118.0,EAB1267
2013,0.8974,Male,118.0,EAB1268
2014,0.7413,Male,118.0,EAB1269
2015,0.6861,Male,118.0,EAB1270
2016,0.7913,Male,118.0,EAB1271
2017,0.6833,Male,118.0,EAB1272
2018,0.7123,Male,118.0,EAB1273
2019,0.5149,Male,118.0,EAB1274
2020,0.5383,Male,118.0,EAB1275
2021,0.4891,Male,118.0,EAB1276
2022,0.5138,Male,118.0,EAB1277
2023,0.4898,Male,118.0,EAB1278
2000,1.7067,Male,182.0,EAB1279
2001,1.7849,Male,182.0,EAB1280
2002,1.8403,Male,182.0,EAB1281
2003,1.9284,Male,182.0,EAB1282
2004,1.7766,Male,182.0,EAB1283
2005,1.8158,Male,182.0,EAB1284
2006,1.8547,Male,182.0,EAB1285
2007,1.9297,Male,182.0,EAB1286
2008,1.771,Male,182.0,EAB1287
2009,1.859,Male,182.0,EAB1288
2010,2.0115,Male,182.0,EAB1289
2011,2.2446,Male,182.0,EAB1290
2012,1.2406,Male,182.0,EAB1291
2013,1.248,Male,182.0,EAB1292
2014,1.4136,Male,182.0,EAB1293
2015,1.5219,Male,182.0,EAB1294
2016,1.6635,Male,182.0,EAB1295
2017,1.7977,Male,182.0,EAB1296
2018,1.7807,Male,182.0,EAB1297
2019,1.7396,Male,182.0,EAB1298
2020,1.8374,Male,182.0,EAB1299
2021,1.7871,Male,182.0,EAB1300
2022,1.8616,Male,182.0,EAB1301
2023,1.7951,Male,182.0,EAB1302
2000,7.0263,Male,153.0,EAB1303
2001,7.954,Male,153.0,EAB1304
2002,6.9032,Male,153.0,EAB1305
2003,7.7569,Male,153.0,EAB1306
2004,6.3587,Male,153.0,EAB1307
2005,6.4567,Male,153.0,EAB1308
2006,6.3786,Male,153.0,EAB1309
2007,6.1824,Male,153.0,EAB1310
2008,6.6196,Male,153.0,EAB1311
2009,7.1542,Male,153.0,EAB1312
2010,7.6895,Male,153.0,EAB1313
2011,8.52,Male,153.0,EAB1314
2012,3.7923,Male,153.0,EAB1315
2013,3.7855,Male,153.0,EAB1316
2014,4.0872,Male,153.0,EAB1317
2015,4.77,Male,153.0,EAB1318
2016,4.5302,Male,153.0,EAB1319
2017,4.7501,Male,153.0,EAB1320
2018,4.7738,Male,153.0,EAB1321
2019,4.9271,Male,153.0,EAB1322
2020,5.3713,Male,153.0,EAB1323
2021,5.3956,Male,153.0,EAB1324
2022,5.1372,Male,153.0,EAB1325
2023,4.4256,Male,153.0,EAB1326
2000,0.1126,Male,64.0,EAB1327
2001,0.1061,Male,64.0,EAB1328
2002,0.1029,Male,64.0,EAB1329
2003,0.1022,Male,64.0,EAB1330
2004,0.1007,Male,64.0,EAB1331
2005,0.1025,Male,64.0,EAB1332
2006,0.1067,Male,64.0,EAB1333
2007,0.1085,Male,64.0,EAB1334
2008,0.1126,Male,64.0,EAB1335
2009,0.1282,Male,64.0,EAB1336
2010,0.1284,Male,64.0,EAB1337
2011,0.158,Male,64.0,EAB1338
2012,0.1006,Male,64.0,EAB1339
2013,0.0927,Male,64.0,EAB1340
2014,0.0916,Male,64.0,EAB1341
2015,0.0925,Male,64.0,EAB1342
2016,0.0902,Male,64.0,EAB1343
2017,0.0934,Male,64.0,EAB1344
2018,0.0943,Male,64.0,EAB1345
2019,0.0963,Male,64.0,EAB1346
2020,0.0988,Male,64.0,EAB1347
2021,0.1033,Male,64.0,EAB1348
2022,0.118,Male,64.0,EAB1349
2023,0.1208,Male,64.0,EAB1350
2000,5.9183,Male,27.0,EAB1351
2001,5.9073,Male,27.0,EAB1352
2002,6.0005,Male,27.0,EAB1353
2003,6.0845,Male,27.0,EAB1354
2004,3.4043,Male,27.0,EAB1355
2005,3.3565,Male,27.0,EAB1356
2006,3.5663,Male,27.0,EAB1357
2007,3.687,Male,27.0,EAB1358
2008,4.0347,Male,27.0,EAB1359
2009,4.361,Male,27.0,EAB1360
2010,4.5139,Male,27.0,EAB1361
2011,4.6117,Male,27.0,EAB1362
2012,1.7415,Male,27.0,EAB1363
2013,1.7476,Male,27.0,EAB1364
2014,1.8455,Male,27.0,EAB1365
2015,1.9423,Male,27.0,EAB1366
2016,2.1539,Male,27.0,EAB1367
2017,2.3636,Male,27.0,EAB1368
2018,2.4647,Male,27.0,EAB1369
2019,2.5056,Male,27.0,EAB1370
2020,2.4854,Male,27.0,EAB1371
2021,2.2938,Male,27.0,EAB1372
2022,2.0854,Male,27.0,EAB1373
2023,1.9127,Male,27.0,EAB1374
2000,3.5516,Male,190.0,EAB1375
2001,4.0654,Male,190.0,EAB1376
2002,4.4214,Male,190.0,EAB1377
2003,4.1463,Male,190.0,EAB1378
2004,3.6492,Male,190.0,EAB1379
2005,3.7982,Male,190.0,EAB1380
2006,3.81,Male,190.0,EAB1381
2007,3.9553,Male,190.0,EAB1382
2008,3.9074,Male,190.0,EAB1383
2009,4.2523,Male,190.0,EAB1384
2010,3.8673,Male,190.0,EAB1385
2011,3.5265,Male,190.0,EAB1386
2012,1.8216,Male,190.0,EAB1387
2013,1.697,Male,190.0,EAB1388
2014,2.0445,Male,190.0,EAB1389
2015,1.709,Male,190.0,EAB1390
2016,1.7837,Male,190.0,EAB1391
2017,1.9689,Male,190.0,EAB1392
2018,1.6235,Male,190.0,EAB1393
2019,1.8154,Male,190.0,EAB1394
2020,1.8523,Male,190.0,EAB1395
2021,1.6017,Male,190.0,EAB1396
2022,1.8468,Male,190.0,EAB1397
2023,3.2938,Male,190.0,EAB1398
2000,2.4785,Male,179.0,EAB1399
2001,2.5919,Male,179.0,EAB1400
2002,2.7178,Male,179.0,EAB1401
2003,2.7905,Male,179.0,EAB1402
2004,2.2644,Male,179.0,EAB1403
2005,2.3834,Male,179.0,EAB1404
2006,2.5895,Male,179.0,EAB1405
2007,2.6376,Male,179.0,EAB1406
2008,2.2596,Male,179.0,EAB1407
2009,2.5601,Male,179.0,EAB1408
2010,2.7656,Male,179.0,EAB1409
2011,2.9223,Male,179.0,EAB1410
2012,1.5688,Male,179.0,EAB1411
2013,1.8276,Male,179.0,EAB1412
2014,1.9621,Male,179.0,EAB1413
2015,2.0479,Male,179.0,EAB1414
2016,2.1687,Male,179.0,EAB1415
2017,2.2676,Male,179.0,EAB1416
2018,2.3363,Male,179.0,EAB1417
2019,2.3359,Male,179.0,EAB1418
2020,2.3937,Male,179.0,EAB1419
2021,2.274,Male,179.0,EAB1420
2022,2.4227,Male,179.0,EAB1421
2023,2.4457,Male,179.0,EAB1422
2000,0.3631,Male,130.0,EAB1423
2001,1.1286,Male,130.0,EAB1424
2002,1.8616,Male,130.0,EAB1425
2003,2.5952,Male,130.0,EAB1426
2004,3.5997,Male,130.0,EAB1427
2005,2.854,Male,130.0,EAB1428
2006,3.4133,Male,130.0,EAB1429
2007,3.1637,Male,130.0,EAB1430
2008,3.0231,Male,130.0,EAB1431
2009,2.7173,Male,130.0,EAB1432
2010,2.6982,Male,130.0,EAB1433
2011,3.0984,Male,130.0,EAB1434
2012,2.6949,Male,130.0,EAB1435
2013,2.7407,Male,130.0,EAB1436
2014,2.1235,Male,130.0,EAB1437
2015,2.4319,Male,130.0,EAB1438
2016,2.179,Male,130.0,EAB1439
2017,2.3471,Male,130.0,EAB1440
2018,2.4611,Male,130.0,EAB1441
2019,1.0817,Male,130.0,EAB1442
2020,0.8508,Male,130.0,EAB1443
2021,0.9251,Male,130.0,EAB1444
2022,1.3633,Male,130.0,EAB1445
2023,1.1645,Male,130.0,EAB1446
2000,6.0883,Male,101.0,EAB1447
2001,6.1104,Male,101.0,EAB1448
2002,6.5694,Male,101.0,EAB1449
2003,7.1374,Male,101.0,EAB1450
2004,6.7982,Male,101.0,EAB1451
2005,6.8704,Male,101.0,EAB1452
2006,7.155,Male,101.0,EAB1453
2007,7.2665,Male,101.0,EAB1454
2008,7.6225,Male,101.0,EAB1455
2009,7.5536,Male,101.0,EAB1456
2010,8.0518,Male,101.0,EAB1457
2011,8.0916,Male,101.0,EAB1458
2012,4.0945,Male,101.0,EAB1459
2013,3.6976,Male,101.0,EAB1460
2014,3.8398,Male,101.0,EAB1461
2015,3.9243,Male,101.0,EAB1462
2016,4.0525,Male,101.0,EAB1463
2017,4.1236,Male,101.0,EAB1464
2018,4.216,Male,101.0,EAB1465
2019,5.1446,Male,101.0,EAB1466
2020,6.1656,Male,101.0,EAB1467
2021,7.6328,Male,101.0,EAB1468
2022,7.83,Male,101.0,EAB1469
2023,8.0516,Male,101.0,EAB1470
2000,1.1987,Male,189.0,EAB1471
2001,1.3776,Male,189.0,EAB1472
2002,1.5625,Male,189.0,EAB1473
2003,1.578,Male,189.0,EAB1474
2004,1.219,Male,189.0,EAB1475
2005,1.1576,Male,189.0,EAB1476
2006,1.1479,Male,189.0,EAB1477
2007,1.2099,Male,189.0,EAB1478
2008,1.0814,Male,189.0,EAB1479
2009,1.1612,Male,189.0,EAB1480
2010,1.1789,Male,189.0,EAB1481
2011,1.3521,Male,189.0,EAB1482
2012,0.6923,Male,189.0,EAB1483
2013,0.7392,Male,189.0,EAB1484
2014,0.7923,Male,189.0,EAB1485
2015,0.8052,Male,189.0,EAB1486
2016,0.8865,Male,189.0,EAB1487
2017,0.9562,Male,189.0,EAB1488
2018,1.037,Male,189.0,EAB1489
2019,1.0376,Male,189.0,EAB1490
2020,1.0421,Male,189.0,EAB1491
2021,1.0431,Male,189.0,EAB1492
2022,1.0725,Male,189.0,EAB1493
2023,1.0379,Male,189.0,EAB1494
2000,3.1056,Male,163.0,EAB1495
2001,3.0804,Male,163.0,EAB1496
2002,3.0749,Male,163.0,EAB1497
2003,3.1892,Male,163.0,EAB1498
2004,3.3047,Male,163.0,EAB1499
2005,3.4892,Male,163.0,EAB1500
2006,3.7699,Male,163.0,EAB1501
2007,4.3545,Male,163.0,EAB1502
2008,4.6869,Male,163.0,EAB1503
2009,5.1018,Male,163.0,EAB1504
2010,5.2046,Male,163.0,EAB1505
2011,5.4772,Male,163.0,EAB1506
2012,3.8418,Male,163.0,EAB1507
2013,2.7074,Male,163.0,EAB1508
2014,3.8712,Male,163.0,EAB1509
2015,3.6895,Male,163.0,EAB1510
2016,3.9508,Male,163.0,EAB1511
2017,5.5647,Male,163.0,EAB1512
2018,5.0538,Male,163.0,EAB1513
2019,4.5594,Male,163.0,EAB1514
2020,4.3737,Male,163.0,EAB1515
2021,4.4448,Male,163.0,EAB1516
2022,4.169,Male,163.0,EAB1517
2023,4.1967,Male,163.0,EAB1518
2000,0.6186,Male,44.0,EAB1519
2001,0.6465,Male,44.0,EAB1520
2002,0.6893,Male,44.0,EAB1521
2003,0.7423,Male,44.0,EAB1522
2004,0.8354,Male,44.0,EAB1523
2005,0.836,Male,44.0,EAB1524
2006,0.7984,Male,44.0,EAB1525
2007,0.7673,Male,44.0,EAB1526
2008,0.7545,Male,44.0,EAB1527
2009,0.7445,Male,44.0,EAB1528
2010,0.7492,Male,44.0,EAB1529
2011,0.8016,Male,44.0,EAB1530
2012,0.5715,Male,44.0,EAB1531
2013,0.5718,Male,44.0,EAB1532
2014,0.6302,Male,44.0,EAB1533
2015,0.6809,Male,44.0,EAB1534
2016,0.7075,Male,44.0,EAB1535
2017,0.743,Male,44.0,EAB1536
2018,0.8136,Male,44.0,EAB1537
2019,0.8468,Male,44.0,EAB1538
2020,0.8914,Male,44.0,EAB1539
2021,0.9327,Male,44.0,EAB1540
2022,0.9862,Male,44.0,EAB1541
2023,1.0199,Male,44.0,EAB1542
2000,1.6931,Male,125.0,EAB1543
2001,1.9496,Male,125.0,EAB1544
2002,2.1444,Male,125.0,EAB1545
2003,2.3751,Male,125.0,EAB1546
2004,78.1583,Male,125.0,EAB1547
2005,71.043,Male,125.0,EAB1548
2006,71.0215,Male,125.0,EAB1549
2007,69.3437,Male,125.0,EAB1550
2008,66.4498,Male,125.0,EAB1551
2009,64.9788,Male,125.0,EAB1552
2010,64.9592,Male,125.0,EAB1553
2011,66.07,Male,125.0,EAB1554
2012,34.9269,Male,125.0,EAB1555
2013,34.8728,Male,125.0,EAB1556
2014,39.5823,Male,125.0,EAB1557
2015,38.5858,Male,125.0,EAB1558
2016,121.523,Male,125.0,EAB1559
2017,43.9852,Male,125.0,EAB1560
2018,42.8913,Male,125.0,EAB1561
2019,43.3611,Male,125.0,EAB1562
2020,63.9818,Male,125.0,EAB1563
2021,45.4125,Male,125.0,EAB1564
2022,42.0176,Male,125.0,EAB1565
2023,38.5747,Male,125.0,EAB1566
2000,0.899,Male,167.0,EAB1567
2001,0.9569,Male,167.0,EAB1568
2002,1.0,Male,167.0,EAB1569
2003,1.1461,Male,167.0,EAB1570
2004,1.0552,Male,167.0,EAB1571
2005,1.1103,Male,167.0,EAB1572
2006,1.2852,Male,167.0,EAB1573
2007,1.3287,Male,167.0,EAB1574
2008,1.3511,Male,167.0,EAB1575
2009,1.267,Male,167.0,EAB1576
2010,1.4428,Male,167.0,EAB1577
2011,1.4856,Male,167.0,EAB1578
2012,1.0219,Male,167.0,EAB1579
2013,0.9295,Male,167.0,EAB1580
2014,0.9927,Male,167.0,EAB1581
2015,0.9864,Male,167.0,EAB1582
2016,1.0087,Male,167.0,EAB1583
2017,1.0503,Male,167.0,EAB1584
2018,1.0021,Male,167.0,EAB1585
2019,0.9903,Male,167.0,EAB1586
2020,1.0726,Male,167.0,EAB1587
2021,1.0076,Male,167.0,EAB1588
2022,0.9662,Male,167.0,EAB1589
2023,1.105,Male,167.0,EAB1590
2000,1.3619,Male,53.0,EAB1591
2001,1.509,Male,53.0,EAB1592
2002,1.4552,Male,53.0,EAB1593
2003,1.5738,Male,53.0,EAB1594
2004,1.6356,Male,53.0,EAB1595
2005,1.5456,Male,53.0,EAB1596
2006,1.5496,Male,53.0,EAB1597
2007,1.4527,Male,53.0,EAB1598
2008,1.3475,Male,53.0,EAB1599
2009,1.4937,Male,53.0,EAB1600
2010,1.2163,Male,53.0,EAB1601
2011,1.3607,Male,53.0,EAB1602
2012,0.8729,Male,53.0,EAB1603
2013,0.9098,Male,53.0,EAB1604
2014,0.949,Male,53.0,EAB1605
2015,0.9953,Male,53.0,EAB1606
2016,1.0777,Male,53.0,EAB1607
2017,1.0457,Male,53.0,EAB1608
2018,1.1005,Male,53.0,EAB1609
2019,1.2402,Male,53.0,EAB1610
2020,1.2708,Male,53.0,EAB1611
2021,1.346,Male,53.0,EAB1612
2022,1.4777,Male,53.0,EAB1613
2023,1.5883,Male,53.0,EAB1614
2000,2.2903,Male,167.0,EAB1615
2001,2.2396,Male,167.0,EAB1616
2002,1.9082,Male,167.0,EAB1617
2003,2.0533,Male,167.0,EAB1618
2004,2.0317,Male,167.0,EAB1619
2005,1.9975,Male,167.0,EAB1620
2006,2.1616,Male,167.0,EAB1621
2007,2.4346,Male,167.0,EAB1622
2008,2.5465,Male,167.0,EAB1623
2009,2.6292,Male,167.0,EAB1624
2010,2.8107,Male,167.0,EAB1625
2011,2.8325,Male,167.0,EAB1626
2012,2.0034,Male,167.0,EAB1627
2013,2.0728,Male,167.0,EAB1628
2014,2.1887,Male,167.0,EAB1629
2015,2.0841,Male,167.0,EAB1630
2016,2.1947,Male,167.0,EAB1631
2017,2.223,Male,167.0,EAB1632
2018,2.4133,Male,167.0,EAB1633
2019,2.8333,Male,167.0,EAB1634
2020,4.4689,Male,167.0,EAB1635
2021,5.0226,Male,167.0,EAB1636
2022,5.7979,Male,167.0,EAB1637
2023,6.3853,Male,167.0,EAB1638
2000,4.6748,Male,97.0,EAB1639
2001,3.7091,Male,97.0,EAB1640
2002,2.9434,Male,97.0,EAB1641
2003,2.8117,Male,97.0,EAB1642
2004,2.9046,Male,97.0,EAB1643
2005,2.5537,Male,97.0,EAB1644
2006,2.3928,Male,97.0,EAB1645
2007,2.1852,Male,97.0,EAB1646
2008,2.6479,Male,97.0,EAB1647
2009,3.9737,Male,97.0,EAB1648
2010,2.7457,Male,97.0,EAB1649
2011,2.667,Male,97.0,EAB1650
2012,1.7597,Male,97.0,EAB1651
2013,1.4804,Male,97.0,EAB1652
2014,1.5525,Male,97.0,EAB1653
2015,1.5831,Male,97.0,EAB1654
2016,1.5721,Male,97.0,EAB1655
2017,1.6952,Male,97.0,EAB1656
2018,1.6301,Male,97.0,EAB1657
2019,1.5245,Male,97.0,EAB1658
2020,1.4743,Male,97.0,EAB1659
2021,1.5461,Male,97.0,EAB1660
2022,1.4679,Male,97.0,EAB1661
2023,1.4788,Male,97.0,EAB1662
2000,14.8633,Male,135.0,EAB1663
2001,13.6637,Male,135.0,EAB1664
2002,11.9774,Male,135.0,EAB1665
2003,11.1823,Male,135.0,EAB1666
2004,10.8006,Male,135.0,EAB1667
2005,9.9829,Male,135.0,EAB1668
2006,9.481,Male,135.0,EAB1669
2007,9.172,Male,135.0,EAB1670
2008,8.4812,Male,135.0,EAB1671
2009,8.7006,Male,135.0,EAB1672
2010,8.9478,Male,135.0,EAB1673
2011,9.1902,Male,135.0,EAB1674
2012,5.7932,Male,135.0,EAB1675
2013,5.9861,Male,135.0,EAB1676
2014,6.3844,Male,135.0,EAB1677
2015,6.7526,Male,135.0,EAB1678
2016,6.5523,Male,135.0,EAB1679
2017,6.9544,Male,135.0,EAB1680
2018,7.0497,Male,135.0,EAB1681
2019,7.0041,Male,135.0,EAB1682
2020,6.8845,Male,135.0,EAB1683
2021,6.575,Male,135.0,EAB1684
2022,6.8159,Male,135.0,EAB1685
2023,6.445,Male,135.0,EAB1686
2000,9.6835,Male,70.0,EAB1687
2001,8.5815,Male,70.0,EAB1688
2002,7.7112,Male,70.0,EAB1689
2003,7.624,Male,70.0,EAB1690
2004,8.244,Male,70.0,EAB1691
2005,7.9017,Male,70.0,EAB1692
2006,10.5934,Male,70.0,EAB1693
2007,9.5037,Male,70.0,EAB1694
2008,8.7782,Male,70.0,EAB1695
2009,10.5444,Male,70.0,EAB1696
2010,10.8598,Male,70.0,EAB1697
2011,11.1156,Male,70.0,EAB1698
2012,7.2245,Male,70.0,EAB1699
2013,6.5708,Male,70.0,EAB1700
2014,6.0813,Male,70.0,EAB1701
2015,6.1962,Male,70.0,EAB1702
2016,6.1439,Male,70.0,EAB1703
2017,6.0292,Male,70.0,EAB1704
2018,5.8578,Male,70.0,EAB1705
2019,6.7608,Male,70.0,EAB1706
2020,6.8424,Male,70.0,EAB1707
2021,6.0669,Male,70.0,EAB1708
2022,5.4953,Male,70.0,EAB1709
2023,6.2135,Male,70.0,EAB1710
2000,0.2999,Male,68.0,EAB1711
2001,0.3913,Male,68.0,EAB1712
2002,0.4127,Male,68.0,EAB1713
2003,0.4179,Male,68.0,EAB1714
2004,0.4073,Male,68.0,EAB1715
2005,0.4078,Male,68.0,EAB1716
2006,0.397,Male,68.0,EAB1717
2007,0.4287,Male,68.0,EAB1718
2008,0.4458,Male,68.0,EAB1719
2009,0.4174,Male,68.0,EAB1720
2010,0.4323,Male,68.0,EAB1721
2011,0.3519,Male,68.0,EAB1722
2012,0.2243,Male,68.0,EAB1723
2013,0.2028,Male,68.0,EAB1724
2014,0.221,Male,68.0,EAB1725
2015,0.2325,Male,68.0,EAB1726
2016,0.2356,Male,68.0,EAB1727
2017,0.2231,Male,68.0,EAB1728
2018,0.2181,Male,68.0,EAB1729
2019,0.2031,Male,68.0,EAB1730
2020,0.2027,Male,68.0,EAB1731
2021,0.2019,Male,68.0,EAB1732
2022,0.2274,Male,68.0,EAB1733
2023,0.2271,Male,68.0,EAB1734
2000,0.0,Male,197.0,EAB1735
2001,0.0,Male,197.0,EAB1736
2002,0.0,Male,197.0,EAB1737
2003,0.0,Male,197.0,EAB1738
2004,0.0,Male,197.0,EAB1739
2005,0.0,Male,197.0,EAB1740
2006,0.0,Male,197.0,EAB1741
2007,0.0,Male,197.0,EAB1742
2008,0.0,Male,197.0,EAB1743
2009,0.0,Male,197.0,EAB1744
2010,0.0,Male,197.0,EAB1745
2011,0.0,Male,197.0,EAB1746
2012,0.0,Male,197.0,EAB1747
2013,0.0,Male,197.0,EAB1748
2014,0.0,Male,197.0,EAB1749
2015,0.0,Male,197.0,EAB1750
2016,0.0,Male,197.0,EAB1751
2017,0.0,Male,197.0,EAB1752
2018,0.0,Male,197.0,EAB1753
2019,0.0,Male,197.0,EAB1754
2020,0.0,Male,197.0,EAB1755
2021,0.0,Male,197.0,EAB1756
2022,0.0,Male,197.0,EAB1757
2023,0.0,Male,197.0,EAB1758
2000,2.149,Male,201.0,EAB1759
2001,2.0571,Male,201.0,EAB1760
2002,1.9989,Male,201.0,EAB1761
2003,2.9318,Male,201.0,EAB1762
2004,3.2827,Male,201.0,EAB1763
2005,3.4211,Male,201.0,EAB1764
2006,3.4401,Male,201.0,EAB1765
2007,4.3816,Male,201.0,EAB1766
2008,4.4078,Male,201.0,EAB1767
2009,4.8057,Male,201.0,EAB1768
2010,2.5254,Male,201.0,EAB1769
2011,4.755,Male,201.0,EAB1770
2012,2.1745,Male,201.0,EAB1771
2013,1.7777,Male,201.0,EAB1772
2014,1.6192,Male,201.0,EAB1773
2015,1.595,Male,201.0,EAB1774
2016,1.4939,Male,201.0,EAB1775
2017,1.3766,Male,201.0,EAB1776
2018,1.5141,Male,201.0,EAB1777
2019,1.4621,Male,201.0,EAB1778
2020,1.6854,Male,201.0,EAB1779
2021,1.9886,Male,201.0,EAB1780
2022,2.1628,Male,201.0,EAB1781
2023,2.1081,Male,201.0,EAB1782
2001,12.4834,Male,116.0,EAB1783
2002,13.8762,Male,116.0,EAB1784
2003,15.1803,Male,116.0,EAB1785
2004,14.9114,Male,116.0,EAB1786
2005,14.9888,Male,116.0,EAB1787
2006,14.0586,Male,116.0,EAB1788
2007,15.2036,Male,116.0,EAB1789
2008,15.3002,Male,116.0,EAB1790
2009,15.0771,Male,116.0,EAB1791
2010,14.8298,Male,116.0,EAB1792
2011,13.9866,Male,116.0,EAB1793
2012,8.0706,Male,116.0,EAB1794
2013,7.8646,Male,116.0,EAB1795
2014,8.3813,Male,116.0,EAB1796
2015,9.2772,Male,116.0,EAB1797
2016,9.1478,Male,116.0,EAB1798
2017,9.0651,Male,116.0,EAB1799
2018,9.8004,Male,116.0,EAB1800
2019,10.4427,Male,116.0,EAB1801
2020,11.4025,Male,116.0,EAB1802
2021,12.2957,Male,116.0,EAB1803
2022,13.9704,Male,116.0,EAB1804
2023,15.4571,Male,116.0,EAB1805
2000,0.7768,Male,54.0,EAB1806
2001,0.748,Male,54.0,EAB1807
2002,0.7687,Male,54.0,EAB1808
2003,0.7855,Male,54.0,EAB1809
2004,0.7842,Male,54.0,EAB1810
2005,0.8262,Male,54.0,EAB1811
2006,0.7573,Male,54.0,EAB1812
2007,0.8449,Male,54.0,EAB1813
2008,0.8367,Male,54.0,EAB1814
2009,0.8541,Male,54.0,EAB1815
2010,0.88,Male,54.0,EAB1816
2011,0.724,Male,54.0,EAB1817
2012,0.5,Male,54.0,EAB1818
2013,0.4499,Male,54.0,EAB1819
2014,0.4427,Male,54.0,EAB1820
2015,0.4529,Male,54.0,EAB1821
2016,0.4365,Male,54.0,EAB1822
2017,0.4726,Male,54.0,EAB1823
2018,0.4775,Male,54.0,EAB1824
2019,0.4868,Male,54.0,EAB1825
2020,0.5162,Male,54.0,EAB1826
2021,0.5328,Male,54.0,EAB1827
2022,0.6148,Male,54.0,EAB1828
2023,0.6577,Male,54.0,EAB1829
2001,5.4227,Male,85.0,EAB1830
2002,5.4782,Male,85.0,EAB1831
2003,5.7865,Male,85.0,EAB1832
2004,5.8222,Male,85.0,EAB1833
2005,5.9742,Male,85.0,EAB1834
2006,6.0933,Male,85.0,EAB1835
2007,6.2472,Male,85.0,EAB1836
2008,6.3902,Male,85.0,EAB1837
2009,6.7441,Male,85.0,EAB1838
2010,6.9658,Male,85.0,EAB1839
2011,7.1119,Male,85.0,EAB1840
2012,2.5778,Male,85.0,EAB1841
2013,2.6565,Male,85.0,EAB1842
2014,2.8329,Male,85.0,EAB1843
2015,2.9275,Male,85.0,EAB1844
2016,3.2618,Male,85.0,EAB1845
2017,3.4283,Male,85.0,EAB1846
2018,3.6065,Male,85.0,EAB1847
2019,3.7245,Male,85.0,EAB1848
2020,3.7612,Male,85.0,EAB1849
2021,3.8978,Male,85.0,EAB1850
2022,3.8702,Male,85.0,EAB1851
2023,3.6479,Male,85.0,EAB1852
2000,2.192,Male,91.0,EAB1853
2001,2.3778,Male,91.0,EAB1854
2002,2.3559,Male,91.0,EAB1855
2003,2.4148,Male,91.0,EAB1856
2004,2.3414,Male,91.0,EAB1857
2005,2.3477,Male,91.0,EAB1858
2006,2.5162,Male,91.0,EAB1859
2007,2.4659,Male,91.0,EAB1860
2008,2.386,Male,91.0,EAB1861
2009,2.2152,Male,91.0,EAB1862
2010,2.1819,Male,91.0,EAB1863
2011,2.2664,Male,91.0,EAB1864
2012,1.3204,Male,91.0,EAB1865
2013,1.1927,Male,91.0,EAB1866
2014,1.1754,Male,91.0,EAB1867
2015,1.1388,Male,91.0,EAB1868
2016,1.1049,Male,91.0,EAB1869
2017,1.0342,Male,91.0,EAB1870
2018,1.0805,Male,91.0,EAB1871
2019,1.1222,Male,91.0,EAB1872
2020,1.1464,Male,91.0,EAB1873
2021,1.4284,Male,91.0,EAB1874
2022,1.2331,Male,91.0,EAB1875
2023,1.1993,Male,91.0,EAB1876
2000,1.4257,Male,202.0,EAB1877
2001,1.5649,Male,202.0,EAB1878
2002,1.696,Male,202.0,EAB1879
2003,1.7903,Male,202.0,EAB1880
2004,1.7172,Male,202.0,EAB1881
2005,1.8425,Male,202.0,EAB1882
2006,1.9126,Male,202.0,EAB1883
2007,2.0301,Male,202.0,EAB1884
2008,2.0588,Male,202.0,EAB1885
2009,2.2158,Male,202.0,EAB1886
2010,2.3973,Male,202.0,EAB1887
2011,2.4877,Male,202.0,EAB1888
2012,1.0109,Male,202.0,EAB1889
2013,1.1113,Male,202.0,EAB1890
2014,1.2439,Male,202.0,EAB1891
2015,1.4462,Male,202.0,EAB1892
2016,1.6195,Male,202.0,EAB1893
2017,1.7881,Male,202.0,EAB1894
2018,1.9153,Male,202.0,EAB1895
2019,2.0121,Male,202.0,EAB1896
2020,2.1753,Male,202.0,EAB1897
2021,2.2577,Male,202.0,EAB1898
2022,2.2643,Male,202.0,EAB1899
2023,2.2289,Male,202.0,EAB1900
2000,0.3196,Male,196.0,EAB1901
2001,0.3358,Male,196.0,EAB1902
2002,0.3541,Male,196.0,EAB1903
2003,0.3477,Male,196.0,EAB1904
2004,0.2952,Male,196.0,EAB1905
2005,0.2846,Male,196.0,EAB1906
2006,0.2783,Male,196.0,EAB1907
2007,0.3073,Male,196.0,EAB1908
2008,0.3193,Male,196.0,EAB1909
2009,0.334,Male,196.0,EAB1910
2010,0.3437,Male,196.0,EAB1911
2011,0.3392,Male,196.0,EAB1912
2012,0.1874,Male,196.0,EAB1913
2013,0.201,Male,196.0,EAB1914
2014,0.1953,Male,196.0,EAB1915
2015,0.2206,Male,196.0,EAB1916
2016,0.2272,Male,196.0,EAB1917
2017,0.2303,Male,196.0,EAB1918
2018,0.2462,Male,196.0,EAB1919
2019,0.2752,Male,196.0,EAB1920
2020,0.2964,Male,196.0,EAB1921
2021,0.2957,Male,196.0,EAB1922
2022,0.3217,Male,196.0,EAB1923
2023,0.3431,Male,196.0,EAB1924
2000,0.0,Male,129.0,EAB1925
2001,0.0,Male,129.0,EAB1926
2002,0.0,Male,129.0,EAB1927
2003,0.0,Male,129.0,EAB1928
2004,0.0,Male,129.0,EAB1929
2005,0.0,Male,129.0,EAB1930
2006,0.0,Male,129.0,EAB1931
2007,0.0,Male,129.0,EAB1932
2008,0.0,Male,129.0,EAB1933
2009,0.0,Male,129.0,EAB1934
2010,0.0,Male,129.0,EAB1935
2011,0.0,Male,129.0,EAB1936
2012,0.0,Male,129.0,EAB1937
2013,0.0,Male,129.0,EAB1938
2014,0.0,Male,129.0,EAB1939
2015,0.0,Male,129.0,EAB1940
2016,0.0,Male,129.0,EAB1941
2017,0.0,Male,129.0,EAB1942
2018,0.0,Male,129.0,EAB1943
2019,0.0,Male,129.0,EAB1944
2020,0.0,Male,129.0,EAB1945
2021,0.0,Male,129.0,EAB1946
2022,0.0,Male,129.0,EAB1947
2023,0.0,Male,129.0,EAB1948
2000,0.1357,Male,186.0,EAB1949
2001,0.165,Male,186.0,EAB1950
2002,0.1993,Male,186.0,EAB1951
2003,0.2257,Male,186.0,EAB1952
2004,0.2501,Male,186.0,EAB1953
2005,0.2677,Male,186.0,EAB1954
2006,0.2641,Male,186.0,EAB1955
2007,0.2914,Male,186.0,EAB1956
2008,0.3253,Male,186.0,EAB1957
2009,0.3583,Male,186.0,EAB1958
2010,0.3576,Male,186.0,EAB1959
2011,0.3454,Male,186.0,EAB1960
2012,0.2376,Male,186.0,EAB1961
2013,0.2339,Male,186.0,EAB1962
2014,0.2633,Male,186.0,EAB1963
2015,0.3024,Male,186.0,EAB1964
2016,0.3461,Male,186.0,EAB1965
2017,0.3831,Male,186.0,EAB1966
2018,0.4166,Male,186.0,EAB1967
2019,0.4888,Male,186.0,EAB1968
2020,0.5337,Male,186.0,EAB1969
2021,0.5178,Male,186.0,EAB1970
2022,0.6109,Male,186.0,EAB1971
2023,0.7739,Male,186.0,EAB1972
2000,10.6856,Male,24.0,EAB1973
2001,9.3459,Male,24.0,EAB1974
2002,9.1159,Male,24.0,EAB1975
2003,9.6334,Male,24.0,EAB1976
2004,10.8128,Male,24.0,EAB1977
2005,11.948,Male,24.0,EAB1978
2006,12.2713,Male,24.0,EAB1979
2007,11.6657,Male,24.0,EAB1980
2008,10.9056,Male,24.0,EAB1981
2009,11.5357,Male,24.0,EAB1982
2010,13.1169,Male,24.0,EAB1983
2011,14.1123,Male,24.0,EAB1984
2012,5.4035,Male,24.0,EAB1985
2013,4.868,Male,24.0,EAB1986
2014,4.6089,Male,24.0,EAB1987
2015,4.3939,Male,24.0,EAB1988
2016,4.167,Male,24.0,EAB1989
2017,4.1369,Male,24.0,EAB1990
2018,4.1119,Male,24.0,EAB1991
2019,4.0507,Male,24.0,EAB1992
2020,3.827,Male,24.0,EAB1993
2021,3.9343,Male,24.0,EAB1994
2022,4.1534,Male,24.0,EAB1995
2023,4.043,Male,24.0,EAB1996
2000,0.4602,Male,103.0,EAB1997
2001,0.4318,Male,103.0,EAB1998
2002,0.4189,Male,103.0,EAB1999
2003,0.4356,Male,103.0,EAB2000
2004,0.4528,Male,103.0,EAB2001
2005,0.4911,Male,103.0,EAB2002
2006,0.5197,Male,103.0,EAB2003
2007,0.6078,Male,103.0,EAB2004
2008,0.693,Male,103.0,EAB2005
2009,0.8471,Male,103.0,EAB2006
2010,0.9791,Male,103.0,EAB2007
2011,1.1632,Male,103.0,EAB2008
2012,0.7348,Male,103.0,EAB2009
2013,0.7199,Male,103.0,EAB2010
2014,0.7985,Male,103.0,EAB2011
2015,0.8402,Male,103.0,EAB2012
2016,0.8979,Male,103.0,EAB2013
2017,0.9445,Male,103.0,EAB2014
2018,1.0403,Male,103.0,EAB2015
2019,1.115,Male,103.0,EAB2016
2020,1.2872,Male,103.0,EAB2017
2021,1.3775,Male,103.0,EAB2018
2022,1.6076,Male,103.0,EAB2019
2023,1.7939,Male,103.0,EAB2020
2000,0.4074,Male,137.0,EAB2021
2001,0.4013,Male,137.0,EAB2022
2002,0.3899,Male,137.0,EAB2023
2003,0.3923,Male,137.0,EAB2024
2004,0.3097,Male,137.0,EAB2025
2005,0.3859,Male,137.0,EAB2026
2006,0.4802,Male,137.0,EAB2027
2007,0.5612,Male,137.0,EAB2028
2008,0.6641,Male,137.0,EAB2029
2009,0.7159,Male,137.0,EAB2030
2010,0.8229,Male,137.0,EAB2031
2011,0.8255,Male,137.0,EAB2032
2012,0.6093,Male,137.0,EAB2033
2013,0.7207,Male,137.0,EAB2034
2014,1.0005,Male,137.0,EAB2035
2015,1.1082,Male,137.0,EAB2036
2016,1.2413,Male,137.0,EAB2037
2017,1.1082,Male,137.0,EAB2038
2018,1.1349,Male,137.0,EAB2039
2019,1.193,Male,137.0,EAB2040
2020,1.425,Male,137.0,EAB2041
2021,1.495,Male,137.0,EAB2042
2022,1.4159,Male,137.0,EAB2043
2023,1.3653,Male,137.0,EAB2044
2000,22.1623,Male,106.0,EAB2045
2001,23.8406,Male,106.0,EAB2046
2002,26.3016,Male,106.0,EAB2047
2003,27.4866,Male,106.0,EAB2048
2004,19.3309,Male,106.0,EAB2049
2005,20.7421,Male,106.0,EAB2050
2006,22.138,Male,106.0,EAB2051
2007,22.5174,Male,106.0,EAB2052
2008,20.8048,Male,106.0,EAB2053
2009,22.0547,Male,106.0,EAB2054
2010,23.869,Male,106.0,EAB2055
2011,22.4612,Male,106.0,EAB2056
2012,9.9226,Male,106.0,EAB2057
2013,9.8739,Male,106.0,EAB2058
2014,9.5721,Male,106.0,EAB2059
2015,9.2733,Male,106.0,EAB2060
2016,9.6868,Male,106.0,EAB2061
2017,9.054,Male,106.0,EAB2062
2018,9.6498,Male,106.0,EAB2063
2019,8.5931,Male,106.0,EAB2064
2020,9.1215,Male,106.0,EAB2065
2021,9.1812,Male,106.0,EAB2066
2022,8.7512,Male,106.0,EAB2067
2023,7.7822,Male,106.0,EAB2068
2000,5.4134,Male,74.0,EAB2069
2001,6.2178,Male,74.0,EAB2070
2002,4.6918,Male,74.0,EAB2071
2003,4.4915,Male,74.0,EAB2072
2004,3.9047,Male,74.0,EAB2073
2005,4.2025,Male,74.0,EAB2074
2006,4.2491,Male,74.0,EAB2075
2007,4.3111,Male,74.0,EAB2076
2008,4.6291,Male,74.0,EAB2077
2009,4.5949,Male,74.0,EAB2078
2010,4.6521,Male,74.0,EAB2079
2011,4.6987,Male,74.0,EAB2080
2012,3.7195,Male,74.0,EAB2081
2013,3.3936,Male,74.0,EAB2082
2014,3.3365,Male,74.0,EAB2083
2015,3.071,Male,74.0,EAB2084
2016,3.112,Male,74.0,EAB2085
2017,3.1102,Male,74.0,EAB2086
2018,3.2638,Male,74.0,EAB2087
2019,3.1003,Male,74.0,EAB2088
2020,3.3467,Male,74.0,EAB2089
2021,3.2927,Male,74.0,EAB2090
2022,3.1691,Male,74.0,EAB2091
2023,2.9826,Male,74.0,EAB2092
2000,2.193,Male,3.0,EAB2093
2001,2.3175,Male,3.0,EAB2094
2002,2.3587,Male,3.0,EAB2095
2003,2.5074,Male,3.0,EAB2096
2004,2.0078,Male,3.0,EAB2097
2005,2.0287,Male,3.0,EAB2098
2006,2.0444,Male,3.0,EAB2099
2007,2.1961,Male,3.0,EAB2100
2008,2.1705,Male,3.0,EAB2101
2009,2.3946,Male,3.0,EAB2102
2010,2.6267,Male,3.0,EAB2103
2011,2.821,Male,3.0,EAB2104
2012,1.528,Male,3.0,EAB2105
2013,1.6176,Male,3.0,EAB2106
2014,1.7662,Male,3.0,EAB2107
2015,1.9734,Male,3.0,EAB2108
2016,2.1645,Male,3.0,EAB2109
2017,2.4237,Male,3.0,EAB2110
2018,2.4243,Male,3.0,EAB2111
2019,2.5207,Male,3.0,EAB2112
2020,2.6157,Male,3.0,EAB2113
2021,2.6312,Male,3.0,EAB2114
2022,2.7145,Male,3.0,EAB2115
2023,2.714,Male,3.0,EAB2116
2000,3.8407,Male,194.0,EAB2117
2001,3.9562,Male,194.0,EAB2118
2002,4.0932,Male,194.0,EAB2119
2003,4.7902,Male,194.0,EAB2120
2004,5.1568,Male,194.0,EAB2121
2005,4.8352,Male,194.0,EAB2122
2006,4.5276,Male,194.0,EAB2123
2007,4.6262,Male,194.0,EAB2124
2008,4.3836,Male,194.0,EAB2125
2009,4.1981,Male,194.0,EAB2126
2010,4.006,Male,194.0,EAB2127
2011,3.3719,Male,194.0,EAB2128
2012,1.7489,Male,194.0,EAB2129
2013,1.3633,Male,194.0,EAB2130
2014,1.3769,Male,194.0,EAB2131
2015,1.435,Male,194.0,EAB2132
2016,1.2791,Male,194.0,EAB2133
2017,1.8965,Male,194.0,EAB2134
2018,1.864,Male,194.0,EAB2135
2019,1.8408,Male,194.0,EAB2136
2020,1.963,Male,194.0,EAB2137
2021,1.9801,Male,194.0,EAB2138
2022,2.0085,Male,194.0,EAB2139
2023,2.1544,Male,194.0,EAB2140
2001,4.5922,Male,115.0,EAB2141
2002,4.5846,Male,115.0,EAB2142
2003,4.4336,Male,115.0,EAB2143
2004,4.3016,Male,115.0,EAB2144
2005,4.215,Male,115.0,EAB2145
2006,4.1695,Male,115.0,EAB2146
2007,4.2037,Male,115.0,EAB2147
2008,4.212,Male,115.0,EAB2148
2009,4.3766,Male,115.0,EAB2149
2010,4.3964,Male,115.0,EAB2150
2011,4.4686,Male,115.0,EAB2151
2012,3.2975,Male,115.0,EAB2152
2013,3.4875,Male,115.0,EAB2153
2014,3.2889,Male,115.0,EAB2154
2015,3.1436,Male,115.0,EAB2155
2016,3.1141,Male,115.0,EAB2156
2017,2.907,Male,115.0,EAB2157
2018,3.1037,Male,115.0,EAB2158
2019,3.1332,Male,115.0,EAB2159
2020,3.3267,Male,115.0,EAB2160
2021,3.3574,Male,115.0,EAB2161
2022,3.5202,Male,115.0,EAB2162
2023,3.621,Male,115.0,EAB2163
2000,1.3936,Male,42.0,EAB2164
2001,1.5057,Male,42.0,EAB2165
2002,1.5801,Male,42.0,EAB2166
2003,1.5749,Male,42.0,EAB2167
2004,1.5704,Male,42.0,EAB2168
2005,1.678,Male,42.0,EAB2169
2006,1.6057,Male,42.0,EAB2170
2007,1.5493,Male,42.0,EAB2171
2008,1.4383,Male,42.0,EAB2172
2009,1.3233,Male,42.0,EAB2173
2010,1.2594,Male,42.0,EAB2174
2011,1.2143,Male,42.0,EAB2175
2012,0.5279,Male,42.0,EAB2176
2013,0.4793,Male,42.0,EAB2177
2014,0.4834,Male,42.0,EAB2178
2015,0.4283,Male,42.0,EAB2179
2016,0.4373,Male,42.0,EAB2180
2017,0.4372,Male,42.0,EAB2181
2018,0.4172,Male,42.0,EAB2182
2019,0.4035,Male,42.0,EAB2183
2020,0.4034,Male,42.0,EAB2184
2021,0.3941,Male,42.0,EAB2185
2022,0.4294,Male,42.0,EAB2186
2023,0.4582,Male,42.0,EAB2187
2000,3.0382,Male,104.0,EAB2188
2001,3.4551,Male,104.0,EAB2189
2002,3.9234,Male,104.0,EAB2190
2003,3.5509,Male,104.0,EAB2191
2004,3.6665,Male,104.0,EAB2192
2005,3.749,Male,104.0,EAB2193
2006,3.3981,Male,104.0,EAB2194
2007,3.5921,Male,104.0,EAB2195
2008,5.6879,Male,104.0,EAB2196
2009,4.385,Male,104.0,EAB2197
2010,4.8774,Male,104.0,EAB2198
2011,5.3971,Male,104.0,EAB2199
2012,4.6426,Male,104.0,EAB2200
2013,6.2364,Male,104.0,EAB2201
2014,8.0523,Male,104.0,EAB2202
2015,9.9501,Male,104.0,EAB2203
2016,12.056,Male,104.0,EAB2204
2017,11.6689,Male,104.0,EAB2205
2018,12.6475,Male,104.0,EAB2206
2019,12.9712,Male,104.0,EAB2207
2020,11.3118,Male,104.0,EAB2208
2021,11.0517,Male,104.0,EAB2209
2022,10.1681,Male,104.0,EAB2210
2023,9.1213,Male,104.0,EAB2211
2000,0.6765,Male,123.0,EAB2212
2001,0.7495,Male,123.0,EAB2213
2002,0.7876,Male,123.0,EAB2214
2003,0.8037,Male,123.0,EAB2215
2004,0.782,Male,123.0,EAB2216
2005,0.7438,Male,123.0,EAB2217
2006,0.7079,Male,123.0,EAB2218
2007,0.6765,Male,123.0,EAB2219
2008,0.6672,Male,123.0,EAB2220
2009,0.664,Male,123.0,EAB2221
2010,0.6267,Male,123.0,EAB2222
2011,0.666,Male,123.0,EAB2223
2012,0.3361,Male,123.0,EAB2224
2013,0.316,Male,123.0,EAB2225
2014,0.3127,Male,123.0,EAB2226
2015,0.3277,Male,123.0,EAB2227
2016,0.3253,Male,123.0,EAB2228
2017,0.3401,Male,123.0,EAB2229
2018,0.3399,Male,123.0,EAB2230
2019,0.3431,Male,123.0,EAB2231
2020,0.3323,Male,123.0,EAB2232
2021,0.3204,Male,123.0,EAB2233
2022,0.3544,Male,123.0,EAB2234
2023,0.404,Male,123.0,EAB2235
2000,1.3543,Male,78.0,EAB2236
2001,1.4364,Male,78.0,EAB2237
2002,1.4966,Male,78.0,EAB2238
2003,1.1712,Male,78.0,EAB2239
2004,1.271,Male,78.0,EAB2240
2005,1.1703,Male,78.0,EAB2241
2006,1.3384,Male,78.0,EAB2242
2007,1.4443,Male,78.0,EAB2243
2008,1.466,Male,78.0,EAB2244
2009,1.456,Male,78.0,EAB2245
2010,1.6129,Male,78.0,EAB2246
2011,1.8494,Male,78.0,EAB2247
2012,1.5285,Male,78.0,EAB2248
2013,1.5108,Male,78.0,EAB2249
2014,2.1386,Male,78.0,EAB2250
2015,2.4896,Male,78.0,EAB2251
2016,3.1265,Male,78.0,EAB2252
2017,3.079,Male,78.0,EAB2253
2018,3.5818,Male,78.0,EAB2254
2019,3.6862,Male,78.0,EAB2255
2020,4.1074,Male,78.0,EAB2256
2021,4.5954,Male,78.0,EAB2257
2022,5.0548,Male,78.0,EAB2258
2023,4.5981,Male,78.0,EAB2259
2000,0.2876,Male,211.0,EAB2260
2001,0.2853,Male,211.0,EAB2261
2002,0.2852,Male,211.0,EAB2262
2003,0.3234,Male,211.0,EAB2263
2004,0.323,Male,211.0,EAB2264
2005,0.3169,Male,211.0,EAB2265
2006,0.3282,Male,211.0,EAB2266
2007,0.3725,Male,211.0,EAB2267
2008,0.3978,Male,211.0,EAB2268
2009,0.4811,Male,211.0,EAB2269
2010,0.5141,Male,211.0,EAB2270
2011,0.5186,Male,211.0,EAB2271
2012,0.3588,Male,211.0,EAB2272
2013,0.3697,Male,211.0,EAB2273
2014,0.4094,Male,211.0,EAB2274
2015,0.4448,Male,211.0,EAB2275
2016,0.4686,Male,211.0,EAB2276
2017,0.5175,Male,211.0,EAB2277
2018,0.5595,Male,211.0,EAB2278
2019,0.614,Male,211.0,EAB2279
2020,0.6625,Male,211.0,EAB2280
2021,0.6246,Male,211.0,EAB2281
2022,0.6147,Male,211.0,EAB2282
2023,0.6987,Male,211.0,EAB2283
2000,23.6553,Male,119.0,EAB2284
2001,22.3482,Male,119.0,EAB2285
2002,21.0553,Male,119.0,EAB2286
2003,20.1796,Male,119.0,EAB2287
2004,19.8352,Male,119.0,EAB2288
2005,18.7164,Male,119.0,EAB2289
2006,18.492,Male,119.0,EAB2290
2007,18.4039,Male,119.0,EAB2291
2008,18.6734,Male,119.0,EAB2292
2009,19.1658,Male,119.0,EAB2293
2010,19.5201,Male,119.0,EAB2294
2011,19.7861,Male,119.0,EAB2295
2012,13.5576,Male,119.0,EAB2296
2013,13.0838,Male,119.0,EAB2297
2014,13.4143,Male,119.0,EAB2298
2015,12.5951,Male,119.0,EAB2299
2016,12.6537,Male,119.0,EAB2300
2017,12.534,Male,119.0,EAB2301
2018,13.1617,Male,119.0,EAB2302
2019,12.7641,Male,119.0,EAB2303
2020,11.9258,Male,119.0,EAB2304
2021,11.5188,Male,119.0,EAB2305
2022,12.4816,Male,119.0,EAB2306
2023,12.6901,Male,119.0,EAB2307
2000,20.0197,Male,170.0,EAB2308
2001,19.8221,Male,170.0,EAB2309
2002,21.3958,Male,170.0,EAB2310
2003,19.6596,Male,170.0,EAB2311
2004,19.2637,Male,170.0,EAB2312
2005,21.9014,Male,170.0,EAB2313
2006,23.2271,Male,170.0,EAB2314
2007,24.8905,Male,170.0,EAB2315
2008,23.275,Male,170.0,EAB2316
2009,26.6945,Male,170.0,EAB2317
2010,26.5254,Male,170.0,EAB2318
2011,26.3449,Male,170.0,EAB2319
2012,18.56,Male,170.0,EAB2320
2013,16.7458,Male,170.0,EAB2321
2014,15.1742,Male,170.0,EAB2322
2015,16.3938,Male,170.0,EAB2323
2016,18.9428,Male,170.0,EAB2324
2017,16.3056,Male,170.0,EAB2325
2018,17.0025,Male,170.0,EAB2326
2019,18.066,Male,170.0,EAB2327
2020,16.5151,Male,170.0,EAB2328
2021,23.8163,Male,170.0,EAB2329
2022,20.6531,Male,170.0,EAB2330
2023,22.2756,Male,170.0,EAB2331
2000,5.2316,Male,199.0,EAB2332
2001,5.3447,Male,199.0,EAB2333
2002,5.7057,Male,199.0,EAB2334
2003,5.3513,Male,199.0,EAB2335
2004,6.5078,Male,199.0,EAB2336
2005,6.6323,Male,199.0,EAB2337
2006,6.3339,Male,199.0,EAB2338
2007,6.1964,Male,199.0,EAB2339
2008,6.8153,Male,199.0,EAB2340
2009,7.4609,Male,199.0,EAB2341
2010,8.0831,Male,199.0,EAB2342
2011,9.3601,Male,199.0,EAB2343
2012,9.8164,Male,199.0,EAB2344
2013,10.2116,Male,199.0,EAB2345
2014,14.5264,Male,199.0,EAB2346
2015,14.6431,Male,199.0,EAB2347
2016,14.3085,Male,199.0,EAB2348
2017,13.1091,Male,199.0,EAB2349
2018,13.428,Male,199.0,EAB2350
2019,12.3823,Male,199.0,EAB2351
2020,12.0591,Male,199.0,EAB2352
2021,12.7871,Male,199.0,EAB2353
2022,13.5861,Male,199.0,EAB2354
2023,12.3243,Male,199.0,EAB2355
2000,4.2819,Male,51.0,EAB2356
2001,4.767,Male,51.0,EAB2357
2002,5.3545,Male,51.0,EAB2358
2003,5.7642,Male,51.0,EAB2359
2004,5.8423,Male,51.0,EAB2360
2005,5.652,Male,51.0,EAB2361
2006,5.8962,Male,51.0,EAB2362
2007,5.7661,Male,51.0,EAB2363
2008,5.8966,Male,51.0,EAB2364
2009,5.6727,Male,51.0,EAB2365
2010,5.3325,Male,51.0,EAB2366
2011,5.3795,Male,51.0,EAB2367
2012,3.4405,Male,51.0,EAB2368
2013,3.3536,Male,51.0,EAB2369
2014,3.295,Male,51.0,EAB2370
2015,3.2607,Male,51.0,EAB2371
2016,3.8546,Male,51.0,EAB2372
2017,4.4853,Male,51.0,EAB2373
2018,4.6171,Male,51.0,EAB2374
2019,4.7655,Male,51.0,EAB2375
2020,5.2191,Male,51.0,EAB2376
2021,5.911,Male,51.0,EAB2377
2022,6.6083,Male,51.0,EAB2378
2023,6.8647,Male,51.0,EAB2379
2000,0.5446,Male,88.0,EAB2380
2001,0.5677,Male,88.0,EAB2381
2002,0.5863,Male,88.0,EAB2382
2003,0.6296,Male,88.0,EAB2383
2004,0.5239,Male,88.0,EAB2384
2005,0.484,Male,88.0,EAB2385
2006,0.465,Male,88.0,EAB2386
2007,0.4399,Male,88.0,EAB2387
2008,0.4723,Male,88.0,EAB2388
2009,0.4082,Male,88.0,EAB2389
2010,0.4248,Male,88.0,EAB2390
2011,0.4017,Male,88.0,EAB2391
2012,0.2831,Male,88.0,EAB2392
2013,0.2455,Male,88.0,EAB2393
2014,0.287,Male,88.0,EAB2394
2015,0.2946,Male,88.0,EAB2395
2016,0.2901,Male,88.0,EAB2396
2017,0.3053,Male,88.0,EAB2397
2018,0.3091,Male,88.0,EAB2398
2019,0.3189,Male,88.0,EAB2399
2020,0.3435,Male,88.0,EAB2400
2021,0.3978,Male,88.0,EAB2401
2022,0.4764,Male,88.0,EAB2402
2023,0.4311,Male,88.0,EAB2403
2000,0.5232,Male,138.0,EAB2404
2001,0.6808,Male,138.0,EAB2405
2002,0.7775,Male,138.0,EAB2406
2003,0.7981,Male,138.0,EAB2407
2004,0.966,Male,138.0,EAB2408
2005,1.0437,Male,138.0,EAB2409
2006,0.9821,Male,138.0,EAB2410
2007,1.2002,Male,138.0,EAB2411
2008,1.1627,Male,138.0,EAB2412
2009,1.7349,Male,138.0,EAB2413
2010,2.1623,Male,138.0,EAB2414
2011,2.1374,Male,138.0,EAB2415
2012,1.846,Male,138.0,EAB2416
2013,2.0416,Male,138.0,EAB2417
2014,2.7142,Male,138.0,EAB2418
2015,3.1668,Male,138.0,EAB2419
2016,3.4436,Male,138.0,EAB2420
2017,3.0762,Male,138.0,EAB2421
2018,2.7789,Male,138.0,EAB2422
2019,2.4546,Male,138.0,EAB2423
2020,2.189,Male,138.0,EAB2424
2021,1.962,Male,138.0,EAB2425
2022,1.9074,Male,138.0,EAB2426
2023,1.7938,Male,138.0,EAB2427
2000,12.5881,Male,171.0,EAB2428
2001,12.6374,Male,171.0,EAB2429
2002,11.2125,Male,171.0,EAB2430
2003,13.9,Male,171.0,EAB2431
2004,12.7367,Male,171.0,EAB2432
2005,13.0841,Male,171.0,EAB2433
2006,12.5532,Male,171.0,EAB2434
2007,14.8026,Male,171.0,EAB2435
2008,14.5185,Male,171.0,EAB2436
2009,15.3947,Male,171.0,EAB2437
2010,14.9618,Male,171.0,EAB2438
2011,14.4098,Male,171.0,EAB2439
2012,7.7403,Male,171.0,EAB2440
2013,6.0452,Male,171.0,EAB2441
2014,5.85,Male,171.0,EAB2442
2015,5.322,Male,171.0,EAB2443
2016,5.2431,Male,171.0,EAB2444
2017,5.0523,Male,171.0,EAB2445
2018,5.0951,Male,171.0,EAB2446
2019,5.3221,Male,171.0,EAB2447
2020,5.0714,Male,171.0,EAB2448
2021,5.0959,Male,171.0,EAB2449
2022,4.6842,Male,171.0,EAB2450
2023,4.998,Male,171.0,EAB2451
2000,53.3708,Male,160.0,EAB2452
2001,52.439,Male,160.0,EAB2453
2002,56.25,Male,160.0,EAB2454
2003,59.9442,Male,160.0,EAB2455
2004,62.4198,Male,160.0,EAB2456
2005,63.379,Male,160.0,EAB2457
2006,80.7512,Male,160.0,EAB2458
2007,83.88,Male,160.0,EAB2459
2008,77.8475,Male,160.0,EAB2460
2009,80.0368,Male,160.0,EAB2461
2010,87.1278,Male,160.0,EAB2462
2011,83.858,Male,160.0,EAB2463
2012,41.3045,Male,160.0,EAB2464
2013,44.0395,Male,160.0,EAB2465
2014,43.2098,Male,160.0,EAB2466
2015,44.6662,Male,160.0,EAB2467
2016,49.3759,Male,160.0,EAB2468
2017,48.3189,Male,160.0,EAB2469
2018,48.9091,Male,160.0,EAB2470
2019,53.5178,Male,160.0,EAB2471
2020,54.4516,Male,160.0,EAB2472
2021,57.9524,Male,160.0,EAB2473
2022,58.404,Male,160.0,EAB2474
2023,57.5816,Male,160.0,EAB2475
2000,0.7025,Male,14.0,EAB2476
2001,0.7764,Male,14.0,EAB2477
2002,0.9209,Male,14.0,EAB2478
2003,1.0145,Male,14.0,EAB2479
2004,0.9875,Male,14.0,EAB2480
2005,1.0677,Male,14.0,EAB2481
2006,1.2155,Male,14.0,EAB2482
2007,1.457,Male,14.0,EAB2483
2008,1.7796,Male,14.0,EAB2484
2009,1.9528,Male,14.0,EAB2485
2010,2.0451,Male,14.0,EAB2486
2011,2.0288,Male,14.0,EAB2487
2012,1.3042,Male,14.0,EAB2488
2013,1.237,Male,14.0,EAB2489
2014,1.2042,Male,14.0,EAB2490
2015,1.2237,Male,14.0,EAB2491
2016,1.3273,Male,14.0,EAB2492
2017,1.4985,Male,14.0,EAB2493
2018,1.744,Male,14.0,EAB2494
2019,2.0271,Male,14.0,EAB2495
2020,2.1459,Male,14.0,EAB2496
2021,1.9465,Male,14.0,EAB2497
2022,2.0366,Male,14.0,EAB2498
2023,2.5171,Male,14.0,EAB2499
2000,1.7247,Male,128.0,EAB2500
2001,1.9501,Male,128.0,EAB2501
2002,3.4255,Male,128.0,EAB2502
2003,4.27,Male,128.0,EAB2503
2004,3.9641,Male,128.0,EAB2504
2005,3.6992,Male,128.0,EAB2505
2006,3.5023,Male,128.0,EAB2506
2007,3.4807,Male,128.0,EAB2507
2008,3.7788,Male,128.0,EAB2508
2009,3.6853,Male,128.0,EAB2509
2010,3.7624,Male,128.0,EAB2510
2011,3.7348,Male,128.0,EAB2511
2012,1.1562,Male,128.0,EAB2512
2013,1.1024,Male,128.0,EAB2513
2014,1.1292,Male,128.0,EAB2514
2015,1.1721,Male,128.0,EAB2515
2016,1.2819,Male,128.0,EAB2516
2017,1.3034,Male,128.0,EAB2517
2018,1.2975,Male,128.0,EAB2518
2019,1.2685,Male,128.0,EAB2519
2020,1.1326,Male,128.0,EAB2520
2021,1.0292,Male,128.0,EAB2521
2022,1.0381,Male,128.0,EAB2522
2023,1.0647,Male,128.0,EAB2523
2000,3.3006,Male,21.0,EAB2524
2001,4.063,Male,21.0,EAB2525
2002,4.4106,Male,21.0,EAB2526
2003,4.8995,Male,21.0,EAB2527
2004,4.5208,Male,21.0,EAB2528
2005,4.7446,Male,21.0,EAB2529
2006,4.8663,Male,21.0,EAB2530
2007,5.0918,Male,21.0,EAB2531
2008,5.5167,Male,21.0,EAB2532
2009,6.2348,Male,21.0,EAB2533
2010,7.2241,Male,21.0,EAB2534
2011,8.9591,Male,21.0,EAB2535
2012,4.4822,Male,21.0,EAB2536
2013,4.5742,Male,21.0,EAB2537
2014,4.5114,Male,21.0,EAB2538
2015,4.5084,Male,21.0,EAB2539
2016,4.4965,Male,21.0,EAB2540
2017,4.6878,Male,21.0,EAB2541
2018,5.0706,Male,21.0,EAB2542
2019,5.5213,Male,21.0,EAB2543
2020,5.7175,Male,21.0,EAB2544
2021,5.5824,Male,21.0,EAB2545
2022,4.9615,Male,21.0,EAB2546
2023,4.3601,Male,21.0,EAB2547
2000,57.6628,Male,37.0,EAB2548
2001,56.8836,Male,37.0,EAB2549
2002,58.0258,Male,37.0,EAB2550
2003,59.4269,Male,37.0,EAB2551
2004,54.4222,Male,37.0,EAB2552
2005,54.8781,Male,37.0,EAB2553
2006,56.0615,Male,37.0,EAB2554
2007,55.369,Male,37.0,EAB2555
2008,48.0879,Male,37.0,EAB2556
2009,49.5163,Male,37.0,EAB2557
2010,48.5965,Male,37.0,EAB2558
2011,48.8438,Male,37.0,EAB2559
2012,23.7646,Male,37.0,EAB2560
2013,26.0954,Male,37.0,EAB2561
2014,27.0484,Male,37.0,EAB2562
2015,28.1801,Male,37.0,EAB2563
2016,28.8812,Male,37.0,EAB2564
2017,28.8012,Male,37.0,EAB2565
2018,29.6957,Male,37.0,EAB2566
2019,30.7963,Male,37.0,EAB2567
2020,30.8044,Male,37.0,EAB2568
2021,31.3169,Male,37.0,EAB2569
2022,32.1727,Male,37.0,EAB2570
2023,31.7626,Male,37.0,EAB2571
2000,3.3413,Male,52.0,EAB2572
2001,3.783,Male,52.0,EAB2573
2002,3.6508,Male,52.0,EAB2574
2003,4.0336,Male,52.0,EAB2575
2004,3.6448,Male,52.0,EAB2576
2005,3.667,Male,52.0,EAB2577
2006,3.849,Male,52.0,EAB2578
2007,4.1672,Male,52.0,EAB2579
2008,4.4837,Male,52.0,EAB2580
2009,4.8962,Male,52.0,EAB2581
2010,6.116,Male,52.0,EAB2582
2011,7.7382,Male,52.0,EAB2583
2012,3.7775,Male,52.0,EAB2584
2013,4.016,Male,52.0,EAB2585
2014,4.162,Male,52.0,EAB2586
2015,4.5119,Male,52.0,EAB2587
2016,4.7413,Male,52.0,EAB2588
2017,4.901,Male,52.0,EAB2589
2018,5.3953,Male,52.0,EAB2590
2019,5.19,Male,52.0,EAB2591
2020,5.7797,Male,52.0,EAB2592
2021,5.9121,Male,52.0,EAB2593
2022,5.5218,Male,52.0,EAB2594
2023,4.8287,Male,52.0,EAB2595
2000,2.7493,Male,142.0,EAB2596
2001,2.8963,Male,142.0,EAB2597
2002,3.2555,Male,142.0,EAB2598
2003,3.3955,Male,142.0,EAB2599
2004,2.8425,Male,142.0,EAB2600
2005,2.6019,Male,142.0,EAB2601
2006,2.6432,Male,142.0,EAB2602
2007,2.4622,Male,142.0,EAB2603
2008,2.5428,Male,142.0,EAB2604
2009,2.5666,Male,142.0,EAB2605
2010,2.6275,Male,142.0,EAB2606
2011,2.6855,Male,142.0,EAB2607
2012,1.6765,Male,142.0,EAB2608
2013,1.5319,Male,142.0,EAB2609
2014,1.6011,Male,142.0,EAB2610
2015,1.7203,Male,142.0,EAB2611
2016,1.8377,Male,142.0,EAB2612
2017,1.9732,Male,142.0,EAB2613
2018,2.0641,Male,142.0,EAB2614
2019,2.2304,Male,142.0,EAB2615
2020,2.4455,Male,142.0,EAB2616
2021,2.7022,Male,142.0,EAB2617
2022,2.8318,Male,142.0,EAB2618
2023,2.7796,Male,142.0,EAB2619
2000,37.3752,Male,174.0,EAB2620
2008,59.2725,Male,174.0,EAB2621
2016,25.5574,Male,174.0,EAB2622
2014,10.3529,Male,33.0,EAB2623
2015,10.4831,Male,33.0,EAB2624
2016,11.3753,Male,33.0,EAB2625
2017,10.0361,Male,33.0,EAB2626
2018,13.4195,Male,33.0,EAB2627
2019,8.9648,Male,33.0,EAB2628
2020,14.8986,Male,33.0,EAB2629
2000,0.3632,Male,61.0,EAB2630
2001,0.3628,Male,61.0,EAB2631
2002,0.4107,Male,61.0,EAB2632
2003,0.4901,Male,61.0,EAB2633
2004,0.4664,Male,61.0,EAB2634
2005,0.4765,Male,61.0,EAB2635
2006,0.4766,Male,61.0,EAB2636
2007,0.453,Male,61.0,EAB2637
2008,0.4388,Male,61.0,EAB2638
2009,0.432,Male,61.0,EAB2639
2010,0.4206,Male,61.0,EAB2640
2011,0.4461,Male,61.0,EAB2641
2012,0.2035,Male,61.0,EAB2642
2013,0.1724,Male,61.0,EAB2643
2014,0.1726,Male,61.0,EAB2644
2015,0.1681,Male,61.0,EAB2645
2016,0.1605,Male,61.0,EAB2646
2017,0.1649,Male,61.0,EAB2647
2018,0.1507,Male,61.0,EAB2648
2019,0.154,Male,61.0,EAB2649
2020,0.159,Male,61.0,EAB2650
2021,0.165,Male,61.0,EAB2651
2022,0.1598,Male,61.0,EAB2652
2023,0.1815,Male,61.0,EAB2653
2000,6.5466,Male,141.0,EAB2654
2001,5.8792,Male,141.0,EAB2655
2002,7.4028,Male,141.0,EAB2656
2003,6.9546,Male,141.0,EAB2657
2004,6.7932,Male,141.0,EAB2658
2005,6.9342,Male,141.0,EAB2659
2006,6.624,Male,141.0,EAB2660
2007,6.5545,Male,141.0,EAB2661
2008,8.575,Male,141.0,EAB2662
2009,7.7221,Male,141.0,EAB2663
2010,8.238,Male,141.0,EAB2664
2011,6.8999,Male,141.0,EAB2665
2012,7.1614,Male,141.0,EAB2666
2013,5.0767,Male,141.0,EAB2667
2014,4.7295,Male,141.0,EAB2668
2015,5.135,Male,141.0,EAB2669
2016,5.7967,Male,141.0,EAB2670
2017,5.5708,Male,141.0,EAB2671
2018,5.399,Male,141.0,EAB2672
2019,5.9219,Male,141.0,EAB2673
2020,6.116,Male,141.0,EAB2674
2021,6.1895,Male,141.0,EAB2675
2022,6.2422,Male,141.0,EAB2676
2023,7.299,Male,141.0,EAB2677
2000,0.343,Male,203.0,EAB2678
2001,0.4053,Male,203.0,EAB2679
2002,0.4601,Male,203.0,EAB2680
2003,0.4948,Male,203.0,EAB2681
2004,0.4768,Male,203.0,EAB2682
2005,0.5001,Male,203.0,EAB2683
2006,0.5124,Male,203.0,EAB2684
2007,0.5362,Male,203.0,EAB2685
2008,0.534,Male,203.0,EAB2686
2009,0.5454,Male,203.0,EAB2687
2010,0.5395,Male,203.0,EAB2688
2011,0.5293,Male,203.0,EAB2689
2012,0.2834,Male,203.0,EAB2690
2013,0.2746,Male,203.0,EAB2691
2014,0.2785,Male,203.0,EAB2692
2015,0.2855,Male,203.0,EAB2693
2016,0.3196,Male,203.0,EAB2694
2017,0.3331,Male,203.0,EAB2695
2018,0.32,Male,203.0,EAB2696
2019,0.3351,Male,203.0,EAB2697
2020,0.334,Male,203.0,EAB2698
2021,0.3159,Male,203.0,EAB2699
2022,0.3451,Male,203.0,EAB2700
2023,0.3496,Male,203.0,EAB2701
2000,4.0907,Male,120.0,EAB2702
2001,4.1629,Male,120.0,EAB2703
2002,4.2851,Male,120.0,EAB2704
2003,4.4356,Male,120.0,EAB2705
2004,5.0838,Male,120.0,EAB2706
2005,7.9546,Male,120.0,EAB2707
2006,7.7612,Male,120.0,EAB2708
2007,8.042,Male,120.0,EAB2709
2008,8.2443,Male,120.0,EAB2710
2009,7.5758,Male,120.0,EAB2711
2010,9.2244,Male,120.0,EAB2712
2011,8.0984,Male,120.0,EAB2713
2012,10.2306,Male,120.0,EAB2714
2013,7.7229,Male,120.0,EAB2715
2014,7.5644,Male,120.0,EAB2716
2015,6.8068,Male,120.0,EAB2717
2016,6.7891,Male,120.0,EAB2718
2017,10.6588,Male,120.0,EAB2719
2018,11.7472,Male,120.0,EAB2720
2019,6.858,Male,120.0,EAB2721
2020,6.4323,Male,120.0,EAB2722
2021,10.4703,Male,120.0,EAB2723
2022,10.9403,Male,120.0,EAB2724
2023,6.9693,Male,120.0,EAB2725
2000,5.151,Male,150.0,EAB2726
2001,5.246,Male,150.0,EAB2727
2002,5.1449,Male,150.0,EAB2728
2003,5.9598,Male,150.0,EAB2729
2004,6.8089,Male,150.0,EAB2730
2005,7.5969,Male,150.0,EAB2731
2006,8.1495,Male,150.0,EAB2732
2007,7.7842,Male,150.0,EAB2733
2008,6.8433,Male,150.0,EAB2734
2009,6.7264,Male,150.0,EAB2735
2010,6.2066,Male,150.0,EAB2736
2011,5.5998,Male,150.0,EAB2737
2012,2.7968,Male,150.0,EAB2738
2013,2.4109,Male,150.0,EAB2739
2014,2.3468,Male,150.0,EAB2740
2015,3.0429,Male,150.0,EAB2741
2016,3.3049,Male,150.0,EAB2742
2017,3.7284,Male,150.0,EAB2743
2018,3.9141,Male,150.0,EAB2744
2019,3.9164,Male,150.0,EAB2745
2020,4.2393,Male,150.0,EAB2746
2021,4.2717,Male,150.0,EAB2747
2022,4.7748,Male,150.0,EAB2748
2023,4.6119,Male,150.0,EAB2749
2000,0.5699,Male,192.0,EAB2750
2001,0.6076,Male,192.0,EAB2751
2002,0.651,Male,192.0,EAB2752
2003,0.7305,Male,192.0,EAB2753
2004,0.7245,Male,192.0,EAB2754
2005,0.7292,Male,192.0,EAB2755
2006,0.7433,Male,192.0,EAB2756
2007,0.7593,Male,192.0,EAB2757
2008,0.7753,Male,192.0,EAB2758
2009,0.7721,Male,192.0,EAB2759
2010,0.8309,Male,192.0,EAB2760
2011,0.868,Male,192.0,EAB2761
2012,0.614,Male,192.0,EAB2762
2013,0.6402,Male,192.0,EAB2763
2014,0.6926,Male,192.0,EAB2764
2015,0.7158,Male,192.0,EAB2765
2016,0.7326,Male,192.0,EAB2766
2017,0.721,Male,192.0,EAB2767
2018,0.7501,Male,192.0,EAB2768
2019,0.7642,Male,192.0,EAB2769
2020,0.7482,Male,192.0,EAB2770
2021,0.6906,Male,192.0,EAB2771
2022,0.6697,Male,192.0,EAB2772
2023,0.6184,Male,192.0,EAB2773
2000,4.0755,Male,82.0,EAB2774
2001,4.0135,Male,82.0,EAB2775
2002,4.1826,Male,82.0,EAB2776
2003,3.9529,Male,82.0,EAB2777
2004,4.5629,Male,82.0,EAB2778
2005,5.1308,Male,82.0,EAB2779
2006,6.3855,Male,82.0,EAB2780
2007,6.9191,Male,82.0,EAB2781
2008,6.9374,Male,82.0,EAB2782
2009,7.5742,Male,82.0,EAB2783
2010,8.0256,Male,82.0,EAB2784
2011,8.4168,Male,82.0,EAB2785
2012,4.8028,Male,82.0,EAB2786
2013,7.2748,Male,82.0,EAB2787
2014,3.9089,Male,82.0,EAB2788
2015,3.7448,Male,82.0,EAB2789
2016,3.4758,Male,82.0,EAB2790
2017,3.6201,Male,82.0,EAB2791
2018,3.8394,Male,82.0,EAB2792
2019,3.9109,Male,82.0,EAB2793
2020,3.9806,Male,82.0,EAB2794
2021,4.1774,Male,82.0,EAB2795
2022,4.2077,Male,82.0,EAB2796
2023,3.5585,Male,82.0,EAB2797
2000,0.0822,Male,113.0,EAB2798
2001,0.0891,Male,113.0,EAB2799
2002,0.1159,Male,113.0,EAB2800
2003,0.1252,Male,113.0,EAB2801
2004,0.1269,Male,113.0,EAB2802
2005,0.1275,Male,113.0,EAB2803
2006,0.1415,Male,113.0,EAB2804
2007,0.1599,Male,113.0,EAB2805
2008,0.2028,Male,113.0,EAB2806
2009,0.2621,Male,113.0,EAB2807
2010,0.29,Male,113.0,EAB2808
2011,0.3079,Male,113.0,EAB2809
2012,0.2016,Male,113.0,EAB2810
2013,0.1937,Male,113.0,EAB2811
2014,0.1752,Male,113.0,EAB2812
2015,0.1919,Male,113.0,EAB2813
2016,0.2073,Male,113.0,EAB2814
2017,0.2204,Male,113.0,EAB2815
2018,0.2531,Male,113.0,EAB2816
2019,0.3003,Male,113.0,EAB2817
2020,0.3102,Male,113.0,EAB2818
2021,0.2698,Male,113.0,EAB2819
2022,0.2746,Male,113.0,EAB2820
2023,0.3366,Male,113.0,EAB2821
2000,0.0,Male,62.0,EAB2822
2001,0.0,Male,62.0,EAB2823
2002,0.0,Male,62.0,EAB2824
2003,0.0,Male,62.0,EAB2825
2004,0.0,Male,62.0,EAB2826
2005,4.5795,Male,62.0,EAB2827
2006,4.5499,Male,62.0,EAB2828
2007,4.7664,Male,62.0,EAB2829
2008,23.5298,Male,62.0,EAB2830
2009,22.8689,Male,62.0,EAB2831
2010,22.3737,Male,62.0,EAB2832
2011,21.4414,Male,62.0,EAB2833
2012,11.0085,Male,62.0,EAB2834
2013,10.5432,Male,62.0,EAB2835
2014,10.4597,Male,62.0,EAB2836
2015,11.0364,Male,62.0,EAB2837
2016,11.3142,Male,62.0,EAB2838
2017,11.7756,Male,62.0,EAB2839
2018,12.1424,Male,62.0,EAB2840
2019,12.5079,Male,62.0,EAB2841
2020,12.3153,Male,62.0,EAB2842
2021,12.2994,Male,62.0,EAB2843
2022,11.9764,Male,62.0,EAB2844
2023,10.9708,Male,62.0,EAB2845
2000,1.758,Male,65.0,EAB2846
2001,2.0196,Male,65.0,EAB2847
2002,2.2702,Male,65.0,EAB2848
2003,2.5098,Male,65.0,EAB2849
2004,2.6788,Male,65.0,EAB2850
2005,2.8729,Male,65.0,EAB2851
2006,3.1211,Male,65.0,EAB2852
2007,3.6418,Male,65.0,EAB2853
2008,5.0511,Male,65.0,EAB2854
2009,5.7614,Male,65.0,EAB2855
2010,6.5253,Male,65.0,EAB2856
2011,6.9931,Male,65.0,EAB2857
2012,3.7348,Male,65.0,EAB2858
2013,3.1467,Male,65.0,EAB2859
2014,3.49,Male,65.0,EAB2860
2015,3.6257,Male,65.0,EAB2861
2016,3.8153,Male,65.0,EAB2862
2017,3.8203,Male,65.0,EAB2863
2018,4.3207,Male,65.0,EAB2864
2019,4.809,Male,65.0,EAB2865
2020,6.6059,Male,65.0,EAB2866
2021,6.5083,Male,65.0,EAB2867
2022,6.6648,Male,65.0,EAB2868
2023,7.0799,Male,65.0,EAB2869
2000,0.0,Male,93.0,EAB2870
2001,0.0,Male,93.0,EAB2871
2002,0.0,Male,93.0,EAB2872
2003,0.0,Male,93.0,EAB2873
2004,0.0,Male,93.0,EAB2874
2005,0.0,Male,93.0,EAB2875
2006,0.0,Male,93.0,EAB2876
2007,0.0,Male,93.0,EAB2877
2008,0.0,Male,93.0,EAB2878
2009,0.0,Male,93.0,EAB2879
2010,0.0,Male,93.0,EAB2880
2011,0.0,Male,93.0,EAB2881
2012,0.0,Male,93.0,EAB2882
2013,0.0,Male,93.0,EAB2883
2014,0.0,Male,93.0,EAB2884
2015,0.0,Male,93.0,EAB2885
2016,0.0,Male,93.0,EAB2886
2017,0.0,Male,93.0,EAB2887
2018,0.0,Male,93.0,EAB2888
2019,0.0,Male,93.0,EAB2889
2020,0.0,Male,93.0,EAB2890
2021,0.0,Male,93.0,EAB2891
2022,0.0,Male,93.0,EAB2892
2023,0.0,Male,93.0,EAB2893
2000,0.2384,Male,178.0,EAB2894
2001,0.2476,Male,178.0,EAB2895
2002,0.2524,Male,178.0,EAB2896
2003,0.2759,Male,178.0,EAB2897
2004,0.2852,Male,178.0,EAB2898
2005,0.3098,Male,178.0,EAB2899
2006,0.2943,Male,178.0,EAB2900
2007,0.2562,Male,178.0,EAB2901
2008,0.1898,Male,178.0,EAB2902
2009,0.2114,Male,178.0,EAB2903
2010,0.1963,Male,178.0,EAB2904
2011,0.1901,Male,178.0,EAB2905
2012,0.0977,Male,178.0,EAB2906
2013,0.1057,Male,178.0,EAB2907
2014,0.1118,Male,178.0,EAB2908
2015,0.1302,Male,178.0,EAB2909
2016,0.1309,Male,178.0,EAB2910
2017,0.1384,Male,178.0,EAB2911
2018,0.1402,Male,178.0,EAB2912
2019,0.1401,Male,178.0,EAB2913
2020,0.1566,Male,178.0,EAB2914
2021,0.1524,Male,178.0,EAB2915
2022,0.1715,Male,178.0,EAB2916
2023,0.1973,Male,178.0,EAB2917
2000,2.061,Male,55.0,EAB2918
2001,1.9859,Male,55.0,EAB2919
2002,1.9126,Male,55.0,EAB2920
2003,2.0107,Male,55.0,EAB2921
2004,2.1156,Male,55.0,EAB2922
2005,1.9854,Male,55.0,EAB2923
2006,2.2048,Male,55.0,EAB2924
2007,2.29,Male,55.0,EAB2925
2008,2.4508,Male,55.0,EAB2926
2009,2.5175,Male,55.0,EAB2927
2010,2.7349,Male,55.0,EAB2928
2011,2.7397,Male,55.0,EAB2929
2012,1.9991,Male,55.0,EAB2930
2013,1.9223,Male,55.0,EAB2931
2014,2.1805,Male,55.0,EAB2932
2015,2.1397,Male,55.0,EAB2933
2016,2.0734,Male,55.0,EAB2934
2017,1.9207,Male,55.0,EAB2935
2018,2.1011,Male,55.0,EAB2936
2019,2.117,Male,55.0,EAB2937
2020,2.2266,Male,55.0,EAB2938
2021,2.1106,Male,55.0,EAB2939
2022,2.1758,Male,55.0,EAB2940
2023,2.5345,Male,55.0,EAB2941
2001,11.2481,Male,9.0,EAB2942
2002,13.917,Male,9.0,EAB2943
2003,15.1703,Male,9.0,EAB2944
2004,16.0322,Male,9.0,EAB2945
2005,16.8547,Male,9.0,EAB2946
2006,18.1457,Male,9.0,EAB2947
2007,18.0288,Male,9.0,EAB2948
2008,17.9909,Male,9.0,EAB2949
2009,17.8456,Male,9.0,EAB2950
2010,16.1219,Male,9.0,EAB2951
2011,14.6641,Male,9.0,EAB2952
2012,8.346,Male,9.0,EAB2953
2013,8.2031,Male,9.0,EAB2954
2014,8.2678,Male,9.0,EAB2955
2015,8.3213,Male,9.0,EAB2956
2016,8.6997,Male,9.0,EAB2957
2017,9.8442,Male,9.0,EAB2958
2018,8.956,Male,9.0,EAB2959
2019,9.0161,Male,9.0,EAB2960
2020,8.5465,Male,9.0,EAB2961
2021,7.5094,Male,9.0,EAB2962
2022,6.7131,Male,9.0,EAB2963
2023,6.9218,Male,9.0,EAB2964
2000,0.4274,Male,96.0,EAB2965
2001,0.4389,Male,96.0,EAB2966
2002,0.4536,Male,96.0,EAB2967
2003,0.456,Male,96.0,EAB2968
2004,0.4767,Male,96.0,EAB2969
2005,0.4837,Male,96.0,EAB2970
2006,0.4793,Male,96.0,EAB2971
2007,0.5004,Male,96.0,EAB2972
2008,0.5053,Male,96.0,EAB2973
2009,0.519,Male,96.0,EAB2974
2010,0.4902,Male,96.0,EAB2975
2011,0.5128,Male,96.0,EAB2976
2012,0.2698,Male,96.0,EAB2977
2013,0.2666,Male,96.0,EAB2978
2014,0.2622,Male,96.0,EAB2979
2015,0.2592,Male,96.0,EAB2980
2016,0.2657,Male,96.0,EAB2981
2017,0.2539,Male,96.0,EAB2982
2018,0.2438,Male,96.0,EAB2983
2019,0.235,Male,96.0,EAB2984
2020,0.2157,Male,96.0,EAB2985
2021,0.1923,Male,96.0,EAB2986
2022,0.1774,Male,96.0,EAB2987
2023,0.1612,Male,96.0,EAB2988
2000,4.4807,Male,212.0,EAB2989
2001,4.3326,Male,212.0,EAB2990
2002,4.1854,Male,212.0,EAB2991
2003,4.1548,Male,212.0,EAB2992
2004,3.8109,Male,212.0,EAB2993
2005,3.5528,Male,212.0,EAB2994
2006,3.5316,Male,212.0,EAB2995
2007,3.6871,Male,212.0,EAB2996
2008,3.8473,Male,212.0,EAB2997
2009,4.0205,Male,212.0,EAB2998
2010,3.9386,Male,212.0,EAB2999
2011,3.8993,Male,212.0,EAB3000
2012,2.0703,Male,212.0,EAB3001
2013,2.0339,Male,212.0,EAB3002
2014,2.087,Male,212.0,EAB3003
2015,2.2039,Male,212.0,EAB3004
2016,2.1523,Male,212.0,EAB3005
2017,2.0818,Male,212.0,EAB3006
2018,2.0495,Male,212.0,EAB3007
2019,1.9632,Male,212.0,EAB3008
2020,1.7986,Male,212.0,EAB3009
2021,1.5589,Male,212.0,EAB3010
2022,1.5145,Male,212.0,EAB3011
2023,1.4965,Male,212.0,EAB3012
2000,8.1725,Male,36.0,EAB3013
2001,7.3012,Male,36.0,EAB3014
2002,7.0511,Male,36.0,EAB3015
2003,8.2405,Male,36.0,EAB3016
2004,9.0152,Male,36.0,EAB3017
2005,7.4769,Male,36.0,EAB3018
2006,8.4326,Male,36.0,EAB3019
2007,9.3518,Male,36.0,EAB3020
2008,8.8714,Male,36.0,EAB3021
2009,8.0452,Male,36.0,EAB3022
2010,7.3626,Male,36.0,EAB3023
2011,7.0449,Male,36.0,EAB3024
2012,1.8542,Male,36.0,EAB3025
2013,1.9016,Male,36.0,EAB3026
2014,2.019,Male,36.0,EAB3027
2015,2.3745,Male,36.0,EAB3028
2016,2.3375,Male,36.0,EAB3029
2017,2.2174,Male,36.0,EAB3030
2018,2.2984,Male,36.0,EAB3031
2019,2.0144,Male,36.0,EAB3032
2020,1.6495,Male,36.0,EAB3033
2021,1.4474,Male,36.0,EAB3034
2022,1.3104,Male,36.0,EAB3035
2023,1.4696,Male,36.0,EAB3036
2000,0.0,Male,187.0,EAB3037
2001,0.0,Male,187.0,EAB3038
2002,0.0,Male,187.0,EAB3039
2003,0.0,Male,187.0,EAB3040
2004,0.0,Male,187.0,EAB3041
2005,0.0,Male,187.0,EAB3042
2006,0.0,Male,187.0,EAB3043
2007,0.0,Male,187.0,EAB3044
2008,0.0,Male,187.0,EAB3045
2009,0.0,Male,187.0,EAB3046
2010,0.0,Male,187.0,EAB3047
2011,0.0,Male,187.0,EAB3048
2012,0.0,Male,187.0,EAB3049
2013,0.0,Male,187.0,EAB3050
2014,0.0,Male,187.0,EAB3051
2015,0.0,Male,187.0,EAB3052
2016,0.0,Male,187.0,EAB3053
2017,0.0,Male,187.0,EAB3054
2018,0.0,Male,187.0,EAB3055
2019,0.0,Male,187.0,EAB3056
2020,0.0,Male,187.0,EAB3057
2021,0.0,Male,187.0,EAB3058
2022,0.0,Male,187.0,EAB3059
2023,0.0,Male,187.0,EAB3060
2000,0.5935,Male,112.0,EAB3061
2001,0.5738,Male,112.0,EAB3062
2002,0.599,Male,112.0,EAB3063
2003,0.5943,Male,112.0,EAB3064
2004,0.6158,Male,112.0,EAB3065
2005,0.6373,Male,112.0,EAB3066
2006,0.7183,Male,112.0,EAB3067
2007,0.7222,Male,112.0,EAB3068
2008,0.6928,Male,112.0,EAB3069
2009,0.6496,Male,112.0,EAB3070
2010,0.6749,Male,112.0,EAB3071
2011,0.6876,Male,112.0,EAB3072
2012,0.4693,Male,112.0,EAB3073
2013,0.4856,Male,112.0,EAB3074
2014,0.5568,Male,112.0,EAB3075
2015,0.5962,Male,112.0,EAB3076
2016,0.5498,Male,112.0,EAB3077
2017,0.4979,Male,112.0,EAB3078
2018,0.5258,Male,112.0,EAB3079
2019,0.5777,Male,112.0,EAB3080
2020,0.546,Male,112.0,EAB3081
2021,0.5231,Male,112.0,EAB3082
2022,0.5428,Male,112.0,EAB3083
2023,0.5511,Male,112.0,EAB3084
2000,0.3762,Male,43.0,EAB3085
2001,0.3807,Male,43.0,EAB3086
2002,0.3912,Male,43.0,EAB3087
2003,0.4186,Male,43.0,EAB3088
2004,0.4516,Male,43.0,EAB3089
2005,0.4941,Male,43.0,EAB3090
2006,0.5031,Male,43.0,EAB3091
2007,0.5301,Male,43.0,EAB3092
2008,0.5697,Male,43.0,EAB3093
2009,0.6695,Male,43.0,EAB3094
2010,0.6855,Male,43.0,EAB3095
2011,0.7234,Male,43.0,EAB3096
2012,0.4807,Male,43.0,EAB3097
2013,0.5169,Male,43.0,EAB3098
2014,0.6162,Male,43.0,EAB3099
2015,0.7056,Male,43.0,EAB3100
2016,0.7249,Male,43.0,EAB3101
2017,0.6204,Male,43.0,EAB3102
2018,0.5288,Male,43.0,EAB3103
2019,0.4599,Male,43.0,EAB3104
2020,0.4746,Male,43.0,EAB3105
2021,0.5115,Male,43.0,EAB3106
2022,0.61,Male,43.0,EAB3107
2023,0.7204,Male,43.0,EAB3108
2000,0.6267,Male,105.0,EAB3109
2001,0.7721,Male,105.0,EAB3110
2002,0.728,Male,105.0,EAB3111
2003,0.7918,Male,105.0,EAB3112
2004,0.7563,Male,105.0,EAB3113
2005,0.8548,Male,105.0,EAB3114
2006,0.7223,Male,105.0,EAB3115
2007,0.8622,Male,105.0,EAB3116
2008,0.8922,Male,105.0,EAB3117
2009,0.963,Male,105.0,EAB3118
2010,1.0141,Male,105.0,EAB3119
2011,0.7453,Male,105.0,EAB3120
2012,0.511,Male,105.0,EAB3121
2013,0.4927,Male,105.0,EAB3122
2014,0.4559,Male,105.0,EAB3123
2015,0.4651,Male,105.0,EAB3124
2016,0.4738,Male,105.0,EAB3125
2017,0.506,Male,105.0,EAB3126
2018,0.5138,Male,105.0,EAB3127
2019,0.5198,Male,105.0,EAB3128
2020,0.5377,Male,105.0,EAB3129
2021,0.5569,Male,105.0,EAB3130
2022,0.5857,Male,105.0,EAB3131
2023,0.6089,Male,105.0,EAB3132
2000,2.3418,Male,87.0,EAB3133
2001,2.2877,Male,87.0,EAB3134
2002,2.3049,Male,87.0,EAB3135
2003,2.3797,Male,87.0,EAB3136
2004,1.5618,Male,87.0,EAB3137
2005,1.9105,Male,87.0,EAB3138
2006,2.0389,Male,87.0,EAB3139
2007,2.1197,Male,87.0,EAB3140
2008,1.6646,Male,87.0,EAB3141
2009,2.2071,Male,87.0,EAB3142
2010,2.4358,Male,87.0,EAB3143
2011,2.595,Male,87.0,EAB3144
2012,1.3089,Male,87.0,EAB3145
2013,1.1997,Male,87.0,EAB3146
2014,1.322,Male,87.0,EAB3147
2015,1.336,Male,87.0,EAB3148
2016,1.4928,Male,87.0,EAB3149
2017,1.5964,Male,87.0,EAB3150
2018,1.5229,Male,87.0,EAB3151
2019,1.6258,Male,87.0,EAB3152
2020,1.5459,Male,87.0,EAB3153
2021,1.4084,Male,87.0,EAB3154
2022,1.4042,Male,87.0,EAB3155
2023,1.4334,Male,87.0,EAB3156
2000,9.5338,Male,69.0,EAB3157
2001,10.5379,Male,69.0,EAB3158
2002,11.2647,Male,69.0,EAB3159
2003,11.0651,Male,69.0,EAB3160
2004,9.5865,Male,69.0,EAB3161
2005,8.8684,Male,69.0,EAB3162
2006,8.4915,Male,69.0,EAB3163
2007,8.3277,Male,69.0,EAB3164
2008,7.6205,Male,69.0,EAB3165
2009,8.0564,Male,69.0,EAB3166
2010,8.7505,Male,69.0,EAB3167
2011,9.3866,Male,69.0,EAB3168
2012,3.9691,Male,69.0,EAB3169
2013,4.2436,Male,69.0,EAB3170
2014,4.1125,Male,69.0,EAB3171
2015,4.1031,Male,69.0,EAB3172
2016,4.1545,Male,69.0,EAB3173
2017,3.9063,Male,69.0,EAB3174
2018,3.84,Male,69.0,EAB3175
2019,3.8173,Male,69.0,EAB3176
2020,3.4965,Male,69.0,EAB3177
2021,3.3721,Male,69.0,EAB3178
2022,3.4927,Male,69.0,EAB3179
2023,3.2592,Male,69.0,EAB3180
2000,0.4326,Male,208.0,EAB3181
2001,0.4996,Male,208.0,EAB3182
2002,0.5915,Male,208.0,EAB3183
2003,0.635,Male,208.0,EAB3184
2004,0.6755,Male,208.0,EAB3185
2005,0.8042,Male,208.0,EAB3186
2006,0.9562,Male,208.0,EAB3187
2007,1.2543,Male,208.0,EAB3188
2008,1.5331,Male,208.0,EAB3189
2009,1.8964,Male,208.0,EAB3190
2010,2.0215,Male,208.0,EAB3191
2011,2.1458,Male,208.0,EAB3192
2012,1.4543,Male,208.0,EAB3193
2013,1.4888,Male,208.0,EAB3194
2014,1.608,Male,208.0,EAB3195
2015,1.7913,Male,208.0,EAB3196
2016,2.1235,Male,208.0,EAB3197
2017,2.6942,Male,208.0,EAB3198
2018,3.3634,Male,208.0,EAB3199
2019,3.7372,Male,208.0,EAB3200
2020,3.9014,Male,208.0,EAB3201
2021,3.5491,Male,208.0,EAB3202
2022,3.6799,Male,208.0,EAB3203
2023,4.1432,Male,208.0,EAB3204
2000,13.1439,Male,195.0,EAB3205
2001,12.9128,Male,195.0,EAB3206
2002,12.9981,Male,195.0,EAB3207
2003,13.2576,Male,195.0,EAB3208
2004,14.897,Male,195.0,EAB3209
2005,18.2946,Male,195.0,EAB3210
2006,20.8413,Male,195.0,EAB3211
2007,20.6108,Male,195.0,EAB3212
2008,22.4148,Male,195.0,EAB3213
2009,23.6036,Male,195.0,EAB3214
2010,28.6021,Male,195.0,EAB3215
2011,28.2816,Male,195.0,EAB3216
2012,21.1173,Male,195.0,EAB3217
2013,20.5479,Male,195.0,EAB3218
2014,23.2736,Male,195.0,EAB3219
2015,23.4519,Male,195.0,EAB3220
2016,23.6106,Male,195.0,EAB3221
2017,20.534,Male,195.0,EAB3222
2018,19.3433,Male,195.0,EAB3223
2019,22.1952,Male,195.0,EAB3224
2020,21.2294,Male,195.0,EAB3225
2021,21.6663,Male,195.0,EAB3226
2022,23.1538,Male,195.0,EAB3227
2023,20.4198,Male,195.0,EAB3228
2000,4.5875,Male,76.0,EAB3229
2001,4.9812,Male,76.0,EAB3230
2002,5.2507,Male,76.0,EAB3231
2003,4.703,Male,76.0,EAB3232
2004,4.4013,Male,76.0,EAB3233
2005,2.5971,Male,76.0,EAB3234
2006,2.7682,Male,76.0,EAB3235
2007,2.841,Male,76.0,EAB3236
2008,2.7872,Male,76.0,EAB3237
2009,2.973,Male,76.0,EAB3238
2010,3.0232,Male,76.0,EAB3239
2011,3.2749,Male,76.0,EAB3240
2012,1.8319,Male,76.0,EAB3241
2013,1.7655,Male,76.0,EAB3242
2014,1.6232,Male,76.0,EAB3243
2015,1.6209,Male,76.0,EAB3244
2016,1.6987,Male,76.0,EAB3245
2017,1.4863,Male,76.0,EAB3246
2018,1.6097,Male,76.0,EAB3247
2019,1.7205,Male,76.0,EAB3248
2020,1.569,Male,76.0,EAB3249
2021,1.3734,Male,76.0,EAB3250
2022,1.4735,Male,76.0,EAB3251
2023,1.4531,Male,76.0,EAB3252
2000,6.7044,Male,146.0,EAB3253
2001,6.7704,Male,146.0,EAB3254
2002,7.0424,Male,146.0,EAB3255
2003,7.541,Male,146.0,EAB3256
2004,7.7203,Male,146.0,EAB3257
2005,6.9558,Male,146.0,EAB3258
2006,6.9444,Male,146.0,EAB3259
2007,6.5196,Male,146.0,EAB3260
2008,6.5762,Male,146.0,EAB3261
2009,5.1087,Male,146.0,EAB3262
2010,6.7293,Male,146.0,EAB3263
2011,6.5605,Male,146.0,EAB3264
2012,4.3432,Male,146.0,EAB3265
2013,4.4641,Male,146.0,EAB3266
2014,5.1921,Male,146.0,EAB3267
2015,5.8174,Male,146.0,EAB3268
2016,6.4297,Male,146.0,EAB3269
2017,6.3941,Male,146.0,EAB3270
2018,6.7618,Male,146.0,EAB3271
2019,6.6294,Male,146.0,EAB3272
2020,6.7917,Male,146.0,EAB3273
2021,6.3111,Male,146.0,EAB3274
2022,5.1392,Male,146.0,EAB3275
2000,0.2173,Male,140.0,EAB3276
2001,0.2289,Male,140.0,EAB3277
2002,0.254,Male,140.0,EAB3278
2003,0.2583,Male,140.0,EAB3279
2004,0.2655,Male,140.0,EAB3280
2005,0.2652,Male,140.0,EAB3281
2006,0.2751,Male,140.0,EAB3282
2007,0.2895,Male,140.0,EAB3283
2008,0.3036,Male,140.0,EAB3284
2009,0.3317,Male,140.0,EAB3285
2010,0.3507,Male,140.0,EAB3286
2011,0.3603,Male,140.0,EAB3287
2012,0.2698,Male,140.0,EAB3288
2013,0.2788,Male,140.0,EAB3289
2014,0.3056,Male,140.0,EAB3290
2015,0.3235,Male,140.0,EAB3291
2016,0.348,Male,140.0,EAB3292
2017,0.3533,Male,140.0,EAB3293
2018,0.3736,Male,140.0,EAB3294
2019,0.3769,Male,140.0,EAB3295
2020,0.3962,Male,140.0,EAB3296
2021,0.4328,Male,140.0,EAB3297
2022,0.5434,Male,140.0,EAB3298
2023,0.6875,Male,140.0,EAB3299
2000,2.0674,Male,155.0,EAB3300
2001,2.0703,Male,155.0,EAB3301
2002,1.9337,Male,155.0,EAB3302
2003,2.0377,Male,155.0,EAB3303
2004,1.9228,Male,155.0,EAB3304
2005,2.0088,Male,155.0,EAB3305
2006,2.0203,Male,155.0,EAB3306
2007,2.1396,Male,155.0,EAB3307
2008,2.3033,Male,155.0,EAB3308
2009,2.2941,Male,155.0,EAB3309
2010,2.3229,Male,155.0,EAB3310
2011,1.9781,Male,155.0,EAB3311
2012,1.2109,Male,155.0,EAB3312
2013,1.1883,Male,155.0,EAB3313
2014,1.1863,Male,155.0,EAB3314
2015,1.194,Male,155.0,EAB3315
2016,1.2831,Male,155.0,EAB3316
2017,1.3647,Male,155.0,EAB3317
2018,1.2952,Male,155.0,EAB3318
2019,1.2781,Male,155.0,EAB3319
2020,1.2692,Male,155.0,EAB3320
2021,1.3379,Male,155.0,EAB3321
2022,1.5228,Male,155.0,EAB3322
2023,1.5455,Male,155.0,EAB3323
2000,0.5465,Male,28.0,EAB3324
2001,0.6476,Male,28.0,EAB3325
2002,0.771,Male,28.0,EAB3326
2003,0.9001,Male,28.0,EAB3327
2004,0.9438,Male,28.0,EAB3328
2005,1.0266,Male,28.0,EAB3329
2006,1.1947,Male,28.0,EAB3330
2007,1.3826,Male,28.0,EAB3331
2008,1.6233,Male,28.0,EAB3332
2009,1.7043,Male,28.0,EAB3333
2010,1.918,Male,28.0,EAB3334
2011,1.9588,Male,28.0,EAB3335
2012,0.8736,Male,28.0,EAB3336
2013,0.8599,Male,28.0,EAB3337
2014,0.9168,Male,28.0,EAB3338
2015,0.9605,Male,28.0,EAB3339
2016,0.9874,Male,28.0,EAB3340
2017,1.0813,Male,28.0,EAB3341
2018,1.1358,Male,28.0,EAB3342
2019,1.1215,Male,28.0,EAB3343
2020,1.1117,Male,28.0,EAB3344
2021,1.127,Male,28.0,EAB3345
2022,1.2974,Male,28.0,EAB3346
2023,1.3192,Male,28.0,EAB3347
2000,0.1304,Male,200.0,EAB3348
2001,0.1351,Male,200.0,EAB3349
2002,0.1424,Male,200.0,EAB3350
2003,0.1506,Male,200.0,EAB3351
2004,0.1541,Male,200.0,EAB3352
2005,0.1556,Male,200.0,EAB3353
2006,0.1597,Male,200.0,EAB3354
2007,0.167,Male,200.0,EAB3355
2008,0.1741,Male,200.0,EAB3356
2009,0.1963,Male,200.0,EAB3357
2010,0.2308,Male,200.0,EAB3358
2011,0.2223,Male,200.0,EAB3359
2012,0.0926,Male,200.0,EAB3360
2013,0.0942,Male,200.0,EAB3361
2014,0.1036,Male,200.0,EAB3362
2015,0.1104,Male,200.0,EAB3363
2016,0.1184,Male,200.0,EAB3364
2017,0.1243,Male,200.0,EAB3365
2018,0.1413,Male,200.0,EAB3366
2019,0.167,Male,200.0,EAB3367
2020,0.1871,Male,200.0,EAB3368
2021,0.1872,Male,200.0,EAB3369
2022,0.218,Male,200.0,EAB3370
2023,0.2888,Male,200.0,EAB3371
2000,81.3532,Male,81.0,EAB3372
2001,47.883,Male,81.0,EAB3373
2002,56.7649,Male,81.0,EAB3374
2003,26.4963,Male,81.0,EAB3375
2004,8.6397,Male,81.0,EAB3376
2005,7.7433,Male,81.0,EAB3377
2006,7.3025,Male,81.0,EAB3378
2007,7.4266,Male,81.0,EAB3379
2008,8.1572,Male,81.0,EAB3380
2009,6.5344,Male,81.0,EAB3381
2010,6.5432,Male,81.0,EAB3382
2011,6.3145,Male,81.0,EAB3383
2012,5.6135,Male,81.0,EAB3384
2013,4.8107,Male,81.0,EAB3385
2014,1.7933,Male,81.0,EAB3386
2015,4.069,Male,81.0,EAB3387
2016,5.0521,Male,81.0,EAB3388
2017,3.8363,Male,81.0,EAB3389
2018,7.4888,Male,81.0,EAB3390
2019,8.4514,Male,81.0,EAB3391
2020,11.3032,Male,81.0,EAB3392
2021,7.5749,Male,81.0,EAB3393
2022,7.1471,Male,81.0,EAB3394
2023,5.6264,Male,81.0,EAB3395
2000,0.293,Male,86.0,EAB3396
2001,0.3384,Male,86.0,EAB3397
2002,0.3698,Male,86.0,EAB3398
2003,0.332,Male,86.0,EAB3399
2004,0.3057,Male,86.0,EAB3400
2005,0.2771,Male,86.0,EAB3401
2006,0.2508,Male,86.0,EAB3402
2007,0.2506,Male,86.0,EAB3403
2008,0.2639,Male,86.0,EAB3404
2009,0.288,Male,86.0,EAB3405
2010,0.2643,Male,86.0,EAB3406
2011,0.2543,Male,86.0,EAB3407
2012,0.1567,Male,86.0,EAB3408
2013,0.179,Male,86.0,EAB3409
2014,0.1817,Male,86.0,EAB3410
2015,0.1911,Male,86.0,EAB3411
2016,0.2062,Male,86.0,EAB3412
2017,0.1845,Male,86.0,EAB3413
2018,0.1658,Male,86.0,EAB3414
2019,0.1839,Male,86.0,EAB3415
2020,0.1586,Male,86.0,EAB3416
2021,0.1324,Male,86.0,EAB3417
2022,0.1384,Male,86.0,EAB3418
2023,0.1523,Male,86.0,EAB3419
2000,0.9002,Male,114.0,EAB3420
2001,0.973,Male,114.0,EAB3421
2002,1.0277,Male,114.0,EAB3422
2003,1.128,Male,114.0,EAB3423
2004,1.0705,Male,114.0,EAB3424
2005,1.1804,Male,114.0,EAB3425
2006,1.3666,Male,114.0,EAB3426
2007,1.5819,Male,114.0,EAB3427
2008,1.736,Male,114.0,EAB3428
2009,1.8907,Male,114.0,EAB3429
2010,1.9493,Male,114.0,EAB3430
2011,1.9293,Male,114.0,EAB3431
2012,0.6013,Male,114.0,EAB3432
2013,0.5539,Male,114.0,EAB3433
2014,0.6155,Male,114.0,EAB3434
2015,0.6523,Male,114.0,EAB3435
2016,0.6994,Male,114.0,EAB3436
2017,0.7631,Male,114.0,EAB3437
2018,0.85,Male,114.0,EAB3438
2019,0.8671,Male,114.0,EAB3439
2020,0.9286,Male,114.0,EAB3440
2021,1.0178,Male,114.0,EAB3441
2022,0.9493,Male,114.0,EAB3442
2023,0.9066,Male,114.0,EAB3443
2000,0.0,Male,149.0,EAB3444
2001,0.0,Male,149.0,EAB3445
2002,0.0,Male,149.0,EAB3446
2003,0.0,Male,149.0,EAB3447
2004,0.0,Male,149.0,EAB3448
2005,0.0,Male,149.0,EAB3449
2006,0.0,Male,149.0,EAB3450
2007,0.0,Male,149.0,EAB3451
2008,0.0,Male,149.0,EAB3452
2009,0.0,Male,149.0,EAB3453
2010,0.0,Male,149.0,EAB3454
2011,0.0,Male,149.0,EAB3455
2012,0.2072,Male,149.0,EAB3456
2013,0.2259,Male,149.0,EAB3457
2014,0.2577,Male,149.0,EAB3458
2015,0.2602,Male,149.0,EAB3459
2016,0.3471,Male,149.0,EAB3460
2017,0.372,Male,149.0,EAB3461
2018,0.3907,Male,149.0,EAB3462
2019,0.3425,Male,149.0,EAB3463
2020,0.3089,Male,149.0,EAB3464
2021,0.2795,Male,149.0,EAB3465
2022,0.2731,Male,149.0,EAB3466
2023,0.2756,Male,149.0,EAB3467
2000,2.4522,Male,139.0,EAB3468
2001,2.6526,Male,139.0,EAB3469
2002,2.7464,Male,139.0,EAB3470
2003,3.0317,Male,139.0,EAB3471
2004,2.8039,Male,139.0,EAB3472
2005,3.2946,Male,139.0,EAB3473
2006,3.2332,Male,139.0,EAB3474
2007,3.7584,Male,139.0,EAB3475
2008,3.7728,Male,139.0,EAB3476
2009,4.1156,Male,139.0,EAB3477
2010,4.2775,Male,139.0,EAB3478
2011,4.4631,Male,139.0,EAB3479
2012,2.0848,Male,139.0,EAB3480
2013,1.9034,Male,139.0,EAB3481
2014,1.9803,Male,139.0,EAB3482
2015,2.0942,Male,139.0,EAB3483
2016,2.1681,Male,139.0,EAB3484
2017,2.3813,Male,139.0,EAB3485
2018,2.4722,Male,139.0,EAB3486
2019,4.387,Male,139.0,EAB3487
2020,2.8426,Male,139.0,EAB3488
2021,2.9902,Male,139.0,EAB3489
2022,2.8312,Male,139.0,EAB3490
2023,2.646,Male,139.0,EAB3491
2000,0.4532,Male,177.0,EAB3492
2001,0.7292,Male,177.0,EAB3493
2002,0.9896,Male,177.0,EAB3494
2003,1.2094,Male,177.0,EAB3495
2004,1.3805,Male,177.0,EAB3496
2005,1.6401,Male,177.0,EAB3497
2006,1.8621,Male,177.0,EAB3498
2007,2.1414,Male,177.0,EAB3499
2008,2.3619,Male,177.0,EAB3500
2009,2.5523,Male,177.0,EAB3501
2010,2.7739,Male,177.0,EAB3502
2011,2.9616,Male,177.0,EAB3503
2012,1.1143,Male,177.0,EAB3504
2013,1.188,Male,177.0,EAB3505
2014,1.1965,Male,177.0,EAB3506
2015,1.2497,Male,177.0,EAB3507
2016,1.3022,Male,177.0,EAB3508
2017,1.5,Male,177.0,EAB3509
2018,1.6307,Male,177.0,EAB3510
2019,1.7553,Male,177.0,EAB3511
2020,1.707,Male,177.0,EAB3512
2021,1.525,Male,177.0,EAB3513
2022,1.7753,Male,177.0,EAB3514
2023,1.5719,Male,177.0,EAB3515
2000,7.4969,Male,145.0,EAB3516
2001,7.4963,Male,145.0,EAB3517
2002,7.4128,Male,145.0,EAB3518
2003,7.4131,Male,145.0,EAB3519
2004,7.2244,Male,145.0,EAB3520
2005,7.3722,Male,145.0,EAB3521
2006,7.3058,Male,145.0,EAB3522
2007,7.576,Male,145.0,EAB3523
2008,7.7166,Male,145.0,EAB3524
2009,8.0829,Male,145.0,EAB3525
2010,7.6489,Male,145.0,EAB3526
2011,7.936,Male,145.0,EAB3527
2012,5.7344,Male,145.0,EAB3528
2013,5.9478,Male,145.0,EAB3529
2014,6.8134,Male,145.0,EAB3530
2015,7.3674,Male,145.0,EAB3531
2016,7.9109,Male,145.0,EAB3532
2017,7.0628,Male,145.0,EAB3533
2018,7.6452,Male,145.0,EAB3534
2019,7.4218,Male,145.0,EAB3535
2020,7.7551,Male,145.0,EAB3536
2021,7.8995,Male,145.0,EAB3537
2022,7.7749,Male,145.0,EAB3538
2023,7.6159,Male,145.0,EAB3539
2000,0.0,Male,56.0,EAB3540
2001,0.0,Male,56.0,EAB3541
2002,0.0,Male,56.0,EAB3542
2003,0.0,Male,56.0,EAB3543
2004,0.0,Male,56.0,EAB3544
2005,0.0,Male,56.0,EAB3545
2006,0.0,Male,56.0,EAB3546
2007,0.0,Male,56.0,EAB3547
2008,0.0,Male,56.0,EAB3548
2009,0.0,Male,56.0,EAB3549
2010,0.0,Male,56.0,EAB3550
2011,0.0,Male,56.0,EAB3551
2012,0.0,Male,56.0,EAB3552
2013,0.0,Male,56.0,EAB3553
2014,0.0,Male,56.0,EAB3554
2015,0.0,Male,56.0,EAB3555
2016,0.0,Male,56.0,EAB3556
2017,0.0,Male,56.0,EAB3557
2018,0.0,Male,56.0,EAB3558
2019,0.0,Male,56.0,EAB3559
2020,0.0,Male,56.0,EAB3560
2021,0.0,Male,56.0,EAB3561
2022,0.0,Male,56.0,EAB3562
2023,0.0,Male,56.0,EAB3563
2001,5.164,Male,164.0,EAB3564
2002,4.7749,Male,164.0,EAB3565
2003,4.2926,Male,164.0,EAB3566
2004,3.9571,Male,164.0,EAB3567
2005,4.1733,Male,164.0,EAB3568
2006,3.189,Male,164.0,EAB3569
2007,2.8014,Male,164.0,EAB3570
2008,2.4739,Male,164.0,EAB3571
2009,2.302,Male,164.0,EAB3572
2010,2.3417,Male,164.0,EAB3573
2011,3.0417,Male,164.0,EAB3574
2012,2.3774,Male,164.0,EAB3575
2013,2.8629,Male,164.0,EAB3576
2014,2.8527,Male,164.0,EAB3577
2015,2.8158,Male,164.0,EAB3578
2016,2.8041,Male,164.0,EAB3579
2017,2.9804,Male,164.0,EAB3580
2018,4.6127,Male,164.0,EAB3581
2019,5.0847,Male,164.0,EAB3582
2020,5.1335,Male,164.0,EAB3583
2021,6.1388,Male,164.0,EAB3584
2022,4.9043,Male,164.0,EAB3585
2000,1.3247,Male,205.0,EAB3586
2001,1.6048,Male,205.0,EAB3587
2002,1.9266,Male,205.0,EAB3588
2003,2.1671,Male,205.0,EAB3589
2004,2.1954,Male,205.0,EAB3590
2005,2.2181,Male,205.0,EAB3591
2006,2.6024,Male,205.0,EAB3592
2007,2.6415,Male,205.0,EAB3593
2008,2.9575,Male,205.0,EAB3594
2009,3.3082,Male,205.0,EAB3595
2010,3.6569,Male,205.0,EAB3596
2011,4.2114,Male,205.0,EAB3597
2012,1.7639,Male,205.0,EAB3598
2013,1.9237,Male,205.0,EAB3599
2014,2.0594,Male,205.0,EAB3600
2015,2.0887,Male,205.0,EAB3601
2016,2.2818,Male,205.0,EAB3602
2017,2.5055,Male,205.0,EAB3603
2018,2.6725,Male,205.0,EAB3604
2019,2.3625,Male,205.0,EAB3605
2020,2.4125,Male,205.0,EAB3606
2021,2.5697,Male,205.0,EAB3607
2022,2.4416,Male,205.0,EAB3608
2023,2.1254,Male,205.0,EAB3609
2001,0.8877,Male,173.0,EAB3610
2002,0.9717,Male,173.0,EAB3611
2003,0.8781,Male,173.0,EAB3612
2004,0.7943,Male,173.0,EAB3613
2005,0.7691,Male,173.0,EAB3614
2006,0.7845,Male,173.0,EAB3615
2007,0.776,Male,173.0,EAB3616
2008,0.818,Male,173.0,EAB3617
2009,0.8838,Male,173.0,EAB3618
2010,0.9384,Male,173.0,EAB3619
2011,1.0763,Male,173.0,EAB3620
2012,0.7672,Male,173.0,EAB3621
2013,0.7008,Male,173.0,EAB3622
2014,0.7747,Male,173.0,EAB3623
2015,0.6285,Male,173.0,EAB3624
2016,0.5676,Male,173.0,EAB3625
2017,0.5643,Male,173.0,EAB3626
2018,0.5698,Male,173.0,EAB3627
2019,0.5978,Male,173.0,EAB3628
2020,0.6431,Male,173.0,EAB3629
2021,0.6705,Male,173.0,EAB3630
2022,0.6419,Male,173.0,EAB3631
2023,0.6538,Male,173.0,EAB3632
2000,1.4537,Male,73.0,EAB3633
2001,1.3791,Male,73.0,EAB3634
2002,1.2408,Male,73.0,EAB3635
2003,1.0478,Male,73.0,EAB3636
2004,0.922,Male,73.0,EAB3637
2005,0.8757,Male,73.0,EAB3638
2006,0.8801,Male,73.0,EAB3639
2007,1.1091,Male,73.0,EAB3640
2008,1.3821,Male,73.0,EAB3641
2009,1.6781,Male,73.0,EAB3642
2010,2.4619,Male,73.0,EAB3643
2011,2.9988,Male,73.0,EAB3644
2012,2.7267,Male,73.0,EAB3645
2013,3.0784,Male,73.0,EAB3646
2014,3.5461,Male,73.0,EAB3647
2015,3.7518,Male,73.0,EAB3648
2016,4.2964,Male,73.0,EAB3649
2017,4.1038,Male,73.0,EAB3650
2018,4.1606,Male,73.0,EAB3651
2019,3.7966,Male,73.0,EAB3652
2020,3.1167,Male,73.0,EAB3653
2021,2.5146,Male,73.0,EAB3654
2022,2.1275,Male,73.0,EAB3655
2023,1.9904,Male,73.0,EAB3656
2000,0.0,Male,16.0,EAB3657
2001,0.0,Male,16.0,EAB3658
2002,0.0,Male,16.0,EAB3659
2003,0.0,Male,16.0,EAB3660
2004,0.0,Male,16.0,EAB3661
2005,0.0,Male,16.0,EAB3662
2006,0.0,Male,16.0,EAB3663
2007,0.0,Male,16.0,EAB3664
2008,0.0,Male,16.0,EAB3665
2009,0.0,Male,16.0,EAB3666
2010,0.0,Male,16.0,EAB3667
2011,0.4384,Male,16.0,EAB3668
2012,0.3274,Male,16.0,EAB3669
2013,0.3569,Male,16.0,EAB3670
2014,0.4041,Male,16.0,EAB3671
2015,0.4188,Male,16.0,EAB3672
2016,0.4279,Male,16.0,EAB3673
2017,0.4182,Male,16.0,EAB3674
2018,0.3849,Male,16.0,EAB3675
2019,0.3535,Male,16.0,EAB3676
2020,0.3599,Male,16.0,EAB3677
2021,0.3823,Male,16.0,EAB3678
2022,0.4259,Male,16.0,EAB3679
2023,0.4522,Male,16.0,EAB3680
2000,1.3496,Male,11.0,EAB3681
2001,1.5669,Male,11.0,EAB3682
2002,1.7601,Male,11.0,EAB3683
2003,2.072,Male,11.0,EAB3684
2004,2.0182,Male,11.0,EAB3685
2005,2.0849,Male,11.0,EAB3686
2006,2.1554,Male,11.0,EAB3687
2007,2.1157,Male,11.0,EAB3688
2008,2.1348,Male,11.0,EAB3689
2009,2.0731,Male,11.0,EAB3690
2010,2.1152,Male,11.0,EAB3691
2011,2.0835,Male,11.0,EAB3692
2012,1.301,Male,11.0,EAB3693
2013,1.1578,Male,11.0,EAB3694
2014,1.2029,Male,11.0,EAB3695
2015,1.1863,Male,11.0,EAB3696
2016,1.1596,Male,11.0,EAB3697
2017,1.1267,Male,11.0,EAB3698
2018,1.1949,Male,11.0,EAB3699
2019,1.2808,Male,11.0,EAB3700
2020,1.33,Male,11.0,EAB3701
2021,1.3698,Male,11.0,EAB3702
2022,1.3681,Male,11.0,EAB3703
2023,1.3662,Male,11.0,EAB3704
2014,8.7008,Male,154.0,EAB3705
2015,9.5376,Male,154.0,EAB3706
2000,5.5748,Male,25.0,EAB3707
2001,5.5515,Male,25.0,EAB3708
2002,5.3468,Male,25.0,EAB3709
2003,5.1339,Male,25.0,EAB3710
2004,5.0991,Male,25.0,EAB3711
2005,7.0649,Male,25.0,EAB3712
2006,9.0724,Male,25.0,EAB3713
2007,11.1571,Male,25.0,EAB3714
2008,13.3261,Male,25.0,EAB3715
2009,13.5765,Male,25.0,EAB3716
2010,13.6249,Male,25.0,EAB3717
2011,13.2106,Male,25.0,EAB3718
2012,10.4019,Male,25.0,EAB3719
2013,10.1644,Male,25.0,EAB3720
2014,9.764,Male,25.0,EAB3721
2015,9.34,Male,25.0,EAB3722
2016,8.7158,Male,25.0,EAB3723
2017,8.3897,Male,25.0,EAB3724
2018,8.1337,Male,25.0,EAB3725
2019,7.3882,Male,25.0,EAB3726
2020,7.2168,Male,25.0,EAB3727
2021,6.9497,Male,25.0,EAB3728
2022,7.0615,Male,25.0,EAB3729
2023,6.6746,Male,25.0,EAB3730
2000,0.4834,Male,45.0,EAB3731
2001,0.4342,Male,45.0,EAB3732
2002,0.3945,Male,45.0,EAB3733
2003,0.3892,Male,45.0,EAB3734
2004,0.3776,Male,45.0,EAB3735
2005,0.4232,Male,45.0,EAB3736
2006,0.3714,Male,45.0,EAB3737
2007,0.3495,Male,45.0,EAB3738
2008,0.3312,Male,45.0,EAB3739
2009,0.2941,Male,45.0,EAB3740
2010,0.283,Male,45.0,EAB3741
2011,0.3183,Male,45.0,EAB3742
2012,0.2134,Male,45.0,EAB3743
2013,0.2316,Male,45.0,EAB3744
2014,0.2299,Male,45.0,EAB3745
2015,0.226,Male,45.0,EAB3746
2016,0.2562,Male,45.0,EAB3747
2017,0.2594,Male,45.0,EAB3748
2018,0.2516,Male,45.0,EAB3749
2019,0.2264,Male,45.0,EAB3750
2020,0.236,Male,45.0,EAB3751
2021,0.2818,Male,45.0,EAB3752
2022,0.3036,Male,45.0,EAB3753
2023,0.3029,Male,45.0,EAB3754
2000,0.7495,Male,79.0,EAB3755
2001,0.8679,Male,79.0,EAB3756
2002,0.9036,Male,79.0,EAB3757
2003,1.03,Male,79.0,EAB3758
2004,1.0292,Male,79.0,EAB3759
2005,1.0831,Male,79.0,EAB3760
2006,1.148,Male,79.0,EAB3761
2007,1.2654,Male,79.0,EAB3762
2008,1.2898,Male,79.0,EAB3763
2009,1.3681,Male,79.0,EAB3764
2010,1.3567,Male,79.0,EAB3765
2011,1.0336,Male,79.0,EAB3766
2012,0.6738,Male,79.0,EAB3767
2013,0.6112,Male,79.0,EAB3768
2014,0.5873,Male,79.0,EAB3769
2015,0.6332,Male,79.0,EAB3770
2016,0.6334,Male,79.0,EAB3771
2017,0.6483,Male,79.0,EAB3772
2018,0.6517,Male,79.0,EAB3773
2019,0.6947,Male,79.0,EAB3774
2020,0.7431,Male,79.0,EAB3775
2021,0.7724,Male,79.0,EAB3776
2022,0.799,Male,79.0,EAB3777
2023,0.8113,Male,79.0,EAB3778
2001,88.3815,Male,191.0,EAB3779
2002,96.8312,Male,191.0,EAB3780
2003,99.5106,Male,191.0,EAB3781
2004,117.7699,Male,191.0,EAB3782
2005,109.9316,Male,191.0,EAB3783
2006,101.85,Male,191.0,EAB3784
2007,114.4956,Male,191.0,EAB3785
2008,108.9726,Male,191.0,EAB3786
2009,110.6084,Male,191.0,EAB3787
2010,111.3356,Male,191.0,EAB3788
2011,111.5913,Male,191.0,EAB3789
2012,73.4438,Male,191.0,EAB3790
2013,91.4537,Male,191.0,EAB3791
2014,49.7072,Male,191.0,EAB3792
2015,44.0299,Male,191.0,EAB3793
2016,46.0882,Male,191.0,EAB3794
2017,44.1148,Male,191.0,EAB3795
2018,44.635,Male,191.0,EAB3796
2019,450.6363,Male,191.0,EAB3797
2020,52.6604,Male,191.0,EAB3798
2021,25.3273,Male,191.0,EAB3799
2022,23.6147,Male,191.0,EAB3800
2023,26.667,Male,191.0,EAB3801
2000,0.5968,Male,89.0,EAB3802
2001,0.5197,Male,89.0,EAB3803
2002,0.5692,Male,89.0,EAB3804
2003,0.4913,Male,89.0,EAB3805
2004,0.4363,Male,89.0,EAB3806
2005,0.4471,Male,89.0,EAB3807
2006,0.459,Male,89.0,EAB3808
2007,0.4755,Male,89.0,EAB3809
2008,0.534,Male,89.0,EAB3810
2009,0.5909,Male,89.0,EAB3811
2010,0.6734,Male,89.0,EAB3812
2011,0.6815,Male,89.0,EAB3813
2012,0.5433,Male,89.0,EAB3814
2013,0.5409,Male,89.0,EAB3815
2014,0.5348,Male,89.0,EAB3816
2015,0.5634,Male,89.0,EAB3817
2016,0.6158,Male,89.0,EAB3818
2017,0.5849,Male,89.0,EAB3819
2018,0.6664,Male,89.0,EAB3820
2019,0.8699,Male,89.0,EAB3821
2020,1.0273,Male,89.0,EAB3822
2021,1.1232,Male,89.0,EAB3823
2022,1.2939,Male,89.0,EAB3824
2023,1.2763,Male,89.0,EAB3825
2000,3.3217,Male,210.0,EAB3826
2001,3.9046,Male,210.0,EAB3827
2002,4.0863,Male,210.0,EAB3828
2003,3.8887,Male,210.0,EAB3829
2004,3.3373,Male,210.0,EAB3830
2005,3.7145,Male,210.0,EAB3831
2006,4.2224,Male,210.0,EAB3832
2007,4.5795,Male,210.0,EAB3833
2008,4.5501,Male,210.0,EAB3834
2009,5.0558,Male,210.0,EAB3835
2010,5.2317,Male,210.0,EAB3836
2011,5.7875,Male,210.0,EAB3837
2012,2.6282,Male,210.0,EAB3838
2013,2.8195,Male,210.0,EAB3839
2014,3.1665,Male,210.0,EAB3840
2015,3.1143,Male,210.0,EAB3841
2016,3.4433,Male,210.0,EAB3842
2017,3.7328,Male,210.0,EAB3843
2018,3.6982,Male,210.0,EAB3844
2019,3.2151,Male,210.0,EAB3845
2020,3.7663,Male,210.0,EAB3846
2021,3.7653,Male,210.0,EAB3847
2022,3.4509,Male,210.0,EAB3848
2023,3.4464,Male,210.0,EAB3849
2000,0.0,Male,102.0,EAB3850
2001,0.0,Male,102.0,EAB3851
2002,0.0,Male,102.0,EAB3852
2003,0.0,Male,102.0,EAB3853
2004,0.0,Male,102.0,EAB3854
2005,0.0,Male,102.0,EAB3855
2006,0.0,Male,102.0,EAB3856
2007,0.0,Male,102.0,EAB3857
2008,0.0,Male,102.0,EAB3858
2009,0.0,Male,102.0,EAB3859
2010,0.0,Male,102.0,EAB3860
2011,0.0817,Male,102.0,EAB3861
2012,0.0596,Male,102.0,EAB3862
2013,0.0652,Male,102.0,EAB3863
2014,0.1031,Male,102.0,EAB3864
2015,0.1158,Male,102.0,EAB3865
2016,0.1114,Male,102.0,EAB3866
2017,0.1216,Male,102.0,EAB3867
2018,0.2209,Male,102.0,EAB3868
2019,0.2467,Male,102.0,EAB3869
2020,0.2737,Male,102.0,EAB3870
2021,0.237,Male,102.0,EAB3871
2022,0.3034,Male,102.0,EAB3872
2023,0.2701,Male,102.0,EAB3873
2000,4.7459,Male,206.0,EAB3874
2001,4.6289,Male,206.0,EAB3875
2002,4.4285,Male,206.0,EAB3876
2003,4.8034,Male,206.0,EAB3877
2004,2.1755,Male,206.0,EAB3878
2005,2.1536,Male,206.0,EAB3879
2006,2.3325,Male,206.0,EAB3880
2007,2.2043,Male,206.0,EAB3881
2008,2.3207,Male,206.0,EAB3882
2009,2.7222,Male,206.0,EAB3883
2010,3.2278,Male,206.0,EAB3884
2011,3.4538,Male,206.0,EAB3885
2012,1.706,Male,206.0,EAB3886
2013,1.5634,Male,206.0,EAB3887
2014,1.6199,Male,206.0,EAB3888
2015,1.5842,Male,206.0,EAB3889
2016,1.5898,Male,206.0,EAB3890
2017,1.4232,Male,206.0,EAB3891
2018,1.4473,Male,206.0,EAB3892
2019,1.4344,Male,206.0,EAB3893
2020,1.4361,Male,206.0,EAB3894
2021,1.4104,Male,206.0,EAB3895
2022,1.3342,Male,206.0,EAB3896
2023,1.4238,Male,206.0,EAB3897
2000,2.3959,Male,66.0,EAB3898
2001,3.708,Male,66.0,EAB3899
2002,4.6005,Male,66.0,EAB3900
2003,5.9267,Male,66.0,EAB3901
2004,6.3609,Male,66.0,EAB3902
2005,7.7328,Male,66.0,EAB3903
2006,9.7072,Male,66.0,EAB3904
2007,10.8396,Male,66.0,EAB3905
2008,12.0967,Male,66.0,EAB3906
2009,13.3099,Male,66.0,EAB3907
2010,14.8613,Male,66.0,EAB3908
2011,16.2924,Male,66.0,EAB3909
2012,7.445,Male,66.0,EAB3910
2013,7.7053,Male,66.0,EAB3911
2014,7.5426,Male,66.0,EAB3912
2015,7.9807,Male,66.0,EAB3913
2016,8.5762,Male,66.0,EAB3914
2017,9.061,Male,66.0,EAB3915
2018,9.2222,Male,66.0,EAB3916
2019,6.9467,Male,66.0,EAB3917
2020,9.574,Male,66.0,EAB3918
2021,9.896,Male,66.0,EAB3919
2022,9.96,Male,66.0,EAB3920
2023,9.8846,Male,66.0,EAB3921
2000,7.0523,Male,107.0,EAB3922
2001,4.8078,Male,107.0,EAB3923
2002,2.4933,Male,107.0,EAB3924
2003,2.7919,Male,107.0,EAB3925
2004,3.02,Male,107.0,EAB3926
2005,3.3068,Male,107.0,EAB3927
2006,3.3843,Male,107.0,EAB3928
2007,3.341,Male,107.0,EAB3929
2008,3.4056,Male,107.0,EAB3930
2009,3.5533,Male,107.0,EAB3931
2010,3.6752,Male,107.0,EAB3932
2011,4.0398,Male,107.0,EAB3933
2012,1.7381,Male,107.0,EAB3934
2013,1.9144,Male,107.0,EAB3935
2014,1.9752,Male,107.0,EAB3936
2015,2.2601,Male,107.0,EAB3937
2016,2.3912,Male,107.0,EAB3938
2017,2.6527,Male,107.0,EAB3939
2018,2.6012,Male,107.0,EAB3940
2019,3.8115,Male,107.0,EAB3941
2020,2.5321,Male,107.0,EAB3942
2021,2.3372,Male,107.0,EAB3943
2022,2.3837,Male,107.0,EAB3944
2023,2.1429,Male,107.0,EAB3945
2000,4.6895,Male,127.0,EAB3946
2001,5.3865,Male,127.0,EAB3947
2002,5.8748,Male,127.0,EAB3948
2003,5.5973,Male,127.0,EAB3949
2004,4.8855,Male,127.0,EAB3950
2005,4.9338,Male,127.0,EAB3951
2006,4.9096,Male,127.0,EAB3952
2007,5.0408,Male,127.0,EAB3953
2008,4.7829,Male,127.0,EAB3954
2009,4.9018,Male,127.0,EAB3955
2010,5.0185,Male,127.0,EAB3956
2011,5.202,Male,127.0,EAB3957
2012,2.4563,Male,127.0,EAB3958
2013,2.4292,Male,127.0,EAB3959
2014,2.378,Male,127.0,EAB3960
2015,2.3084,Male,127.0,EAB3961
2016,2.4523,Male,127.0,EAB3962
2017,2.4219,Male,127.0,EAB3963
2018,2.3532,Male,127.0,EAB3964
2019,2.3949,Male,127.0,EAB3965
2020,2.1389,Male,127.0,EAB3966
2021,1.9734,Male,127.0,EAB3967
2022,2.018,Male,127.0,EAB3968
2023,2.0136,Male,127.0,EAB3969
2000,2.5293,Male,180.0,EAB3970
2001,2.9041,Male,180.0,EAB3971
2002,3.6998,Male,180.0,EAB3972
2003,4.0785,Male,180.0,EAB3973
2004,4.5917,Male,180.0,EAB3974
2005,5.0937,Male,180.0,EAB3975
2006,5.5726,Male,180.0,EAB3976
2007,5.9296,Male,180.0,EAB3977
2008,6.5895,Male,180.0,EAB3978
2009,6.9465,Male,180.0,EAB3979
2010,6.794,Male,180.0,EAB3980
2011,7.2532,Male,180.0,EAB3981
2012,2.3593,Male,180.0,EAB3982
2013,2.374,Male,180.0,EAB3983
2014,2.3767,Male,180.0,EAB3984
2015,2.2323,Male,180.0,EAB3985
2016,2.2082,Male,180.0,EAB3986
2017,2.0842,Male,180.0,EAB3987
2018,2.0625,Male,180.0,EAB3988
2019,2.0405,Male,180.0,EAB3989
2020,1.8534,Male,180.0,EAB3990
2021,1.834,Male,180.0,EAB3991
2022,1.6327,Male,180.0,EAB3992
2023,2.562,Male,180.0,EAB3993
2000,0.0,Male,40.0,EAB3994
2001,0.0,Male,40.0,EAB3995
2002,0.0,Male,40.0,EAB3996
2003,0.0,Male,40.0,EAB3997
2004,0.0,Male,40.0,EAB3998
2005,0.0,Male,40.0,EAB3999
2006,0.0,Male,40.0,EAB4000
2007,0.0,Male,40.0,EAB4001
2008,0.0,Male,40.0,EAB4002
2009,0.0,Male,40.0,EAB4003
2010,0.0,Male,40.0,EAB4004
2011,0.0,Male,40.0,EAB4005
2015,6.1405,Male,40.0,EAB4006
2016,10.7706,Male,40.0,EAB4007
2017,8.4009,Male,40.0,EAB4008
2018,9.4316,Male,40.0,EAB4009
2019,13.5181,Male,40.0,EAB4010
2020,17.3377,Male,40.0,EAB4011
2021,13.0262,Male,40.0,EAB4012
2022,10.2623,Male,40.0,EAB4013
2023,10.5613,Male,40.0,EAB4014
2000,9.0646,Male,188.0,EAB4015
2001,8.8389,Male,188.0,EAB4016
2002,9.3283,Male,188.0,EAB4017
2003,10.3548,Male,188.0,EAB4018
2004,11.5461,Male,188.0,EAB4019
2005,12.3488,Male,188.0,EAB4020
2006,11.2541,Male,188.0,EAB4021
2007,11.5331,Male,188.0,EAB4022
2008,11.4986,Male,188.0,EAB4023
2009,10.2955,Male,188.0,EAB4024
2010,9.8742,Male,188.0,EAB4025
2011,9.3479,Male,188.0,EAB4026
2012,4.6322,Male,188.0,EAB4027
2013,4.1111,Male,188.0,EAB4028
2014,3.6746,Male,188.0,EAB4029
2015,3.4779,Male,188.0,EAB4030
2016,4.2501,Male,188.0,EAB4031
2017,4.1606,Male,188.0,EAB4032
2018,4.3029,Male,188.0,EAB4033
2019,4.8361,Male,188.0,EAB4034
2020,4.8615,Male,188.0,EAB4035
2021,4.3877,Male,188.0,EAB4036
2022,4.5674,Male,188.0,EAB4037
2023,7.1398,Male,188.0,EAB4038
2000,13.4223,Male,17.0,EAB4039
2001,15.2449,Male,17.0,EAB4040
2002,66.0081,Male,17.0,EAB4041
2003,18.2234,Male,17.0,EAB4042
2004,17.3199,Male,17.0,EAB4043
2005,29.1417,Male,17.0,EAB4044
2006,28.5659,Male,17.0,EAB4045
2007,26.8223,Male,17.0,EAB4046
2008,28.6857,Male,17.0,EAB4047
2009,28.5207,Male,17.0,EAB4048
2010,25.9047,Male,17.0,EAB4049
2011,24.5191,Male,17.0,EAB4050
2012,16.2495,Male,17.0,EAB4051
2013,8.8979,Male,17.0,EAB4052
2014,8.8046,Male,17.0,EAB4053
2015,8.3492,Male,17.0,EAB4054
2016,9.1857,Male,17.0,EAB4055
2017,8.9857,Male,17.0,EAB4056
2018,7.6941,Male,17.0,EAB4057
2019,7.0778,Male,17.0,EAB4058
2020,5.8703,Male,17.0,EAB4059
2021,7.5027,Male,17.0,EAB4060
2022,6.9983,Male,17.0,EAB4061
2023,7.5233,Male,17.0,EAB4062
2000,0.8176,Male,209.0,EAB4063
2001,0.8247,Male,209.0,EAB4064
2002,0.8795,Male,209.0,EAB4065
2003,0.8587,Male,209.0,EAB4066
2004,0.8158,Male,209.0,EAB4067
2005,0.8028,Male,209.0,EAB4068
2006,0.8133,Male,209.0,EAB4069
2007,0.7966,Male,209.0,EAB4070
2008,0.8524,Male,209.0,EAB4071
2009,0.8317,Male,209.0,EAB4072
2010,0.826,Male,209.0,EAB4073
2011,0.9548,Male,209.0,EAB4074
2012,0.675,Male,209.0,EAB4075
2013,0.6504,Male,209.0,EAB4076
2014,0.67,Male,209.0,EAB4077
2015,0.6523,Male,209.0,EAB4078
2016,0.7014,Male,209.0,EAB4079
2017,0.8003,Male,209.0,EAB4080
2018,0.7349,Male,209.0,EAB4081
2019,1.9734,Male,209.0,EAB4082
2020,2.047,Male,209.0,EAB4083
2021,2.1972,Male,209.0,EAB4084
2022,1.7893,Male,209.0,EAB4085
2023,1.7138,Male,209.0,EAB4086
2000,1.5452,Male,57.0,EAB4087
2001,1.6028,Male,57.0,EAB4088
2002,1.6817,Male,57.0,EAB4089
2003,1.783,Male,57.0,EAB4090
2004,1.7542,Male,57.0,EAB4091
2005,1.8405,Male,57.0,EAB4092
2006,1.8166,Male,57.0,EAB4093
2007,1.7482,Male,57.0,EAB4094
2008,1.7035,Male,57.0,EAB4095
2009,1.5927,Male,57.0,EAB4096
2010,1.5598,Male,57.0,EAB4097
2011,1.559,Male,57.0,EAB4098
2012,1.0912,Male,57.0,EAB4099
2013,1.071,Male,57.0,EAB4100
2014,1.1384,Male,57.0,EAB4101
2015,1.2678,Male,57.0,EAB4102
2016,1.1642,Male,57.0,EAB4103
2017,1.1475,Male,57.0,EAB4104
2018,1.2727,Male,57.0,EAB4105
2019,1.2141,Male,57.0,EAB4106
2020,1.2493,Male,57.0,EAB4107
2021,1.2934,Male,57.0,EAB4108
2022,1.3188,Male,57.0,EAB4109
2023,1.3539,Male,57.0,EAB4110
2001,0.8483,Male,183.0,EAB4111
2002,0.9387,Male,183.0,EAB4112
2003,0.9438,Male,183.0,EAB4113
2004,0.9283,Male,183.0,EAB4114
2005,0.9197,Male,183.0,EAB4115
2006,0.9407,Male,183.0,EAB4116
2007,0.979,Male,183.0,EAB4117
2008,0.9657,Male,183.0,EAB4118
2009,0.9925,Male,183.0,EAB4119
2010,1.0216,Male,183.0,EAB4120
2011,1.1181,Male,183.0,EAB4121
2012,0.5283,Male,183.0,EAB4122
2013,0.5159,Male,183.0,EAB4123
2014,0.5257,Male,183.0,EAB4124
2015,0.5404,Male,183.0,EAB4125
2016,0.5465,Male,183.0,EAB4126
2017,0.5806,Male,183.0,EAB4127
2018,0.6015,Male,183.0,EAB4128
2019,0.6143,Male,183.0,EAB4129
2020,0.6232,Male,183.0,EAB4130
2021,0.5308,Male,183.0,EAB4131
2022,0.5531,Male,183.0,EAB4132
2023,0.6063,Male,183.0,EAB4133
2000,0.5134,Male,158.0,EAB4134
2001,0.5535,Male,158.0,EAB4135
2002,0.7209,Male,158.0,EAB4136
2003,0.7672,Male,158.0,EAB4137
2004,0.7459,Male,158.0,EAB4138
2005,0.8718,Male,158.0,EAB4139
2006,0.8036,Male,158.0,EAB4140
2007,0.871,Male,158.0,EAB4141
2008,1.3354,Male,158.0,EAB4142
2009,1.5388,Male,158.0,EAB4143
2010,2.0402,Male,158.0,EAB4144
2011,2.1232,Male,158.0,EAB4145
2012,1.8525,Male,158.0,EAB4146
2013,2.2383,Male,158.0,EAB4147
2014,2.7661,Male,158.0,EAB4148
2015,3.3784,Male,158.0,EAB4149
2016,4.5182,Male,158.0,EAB4150
2017,4.2318,Male,158.0,EAB4151
2018,5.4168,Male,158.0,EAB4152
2019,5.826,Male,158.0,EAB4153
2020,5.5418,Male,158.0,EAB4154
2021,5.8019,Male,158.0,EAB4155
2022,7.0217,Male,158.0,EAB4156
2023,7.2662,Male,158.0,EAB4157
2000,2.0738,Male,48.0,EAB4158
2001,1.8754,Male,48.0,EAB4159
2002,1.7488,Male,48.0,EAB4160
2003,1.9124,Male,48.0,EAB4161
2004,1.9048,Male,48.0,EAB4162
2005,1.6891,Male,48.0,EAB4163
2006,1.7172,Male,48.0,EAB4164
2007,1.7012,Male,48.0,EAB4165
2008,2.2474,Male,48.0,EAB4166
2009,3.1111,Male,48.0,EAB4167
2010,5.2976,Male,48.0,EAB4168
2011,6.984,Male,48.0,EAB4169
2012,7.4822,Male,48.0,EAB4170
2013,9.6205,Male,48.0,EAB4171
2014,11.7005,Male,48.0,EAB4172
2015,12.484,Male,48.0,EAB4173
2016,11.7643,Male,48.0,EAB4174
2017,11.5585,Male,48.0,EAB4175
2018,12.7659,Male,48.0,EAB4176
2019,16.6203,Male,48.0,EAB4177
2020,20.4873,Male,48.0,EAB4178
2021,19.1812,Male,48.0,EAB4179
2022,17.0679,Male,48.0,EAB4180
2023,19.184,Male,48.0,EAB4181
2000,20.6661,Male,47.0,EAB4182
2001,20.749,Male,47.0,EAB4183
2002,23.1602,Male,47.0,EAB4184
2003,20.3205,Male,47.0,EAB4185
2004,21.2739,Male,47.0,EAB4186
2005,22.3697,Male,47.0,EAB4187
2006,24.3435,Male,47.0,EAB4188
2007,26.3435,Male,47.0,EAB4189
2008,23.9453,Male,47.0,EAB4190
2009,23.8137,Male,47.0,EAB4191
2010,28.9601,Male,47.0,EAB4192
2011,23.1944,Male,47.0,EAB4193
2012,19.6052,Male,47.0,EAB4194
2013,19.8822,Male,47.0,EAB4195
2014,19.6366,Male,47.0,EAB4196
2015,19.0336,Male,47.0,EAB4197
2016,22.4093,Male,47.0,EAB4198
2017,21.7309,Male,47.0,EAB4199
2018,20.9982,Male,47.0,EAB4200
2019,21.2811,Male,47.0,EAB4201
2020,19.6356,Male,47.0,EAB4202
2021,22.3881,Male,47.0,EAB4203
2022,20.0707,Male,47.0,EAB4204
2023,15.6699,Male,47.0,EAB4205
2000,5.9795,Male,152.0,EAB4206
2001,5.9993,Male,152.0,EAB4207
2002,6.0184,Male,152.0,EAB4208
2003,6.8916,Male,152.0,EAB4209
2004,7.83,Male,152.0,EAB4210
2005,7.3566,Male,152.0,EAB4211
2006,7.5725,Male,152.0,EAB4212
2007,7.8111,Male,152.0,EAB4213
2008,8.5151,Male,152.0,EAB4214
2009,8.957,Male,152.0,EAB4215
2010,9.3892,Male,152.0,EAB4216
2011,9.2917,Male,152.0,EAB4217
2012,4.6835,Male,152.0,EAB4218
2013,4.0277,Male,152.0,EAB4219
2014,3.5838,Male,152.0,EAB4220
2015,3.8566,Male,152.0,EAB4221
2016,3.7102,Male,152.0,EAB4222
2017,3.9224,Male,152.0,EAB4223
2018,3.8733,Male,152.0,EAB4224
2019,3.5574,Male,152.0,EAB4225
2020,3.7081,Male,152.0,EAB4226
2021,3.5877,Male,152.0,EAB4227
2022,3.9947,Male,152.0,EAB4228
2023,3.8823,Male,152.0,EAB4229
2000,2.3254,Male,151.0,EAB4230
2001,2.4509,Male,151.0,EAB4231
2002,2.6191,Male,151.0,EAB4232
2003,2.8652,Male,151.0,EAB4233
2004,2.8406,Male,151.0,EAB4234
2005,2.8326,Male,151.0,EAB4235
2006,3.1187,Male,151.0,EAB4236
2007,3.1576,Male,151.0,EAB4237
2008,3.3678,Male,151.0,EAB4238
2009,3.5616,Male,151.0,EAB4239
2010,3.7866,Male,151.0,EAB4240
2011,3.8354,Male,151.0,EAB4241
2012,2.3238,Male,151.0,EAB4242
2013,2.1067,Male,151.0,EAB4243
2014,2.1944,Male,151.0,EAB4244
2015,2.2822,Male,151.0,EAB4245
2016,2.5402,Male,151.0,EAB4246
2017,2.8064,Male,151.0,EAB4247
2018,3.1325,Male,151.0,EAB4248
2019,3.2168,Male,151.0,EAB4249
2020,3.3783,Male,151.0,EAB4250
2021,3.6006,Male,151.0,EAB4251
2022,3.6431,Male,151.0,EAB4252
2023,3.8705,Male,151.0,EAB4253
2000,57.7097,Male,4.0,EAB4254
2001,58.0531,Male,4.0,EAB4255
2002,58.3223,Male,4.0,EAB4256
2003,57.9291,Male,4.0,EAB4257
2004,53.1477,Male,4.0,EAB4258
2005,61.1367,Male,4.0,EAB4259
2006,67.9759,Male,4.0,EAB4260
2007,74.3154,Male,4.0,EAB4261
2008,79.7819,Male,4.0,EAB4262
2009,80.6333,Male,4.0,EAB4263
2010,83.872,Male,4.0,EAB4264
2011,78.5844,Male,4.0,EAB4265
2012,58.3303,Male,4.0,EAB4266
2013,59.3024,Male,4.0,EAB4267
2014,58.5403,Male,4.0,EAB4268
2015,66.1521,Male,4.0,EAB4269
2016,63.5433,Male,4.0,EAB4270
2017,62.6381,Male,4.0,EAB4271
2018,71.8253,Male,4.0,EAB4272
2019,71.0372,Male,4.0,EAB4273
2020,69.4839,Male,4.0,EAB4274
2021,68.4642,Male,4.0,EAB4275
2022,62.3143,Male,4.0,EAB4276
2023,69.992,Male,4.0,EAB4277
2000,0.21,Male,131.0,EAB4278
2001,0.2345,Male,131.0,EAB4279
2002,0.2718,Male,131.0,EAB4280
2003,0.2703,Male,131.0,EAB4281
2004,0.2662,Male,131.0,EAB4282
2005,0.2631,Male,131.0,EAB4283
2006,0.2665,Male,131.0,EAB4284
2007,0.2749,Male,131.0,EAB4285
2008,0.3048,Male,131.0,EAB4286
2009,0.3412,Male,131.0,EAB4287
2010,0.3413,Male,131.0,EAB4288
2011,0.3163,Male,131.0,EAB4289
2012,0.177,Male,131.0,EAB4290
2013,0.1676,Male,131.0,EAB4291
2014,0.1814,Male,131.0,EAB4292
2015,0.1809,Male,131.0,EAB4293
2016,0.1717,Male,131.0,EAB4294
2017,0.1649,Male,131.0,EAB4295
2018,0.1515,Male,131.0,EAB4296
2019,0.1453,Male,131.0,EAB4297
2020,0.146,Male,131.0,EAB4298
2021,0.1505,Male,131.0,EAB4299
2022,0.1497,Male,131.0,EAB4300
2023,0.1511,Male,131.0,EAB4301
2000,0.2579,Male,111.0,EAB4302
2001,0.2671,Male,111.0,EAB4303
2002,0.2639,Male,111.0,EAB4304
2003,0.2663,Male,111.0,EAB4305
2004,0.2555,Male,111.0,EAB4306
2005,0.2473,Male,111.0,EAB4307
2006,0.2471,Male,111.0,EAB4308
2007,0.2575,Male,111.0,EAB4309
2008,0.2797,Male,111.0,EAB4310
2009,0.3027,Male,111.0,EAB4311
2010,0.2797,Male,111.0,EAB4312
2011,0.3429,Male,111.0,EAB4313
2012,0.1895,Male,111.0,EAB4314
2013,0.1834,Male,111.0,EAB4315
2014,0.1805,Male,111.0,EAB4316
2015,0.1655,Male,111.0,EAB4317
2016,0.1777,Male,111.0,EAB4318
2017,0.1704,Male,111.0,EAB4319
2018,0.1698,Male,111.0,EAB4320
2019,0.1608,Male,111.0,EAB4321
2020,0.1678,Male,111.0,EAB4322
2021,0.1642,Male,111.0,EAB4323
2022,0.1683,Male,111.0,EAB4324
2023,0.1685,Male,111.0,EAB4325
2000,1.2779,Male,166.0,EAB4326
2001,1.2276,Male,166.0,EAB4327
2002,1.1698,Male,166.0,EAB4328
2003,1.1555,Male,166.0,EAB4329
2004,1.1474,Male,166.0,EAB4330
2005,1.1925,Male,166.0,EAB4331
2006,1.255,Male,166.0,EAB4332
2007,1.3489,Male,166.0,EAB4333
2008,1.7319,Male,166.0,EAB4334
2009,1.8953,Male,166.0,EAB4335
2010,2.138,Male,166.0,EAB4336
2011,2.3916,Male,166.0,EAB4337
2012,1.345,Male,166.0,EAB4338
2013,1.5966,Male,166.0,EAB4339
2014,1.9365,Male,166.0,EAB4340
2015,3.2837,Male,166.0,EAB4341
2016,3.9277,Male,166.0,EAB4342
2017,3.8337,Male,166.0,EAB4343
2018,4.3834,Male,166.0,EAB4344
2019,4.5596,Male,166.0,EAB4345
2020,3.7095,Male,166.0,EAB4346
2021,3.693,Male,166.0,EAB4347
2022,3.8358,Male,166.0,EAB4348
2000,1.1055,Male,157.0,EAB4349
2001,1.3091,Male,157.0,EAB4350
2002,1.5591,Male,157.0,EAB4351
2003,1.8349,Male,157.0,EAB4352
2004,1.9044,Male,157.0,EAB4353
2005,2.1275,Male,157.0,EAB4354
2006,2.3044,Male,157.0,EAB4355
2007,2.8181,Male,157.0,EAB4356
2008,2.7686,Male,157.0,EAB4357
2009,2.8771,Male,157.0,EAB4358
2010,3.2928,Male,157.0,EAB4359
2011,3.2511,Male,157.0,EAB4360
2012,1.3082,Male,157.0,EAB4361
2013,1.313,Male,157.0,EAB4362
2014,1.2566,Male,157.0,EAB4363
2015,1.2687,Male,157.0,EAB4364
2016,1.28,Male,157.0,EAB4365
2017,1.5092,Male,157.0,EAB4366
2018,1.5526,Male,157.0,EAB4367
2019,1.6579,Male,157.0,EAB4368
2020,1.6907,Male,157.0,EAB4369
2021,1.6575,Male,157.0,EAB4370
2022,1.8077,Male,157.0,EAB4371
2023,1.6828,Male,157.0,EAB4372
2000,0.4563,Male,148.0,EAB4373
2001,0.49,Male,148.0,EAB4374
2002,0.5248,Male,148.0,EAB4375
2003,0.5175,Male,148.0,EAB4376
2004,0.5163,Male,148.0,EAB4377
2005,0.5381,Male,148.0,EAB4378
2006,0.5577,Male,148.0,EAB4379
2007,0.5887,Male,148.0,EAB4380
2008,0.5774,Male,148.0,EAB4381
2009,0.5891,Male,148.0,EAB4382
2010,0.5949,Male,148.0,EAB4383
2011,0.6142,Male,148.0,EAB4384
2012,0.2886,Male,148.0,EAB4385
2013,0.3005,Male,148.0,EAB4386
2014,0.3117,Male,148.0,EAB4387
2015,0.3245,Male,148.0,EAB4388
2016,0.3393,Male,148.0,EAB4389
2017,0.3489,Male,148.0,EAB4390
2018,0.3473,Male,148.0,EAB4391
2019,0.4096,Male,148.0,EAB4392
2020,0.4365,Male,148.0,EAB4393
2021,0.4189,Male,148.0,EAB4394
2022,0.4266,Male,148.0,EAB4395
2000,1.1769,Male,100.0,EAB4396
2001,0.9625,Male,100.0,EAB4397
2002,1.0602,Male,100.0,EAB4398
2003,0.9988,Male,100.0,EAB4399
2004,1.2803,Male,100.0,EAB4400
2005,1.7292,Male,100.0,EAB4401
2006,2.0653,Male,100.0,EAB4402
2007,2.1685,Male,100.0,EAB4403
2008,2.0633,Male,100.0,EAB4404
2009,1.8756,Male,100.0,EAB4405
2010,1.5481,Male,100.0,EAB4406
2011,1.4273,Male,100.0,EAB4407
2012,0.9275,Male,100.0,EAB4408
2013,0.9992,Male,100.0,EAB4409
2014,1.2568,Male,100.0,EAB4410
2015,1.4248,Male,100.0,EAB4411
2016,1.7241,Male,100.0,EAB4412
2017,1.8771,Male,100.0,EAB4413
2018,2.404,Male,100.0,EAB4414
2019,2.9944,Male,100.0,EAB4415
2020,5.3934,Male,100.0,EAB4416
2021,6.679,Male,100.0,EAB4417
2022,7.9657,Male,100.0,EAB4418
2023,6.998,Male,100.0,EAB4419
2000,9.8207,Male,31.0,EAB4420
2001,9.3099,Male,31.0,EAB4421
2002,7.1854,Male,31.0,EAB4422
2003,10.6473,Male,31.0,EAB4423
2004,12.4189,Male,31.0,EAB4424
2005,12.3351,Male,31.0,EAB4425
2006,12.9249,Male,31.0,EAB4426
2007,15.7352,Male,31.0,EAB4427
2008,16.4783,Male,31.0,EAB4428
2009,18.1684,Male,31.0,EAB4429
2010,18.7052,Male,31.0,EAB4430
2011,17.2931,Male,31.0,EAB4431
2012,11.1048,Male,31.0,EAB4432
2013,10.0656,Male,31.0,EAB4433
2014,9.9494,Male,31.0,EAB4434
2015,9.522,Male,31.0,EAB4435
2016,10.2116,Male,31.0,EAB4436
2017,10.5759,Male,31.0,EAB4437
2018,10.2683,Male,31.0,EAB4438
2019,10.9574,Male,31.0,EAB4439
2020,10.276,Male,31.0,EAB4440
2021,10.2535,Male,31.0,EAB4441
2022,11.0782,Male,31.0,EAB4442
2023,12.022,Male,31.0,EAB4443
2000,0.8864,Male,90.0,EAB4444
2001,0.9207,Male,90.0,EAB4445
2002,1.0123,Male,90.0,EAB4446
2003,1.0603,Male,90.0,EAB4447
2004,0.9935,Male,90.0,EAB4448
2005,0.9848,Male,90.0,EAB4449
2006,0.9504,Male,90.0,EAB4450
2007,1.1627,Male,90.0,EAB4451
2008,1.1754,Male,90.0,EAB4452
2009,1.2016,Male,90.0,EAB4453
2010,1.2636,Male,90.0,EAB4454
2011,1.1185,Male,90.0,EAB4455
2012,0.5986,Male,90.0,EAB4456
2013,0.5924,Male,90.0,EAB4457
2014,0.6097,Male,90.0,EAB4458
2015,0.6549,Male,90.0,EAB4459
2016,0.6138,Male,90.0,EAB4460
2017,0.7472,Male,90.0,EAB4461
2018,0.9023,Male,90.0,EAB4462
2019,1.108,Male,90.0,EAB4463
2020,1.1928,Male,90.0,EAB4464
2021,1.1522,Male,90.0,EAB4465
2022,1.2314,Male,90.0,EAB4466
2023,1.0932,Male,90.0,EAB4467
2000,10.4879,Male,7.0,EAB4468
2001,10.6154,Male,7.0,EAB4469
2002,10.0917,Male,7.0,EAB4470
2003,9.156,Male,7.0,EAB4471
2004,8.7793,Male,7.0,EAB4472
2005,11.1955,Male,7.0,EAB4473
2006,12.5786,Male,7.0,EAB4474
2007,14.1182,Male,7.0,EAB4475
2008,15.6562,Male,7.0,EAB4476
2009,15.5639,Male,7.0,EAB4477
2010,15.3614,Male,7.0,EAB4478
2011,15.239,Male,7.0,EAB4479
2012,12.4825,Male,7.0,EAB4480
2013,11.942,Male,7.0,EAB4481
2014,11.6933,Male,7.0,EAB4482
2015,11.7225,Male,7.0,EAB4483
2016,11.2378,Male,7.0,EAB4484
2017,11.7294,Male,7.0,EAB4485
2018,11.836,Male,7.0,EAB4486
2019,11.0677,Male,7.0,EAB4487
2020,11.5697,Male,7.0,EAB4488
2021,11.1864,Male,7.0,EAB4489
2022,10.9018,Male,7.0,EAB4490
2023,10.0381,Male,7.0,EAB4491
2011,0.7977,Male,133.0,EAB4492
2012,0.8745,Male,133.0,EAB4493
2013,0.9137,Male,133.0,EAB4494
2014,1.032,Male,133.0,EAB4495
2015,1.1037,Male,133.0,EAB4496
2016,1.2086,Male,133.0,EAB4497
2017,1.2144,Male,133.0,EAB4498
2018,1.29,Male,133.0,EAB4499
2019,1.3182,Male,133.0,EAB4500
2020,1.3998,Male,133.0,EAB4501
2021,1.4502,Male,133.0,EAB4502
2022,1.5091,Male,133.0,EAB4503
2023,1.5653,Male,133.0,EAB4504
2000,11.4016,Male,144.0,EAB4505
2001,11.2733,Male,144.0,EAB4506
2002,10.7303,Male,144.0,EAB4507
2003,10.4115,Male,144.0,EAB4508
2004,9.9668,Male,144.0,EAB4509
2005,9.7941,Male,144.0,EAB4510
2006,9.1323,Male,144.0,EAB4511
2007,8.8583,Male,144.0,EAB4512
2008,8.0229,Male,144.0,EAB4513
2009,8.2215,Male,144.0,EAB4514
2010,8.1486,Male,144.0,EAB4515
2011,8.3564,Male,144.0,EAB4516
2012,6.1639,Male,144.0,EAB4517
2013,5.451,Male,144.0,EAB4518
2014,5.897,Male,144.0,EAB4519
2015,5.5763,Male,144.0,EAB4520
2016,7.1167,Male,144.0,EAB4521
2017,7.0264,Male,144.0,EAB4522
2018,7.4937,Male,144.0,EAB4523
2019,7.0842,Male,144.0,EAB4524
2020,6.7178,Male,144.0,EAB4525
2021,7.578,Male,144.0,EAB4526
2022,7.7919,Male,144.0,EAB4527
2023,7.7668,Male,144.0,EAB4528
2000,0.6878,Male,172.0,EAB4529
2001,0.6817,Male,172.0,EAB4530
2002,0.7394,Male,172.0,EAB4531
2003,0.7196,Male,172.0,EAB4532
2004,0.7771,Male,172.0,EAB4533
2005,0.7788,Male,172.0,EAB4534
2006,0.7577,Male,172.0,EAB4535
2007,0.706,Male,172.0,EAB4536
2008,0.7634,Male,172.0,EAB4537
2009,0.7966,Male,172.0,EAB4538
2010,0.6169,Male,172.0,EAB4539
2011,0.8817,Male,172.0,EAB4540
2012,0.6772,Male,172.0,EAB4541
2013,0.7655,Male,172.0,EAB4542
2014,0.8717,Male,172.0,EAB4543
2015,0.9509,Male,172.0,EAB4544
2016,1.0849,Male,172.0,EAB4545
2017,1.0429,Male,172.0,EAB4546
2018,1.1095,Male,172.0,EAB4547
2019,1.373,Male,172.0,EAB4548
2020,1.3607,Male,172.0,EAB4549
2021,1.2728,Male,172.0,EAB4550
2022,1.2782,Male,172.0,EAB4551
2023,1.2846,Male,172.0,EAB4552
2000,0.2608,Male,159.0,EAB4553
2001,0.2729,Male,159.0,EAB4554
2002,0.2707,Male,159.0,EAB4555
2003,0.2543,Male,159.0,EAB4556
2004,0.2181,Male,159.0,EAB4557
2005,0.2062,Male,159.0,EAB4558
2006,0.2034,Male,159.0,EAB4559
2007,0.2037,Male,159.0,EAB4560
2008,0.1956,Male,159.0,EAB4561
2009,0.2264,Male,159.0,EAB4562
2010,0.2282,Male,159.0,EAB4563
2011,0.2283,Male,159.0,EAB4564
2012,0.1299,Male,159.0,EAB4565
2013,0.1395,Male,159.0,EAB4566
2014,0.1634,Male,159.0,EAB4567
2015,0.1786,Male,159.0,EAB4568
2016,0.1998,Male,159.0,EAB4569
2017,0.2213,Male,159.0,EAB4570
2018,0.2462,Male,159.0,EAB4571
2019,0.2559,Male,159.0,EAB4572
2020,0.2675,Male,159.0,EAB4573
2021,0.2571,Male,159.0,EAB4574
2022,0.2581,Male,159.0,EAB4575
2023,0.277,Male,159.0,EAB4576
2000,1.0709,Male,59.0,EAB4577
2001,0.9767,Male,59.0,EAB4578
2002,0.9404,Male,59.0,EAB4579
2003,0.7499,Male,59.0,EAB4580
2004,0.7248,Male,59.0,EAB4581
2005,0.7355,Male,59.0,EAB4582
2006,0.7204,Male,59.0,EAB4583
2007,0.7691,Male,59.0,EAB4584
2008,0.8336,Male,59.0,EAB4585
2009,0.8381,Male,59.0,EAB4586
2010,0.8363,Male,59.0,EAB4587
2011,0.8871,Male,59.0,EAB4588
2012,0.4167,Male,59.0,EAB4589
2013,0.3998,Male,59.0,EAB4590
2014,0.3989,Male,59.0,EAB4591
2015,0.4181,Male,59.0,EAB4592
2016,0.4033,Male,59.0,EAB4593
2017,0.3804,Male,59.0,EAB4594
2018,0.3645,Male,59.0,EAB4595
2019,0.3236,Male,59.0,EAB4596
2020,0.3652,Male,59.0,EAB4597
2021,0.3443,Male,59.0,EAB4598
2022,0.329,Male,59.0,EAB4599
2023,0.3301,Male,59.0,EAB4600
2000,1.7891,Male,122.0,EAB4601
2001,1.9855,Male,122.0,EAB4602
2002,2.3877,Male,122.0,EAB4603
2003,2.5526,Male,122.0,EAB4604
2004,2.1959,Male,122.0,EAB4605
2005,2.2297,Male,122.0,EAB4606
2006,2.2662,Male,122.0,EAB4607
2007,3.0238,Male,122.0,EAB4608
2008,3.6052,Male,122.0,EAB4609
2009,3.2056,Male,122.0,EAB4610
2010,4.0565,Male,122.0,EAB4611
2011,4.7713,Male,122.0,EAB4612
2012,1.5504,Male,122.0,EAB4613
2013,1.5741,Male,122.0,EAB4614
2014,1.5937,Male,122.0,EAB4615
2015,1.6798,Male,122.0,EAB4616
2016,1.7664,Male,122.0,EAB4617
2017,1.8238,Male,122.0,EAB4618
2018,1.8342,Male,122.0,EAB4619
2019,1.6879,Male,122.0,EAB4620
2020,1.5347,Male,122.0,EAB4621
2021,1.4672,Male,122.0,EAB4622
2022,1.5811,Male,122.0,EAB4623
2023,1.5615,Male,122.0,EAB4624
2012,1.3081,Female,94.0,EAB4625
2013,1.7734,Female,94.0,EAB4626
2014,1.3753,Female,94.0,EAB4627
2015,1.7878,Female,94.0,EAB4628
2016,1.9645,Female,94.0,EAB4629
2017,2.3261,Female,94.0,EAB4630
2018,3.08,Female,94.0,EAB4631
2019,3.1477,Female,94.0,EAB4632
2020,6.9992,Female,94.0,EAB4633
2021,3.3405,Female,94.0,EAB4634
2022,3.5961,Female,94.0,EAB4635
2023,3.6335,Female,94.0,EAB4636
2012,0.2068,Female,133.0,EAB4637
2013,0.2875,Female,133.0,EAB4638
2014,0.4302,Female,133.0,EAB4639
2015,0.484,Female,133.0,EAB4640
2016,0.5636,Female,133.0,EAB4641
2017,0.5529,Female,133.0,EAB4642
2018,0.5491,Female,133.0,EAB4643
2019,0.551,Female,133.0,EAB4644
2020,0.5145,Female,133.0,EAB4645
2021,0.5227,Female,133.0,EAB4646
2022,0.5305,Female,133.0,EAB4647
2023,0.5436,Female,133.0,EAB4648
2012,0.3126,Female,185.0,EAB4649
2013,0.334,Female,185.0,EAB4650
2014,0.3668,Female,185.0,EAB4651
2015,0.3886,Female,185.0,EAB4652
2016,0.4386,Female,185.0,EAB4653
2017,0.4402,Female,185.0,EAB4654
2018,0.3912,Female,185.0,EAB4655
2019,0.3413,Female,185.0,EAB4656
2020,0.3192,Female,185.0,EAB4657
2021,0.2771,Female,185.0,EAB4658
2022,0.26,Female,185.0,EAB4659
2023,0.2871,Female,185.0,EAB4660
2012,10.8259,Female,46.0,EAB4661
2013,9.9368,Female,46.0,EAB4662
2014,9.5968,Female,46.0,EAB4663
2015,9.4099,Female,46.0,EAB4664
2016,8.846,Female,46.0,EAB4665
2017,9.1532,Female,46.0,EAB4666
2018,9.5683,Female,46.0,EAB4667
2019,5.5274,Female,46.0,EAB4668
2020,6.4001,Female,46.0,EAB4669
2021,8.2774,Female,46.0,EAB4670
2022,9.0936,Female,46.0,EAB4671
2023,9.9883,Female,46.0,EAB4672
2012,36.8534,Female,134.0,EAB4673
2013,35.4691,Female,134.0,EAB4674
2014,41.5364,Female,134.0,EAB4675
2015,41.4737,Female,134.0,EAB4676
2016,44.5474,Female,134.0,EAB4677
2017,45.1326,Female,134.0,EAB4678
2018,44.0828,Female,134.0,EAB4679
2019,41.8718,Female,134.0,EAB4680
2020,41.7086,Female,134.0,EAB4681
2021,42.5195,Female,134.0,EAB4682
2022,44.188,Female,134.0,EAB4683
2023,44.7203,Female,134.0,EAB4684
2012,1.3049,Female,39.0,EAB4685
2013,1.3203,Female,39.0,EAB4686
2014,1.4178,Female,39.0,EAB4687
2015,1.7074,Female,39.0,EAB4688
2016,1.7301,Female,39.0,EAB4689
2017,2.0,Female,39.0,EAB4690
2018,2.0642,Female,39.0,EAB4691
2019,2.2606,Female,39.0,EAB4692
2020,2.5338,Female,39.0,EAB4693
2021,3.0459,Female,39.0,EAB4694
2022,3.4086,Female,39.0,EAB4695
2023,3.4865,Female,39.0,EAB4696
2012,0.2603,Female,109.0,EAB4697
2013,0.2306,Female,109.0,EAB4698
2014,0.2226,Female,109.0,EAB4699
2015,0.2251,Female,109.0,EAB4700
2016,0.224,Female,109.0,EAB4701
2017,0.255,Female,109.0,EAB4702
2018,0.2612,Female,109.0,EAB4703
2019,0.2797,Female,109.0,EAB4704
2020,0.3079,Female,109.0,EAB4705
2021,0.3119,Female,109.0,EAB4706
2022,0.3564,Female,109.0,EAB4707
2023,0.3855,Female,109.0,EAB4708
2012,1.3163,Female,162.0,EAB4709
2013,1.4365,Female,162.0,EAB4710
2014,1.6584,Female,162.0,EAB4711
2015,1.8118,Female,162.0,EAB4712
2016,1.9103,Female,162.0,EAB4713
2017,2.1738,Female,162.0,EAB4714
2018,1.8796,Female,162.0,EAB4715
2019,2.0042,Female,162.0,EAB4716
2020,2.0683,Female,162.0,EAB4717
2021,2.175,Female,162.0,EAB4718
2022,2.3341,Female,162.0,EAB4719
2023,2.3011,Female,162.0,EAB4720
2012,4.4123,Female,1.0,EAB4721
2013,5.4087,Female,1.0,EAB4722
2014,4.9454,Female,1.0,EAB4723
2015,4.5884,Female,1.0,EAB4724
2016,5.443,Female,1.0,EAB4725
2017,6.7232,Female,1.0,EAB4726
2018,7.136,Female,1.0,EAB4727
2019,6.831,Female,1.0,EAB4728
2020,9.5024,Female,1.0,EAB4729
2021,8.7422,Female,1.0,EAB4730
2022,8.7293,Female,1.0,EAB4731
2023,10.0619,Female,1.0,EAB4732
2012,0.7491,Female,5.0,EAB4733
2013,0.8152,Female,5.0,EAB4734
2014,0.8104,Female,5.0,EAB4735
2015,0.8298,Female,5.0,EAB4736
2016,0.8754,Female,5.0,EAB4737
2017,0.8776,Female,5.0,EAB4738
2018,0.877,Female,5.0,EAB4739
2019,0.8868,Female,5.0,EAB4740
2020,0.9768,Female,5.0,EAB4741
2021,0.9528,Female,5.0,EAB4742
2022,0.9039,Female,5.0,EAB4743
2023,0.8572,Female,5.0,EAB4744
2012,2.9117,Female,169.0,EAB4745
2013,2.9695,Female,169.0,EAB4746
2014,3.1772,Female,169.0,EAB4747
2015,3.3809,Female,169.0,EAB4748
2016,3.6179,Female,169.0,EAB4749
2017,3.937,Female,169.0,EAB4750
2018,4.5565,Female,169.0,EAB4751
2019,4.7907,Female,169.0,EAB4752
2020,5.4383,Female,169.0,EAB4753
2021,6.0235,Female,169.0,EAB4754
2022,6.42,Female,169.0,EAB4755
2023,6.4635,Female,169.0,EAB4756
2012,0.5247,Female,110.0,EAB4757
2013,0.7666,Female,110.0,EAB4758
2014,1.1208,Female,110.0,EAB4759
2015,1.5359,Female,110.0,EAB4760
2016,1.8858,Female,110.0,EAB4761
2017,2.1159,Female,110.0,EAB4762
2018,2.4252,Female,110.0,EAB4763
2019,2.7219,Female,110.0,EAB4764
2020,3.0762,Female,110.0,EAB4765
2021,3.5691,Female,110.0,EAB4766
2022,4.3846,Female,110.0,EAB4767
2023,4.3939,Female,110.0,EAB4768
2012,0.1808,Female,23.0,EAB4769
2013,0.1921,Female,23.0,EAB4770
2014,0.1985,Female,23.0,EAB4771
2015,0.2089,Female,23.0,EAB4772
2016,0.2472,Female,23.0,EAB4773
2017,0.2815,Female,23.0,EAB4774
2018,0.3545,Female,23.0,EAB4775
2019,0.2214,Female,23.0,EAB4776
2020,0.2338,Female,23.0,EAB4777
2021,0.2351,Female,23.0,EAB4778
2022,0.2641,Female,23.0,EAB4779
2023,0.2765,Female,23.0,EAB4780
2012,1.9757,Female,58.0,EAB4781
2013,1.8797,Female,58.0,EAB4782
2014,1.9311,Female,58.0,EAB4783
2015,2.0707,Female,58.0,EAB4784
2016,2.1988,Female,58.0,EAB4785
2017,2.3842,Female,58.0,EAB4786
2018,2.5107,Female,58.0,EAB4787
2019,2.6411,Female,58.0,EAB4788
2020,2.7854,Female,58.0,EAB4789
2021,2.7859,Female,58.0,EAB4790
2022,2.86,Female,58.0,EAB4791
2023,2.8714,Female,58.0,EAB4792
2012,0.3489,Female,20.0,EAB4793
2013,0.3606,Female,20.0,EAB4794
2014,0.3886,Female,20.0,EAB4795
2015,0.4108,Female,20.0,EAB4796
2016,0.4393,Female,20.0,EAB4797
2017,0.4649,Female,20.0,EAB4798
2018,0.459,Female,20.0,EAB4799
2019,0.464,Female,20.0,EAB4800
2020,0.4885,Female,20.0,EAB4801
2021,0.5229,Female,20.0,EAB4802
2022,0.5558,Female,20.0,EAB4803
2023,0.6247,Female,20.0,EAB4804
2012,0.151,Female,121.0,EAB4805
2013,0.1676,Female,121.0,EAB4806
2014,0.1871,Female,121.0,EAB4807
2015,0.2019,Female,121.0,EAB4808
2016,0.2134,Female,121.0,EAB4809
2017,0.2317,Female,121.0,EAB4810
2018,0.2285,Female,121.0,EAB4811
2019,0.2409,Female,121.0,EAB4812
2020,0.2535,Female,121.0,EAB4813
2021,0.2579,Female,121.0,EAB4814
2022,0.2592,Female,121.0,EAB4815
2023,0.2679,Female,121.0,EAB4816
2012,0.0546,Female,29.0,EAB4817
2013,0.0682,Female,29.0,EAB4818
2014,0.0819,Female,29.0,EAB4819
2015,0.0897,Female,29.0,EAB4820
2016,0.1076,Female,29.0,EAB4821
2017,0.1105,Female,29.0,EAB4822
2018,0.1205,Female,29.0,EAB4823
2019,0.1259,Female,29.0,EAB4824
2020,0.1441,Female,29.0,EAB4825
2021,0.1619,Female,29.0,EAB4826
2022,0.2048,Female,29.0,EAB4827
2023,0.2592,Female,29.0,EAB4828
2012,6.4583,Female,34.0,EAB4829
2013,7.0672,Female,34.0,EAB4830
2014,7.4197,Female,34.0,EAB4831
2015,8.1135,Female,34.0,EAB4832
2016,8.6271,Female,34.0,EAB4833
2017,9.6423,Female,34.0,EAB4834
2018,10.3809,Female,34.0,EAB4835
2019,10.7479,Female,34.0,EAB4836
2020,11.1476,Female,34.0,EAB4837
2021,11.224,Female,34.0,EAB4838
2022,8.8386,Female,34.0,EAB4839
2023,7.8082,Female,34.0,EAB4840
2012,4.5374,Female,147.0,EAB4841
2013,5.1604,Female,147.0,EAB4842
2014,5.1401,Female,147.0,EAB4843
2015,5.7031,Female,147.0,EAB4844
2016,5.9973,Female,147.0,EAB4845
2017,5.914,Female,147.0,EAB4846
2018,5.6382,Female,147.0,EAB4847
2019,5.1472,Female,147.0,EAB4848
2020,5.5193,Female,147.0,EAB4849
2021,4.6564,Female,147.0,EAB4850
2022,4.5553,Female,147.0,EAB4851
2023,5.5301,Female,147.0,EAB4852
2012,4.2575,Female,41.0,EAB4853
2013,5.9762,Female,41.0,EAB4854
2014,7.327,Female,41.0,EAB4855
2015,9.6736,Female,41.0,EAB4856
2016,11.9563,Female,41.0,EAB4857
2017,14.1607,Female,41.0,EAB4858
2018,12.5414,Female,41.0,EAB4859
2019,14.4772,Female,41.0,EAB4860
2020,15.5164,Female,41.0,EAB4861
2021,13.1858,Female,41.0,EAB4862
2022,13.5026,Female,41.0,EAB4863
2023,14.1333,Female,41.0,EAB4864
2012,4.8314,Female,143.0,EAB4865
2013,5.2084,Female,143.0,EAB4866
2014,5.4533,Female,143.0,EAB4867
2015,6.2971,Female,143.0,EAB4868
2016,7.2344,Female,143.0,EAB4869
2017,9.3505,Female,143.0,EAB4870
2018,9.2195,Female,143.0,EAB4871
2019,9.1454,Female,143.0,EAB4872
2020,9.2192,Female,143.0,EAB4873
2021,9.5926,Female,143.0,EAB4874
2022,10.3003,Female,143.0,EAB4875
2023,10.7848,Female,143.0,EAB4876
2012,2.1636,Female,8.0,EAB4877
2013,2.3613,Female,8.0,EAB4878
2014,2.5999,Female,8.0,EAB4879
2015,2.7591,Female,8.0,EAB4880
2016,2.9442,Female,8.0,EAB4881
2017,3.1864,Female,8.0,EAB4882
2018,3.2348,Female,8.0,EAB4883
2019,3.3344,Female,8.0,EAB4884
2020,3.7771,Female,8.0,EAB4885
2021,4.4097,Female,8.0,EAB4886
2022,5.1224,Female,8.0,EAB4887
2023,5.3539,Female,8.0,EAB4888
2012,1.2966,Female,6.0,EAB4889
2013,1.6565,Female,6.0,EAB4890
2014,1.4677,Female,6.0,EAB4891
2015,1.564,Female,6.0,EAB4892
2016,1.6659,Female,6.0,EAB4893
2017,1.6151,Female,6.0,EAB4894
2018,1.8925,Female,6.0,EAB4895
2019,2.1628,Female,6.0,EAB4896
2020,2.4088,Female,6.0,EAB4897
2021,2.0774,Female,6.0,EAB4898
2022,1.9992,Female,6.0,EAB4899
2023,1.8002,Female,6.0,EAB4900
2012,36.319,Female,26.0,EAB4901
2013,43.3774,Female,26.0,EAB4902
2014,44.7605,Female,26.0,EAB4903
2015,47.9956,Female,26.0,EAB4904
2016,53.5959,Female,26.0,EAB4905
2017,52.9191,Female,26.0,EAB4906
2018,53.358,Female,26.0,EAB4907
2019,42.8866,Female,26.0,EAB4908
2020,37.8902,Female,26.0,EAB4909
2021,34.5957,Female,26.0,EAB4910
2022,30.5523,Female,26.0,EAB4911
2023,29.9048,Female,26.0,EAB4912
2012,1.8091,Female,13.0,EAB4913
2013,1.7142,Female,13.0,EAB4914
2014,1.633,Female,13.0,EAB4915
2015,1.6969,Female,13.0,EAB4916
2016,1.7216,Female,13.0,EAB4917
2017,1.7687,Female,13.0,EAB4918
2018,1.9538,Female,13.0,EAB4919
2019,2.1119,Female,13.0,EAB4920
2020,2.3022,Female,13.0,EAB4921
2021,2.0332,Female,13.0,EAB4922
2022,2.6474,Female,13.0,EAB4923
2023,2.2519,Female,13.0,EAB4924
2012,0.2323,Female,161.0,EAB4925
2013,0.24,Female,161.0,EAB4926
2014,0.2737,Female,161.0,EAB4927
2015,0.2995,Female,161.0,EAB4928
2016,0.3193,Female,161.0,EAB4929
2017,0.369,Female,161.0,EAB4930
2018,0.4489,Female,161.0,EAB4931
2019,0.5418,Female,161.0,EAB4932
2020,0.623,Female,161.0,EAB4933
2021,0.6161,Female,161.0,EAB4934
2022,0.6234,Female,161.0,EAB4935
2012,5.1553,Female,181.0,EAB4936
2013,5.9026,Female,181.0,EAB4937
2014,5.4154,Female,181.0,EAB4938
2015,5.8266,Female,181.0,EAB4939
2016,5.9836,Female,181.0,EAB4940
2017,5.9783,Female,181.0,EAB4941
2018,6.0392,Female,181.0,EAB4942
2019,6.5909,Female,181.0,EAB4943
2020,6.9694,Female,181.0,EAB4944
2021,6.2882,Female,181.0,EAB4945
2022,6.2554,Female,181.0,EAB4946
2023,6.8674,Female,181.0,EAB4947
2012,3.8505,Female,2.0,EAB4948
2013,4.1071,Female,2.0,EAB4949
2014,4.1559,Female,2.0,EAB4950
2015,4.6211,Female,2.0,EAB4951
2016,5.7116,Female,2.0,EAB4952
2017,5.6496,Female,2.0,EAB4953
2018,6.2698,Female,2.0,EAB4954
2019,7.291,Female,2.0,EAB4955
2020,8.0833,Female,2.0,EAB4956
2021,7.2319,Female,2.0,EAB4957
2022,7.1453,Female,2.0,EAB4958
2023,15.5315,Female,2.0,EAB4959
2012,1.9642,Female,19.0,EAB4960
2013,1.7515,Female,19.0,EAB4961
2014,1.4313,Female,19.0,EAB4962
2015,1.3465,Female,19.0,EAB4963
2016,1.3575,Female,19.0,EAB4964
2017,1.0888,Female,19.0,EAB4965
2018,1.0843,Female,19.0,EAB4966
2019,1.1487,Female,19.0,EAB4967
2020,1.0129,Female,19.0,EAB4968
2021,0.9374,Female,19.0,EAB4969
2022,0.9267,Female,19.0,EAB4970
2023,1.0568,Female,19.0,EAB4971
2012,0.3384,Female,50.0,EAB4972
2013,0.3372,Female,50.0,EAB4973
2014,0.3688,Female,50.0,EAB4974
2015,0.4014,Female,50.0,EAB4975
2016,0.4147,Female,50.0,EAB4976
2017,0.3948,Female,50.0,EAB4977
2018,0.3663,Female,50.0,EAB4978
2019,0.3938,Female,50.0,EAB4979
2020,0.3336,Female,50.0,EAB4980
2021,0.3232,Female,50.0,EAB4981
2022,0.3495,Female,50.0,EAB4982
2023,0.3469,Female,50.0,EAB4983
2012,1.9773,Female,193.0,EAB4984
2013,2.0074,Female,193.0,EAB4985
2014,2.0759,Female,193.0,EAB4986
2015,2.3538,Female,193.0,EAB4987
2016,2.3923,Female,193.0,EAB4988
2017,2.2477,Female,193.0,EAB4989
2018,2.1815,Female,193.0,EAB4990
2019,2.3272,Female,193.0,EAB4991
2020,2.5131,Female,193.0,EAB4992
2021,2.3671,Female,193.0,EAB4993
2022,2.4185,Female,193.0,EAB4994
2023,2.4295,Female,193.0,EAB4995
2012,2.4529,Female,156.0,EAB4996
2013,2.5145,Female,156.0,EAB4997
2014,2.5414,Female,156.0,EAB4998
2015,2.7427,Female,156.0,EAB4999
2016,2.8608,Female,156.0,EAB5000
2017,3.1727,Female,156.0,EAB5001
2018,3.6452,Female,156.0,EAB5002
2019,4.0194,Female,156.0,EAB5003
2020,4.3505,Female,156.0,EAB5004
2021,4.4555,Female,156.0,EAB5005
2022,4.6709,Female,156.0,EAB5006
2023,4.8466,Female,156.0,EAB5007
2012,0.8048,Female,71.0,EAB5008
2013,0.8479,Female,71.0,EAB5009
2014,0.8896,Female,71.0,EAB5010
2015,0.9236,Female,71.0,EAB5011
2016,0.9589,Female,71.0,EAB5012
2017,1.0882,Female,71.0,EAB5013
2018,1.1659,Female,71.0,EAB5014
2019,1.216,Female,71.0,EAB5015
2020,1.3182,Female,71.0,EAB5016
2021,1.3762,Female,71.0,EAB5017
2022,1.5802,Female,71.0,EAB5018
2023,1.5856,Female,71.0,EAB5019
2012,0.6516,Female,15.0,EAB5020
2013,0.7491,Female,15.0,EAB5021
2014,0.8798,Female,15.0,EAB5022
2015,1.0082,Female,15.0,EAB5023
2016,1.1146,Female,15.0,EAB5024
2017,1.2539,Female,15.0,EAB5025
2018,1.3846,Female,15.0,EAB5026
2019,1.4757,Female,15.0,EAB5027
2020,1.5905,Female,15.0,EAB5028
2021,1.4854,Female,15.0,EAB5029
2022,1.4855,Female,15.0,EAB5030
2023,1.5309,Female,15.0,EAB5031
2012,0.9428,Female,108.0,EAB5032
2013,0.8877,Female,108.0,EAB5033
2014,0.9634,Female,108.0,EAB5034
2015,0.9681,Female,108.0,EAB5035
2016,1.0062,Female,108.0,EAB5036
2017,1.0049,Female,108.0,EAB5037
2018,0.9716,Female,108.0,EAB5038
2019,0.9303,Female,108.0,EAB5039
2020,0.9717,Female,108.0,EAB5040
2021,1.0924,Female,108.0,EAB5041
2022,1.1012,Female,108.0,EAB5042
2023,1.1075,Female,108.0,EAB5043
2012,1.9251,Female,117.0,EAB5044
2013,1.8248,Female,117.0,EAB5045
2014,2.0395,Female,117.0,EAB5046
2015,2.1444,Female,117.0,EAB5047
2016,2.4231,Female,117.0,EAB5048
2017,2.5961,Female,117.0,EAB5049
2018,2.5496,Female,117.0,EAB5050
2019,2.4744,Female,117.0,EAB5051
2020,2.4652,Female,117.0,EAB5052
2021,2.4012,Female,117.0,EAB5053
2022,2.178,Female,117.0,EAB5054
2023,2.1456,Female,117.0,EAB5055
2012,0.8011,Female,72.0,EAB5056
2013,0.8257,Female,72.0,EAB5057
2014,0.8491,Female,72.0,EAB5058
2015,0.8964,Female,72.0,EAB5059
2016,0.9361,Female,72.0,EAB5060
2017,1.1428,Female,72.0,EAB5061
2018,1.2636,Female,72.0,EAB5062
2019,1.318,Female,72.0,EAB5063
2020,1.4224,Female,72.0,EAB5064
2021,1.4566,Female,72.0,EAB5065
2022,1.5664,Female,72.0,EAB5066
2012,6.4796,Female,124.0,EAB5067
2013,6.0731,Female,124.0,EAB5068
2014,6.8183,Female,124.0,EAB5069
2015,6.8125,Female,124.0,EAB5070
2016,7.2462,Female,124.0,EAB5071
2017,7.2919,Female,124.0,EAB5072
2018,6.9598,Female,124.0,EAB5073
2019,6.5406,Female,124.0,EAB5074
2020,6.3082,Female,124.0,EAB5075
2021,6.0673,Female,124.0,EAB5076
2022,6.0841,Female,124.0,EAB5077
2023,6.1897,Female,124.0,EAB5078
2012,0.5522,Female,35.0,EAB5079
2013,0.5914,Female,35.0,EAB5080
2014,0.6042,Female,35.0,EAB5081
2015,0.6834,Female,35.0,EAB5082
2016,0.7334,Female,35.0,EAB5083
2017,0.7745,Female,35.0,EAB5084
2018,0.8295,Female,35.0,EAB5085
2019,0.9039,Female,35.0,EAB5086
2020,1.0103,Female,35.0,EAB5087
2021,0.9863,Female,35.0,EAB5088
2022,1.1307,Female,35.0,EAB5089
2023,1.2031,Female,35.0,EAB5090
2012,0.2913,Female,67.0,EAB5091
2013,0.2982,Female,67.0,EAB5092
2014,0.3198,Female,67.0,EAB5093
2015,0.333,Female,67.0,EAB5094
2016,0.3487,Female,67.0,EAB5095
2017,0.3841,Female,67.0,EAB5096
2018,0.3723,Female,67.0,EAB5097
2019,0.406,Female,67.0,EAB5098
2020,0.4919,Female,67.0,EAB5099
2021,0.5373,Female,67.0,EAB5100
2022,0.6493,Female,67.0,EAB5101
2023,0.7871,Female,67.0,EAB5102
2012,0.2729,Female,18.0,EAB5103
2013,0.5584,Female,18.0,EAB5104
2014,0.5271,Female,18.0,EAB5105
2015,1.0079,Female,18.0,EAB5106
2016,1.4608,Female,18.0,EAB5107
2017,1.7447,Female,18.0,EAB5108
2018,2.0544,Female,18.0,EAB5109
2019,2.431,Female,18.0,EAB5110
2020,1.8932,Female,18.0,EAB5111
2021,1.516,Female,18.0,EAB5112
2022,1.5495,Female,18.0,EAB5113
2023,1.2762,Female,18.0,EAB5114
2012,7.9847,Female,60.0,EAB5115
2013,10.5133,Female,60.0,EAB5116
2014,42.625,Female,60.0,EAB5117
2015,11.2365,Female,60.0,EAB5118
2016,13.6166,Female,60.0,EAB5119
2017,14.7592,Female,60.0,EAB5120
2018,15.0662,Female,60.0,EAB5121
2019,18.1588,Female,60.0,EAB5122
2020,22.0954,Female,60.0,EAB5123
2021,21.7134,Female,60.0,EAB5124
2022,19.0609,Female,60.0,EAB5125
2023,20.9316,Female,60.0,EAB5126
2012,40.6121,Female,213.0,EAB5127
2013,40.9981,Female,213.0,EAB5128
2014,43.6719,Female,213.0,EAB5129
2015,43.4351,Female,213.0,EAB5130
2016,43.7382,Female,213.0,EAB5131
2017,42.552,Female,213.0,EAB5132
2018,44.2776,Female,213.0,EAB5133
2019,45.7081,Female,213.0,EAB5134
2020,46.0795,Female,213.0,EAB5135
2021,48.9685,Female,213.0,EAB5136
2022,50.3742,Female,213.0,EAB5137
2023,46.3641,Female,213.0,EAB5138
2012,2.4013,Female,168.0,EAB5139
2013,2.5398,Female,168.0,EAB5140
2014,2.6355,Female,168.0,EAB5141
2015,2.8259,Female,168.0,EAB5142
2016,2.9508,Female,168.0,EAB5143
2017,3.299,Female,168.0,EAB5144
2018,3.1932,Female,168.0,EAB5145
2019,3.1208,Female,168.0,EAB5146
2020,3.2605,Female,168.0,EAB5147
2021,3.3454,Female,168.0,EAB5148
2022,3.077,Female,168.0,EAB5149
2023,2.6106,Female,168.0,EAB5150
2012,2.7583,Female,75.0,EAB5151
2013,2.8734,Female,75.0,EAB5152
2014,2.8751,Female,75.0,EAB5153
2015,2.9265,Female,75.0,EAB5154
2016,2.9198,Female,75.0,EAB5155
2017,3.0293,Female,75.0,EAB5156
2018,2.9989,Female,75.0,EAB5157
2019,3.0236,Female,75.0,EAB5158
2020,3.0731,Female,75.0,EAB5159
2021,3.2115,Female,75.0,EAB5160
2022,3.2603,Female,75.0,EAB5161
2023,3.3626,Female,75.0,EAB5162
2012,2.2007,Female,49.0,EAB5163
2013,2.2328,Female,49.0,EAB5164
2014,2.5929,Female,49.0,EAB5165
2015,2.4878,Female,49.0,EAB5166
2016,2.479,Female,49.0,EAB5167
2017,2.5619,Female,49.0,EAB5168
2018,2.5417,Female,49.0,EAB5169
2019,2.4871,Female,49.0,EAB5170
2020,2.4461,Female,49.0,EAB5171
2021,2.5479,Female,49.0,EAB5172
2022,2.636,Female,49.0,EAB5173
2023,2.5869,Female,49.0,EAB5174
2012,8.2328,Female,165.0,EAB5175
2013,8.6806,Female,165.0,EAB5176
2014,7.2852,Female,165.0,EAB5177
2015,7.9983,Female,165.0,EAB5178
2016,10.2064,Female,165.0,EAB5179
2017,12.5366,Female,165.0,EAB5180
2018,16.3961,Female,165.0,EAB5181
2019,16.8788,Female,165.0,EAB5182
2020,26.5207,Female,165.0,EAB5183
2021,31.1543,Female,165.0,EAB5184
2022,28.0546,Female,165.0,EAB5185
2023,25.557,Female,165.0,EAB5186
2012,1.7478,Female,30.0,EAB5187
2013,1.5658,Female,30.0,EAB5188
2014,1.6026,Female,30.0,EAB5189
2015,1.4297,Female,30.0,EAB5190
2016,1.4374,Female,30.0,EAB5191
2017,1.5428,Female,30.0,EAB5192
2018,1.75,Female,30.0,EAB5193
2019,1.7113,Female,30.0,EAB5194
2020,1.7907,Female,30.0,EAB5195
2021,1.7546,Female,30.0,EAB5196
2022,1.8326,Female,30.0,EAB5197
2023,1.8567,Female,30.0,EAB5198
2012,0.4097,Female,32.0,EAB5199
2013,0.5331,Female,32.0,EAB5200
2014,0.5063,Female,32.0,EAB5201
2015,0.4947,Female,32.0,EAB5202
2016,0.4692,Female,32.0,EAB5203
2017,0.5387,Female,32.0,EAB5204
2018,0.5449,Female,32.0,EAB5205
2019,0.4766,Female,32.0,EAB5206
2020,0.4809,Female,32.0,EAB5207
2021,0.4642,Female,32.0,EAB5208
2022,0.6023,Female,32.0,EAB5209
2023,0.6761,Female,32.0,EAB5210
2012,0.6015,Female,92.0,EAB5211
2013,0.5169,Female,92.0,EAB5212
2014,0.5254,Female,92.0,EAB5213
2015,0.5384,Female,92.0,EAB5214
2016,0.6003,Female,92.0,EAB5215
2017,0.7515,Female,92.0,EAB5216
2018,0.9015,Female,92.0,EAB5217
2019,0.9907,Female,92.0,EAB5218
2020,1.0437,Female,92.0,EAB5219
2021,1.1285,Female,92.0,EAB5220
2022,1.2211,Female,92.0,EAB5221
2023,1.2886,Female,92.0,EAB5222
2012,0.9085,Female,99.0,EAB5223
2013,0.9179,Female,99.0,EAB5224
2014,1.0101,Female,99.0,EAB5225
2015,1.1087,Female,99.0,EAB5226
2016,1.1946,Female,99.0,EAB5227
2017,1.3786,Female,99.0,EAB5228
2018,1.441,Female,99.0,EAB5229
2019,1.4355,Female,99.0,EAB5230
2020,1.4503,Female,99.0,EAB5231
2021,1.6369,Female,99.0,EAB5232
2022,1.9339,Female,99.0,EAB5233
2023,2.3163,Female,99.0,EAB5234
2012,0.1355,Female,95.0,EAB5235
2013,0.1676,Female,95.0,EAB5236
2014,0.1976,Female,95.0,EAB5237
2015,0.2106,Female,95.0,EAB5238
2016,0.2399,Female,95.0,EAB5239
2017,0.2529,Female,95.0,EAB5240
2018,0.2666,Female,95.0,EAB5241
2019,0.2834,Female,95.0,EAB5242
2020,0.3122,Female,95.0,EAB5243
2021,0.3435,Female,95.0,EAB5244
2022,0.3927,Female,95.0,EAB5245
2023,0.3959,Female,95.0,EAB5246
2012,0.3045,Female,118.0,EAB5247
2013,0.4631,Female,118.0,EAB5248
2014,0.3935,Female,118.0,EAB5249
2015,0.4196,Female,118.0,EAB5250
2016,0.4679,Female,118.0,EAB5251
2017,0.4176,Female,118.0,EAB5252
2018,0.4002,Female,118.0,EAB5253
2019,0.4179,Female,118.0,EAB5254
2020,0.3909,Female,118.0,EAB5255
2021,0.3543,Female,118.0,EAB5256
2022,0.3477,Female,118.0,EAB5257
2023,0.3442,Female,118.0,EAB5258
2012,1.3549,Female,182.0,EAB5259
2013,1.3592,Female,182.0,EAB5260
2014,1.5193,Female,182.0,EAB5261
2015,1.6371,Female,182.0,EAB5262
2016,1.8181,Female,182.0,EAB5263
2017,2.0102,Female,182.0,EAB5264
2018,2.0257,Female,182.0,EAB5265
2019,2.0266,Female,182.0,EAB5266
2020,2.1827,Female,182.0,EAB5267
2021,2.1693,Female,182.0,EAB5268
2022,2.3126,Female,182.0,EAB5269
2023,2.2307,Female,182.0,EAB5270
2012,5.9023,Female,153.0,EAB5271
2013,6.0261,Female,153.0,EAB5272
2014,6.6383,Female,153.0,EAB5273
2015,6.9855,Female,153.0,EAB5274
2016,7.0213,Female,153.0,EAB5275
2017,7.1523,Female,153.0,EAB5276
2018,6.9368,Female,153.0,EAB5277
2019,6.6727,Female,153.0,EAB5278
2020,6.6981,Female,153.0,EAB5279
2021,6.7784,Female,153.0,EAB5280
2022,6.2513,Female,153.0,EAB5281
2023,5.5855,Female,153.0,EAB5282
2012,0.029,Female,64.0,EAB5283
2013,0.0293,Female,64.0,EAB5284
2014,0.0311,Female,64.0,EAB5285
2015,0.0315,Female,64.0,EAB5286
2016,0.0314,Female,64.0,EAB5287
2017,0.032,Female,64.0,EAB5288
2018,0.037,Female,64.0,EAB5289
2019,0.0346,Female,64.0,EAB5290
2020,0.0389,Female,64.0,EAB5291
2021,0.0401,Female,64.0,EAB5292
2022,0.0465,Female,64.0,EAB5293
2023,0.05,Female,64.0,EAB5294
2012,3.1707,Female,27.0,EAB5295
2013,3.1813,Female,27.0,EAB5296
2014,3.3836,Female,27.0,EAB5297
2015,3.6237,Female,27.0,EAB5298
2016,3.9999,Female,27.0,EAB5299
2017,4.4088,Female,27.0,EAB5300
2018,4.6899,Female,27.0,EAB5301
2019,4.8124,Female,27.0,EAB5302
2020,4.7458,Female,27.0,EAB5303
2021,4.5007,Female,27.0,EAB5304
2022,4.2037,Female,27.0,EAB5305
2023,3.7933,Female,27.0,EAB5306
2012,1.3795,Female,190.0,EAB5307
2013,1.3459,Female,190.0,EAB5308
2014,1.7166,Female,190.0,EAB5309
2015,1.3965,Female,190.0,EAB5310
2016,1.3862,Female,190.0,EAB5311
2017,1.7302,Female,190.0,EAB5312
2018,1.5031,Female,190.0,EAB5313
2019,1.6754,Female,190.0,EAB5314
2020,1.585,Female,190.0,EAB5315
2021,1.4803,Female,190.0,EAB5316
2022,1.9293,Female,190.0,EAB5317
2023,3.5947,Female,190.0,EAB5318
2012,1.6787,Female,179.0,EAB5319
2013,2.1144,Female,179.0,EAB5320
2014,2.2789,Female,179.0,EAB5321
2015,2.4564,Female,179.0,EAB5322
2016,2.5868,Female,179.0,EAB5323
2017,2.6701,Female,179.0,EAB5324
2018,2.8167,Female,179.0,EAB5325
2019,2.8807,Female,179.0,EAB5326
2020,3.0779,Female,179.0,EAB5327
2021,3.0029,Female,179.0,EAB5328
2022,3.2277,Female,179.0,EAB5329
2023,3.2581,Female,179.0,EAB5330
2012,0.5899,Female,130.0,EAB5331
2013,1.0864,Female,130.0,EAB5332
2014,1.2287,Female,130.0,EAB5333
2015,1.2101,Female,130.0,EAB5334
2016,1.1843,Female,130.0,EAB5335
2017,1.1212,Female,130.0,EAB5336
2018,1.0748,Female,130.0,EAB5337
2019,0.287,Female,130.0,EAB5338
2020,0.4541,Female,130.0,EAB5339
2021,0.6534,Female,130.0,EAB5340
2022,0.7139,Female,130.0,EAB5341
2023,0.5046,Female,130.0,EAB5342
2012,3.5099,Female,101.0,EAB5343
2013,3.1626,Female,101.0,EAB5344
2014,3.456,Female,101.0,EAB5345
2015,3.4527,Female,101.0,EAB5346
2016,3.5372,Female,101.0,EAB5347
2017,3.5389,Female,101.0,EAB5348
2018,3.601,Female,101.0,EAB5349
2019,4.4013,Female,101.0,EAB5350
2020,5.206,Female,101.0,EAB5351
2021,6.4441,Female,101.0,EAB5352
2022,7.0503,Female,101.0,EAB5353
2023,8.0207,Female,101.0,EAB5354
2012,0.5682,Female,189.0,EAB5355
2013,0.6153,Female,189.0,EAB5356
2014,0.6532,Female,189.0,EAB5357
2015,0.713,Female,189.0,EAB5358
2016,0.7821,Female,189.0,EAB5359
2017,0.8249,Female,189.0,EAB5360
2018,0.8969,Female,189.0,EAB5361
2019,0.9254,Female,189.0,EAB5362
2020,0.9814,Female,189.0,EAB5363
2021,0.9756,Female,189.0,EAB5364
2022,1.037,Female,189.0,EAB5365
2023,1.0213,Female,189.0,EAB5366
2012,2.845,Female,163.0,EAB5367
2013,2.465,Female,163.0,EAB5368
2014,3.3068,Female,163.0,EAB5369
2015,3.5218,Female,163.0,EAB5370
2016,3.7389,Female,163.0,EAB5371
2017,4.3872,Female,163.0,EAB5372
2018,4.3274,Female,163.0,EAB5373
2019,4.4461,Female,163.0,EAB5374
2020,4.4847,Female,163.0,EAB5375
2021,4.3191,Female,163.0,EAB5376
2022,4.4474,Female,163.0,EAB5377
2023,4.5096,Female,163.0,EAB5378
2012,0.2371,Female,44.0,EAB5379
2013,0.2394,Female,44.0,EAB5380
2014,0.2737,Female,44.0,EAB5381
2015,0.3121,Female,44.0,EAB5382
2016,0.3214,Female,44.0,EAB5383
2017,0.3411,Female,44.0,EAB5384
2018,0.3574,Female,44.0,EAB5385
2019,0.3632,Female,44.0,EAB5386
2020,0.4051,Female,44.0,EAB5387
2021,0.4177,Female,44.0,EAB5388
2022,0.4481,Female,44.0,EAB5389
2023,0.4757,Female,44.0,EAB5390
2012,38.3434,Female,125.0,EAB5391
2013,41.7719,Female,125.0,EAB5392
2014,47.2879,Female,125.0,EAB5393
2015,43.8801,Female,125.0,EAB5394
2016,45.9726,Female,125.0,EAB5395
2017,48.4444,Female,125.0,EAB5396
2018,47.0437,Female,125.0,EAB5397
2019,46.3589,Female,125.0,EAB5398
2020,50.3911,Female,125.0,EAB5399
2021,47.812,Female,125.0,EAB5400
2022,49.1816,Female,125.0,EAB5401
2023,42.7504,Female,125.0,EAB5402
2012,0.3885,Female,167.0,EAB5403
2013,0.3718,Female,167.0,EAB5404
2014,0.4057,Female,167.0,EAB5405
2015,0.4084,Female,167.0,EAB5406
2016,0.4284,Female,167.0,EAB5407
2017,0.4527,Female,167.0,EAB5408
2018,0.3809,Female,167.0,EAB5409
2019,0.3331,Female,167.0,EAB5410
2020,0.3544,Female,167.0,EAB5411
2021,0.3362,Female,167.0,EAB5412
2022,0.3361,Female,167.0,EAB5413
2023,0.4326,Female,167.0,EAB5414
2012,0.3911,Female,53.0,EAB5415
2013,0.4558,Female,53.0,EAB5416
2014,0.4827,Female,53.0,EAB5417
2015,0.4499,Female,53.0,EAB5418
2016,0.4661,Female,53.0,EAB5419
2017,0.4885,Female,53.0,EAB5420
2018,0.4857,Female,53.0,EAB5421
2019,0.4284,Female,53.0,EAB5422
2020,0.4839,Female,53.0,EAB5423
2021,0.5049,Female,53.0,EAB5424
2022,0.5302,Female,53.0,EAB5425
2023,0.5973,Female,53.0,EAB5426
2012,0.8092,Female,167.0,EAB5427
2013,0.8633,Female,167.0,EAB5428
2014,1.0232,Female,167.0,EAB5429
2015,0.9388,Female,167.0,EAB5430
2016,1.0551,Female,167.0,EAB5431
2017,1.0994,Female,167.0,EAB5432
2018,1.2196,Female,167.0,EAB5433
2019,1.416,Female,167.0,EAB5434
2020,2.312,Female,167.0,EAB5435
2021,2.6156,Female,167.0,EAB5436
2022,3.0999,Female,167.0,EAB5437
2023,3.2974,Female,167.0,EAB5438
2012,1.0563,Female,97.0,EAB5439
2013,0.8837,Female,97.0,EAB5440
2014,0.9395,Female,97.0,EAB5441
2015,0.9934,Female,97.0,EAB5442
2016,1.0473,Female,97.0,EAB5443
2017,1.0681,Female,97.0,EAB5444
2018,1.0396,Female,97.0,EAB5445
2019,0.8336,Female,97.0,EAB5446
2020,0.796,Female,97.0,EAB5447
2021,0.8748,Female,97.0,EAB5448
2022,0.8847,Female,97.0,EAB5449
2023,0.9063,Female,97.0,EAB5450
2012,5.5173,Female,135.0,EAB5451
2013,5.605,Female,135.0,EAB5452
2014,6.272,Female,135.0,EAB5453
2015,6.7106,Female,135.0,EAB5454
2016,6.6666,Female,135.0,EAB5455
2017,7.0164,Female,135.0,EAB5456
2018,7.3231,Female,135.0,EAB5457
2019,7.3532,Female,135.0,EAB5458
2020,7.6257,Female,135.0,EAB5459
2021,7.9769,Female,135.0,EAB5460
2022,7.9129,Female,135.0,EAB5461
2023,7.8597,Female,135.0,EAB5462
2012,3.8514,Female,70.0,EAB5463
2013,4.5102,Female,70.0,EAB5464
2014,4.4649,Female,70.0,EAB5465
2015,3.8939,Female,70.0,EAB5466
2016,4.6465,Female,70.0,EAB5467
2017,5.2922,Female,70.0,EAB5468
2018,4.8431,Female,70.0,EAB5469
2019,5.2189,Female,70.0,EAB5470
2020,5.2845,Female,70.0,EAB5471
2021,5.299,Female,70.0,EAB5472
2022,4.835,Female,70.0,EAB5473
2023,4.8404,Female,70.0,EAB5474
2012,0.1755,Female,68.0,EAB5475
2013,0.1688,Female,68.0,EAB5476
2014,0.1458,Female,68.0,EAB5477
2015,0.1446,Female,68.0,EAB5478
2016,0.144,Female,68.0,EAB5479
2017,0.1516,Female,68.0,EAB5480
2018,0.1696,Female,68.0,EAB5481
2019,0.1713,Female,68.0,EAB5482
2020,0.1938,Female,68.0,EAB5483
2021,0.1972,Female,68.0,EAB5484
2022,0.1976,Female,68.0,EAB5485
2023,0.1983,Female,68.0,EAB5486
2012,2.2709,Female,201.0,EAB5487
2013,1.9041,Female,201.0,EAB5488
2014,1.7193,Female,201.0,EAB5489
2015,1.4315,Female,201.0,EAB5490
2016,1.3555,Female,201.0,EAB5491
2017,1.3555,Female,201.0,EAB5492
2018,1.381,Female,201.0,EAB5493
2019,1.5258,Female,201.0,EAB5494
2020,1.5764,Female,201.0,EAB5495
2021,1.5124,Female,201.0,EAB5496
2022,1.8123,Female,201.0,EAB5497
2023,1.6371,Female,201.0,EAB5498
2012,5.8612,Female,116.0,EAB5499
2013,6.719,Female,116.0,EAB5500
2014,7.1519,Female,116.0,EAB5501
2015,7.4483,Female,116.0,EAB5502
2016,8.3204,Female,116.0,EAB5503
2017,8.6996,Female,116.0,EAB5504
2018,9.3764,Female,116.0,EAB5505
2019,9.9647,Female,116.0,EAB5506
2020,10.3803,Female,116.0,EAB5507
2021,11.347,Female,116.0,EAB5508
2022,12.5098,Female,116.0,EAB5509
2023,14.9241,Female,116.0,EAB5510
2012,0.4124,Female,54.0,EAB5511
2013,0.4164,Female,54.0,EAB5512
2014,0.4508,Female,54.0,EAB5513
2015,0.5101,Female,54.0,EAB5514
2016,0.5394,Female,54.0,EAB5515
2017,0.5425,Female,54.0,EAB5516
2018,0.574,Female,54.0,EAB5517
2019,0.5569,Female,54.0,EAB5518
2020,0.5902,Female,54.0,EAB5519
2021,0.5902,Female,54.0,EAB5520
2022,0.6544,Female,54.0,EAB5521
2023,0.7143,Female,54.0,EAB5522
2012,4.206,Female,85.0,EAB5523
2013,4.2922,Female,85.0,EAB5524
2014,4.4962,Female,85.0,EAB5525
2015,4.5627,Female,85.0,EAB5526
2016,4.6754,Female,85.0,EAB5527
2017,4.9585,Female,85.0,EAB5528
2018,5.0242,Female,85.0,EAB5529
2019,5.4887,Female,85.0,EAB5530
2020,5.5483,Female,85.0,EAB5531
2021,6.2845,Female,85.0,EAB5532
2022,6.2645,Female,85.0,EAB5533
2023,6.3024,Female,85.0,EAB5534
2012,0.8784,Female,91.0,EAB5535
2013,0.8899,Female,91.0,EAB5536
2014,0.8966,Female,91.0,EAB5537
2015,0.8435,Female,91.0,EAB5538
2016,0.8474,Female,91.0,EAB5539
2017,0.7728,Female,91.0,EAB5540
2018,0.8147,Female,91.0,EAB5541
2019,0.8572,Female,91.0,EAB5542
2020,0.8264,Female,91.0,EAB5543
2021,1.2155,Female,91.0,EAB5544
2022,0.8787,Female,91.0,EAB5545
2023,0.87,Female,91.0,EAB5546
2012,1.5187,Female,202.0,EAB5547
2013,1.7193,Female,202.0,EAB5548
2014,1.8366,Female,202.0,EAB5549
2015,2.0316,Female,202.0,EAB5550
2016,2.2935,Female,202.0,EAB5551
2017,2.5413,Female,202.0,EAB5552
2018,2.7283,Female,202.0,EAB5553
2019,2.8369,Female,202.0,EAB5554
2020,3.1093,Female,202.0,EAB5555
2021,3.1809,Female,202.0,EAB5556
2022,3.2418,Female,202.0,EAB5557
2023,3.071,Female,202.0,EAB5558
2012,0.1516,Female,196.0,EAB5559
2013,0.1663,Female,196.0,EAB5560
2014,0.1723,Female,196.0,EAB5561
2015,0.1931,Female,196.0,EAB5562
2016,0.2105,Female,196.0,EAB5563
2017,0.2103,Female,196.0,EAB5564
2018,0.2209,Female,196.0,EAB5565
2019,0.235,Female,196.0,EAB5566
2020,0.2496,Female,196.0,EAB5567
2021,0.2528,Female,196.0,EAB5568
2022,0.2665,Female,196.0,EAB5569
2023,0.295,Female,196.0,EAB5570
2012,0.0929,Female,186.0,EAB5571
2013,0.0953,Female,186.0,EAB5572
2014,0.1049,Female,186.0,EAB5573
2015,0.1288,Female,186.0,EAB5574
2016,0.1607,Female,186.0,EAB5575
2017,0.1814,Female,186.0,EAB5576
2018,0.2057,Female,186.0,EAB5577
2019,0.2656,Female,186.0,EAB5578
2020,0.3129,Female,186.0,EAB5579
2021,0.314,Female,186.0,EAB5580
2022,0.3884,Female,186.0,EAB5581
2023,0.5414,Female,186.0,EAB5582
2012,7.7666,Female,24.0,EAB5583
2013,6.9204,Female,24.0,EAB5584
2014,6.5696,Female,24.0,EAB5585
2015,6.4772,Female,24.0,EAB5586
2016,6.3007,Female,24.0,EAB5587
2017,6.2998,Female,24.0,EAB5588
2018,5.9125,Female,24.0,EAB5589
2019,6.0199,Female,24.0,EAB5590
2020,5.7522,Female,24.0,EAB5591
2021,6.0766,Female,24.0,EAB5592
2022,6.3811,Female,24.0,EAB5593
2023,6.2899,Female,24.0,EAB5594
2012,0.5306,Female,103.0,EAB5595
2013,0.5555,Female,103.0,EAB5596
2014,0.6148,Female,103.0,EAB5597
2015,0.6826,Female,103.0,EAB5598
2016,0.7722,Female,103.0,EAB5599
2017,0.8112,Female,103.0,EAB5600
2018,0.8973,Female,103.0,EAB5601
2019,0.9642,Female,103.0,EAB5602
2020,1.1355,Female,103.0,EAB5603
2021,1.2715,Female,103.0,EAB5604
2022,1.4229,Female,103.0,EAB5605
2023,1.6325,Female,103.0,EAB5606
2012,0.2739,Female,137.0,EAB5607
2013,0.3361,Female,137.0,EAB5608
2014,0.4086,Female,137.0,EAB5609
2015,0.455,Female,137.0,EAB5610
2016,0.5211,Female,137.0,EAB5611
2017,0.4798,Female,137.0,EAB5612
2018,0.4937,Female,137.0,EAB5613
2019,0.5203,Female,137.0,EAB5614
2020,0.5583,Female,137.0,EAB5615
2021,0.6337,Female,137.0,EAB5616
2022,0.6601,Female,137.0,EAB5617
2023,0.6659,Female,137.0,EAB5618
2012,12.956,Female,106.0,EAB5619
2013,13.5595,Female,106.0,EAB5620
2014,12.6082,Female,106.0,EAB5621
2015,11.8584,Female,106.0,EAB5622
2016,11.7665,Female,106.0,EAB5623
2017,12.0344,Female,106.0,EAB5624
2018,16.2846,Female,106.0,EAB5625
2019,12.4434,Female,106.0,EAB5626
2020,12.3068,Female,106.0,EAB5627
2021,12.6478,Female,106.0,EAB5628
2022,12.1467,Female,106.0,EAB5629
2023,11.7637,Female,106.0,EAB5630
2012,1.2707,Female,74.0,EAB5631
2013,1.1797,Female,74.0,EAB5632
2014,1.2589,Female,74.0,EAB5633
2015,1.2751,Female,74.0,EAB5634
2016,1.3813,Female,74.0,EAB5635
2017,1.515,Female,74.0,EAB5636
2018,1.6853,Female,74.0,EAB5637
2019,1.7217,Female,74.0,EAB5638
2020,2.0304,Female,74.0,EAB5639
2021,2.1147,Female,74.0,EAB5640
2022,2.1255,Female,74.0,EAB5641
2023,2.1242,Female,74.0,EAB5642
2012,1.5763,Female,3.0,EAB5643
2013,1.6576,Female,3.0,EAB5644
2014,1.8418,Female,3.0,EAB5645
2015,2.0965,Female,3.0,EAB5646
2016,2.3838,Female,3.0,EAB5647
2017,2.6925,Female,3.0,EAB5648
2018,2.7707,Female,3.0,EAB5649
2019,2.9303,Female,3.0,EAB5650
2020,3.1253,Female,3.0,EAB5651
2021,3.1583,Female,3.0,EAB5652
2022,3.2641,Female,3.0,EAB5653
2023,3.259,Female,3.0,EAB5654
2012,1.3173,Female,194.0,EAB5655
2013,1.3979,Female,194.0,EAB5656
2014,1.4321,Female,194.0,EAB5657
2015,1.5772,Female,194.0,EAB5658
2016,1.9954,Female,194.0,EAB5659
2017,1.9054,Female,194.0,EAB5660
2018,2.1796,Female,194.0,EAB5661
2019,2.3725,Female,194.0,EAB5662
2020,2.7975,Female,194.0,EAB5663
2021,2.6517,Female,194.0,EAB5664
2022,2.3817,Female,194.0,EAB5665
2023,2.6686,Female,194.0,EAB5666
2012,1.5234,Female,115.0,EAB5667
2013,1.8327,Female,115.0,EAB5668
2014,1.6748,Female,115.0,EAB5669
2015,1.6941,Female,115.0,EAB5670
2016,1.7446,Female,115.0,EAB5671
2017,1.6882,Female,115.0,EAB5672
2018,1.7022,Female,115.0,EAB5673
2019,1.8267,Female,115.0,EAB5674
2020,1.918,Female,115.0,EAB5675
2021,1.926,Female,115.0,EAB5676
2022,2.0345,Female,115.0,EAB5677
2023,2.1742,Female,115.0,EAB5678
2012,0.6235,Female,42.0,EAB5679
2013,0.6126,Female,42.0,EAB5680
2014,0.622,Female,42.0,EAB5681
2015,0.5697,Female,42.0,EAB5682
2016,0.6083,Female,42.0,EAB5683
2017,0.5979,Female,42.0,EAB5684
2018,0.6237,Female,42.0,EAB5685
2019,0.6376,Female,42.0,EAB5686
2020,0.6567,Female,42.0,EAB5687
2021,0.5684,Female,42.0,EAB5688
2022,0.6157,Female,42.0,EAB5689
2023,0.6686,Female,42.0,EAB5690
2012,0.9419,Female,104.0,EAB5691
2013,1.1275,Female,104.0,EAB5692
2014,1.3951,Female,104.0,EAB5693
2015,1.5695,Female,104.0,EAB5694
2016,1.8188,Female,104.0,EAB5695
2017,1.8358,Female,104.0,EAB5696
2018,1.7533,Female,104.0,EAB5697
2019,1.8085,Female,104.0,EAB5698
2020,1.9322,Female,104.0,EAB5699
2021,2.0288,Female,104.0,EAB5700
2022,2.33,Female,104.0,EAB5701
2023,2.3432,Female,104.0,EAB5702
2012,0.2627,Female,123.0,EAB5703
2013,0.2572,Female,123.0,EAB5704
2014,0.2672,Female,123.0,EAB5705
2015,0.2795,Female,123.0,EAB5706
2016,0.2835,Female,123.0,EAB5707
2017,0.2971,Female,123.0,EAB5708
2018,0.3149,Female,123.0,EAB5709
2019,0.3162,Female,123.0,EAB5710
2020,0.3292,Female,123.0,EAB5711
2021,0.3091,Female,123.0,EAB5712
2022,0.3383,Female,123.0,EAB5713
2023,0.4112,Female,123.0,EAB5714
2012,0.4625,Female,78.0,EAB5715
2013,0.5211,Female,78.0,EAB5716
2014,0.7797,Female,78.0,EAB5717
2015,0.8474,Female,78.0,EAB5718
2016,0.9875,Female,78.0,EAB5719
2017,1.0159,Female,78.0,EAB5720
2018,1.0318,Female,78.0,EAB5721
2019,1.1126,Female,78.0,EAB5722
2020,1.1845,Female,78.0,EAB5723
2021,1.2355,Female,78.0,EAB5724
2022,1.4493,Female,78.0,EAB5725
2023,1.5525,Female,78.0,EAB5726
2012,0.157,Female,211.0,EAB5727
2013,0.17,Female,211.0,EAB5728
2014,0.2131,Female,211.0,EAB5729
2015,0.217,Female,211.0,EAB5730
2016,0.2435,Female,211.0,EAB5731
2017,0.2959,Female,211.0,EAB5732
2018,0.3443,Female,211.0,EAB5733
2019,0.4,Female,211.0,EAB5734
2020,0.4428,Female,211.0,EAB5735
2021,0.4388,Female,211.0,EAB5736
2022,0.443,Female,211.0,EAB5737
2023,0.4768,Female,211.0,EAB5738
2012,5.9724,Female,119.0,EAB5739
2013,6.1218,Female,119.0,EAB5740
2014,5.4145,Female,119.0,EAB5741
2015,5.8216,Female,119.0,EAB5742
2016,5.9794,Female,119.0,EAB5743
2017,5.9809,Female,119.0,EAB5744
2018,4.9944,Female,119.0,EAB5745
2019,5.3699,Female,119.0,EAB5746
2020,5.8425,Female,119.0,EAB5747
2021,5.7587,Female,119.0,EAB5748
2022,4.8667,Female,119.0,EAB5749
2023,5.2021,Female,119.0,EAB5750
2012,5.6526,Female,170.0,EAB5751
2013,7.2139,Female,170.0,EAB5752
2014,6.7727,Female,170.0,EAB5753
2015,7.2711,Female,170.0,EAB5754
2016,7.7509,Female,170.0,EAB5755
2017,10.5211,Female,170.0,EAB5756
2018,8.9871,Female,170.0,EAB5757
2019,10.0211,Female,170.0,EAB5758
2020,13.2935,Female,170.0,EAB5759
2021,11.3581,Female,170.0,EAB5760
2022,10.6677,Female,170.0,EAB5761
2023,10.4941,Female,170.0,EAB5762
2012,4.5513,Female,199.0,EAB5763
2013,4.492,Female,199.0,EAB5764
2014,5.6473,Female,199.0,EAB5765
2015,6.6929,Female,199.0,EAB5766
2016,8.0016,Female,199.0,EAB5767
2017,8.0162,Female,199.0,EAB5768
2018,8.0981,Female,199.0,EAB5769
2019,7.7554,Female,199.0,EAB5770
2020,7.8181,Female,199.0,EAB5771
2021,7.2335,Female,199.0,EAB5772
2022,8.1582,Female,199.0,EAB5773
2023,7.7329,Female,199.0,EAB5774
2012,1.9024,Female,51.0,EAB5775
2013,1.8987,Female,51.0,EAB5776
2014,1.8274,Female,51.0,EAB5777
2015,1.9385,Female,51.0,EAB5778
2016,2.2238,Female,51.0,EAB5779
2017,2.5372,Female,51.0,EAB5780
2018,2.6796,Female,51.0,EAB5781
2019,2.7568,Female,51.0,EAB5782
2020,3.2566,Female,51.0,EAB5783
2021,3.9451,Female,51.0,EAB5784
2022,4.7688,Female,51.0,EAB5785
2023,5.3442,Female,51.0,EAB5786
2012,0.091,Female,88.0,EAB5787
2013,0.1056,Female,88.0,EAB5788
2014,0.1134,Female,88.0,EAB5789
2015,0.1385,Female,88.0,EAB5790
2016,0.1234,Female,88.0,EAB5791
2017,0.1164,Female,88.0,EAB5792
2018,0.1272,Female,88.0,EAB5793
2019,0.1026,Female,88.0,EAB5794
2020,0.1515,Female,88.0,EAB5795
2021,0.2008,Female,88.0,EAB5796
2022,0.2307,Female,88.0,EAB5797
2023,0.3351,Female,88.0,EAB5798
2012,0.6404,Female,138.0,EAB5799
2013,0.7124,Female,138.0,EAB5800
2014,0.8959,Female,138.0,EAB5801
2015,1.065,Female,138.0,EAB5802
2016,1.2263,Female,138.0,EAB5803
2017,1.079,Female,138.0,EAB5804
2018,0.9014,Female,138.0,EAB5805
2019,0.8073,Female,138.0,EAB5806
2020,0.7799,Female,138.0,EAB5807
2021,0.7521,Female,138.0,EAB5808
2022,0.7781,Female,138.0,EAB5809
2023,0.747,Female,138.0,EAB5810
2012,5.9299,Female,171.0,EAB5811
2013,5.4443,Female,171.0,EAB5812
2014,5.358,Female,171.0,EAB5813
2015,5.047,Female,171.0,EAB5814
2016,5.3883,Female,171.0,EAB5815
2017,5.6832,Female,171.0,EAB5816
2018,6.128,Female,171.0,EAB5817
2019,5.8707,Female,171.0,EAB5818
2020,6.5325,Female,171.0,EAB5819
2021,6.2402,Female,171.0,EAB5820
2022,6.182,Female,171.0,EAB5821
2023,6.6489,Female,171.0,EAB5822
2012,41.7404,Female,160.0,EAB5823
2013,42.7522,Female,160.0,EAB5824
2014,44.3057,Female,160.0,EAB5825
2015,45.1874,Female,160.0,EAB5826
2016,43.702,Female,160.0,EAB5827
2017,44.0975,Female,160.0,EAB5828
2018,48.8951,Female,160.0,EAB5829
2019,53.0411,Female,160.0,EAB5830
2020,54.024,Female,160.0,EAB5831
2021,56.6023,Female,160.0,EAB5832
2022,59.7383,Female,160.0,EAB5833
2023,59.12,Female,160.0,EAB5834
2012,0.6891,Female,14.0,EAB5835
2013,0.6938,Female,14.0,EAB5836
2014,0.7341,Female,14.0,EAB5837
2015,0.8289,Female,14.0,EAB5838
2016,0.8918,Female,14.0,EAB5839
2017,0.9803,Female,14.0,EAB5840
2018,1.1537,Female,14.0,EAB5841
2019,1.3894,Female,14.0,EAB5842
2020,1.5168,Female,14.0,EAB5843
2021,1.4716,Female,14.0,EAB5844
2022,1.6235,Female,14.0,EAB5845
2023,2.3047,Female,14.0,EAB5846
2012,1.3337,Female,128.0,EAB5847
2013,1.4267,Female,128.0,EAB5848
2014,1.4733,Female,128.0,EAB5849
2015,1.3363,Female,128.0,EAB5850
2016,1.495,Female,128.0,EAB5851
2017,1.4903,Female,128.0,EAB5852
2018,1.5192,Female,128.0,EAB5853
2019,1.4653,Female,128.0,EAB5854
2020,1.2877,Female,128.0,EAB5855
2021,1.1646,Female,128.0,EAB5856
2022,1.2161,Female,128.0,EAB5857
2023,1.2866,Female,128.0,EAB5858
2012,6.5013,Female,21.0,EAB5859
2013,6.5628,Female,21.0,EAB5860
2014,6.5425,Female,21.0,EAB5861
2015,6.4158,Female,21.0,EAB5862
2016,6.3703,Female,21.0,EAB5863
2017,6.6676,Female,21.0,EAB5864
2018,7.2238,Female,21.0,EAB5865
2019,7.6633,Female,21.0,EAB5866
2020,7.8227,Female,21.0,EAB5867
2021,7.8045,Female,21.0,EAB5868
2022,7.2299,Female,21.0,EAB5869
2023,6.2434,Female,21.0,EAB5870
2012,24.7213,Female,37.0,EAB5871
2013,29.2412,Female,37.0,EAB5872
2014,30.6396,Female,37.0,EAB5873
2015,31.0626,Female,37.0,EAB5874
2016,31.843,Female,37.0,EAB5875
2017,32.5017,Female,37.0,EAB5876
2018,34.2103,Female,37.0,EAB5877
2019,35.4462,Female,37.0,EAB5878
2020,37.5858,Female,37.0,EAB5879
2021,39.716,Female,37.0,EAB5880
2022,40.6462,Female,37.0,EAB5881
2023,40.5276,Female,37.0,EAB5882
2012,5.0327,Female,52.0,EAB5883
2013,5.3294,Female,52.0,EAB5884
2014,5.3913,Female,52.0,EAB5885
2015,5.5492,Female,52.0,EAB5886
2016,6.0053,Female,52.0,EAB5887
2017,6.416,Female,52.0,EAB5888
2018,6.4994,Female,52.0,EAB5889
2019,6.6006,Female,52.0,EAB5890
2020,6.8318,Female,52.0,EAB5891
2021,6.9012,Female,52.0,EAB5892
2022,6.3125,Female,52.0,EAB5893
2023,5.5812,Female,52.0,EAB5894
2012,1.1105,Female,142.0,EAB5895
2013,1.0046,Female,142.0,EAB5896
2014,1.0988,Female,142.0,EAB5897
2015,1.1822,Female,142.0,EAB5898
2016,1.2699,Female,142.0,EAB5899
2017,1.3962,Female,142.0,EAB5900
2018,1.4417,Female,142.0,EAB5901
2019,1.5542,Female,142.0,EAB5902
2020,1.7534,Female,142.0,EAB5903
2021,1.9939,Female,142.0,EAB5904
2022,2.1845,Female,142.0,EAB5905
2023,2.2869,Female,142.0,EAB5906
2016,26.8481,Female,174.0,EAB5907
2014,8.6063,Female,33.0,EAB5908
2015,8.2312,Female,33.0,EAB5909
2016,9.3106,Female,33.0,EAB5910
2017,10.279,Female,33.0,EAB5911
2018,11.9099,Female,33.0,EAB5912
2019,13.7872,Female,33.0,EAB5913
2020,13.6358,Female,33.0,EAB5914
2012,0.2387,Female,61.0,EAB5915
2013,0.2017,Female,61.0,EAB5916
2014,0.192,Female,61.0,EAB5917
2015,0.1889,Female,61.0,EAB5918
2016,0.1906,Female,61.0,EAB5919
2017,0.1905,Female,61.0,EAB5920
2018,0.182,Female,61.0,EAB5921
2019,0.1783,Female,61.0,EAB5922
2020,0.1836,Female,61.0,EAB5923
2021,0.1913,Female,61.0,EAB5924
2022,0.1931,Female,61.0,EAB5925
2023,0.2161,Female,61.0,EAB5926
2012,7.8493,Female,141.0,EAB5927
2013,6.9402,Female,141.0,EAB5928
2014,6.5115,Female,141.0,EAB5929
2015,7.226,Female,141.0,EAB5930
2016,8.7502,Female,141.0,EAB5931
2017,8.9728,Female,141.0,EAB5932
2018,10.0335,Female,141.0,EAB5933
2019,10.7136,Female,141.0,EAB5934
2020,11.6682,Female,141.0,EAB5935
2021,11.4438,Female,141.0,EAB5936
2022,10.9909,Female,141.0,EAB5937
2023,12.7036,Female,141.0,EAB5938
2012,0.2404,Female,203.0,EAB5939
2013,0.2412,Female,203.0,EAB5940
2014,0.2428,Female,203.0,EAB5941
2015,0.2623,Female,203.0,EAB5942
2016,0.2833,Female,203.0,EAB5943
2017,0.2896,Female,203.0,EAB5944
2018,0.2933,Female,203.0,EAB5945
2019,0.2895,Female,203.0,EAB5946
2020,0.3046,Female,203.0,EAB5947
2021,0.2884,Female,203.0,EAB5948
2022,0.3317,Female,203.0,EAB5949
2023,0.3555,Female,203.0,EAB5950
2012,0.622,Female,120.0,EAB5951
2013,0.9207,Female,120.0,EAB5952
2014,0.2418,Female,120.0,EAB5953
2015,1.069,Female,120.0,EAB5954
2016,1.0961,Female,120.0,EAB5955
2017,4.4056,Female,120.0,EAB5956
2018,4.5375,Female,120.0,EAB5957
2019,1.461,Female,120.0,EAB5958
2020,1.7081,Female,120.0,EAB5959
2021,6.7665,Female,120.0,EAB5960
2022,7.5504,Female,120.0,EAB5961
2023,2.3165,Female,120.0,EAB5962
2012,2.8571,Female,150.0,EAB5963
2013,2.6563,Female,150.0,EAB5964
2014,2.6168,Female,150.0,EAB5965
2015,3.2213,Female,150.0,EAB5966
2016,3.5217,Female,150.0,EAB5967
2017,4.0276,Female,150.0,EAB5968
2018,4.4194,Female,150.0,EAB5969
2019,4.291,Female,150.0,EAB5970
2020,4.8424,Female,150.0,EAB5971
2021,5.1931,Female,150.0,EAB5972
2022,6.0212,Female,150.0,EAB5973
2023,6.0017,Female,150.0,EAB5974
2012,0.2708,Female,192.0,EAB5975
2013,0.3158,Female,192.0,EAB5976
2014,0.336,Female,192.0,EAB5977
2015,0.3625,Female,192.0,EAB5978
2016,0.3574,Female,192.0,EAB5979
2017,0.3905,Female,192.0,EAB5980
2018,0.3873,Female,192.0,EAB5981
2019,0.3811,Female,192.0,EAB5982
2020,0.3817,Female,192.0,EAB5983
2021,0.3543,Female,192.0,EAB5984
2022,0.3362,Female,192.0,EAB5985
2023,0.3258,Female,192.0,EAB5986
2012,4.7284,Female,82.0,EAB5987
2013,6.0068,Female,82.0,EAB5988
2014,4.8194,Female,82.0,EAB5989
2015,4.6393,Female,82.0,EAB5990
2016,3.922,Female,82.0,EAB5991
2017,4.2056,Female,82.0,EAB5992
2018,4.5447,Female,82.0,EAB5993
2019,4.8044,Female,82.0,EAB5994
2020,4.9992,Female,82.0,EAB5995
2021,5.1029,Female,82.0,EAB5996
2022,5.1656,Female,82.0,EAB5997
2023,4.623,Female,82.0,EAB5998
2012,0.1048,Female,113.0,EAB5999
2013,0.1291,Female,113.0,EAB6000
2014,0.125,Female,113.0,EAB6001
2015,0.1444,Female,113.0,EAB6002
2016,0.1644,Female,113.0,EAB6003
2017,0.1849,Female,113.0,EAB6004
2018,0.2202,Female,113.0,EAB6005
2019,0.2627,Female,113.0,EAB6006
2020,0.288,Female,113.0,EAB6007
2021,0.2874,Female,113.0,EAB6008
2022,0.3027,Female,113.0,EAB6009
2023,0.393,Female,113.0,EAB6010
2012,9.967,Female,62.0,EAB6011
2013,9.9854,Female,62.0,EAB6012
2014,9.8583,Female,62.0,EAB6013
2015,11.0566,Female,62.0,EAB6014
2016,11.615,Female,62.0,EAB6015
2017,12.8902,Female,62.0,EAB6016
2018,13.3596,Female,62.0,EAB6017
2019,13.5838,Female,62.0,EAB6018
2020,14.3936,Female,62.0,EAB6019
2021,14.8163,Female,62.0,EAB6020
2022,15.8219,Female,62.0,EAB6021
2023,16.5939,Female,62.0,EAB6022
2012,3.5295,Female,65.0,EAB6023
2013,3.5649,Female,65.0,EAB6024
2014,3.827,Female,65.0,EAB6025
2015,4.0046,Female,65.0,EAB6026
2016,4.3358,Female,65.0,EAB6027
2017,4.8679,Female,65.0,EAB6028
2018,5.7655,Female,65.0,EAB6029
2019,6.8215,Female,65.0,EAB6030
2020,8.0391,Female,65.0,EAB6031
2021,8.0086,Female,65.0,EAB6032
2022,8.1607,Female,65.0,EAB6033
2023,9.2115,Female,65.0,EAB6034
2012,0.052,Female,178.0,EAB6035
2013,0.0574,Female,178.0,EAB6036
2014,0.058,Female,178.0,EAB6037
2015,0.066,Female,178.0,EAB6038
2016,0.0745,Female,178.0,EAB6039
2017,0.0803,Female,178.0,EAB6040
2018,0.0812,Female,178.0,EAB6041
2019,0.0863,Female,178.0,EAB6042
2020,0.0931,Female,178.0,EAB6043
2021,0.1017,Female,178.0,EAB6044
2022,0.1235,Female,178.0,EAB6045
2023,0.1434,Female,178.0,EAB6046
2012,0.5642,Female,55.0,EAB6047
2013,0.6077,Female,55.0,EAB6048
2014,0.7036,Female,55.0,EAB6049
2015,0.6884,Female,55.0,EAB6050
2016,0.6805,Female,55.0,EAB6051
2017,0.7092,Female,55.0,EAB6052
2018,0.7393,Female,55.0,EAB6053
2019,0.7194,Female,55.0,EAB6054
2020,0.7823,Female,55.0,EAB6055
2021,0.7393,Female,55.0,EAB6056
2022,0.8768,Female,55.0,EAB6057
2023,0.9566,Female,55.0,EAB6058
2012,6.5763,Female,9.0,EAB6059
2013,6.5581,Female,9.0,EAB6060
2014,6.7367,Female,9.0,EAB6061
2015,6.8952,Female,9.0,EAB6062
2016,7.1209,Female,9.0,EAB6063
2017,8.0769,Female,9.0,EAB6064
2018,7.7101,Female,9.0,EAB6065
2019,7.7157,Female,9.0,EAB6066
2020,7.4058,Female,9.0,EAB6067
2021,6.7666,Female,9.0,EAB6068
2022,6.0604,Female,9.0,EAB6069
2023,6.9574,Female,9.0,EAB6070
2012,0.142,Female,96.0,EAB6071
2013,0.1451,Female,96.0,EAB6072
2014,0.1489,Female,96.0,EAB6073
2015,0.151,Female,96.0,EAB6074
2016,0.1486,Female,96.0,EAB6075
2017,0.1419,Female,96.0,EAB6076
2018,0.1484,Female,96.0,EAB6077
2019,0.1368,Female,96.0,EAB6078
2020,0.128,Female,96.0,EAB6079
2021,0.1143,Female,96.0,EAB6080
2022,0.1154,Female,96.0,EAB6081
2023,0.1183,Female,96.0,EAB6082
2012,1.9699,Female,212.0,EAB6083
2013,2.0481,Female,212.0,EAB6084
2014,2.1756,Female,212.0,EAB6085
2015,2.2008,Female,212.0,EAB6086
2016,2.281,Female,212.0,EAB6087
2017,2.2534,Female,212.0,EAB6088
2018,2.1828,Female,212.0,EAB6089
2019,2.1112,Female,212.0,EAB6090
2020,2.0213,Female,212.0,EAB6091
2021,1.5972,Female,212.0,EAB6092
2022,1.5419,Female,212.0,EAB6093
2023,1.5962,Female,212.0,EAB6094
2012,1.5873,Female,36.0,EAB6095
2013,1.6258,Female,36.0,EAB6096
2014,1.7271,Female,36.0,EAB6097
2015,1.837,Female,36.0,EAB6098
2016,1.8903,Female,36.0,EAB6099
2017,1.8917,Female,36.0,EAB6100
2018,2.0904,Female,36.0,EAB6101
2019,1.8703,Female,36.0,EAB6102
2020,1.6742,Female,36.0,EAB6103
2021,1.5825,Female,36.0,EAB6104
2022,1.4313,Female,36.0,EAB6105
2023,1.6446,Female,36.0,EAB6106
2012,0.1523,Female,112.0,EAB6107
2013,0.1635,Female,112.0,EAB6108
2014,0.1863,Female,112.0,EAB6109
2015,0.2086,Female,112.0,EAB6110
2016,0.1887,Female,112.0,EAB6111
2017,0.1727,Female,112.0,EAB6112
2018,0.1646,Female,112.0,EAB6113
2019,0.1884,Female,112.0,EAB6114
2020,0.1872,Female,112.0,EAB6115
2021,0.1726,Female,112.0,EAB6116
2022,0.169,Female,112.0,EAB6117
2023,0.1948,Female,112.0,EAB6118
2012,0.2443,Female,43.0,EAB6119
2013,0.2613,Female,43.0,EAB6120
2014,0.3241,Female,43.0,EAB6121
2015,0.3532,Female,43.0,EAB6122
2016,0.3518,Female,43.0,EAB6123
2017,0.3105,Female,43.0,EAB6124
2018,0.2738,Female,43.0,EAB6125
2019,0.2469,Female,43.0,EAB6126
2020,0.2589,Female,43.0,EAB6127
2021,0.301,Female,43.0,EAB6128
2022,0.4253,Female,43.0,EAB6129
2023,0.5827,Female,43.0,EAB6130
2012,0.5278,Female,105.0,EAB6131
2013,0.5425,Female,105.0,EAB6132
2014,0.4854,Female,105.0,EAB6133
2015,0.4842,Female,105.0,EAB6134
2016,0.5113,Female,105.0,EAB6135
2017,0.51,Female,105.0,EAB6136
2018,0.5719,Female,105.0,EAB6137
2019,0.599,Female,105.0,EAB6138
2020,0.6411,Female,105.0,EAB6139
2021,0.6727,Female,105.0,EAB6140
2022,0.7036,Female,105.0,EAB6141
2023,0.7331,Female,105.0,EAB6142
2012,1.5537,Female,87.0,EAB6143
2013,1.3957,Female,87.0,EAB6144
2014,1.4869,Female,87.0,EAB6145
2015,1.5607,Female,87.0,EAB6146
2016,1.7579,Female,87.0,EAB6147
2017,1.9091,Female,87.0,EAB6148
2018,1.7569,Female,87.0,EAB6149
2019,2.0671,Female,87.0,EAB6150
2020,1.9787,Female,87.0,EAB6151
2021,1.9018,Female,87.0,EAB6152
2022,1.8678,Female,87.0,EAB6153
2023,1.8986,Female,87.0,EAB6154
2012,6.0268,Female,69.0,EAB6155
2013,6.593,Female,69.0,EAB6156
2014,6.8085,Female,69.0,EAB6157
2015,7.0767,Female,69.0,EAB6158
2016,7.0952,Female,69.0,EAB6159
2017,6.6369,Female,69.0,EAB6160
2018,6.4402,Female,69.0,EAB6161
2019,6.5115,Female,69.0,EAB6162
2020,6.0329,Female,69.0,EAB6163
2021,5.6883,Female,69.0,EAB6164
2022,5.8682,Female,69.0,EAB6165
2023,5.56,Female,69.0,EAB6166
2012,0.5572,Female,208.0,EAB6167
2013,0.6251,Female,208.0,EAB6168
2014,0.6744,Female,208.0,EAB6169
2015,0.7449,Female,208.0,EAB6170
2016,0.9256,Female,208.0,EAB6171
2017,1.2784,Female,208.0,EAB6172
2018,1.7584,Female,208.0,EAB6173
2019,2.1552,Female,208.0,EAB6174
2020,2.478,Female,208.0,EAB6175
2021,2.2955,Female,208.0,EAB6176
2022,2.4713,Female,208.0,EAB6177
2023,2.9812,Female,208.0,EAB6178
2012,5.2965,Female,195.0,EAB6179
2013,6.3943,Female,195.0,EAB6180
2014,14.6628,Female,195.0,EAB6181
2015,15.7153,Female,195.0,EAB6182
2016,16.5529,Female,195.0,EAB6183
2017,7.8634,Female,195.0,EAB6184
2018,6.4629,Female,195.0,EAB6185
2019,4.1352,Female,195.0,EAB6186
2020,9.2739,Female,195.0,EAB6187
2021,6.2672,Female,195.0,EAB6188
2022,5.4915,Female,195.0,EAB6189
2023,7.6021,Female,195.0,EAB6190
2012,1.5801,Female,76.0,EAB6191
2013,1.614,Female,76.0,EAB6192
2014,1.5257,Female,76.0,EAB6193
2015,1.578,Female,76.0,EAB6194
2016,1.6592,Female,76.0,EAB6195
2017,1.3977,Female,76.0,EAB6196
2018,1.4258,Female,76.0,EAB6197
2019,1.4222,Female,76.0,EAB6198
2020,1.461,Female,76.0,EAB6199
2021,1.3996,Female,76.0,EAB6200
2022,1.3875,Female,76.0,EAB6201
2023,1.4523,Female,76.0,EAB6202
2012,2.5177,Female,146.0,EAB6203
2013,3.043,Female,146.0,EAB6204
2014,3.5817,Female,146.0,EAB6205
2015,4.3708,Female,146.0,EAB6206
2016,5.2105,Female,146.0,EAB6207
2017,5.1286,Female,146.0,EAB6208
2018,5.3237,Female,146.0,EAB6209
2019,5.2088,Female,146.0,EAB6210
2020,5.6858,Female,146.0,EAB6211
2021,5.9779,Female,146.0,EAB6212
2022,6.0996,Female,146.0,EAB6213
2012,0.0724,Female,140.0,EAB6214
2013,0.0806,Female,140.0,EAB6215
2014,0.0863,Female,140.0,EAB6216
2015,0.0927,Female,140.0,EAB6217
2016,0.1018,Female,140.0,EAB6218
2017,0.1034,Female,140.0,EAB6219
2018,0.111,Female,140.0,EAB6220
2019,0.1146,Female,140.0,EAB6221
2020,0.1309,Female,140.0,EAB6222
2021,0.1467,Female,140.0,EAB6223
2022,0.1834,Female,140.0,EAB6224
2023,0.2374,Female,140.0,EAB6225
2012,0.981,Female,155.0,EAB6226
2013,1.1287,Female,155.0,EAB6227
2014,1.1229,Female,155.0,EAB6228
2015,1.1259,Female,155.0,EAB6229
2016,1.1004,Female,155.0,EAB6230
2017,1.1293,Female,155.0,EAB6231
2018,1.3235,Female,155.0,EAB6232
2019,1.4029,Female,155.0,EAB6233
2020,1.2875,Female,155.0,EAB6234
2021,1.337,Female,155.0,EAB6235
2022,1.5732,Female,155.0,EAB6236
2023,1.666,Female,155.0,EAB6237
2012,1.0583,Female,28.0,EAB6238
2013,1.0674,Female,28.0,EAB6239
2014,1.1263,Female,28.0,EAB6240
2015,1.1837,Female,28.0,EAB6241
2016,1.243,Female,28.0,EAB6242
2017,1.2879,Female,28.0,EAB6243
2018,1.3642,Female,28.0,EAB6244
2019,1.3465,Female,28.0,EAB6245
2020,1.4614,Female,28.0,EAB6246
2021,1.4802,Female,28.0,EAB6247
2022,1.6805,Female,28.0,EAB6248
2023,1.667,Female,28.0,EAB6249
2012,0.1296,Female,200.0,EAB6250
2013,0.1336,Female,200.0,EAB6251
2014,0.1514,Female,200.0,EAB6252
2015,0.1636,Female,200.0,EAB6253
2016,0.1869,Female,200.0,EAB6254
2017,0.1983,Female,200.0,EAB6255
2018,0.2113,Female,200.0,EAB6256
2019,0.2527,Female,200.0,EAB6257
2020,0.2994,Female,200.0,EAB6258
2021,0.2938,Female,200.0,EAB6259
2022,0.3372,Female,200.0,EAB6260
2023,0.4776,Female,200.0,EAB6261
2012,0.3589,Female,81.0,EAB6262
2013,0.516,Female,81.0,EAB6263
2014,0.8717,Female,81.0,EAB6264
2015,1.6939,Female,81.0,EAB6265
2016,2.1923,Female,81.0,EAB6266
2017,3.5128,Female,81.0,EAB6267
2018,6.5047,Female,81.0,EAB6268
2019,6.8847,Female,81.0,EAB6269
2020,12.035,Female,81.0,EAB6270
2021,6.5235,Female,81.0,EAB6271
2022,5.1828,Female,81.0,EAB6272
2023,3.8183,Female,81.0,EAB6273
2012,0.1264,Female,86.0,EAB6274
2013,0.1554,Female,86.0,EAB6275
2014,0.1578,Female,86.0,EAB6276
2015,0.1741,Female,86.0,EAB6277
2016,0.1826,Female,86.0,EAB6278
2017,0.1648,Female,86.0,EAB6279
2018,0.1729,Female,86.0,EAB6280
2019,0.1841,Female,86.0,EAB6281
2020,0.1549,Female,86.0,EAB6282
2021,0.1219,Female,86.0,EAB6283
2022,0.1239,Female,86.0,EAB6284
2023,0.1577,Female,86.0,EAB6285
2012,1.3628,Female,114.0,EAB6286
2013,1.2549,Female,114.0,EAB6287
2014,1.2962,Female,114.0,EAB6288
2015,1.3483,Female,114.0,EAB6289
2016,1.4286,Female,114.0,EAB6290
2017,1.5426,Female,114.0,EAB6291
2018,1.6743,Female,114.0,EAB6292
2019,1.6812,Female,114.0,EAB6293
2020,1.8005,Female,114.0,EAB6294
2021,1.9294,Female,114.0,EAB6295
2022,1.8086,Female,114.0,EAB6296
2023,1.7009,Female,114.0,EAB6297
2012,0.2709,Female,149.0,EAB6298
2013,0.312,Female,149.0,EAB6299
2014,0.3579,Female,149.0,EAB6300
2015,0.325,Female,149.0,EAB6301
2016,0.3776,Female,149.0,EAB6302
2017,0.3683,Female,149.0,EAB6303
2018,0.4463,Female,149.0,EAB6304
2019,0.3863,Female,149.0,EAB6305
2020,0.3935,Female,149.0,EAB6306
2021,0.3874,Female,149.0,EAB6307
2022,0.3509,Female,149.0,EAB6308
2023,0.3906,Female,149.0,EAB6309
2012,2.3156,Female,139.0,EAB6310
2013,2.1024,Female,139.0,EAB6311
2014,2.197,Female,139.0,EAB6312
2015,2.3813,Female,139.0,EAB6313
2016,2.5856,Female,139.0,EAB6314
2017,2.848,Female,139.0,EAB6315
2018,3.0457,Female,139.0,EAB6316
2019,3.2423,Female,139.0,EAB6317
2020,3.57,Female,139.0,EAB6318
2021,3.7875,Female,139.0,EAB6319
2022,3.6105,Female,139.0,EAB6320
2023,3.3773,Female,139.0,EAB6321
2012,2.0612,Female,177.0,EAB6322
2013,2.1948,Female,177.0,EAB6323
2014,2.3045,Female,177.0,EAB6324
2015,2.4418,Female,177.0,EAB6325
2016,2.5827,Female,177.0,EAB6326
2017,2.8769,Female,177.0,EAB6327
2018,3.0867,Female,177.0,EAB6328
2019,3.431,Female,177.0,EAB6329
2020,3.7469,Female,177.0,EAB6330
2021,3.3993,Female,177.0,EAB6331
2022,4.1175,Female,177.0,EAB6332
2023,3.512,Female,177.0,EAB6333
2012,3.0455,Female,145.0,EAB6334
2013,3.4466,Female,145.0,EAB6335
2014,3.8121,Female,145.0,EAB6336
2015,3.958,Female,145.0,EAB6337
2016,4.1804,Female,145.0,EAB6338
2017,3.7351,Female,145.0,EAB6339
2018,4.2208,Female,145.0,EAB6340
2019,4.631,Female,145.0,EAB6341
2020,4.7926,Female,145.0,EAB6342
2021,4.9748,Female,145.0,EAB6343
2022,5.0993,Female,145.0,EAB6344
2023,5.0403,Female,145.0,EAB6345
2012,2.9083,Female,164.0,EAB6346
2013,5.2984,Female,164.0,EAB6347
2014,3.9853,Female,164.0,EAB6348
2015,4.2074,Female,164.0,EAB6349
2016,4.9197,Female,164.0,EAB6350
2017,5.805,Female,164.0,EAB6351
2018,4.7882,Female,164.0,EAB6352
2019,5.3874,Female,164.0,EAB6353
2020,5.3968,Female,164.0,EAB6354
2021,5.3944,Female,164.0,EAB6355
2022,5.7951,Female,164.0,EAB6356
2012,3.2331,Female,205.0,EAB6357
2013,3.5463,Female,205.0,EAB6358
2014,3.7891,Female,205.0,EAB6359
2015,3.8529,Female,205.0,EAB6360
2016,4.0983,Female,205.0,EAB6361
2017,4.3788,Female,205.0,EAB6362
2018,4.6084,Female,205.0,EAB6363
2019,3.8092,Female,205.0,EAB6364
2020,3.8343,Female,205.0,EAB6365
2021,4.2526,Female,205.0,EAB6366
2022,4.241,Female,205.0,EAB6367
2023,3.7477,Female,205.0,EAB6368
2012,0.4011,Female,173.0,EAB6369
2013,0.3866,Female,173.0,EAB6370
2014,0.4288,Female,173.0,EAB6371
2015,0.3437,Female,173.0,EAB6372
2016,0.305,Female,173.0,EAB6373
2017,0.3117,Female,173.0,EAB6374
2018,0.34,Female,173.0,EAB6375
2019,0.3927,Female,173.0,EAB6376
2020,0.4252,Female,173.0,EAB6377
2021,0.4216,Female,173.0,EAB6378
2022,0.4301,Female,173.0,EAB6379
2023,0.426,Female,173.0,EAB6380
2012,1.3712,Female,73.0,EAB6381
2013,1.7298,Female,73.0,EAB6382
2014,2.1449,Female,73.0,EAB6383
2015,2.4248,Female,73.0,EAB6384
2016,2.5042,Female,73.0,EAB6385
2017,2.7734,Female,73.0,EAB6386
2018,2.6388,Female,73.0,EAB6387
2019,2.3598,Female,73.0,EAB6388
2020,2.1652,Female,73.0,EAB6389
2021,1.922,Female,73.0,EAB6390
2022,1.6998,Female,73.0,EAB6391
2023,1.5254,Female,73.0,EAB6392
2012,0.1239,Female,16.0,EAB6393
2013,0.1541,Female,16.0,EAB6394
2014,0.1695,Female,16.0,EAB6395
2015,0.1773,Female,16.0,EAB6396
2016,0.1895,Female,16.0,EAB6397
2017,0.1744,Female,16.0,EAB6398
2018,0.1708,Female,16.0,EAB6399
2019,0.1819,Female,16.0,EAB6400
2020,0.1841,Female,16.0,EAB6401
2021,0.1918,Female,16.0,EAB6402
2022,0.2116,Female,16.0,EAB6403
2023,0.2482,Female,16.0,EAB6404
2012,0.6931,Female,11.0,EAB6405
2013,0.6266,Female,11.0,EAB6406
2014,0.6556,Female,11.0,EAB6407
2015,0.6697,Female,11.0,EAB6408
2016,0.659,Female,11.0,EAB6409
2017,0.6654,Female,11.0,EAB6410
2018,0.6715,Female,11.0,EAB6411
2019,0.6634,Female,11.0,EAB6412
2020,0.697,Female,11.0,EAB6413
2021,0.7517,Female,11.0,EAB6414
2022,0.784,Female,11.0,EAB6415
2023,0.8181,Female,11.0,EAB6416
2014,10.6711,Female,154.0,EAB6417
2015,11.4556,Female,154.0,EAB6418
2012,2.4095,Female,25.0,EAB6419
2013,2.4466,Female,25.0,EAB6420
2014,2.4202,Female,25.0,EAB6421
2015,2.3549,Female,25.0,EAB6422
2016,2.5394,Female,25.0,EAB6423
2017,2.1915,Female,25.0,EAB6424
2018,2.2217,Female,25.0,EAB6425
2019,2.5578,Female,25.0,EAB6426
2020,2.3684,Female,25.0,EAB6427
2021,1.921,Female,25.0,EAB6428
2022,1.4616,Female,25.0,EAB6429
2023,1.6817,Female,25.0,EAB6430
2012,0.0958,Female,45.0,EAB6431
2013,0.1186,Female,45.0,EAB6432
2014,0.1247,Female,45.0,EAB6433
2015,0.1321,Female,45.0,EAB6434
2016,0.1313,Female,45.0,EAB6435
2017,0.1327,Female,45.0,EAB6436
2018,0.1209,Female,45.0,EAB6437
2019,0.0909,Female,45.0,EAB6438
2020,0.0969,Female,45.0,EAB6439
2021,0.116,Female,45.0,EAB6440
2022,0.1167,Female,45.0,EAB6441
2023,0.1158,Female,45.0,EAB6442
2012,0.5531,Female,79.0,EAB6443
2013,0.5812,Female,79.0,EAB6444
2014,0.4985,Female,79.0,EAB6445
2015,0.5901,Female,79.0,EAB6446
2016,0.6382,Female,79.0,EAB6447
2017,0.6558,Female,79.0,EAB6448
2018,0.6826,Female,79.0,EAB6449
2019,0.6648,Female,79.0,EAB6450
2020,0.7109,Female,79.0,EAB6451
2021,0.7404,Female,79.0,EAB6452
2022,0.8083,Female,79.0,EAB6453
2023,0.8345,Female,79.0,EAB6454
2012,99.4846,Female,191.0,EAB6455
2013,166.9164,Female,191.0,EAB6456
2014,82.4065,Female,191.0,EAB6457
2015,64.89,Female,191.0,EAB6458
2016,64.7859,Female,191.0,EAB6459
2017,62.7205,Female,191.0,EAB6460
2018,73.6204,Female,191.0,EAB6461
2019,692.9155,Female,191.0,EAB6462
2020,80.3719,Female,191.0,EAB6463
2021,35.4678,Female,191.0,EAB6464
2022,34.1197,Female,191.0,EAB6465
2023,33.2741,Female,191.0,EAB6466
2012,0.1995,Female,89.0,EAB6467
2013,0.2149,Female,89.0,EAB6468
2014,0.2137,Female,89.0,EAB6469
2015,0.2246,Female,89.0,EAB6470
2016,0.2481,Female,89.0,EAB6471
2017,0.2625,Female,89.0,EAB6472
2018,0.289,Female,89.0,EAB6473
2019,0.3419,Female,89.0,EAB6474
2020,0.4121,Female,89.0,EAB6475
2021,0.4547,Female,89.0,EAB6476
2022,0.5611,Female,89.0,EAB6477
2023,0.5681,Female,89.0,EAB6478
2012,3.1392,Female,210.0,EAB6479
2013,3.1661,Female,210.0,EAB6480
2014,3.5685,Female,210.0,EAB6481
2015,3.5551,Female,210.0,EAB6482
2016,3.9843,Female,210.0,EAB6483
2017,4.5035,Female,210.0,EAB6484
2018,4.5403,Female,210.0,EAB6485
2019,4.2388,Female,210.0,EAB6486
2020,4.873,Female,210.0,EAB6487
2021,5.0547,Female,210.0,EAB6488
2022,4.9305,Female,210.0,EAB6489
2023,5.0559,Female,210.0,EAB6490
2012,0.0132,Female,102.0,EAB6491
2013,0.0164,Female,102.0,EAB6492
2014,0.0311,Female,102.0,EAB6493
2015,0.03,Female,102.0,EAB6494
2016,0.0425,Female,102.0,EAB6495
2017,0.0425,Female,102.0,EAB6496
2018,0.0744,Female,102.0,EAB6497
2019,0.1093,Female,102.0,EAB6498
2020,0.1138,Female,102.0,EAB6499
2021,0.1021,Female,102.0,EAB6500
2022,0.1285,Female,102.0,EAB6501
2023,0.1665,Female,102.0,EAB6502
2012,2.0626,Female,206.0,EAB6503
2013,2.1141,Female,206.0,EAB6504
2014,2.3339,Female,206.0,EAB6505
2015,2.3088,Female,206.0,EAB6506
2016,2.2781,Female,206.0,EAB6507
2017,2.183,Female,206.0,EAB6508
2018,2.0341,Female,206.0,EAB6509
2019,2.3508,Female,206.0,EAB6510
2020,2.315,Female,206.0,EAB6511
2021,2.3807,Female,206.0,EAB6512
2022,2.2414,Female,206.0,EAB6513
2023,2.3845,Female,206.0,EAB6514
2012,9.6112,Female,66.0,EAB6515
2013,9.8533,Female,66.0,EAB6516
2014,9.9703,Female,66.0,EAB6517
2015,10.0817,Female,66.0,EAB6518
2016,10.6956,Female,66.0,EAB6519
2017,11.4286,Female,66.0,EAB6520
2018,11.6548,Female,66.0,EAB6521
2019,8.222,Female,66.0,EAB6522
2020,12.136,Female,66.0,EAB6523
2021,12.591,Female,66.0,EAB6524
2022,12.7835,Female,66.0,EAB6525
2023,12.864,Female,66.0,EAB6526
2012,2.528,Female,107.0,EAB6527
2013,2.8129,Female,107.0,EAB6528
2014,2.7036,Female,107.0,EAB6529
2015,2.9906,Female,107.0,EAB6530
2016,3.3203,Female,107.0,EAB6531
2017,4.0015,Female,107.0,EAB6532
2018,3.8953,Female,107.0,EAB6533
2019,5.4183,Female,107.0,EAB6534
2020,3.9751,Female,107.0,EAB6535
2021,3.8163,Female,107.0,EAB6536
2022,3.8154,Female,107.0,EAB6537
2023,3.7102,Female,107.0,EAB6538
2012,2.9992,Female,127.0,EAB6539
2013,3.0189,Female,127.0,EAB6540
2014,2.9516,Female,127.0,EAB6541
2015,3.1063,Female,127.0,EAB6542
2016,3.1151,Female,127.0,EAB6543
2017,3.0635,Female,127.0,EAB6544
2018,3.1143,Female,127.0,EAB6545
2019,3.3068,Female,127.0,EAB6546
2020,3.1967,Female,127.0,EAB6547
2021,3.0051,Female,127.0,EAB6548
2022,2.9885,Female,127.0,EAB6549
2023,2.8536,Female,127.0,EAB6550
2012,1.9152,Female,180.0,EAB6551
2013,2.1268,Female,180.0,EAB6552
2014,2.1751,Female,180.0,EAB6553
2015,2.0365,Female,180.0,EAB6554
2016,2.0473,Female,180.0,EAB6555
2017,1.9462,Female,180.0,EAB6556
2018,1.9177,Female,180.0,EAB6557
2019,1.8664,Female,180.0,EAB6558
2020,1.7205,Female,180.0,EAB6559
2021,1.7232,Female,180.0,EAB6560
2022,1.6831,Female,180.0,EAB6561
2023,2.335,Female,180.0,EAB6562
2015,1.6922,Female,40.0,EAB6563
2016,1.6474,Female,40.0,EAB6564
2017,1.0144,Female,40.0,EAB6565
2018,0.996,Female,40.0,EAB6566
2019,1.4612,Female,40.0,EAB6567
2020,1.4665,Female,40.0,EAB6568
2021,2.0484,Female,40.0,EAB6569
2022,2.3546,Female,40.0,EAB6570
2023,2.4076,Female,40.0,EAB6571
2012,7.3808,Female,188.0,EAB6572
2013,7.134,Female,188.0,EAB6573
2014,6.7322,Female,188.0,EAB6574
2015,5.8271,Female,188.0,EAB6575
2016,7.5308,Female,188.0,EAB6576
2017,6.8153,Female,188.0,EAB6577
2018,8.5086,Female,188.0,EAB6578
2019,9.6542,Female,188.0,EAB6579
2020,10.6323,Female,188.0,EAB6580
2021,10.4577,Female,188.0,EAB6581
2022,10.3,Female,188.0,EAB6582
2023,11.31,Female,188.0,EAB6583
2012,6.4463,Female,17.0,EAB6584
2013,5.3118,Female,17.0,EAB6585
2014,4.342,Female,17.0,EAB6586
2015,5.1481,Female,17.0,EAB6587
2016,5.9796,Female,17.0,EAB6588
2017,6.5692,Female,17.0,EAB6589
2018,7.0633,Female,17.0,EAB6590
2019,7.1442,Female,17.0,EAB6591
2020,7.7807,Female,17.0,EAB6592
2021,6.1352,Female,17.0,EAB6593
2022,6.1967,Female,17.0,EAB6594
2023,5.8556,Female,17.0,EAB6595
2012,0.3486,Female,209.0,EAB6596
2013,0.3441,Female,209.0,EAB6597
2014,0.3338,Female,209.0,EAB6598
2015,0.3182,Female,209.0,EAB6599
2016,0.3196,Female,209.0,EAB6600
2017,0.3778,Female,209.0,EAB6601
2018,0.1976,Female,209.0,EAB6602
2019,0.5818,Female,209.0,EAB6603
2020,0.5175,Female,209.0,EAB6604
2021,0.5368,Female,209.0,EAB6605
2022,0.5678,Female,209.0,EAB6606
2023,0.5325,Female,209.0,EAB6607
2012,0.4415,Female,57.0,EAB6608
2013,0.443,Female,57.0,EAB6609
2014,0.5007,Female,57.0,EAB6610
2015,0.5988,Female,57.0,EAB6611
2016,0.5372,Female,57.0,EAB6612
2017,0.5512,Female,57.0,EAB6613
2018,0.5891,Female,57.0,EAB6614
2019,0.5736,Female,57.0,EAB6615
2020,0.6466,Female,57.0,EAB6616
2021,0.6451,Female,57.0,EAB6617
2022,0.6606,Female,57.0,EAB6618
2023,0.7565,Female,57.0,EAB6619
2012,0.5742,Female,183.0,EAB6620
2013,0.5731,Female,183.0,EAB6621
2014,0.5864,Female,183.0,EAB6622
2015,0.6868,Female,183.0,EAB6623
2016,0.729,Female,183.0,EAB6624
2017,0.7659,Female,183.0,EAB6625
2018,0.7986,Female,183.0,EAB6626
2019,0.7956,Female,183.0,EAB6627
2020,0.789,Female,183.0,EAB6628
2021,0.6845,Female,183.0,EAB6629
2022,0.7159,Female,183.0,EAB6630
2023,0.8289,Female,183.0,EAB6631
2012,0.2024,Female,158.0,EAB6632
2013,0.2235,Female,158.0,EAB6633
2014,0.2975,Female,158.0,EAB6634
2015,0.3425,Female,158.0,EAB6635
2016,0.3899,Female,158.0,EAB6636
2017,0.373,Female,158.0,EAB6637
2018,0.3639,Female,158.0,EAB6638
2019,0.3731,Female,158.0,EAB6639
2020,0.3956,Female,158.0,EAB6640
2021,0.3864,Female,158.0,EAB6641
2022,0.4106,Female,158.0,EAB6642
2023,0.3782,Female,158.0,EAB6643
2012,1.9439,Female,48.0,EAB6644
2013,2.5373,Female,48.0,EAB6645
2014,3.1501,Female,48.0,EAB6646
2015,3.4269,Female,48.0,EAB6647
2016,3.2092,Female,48.0,EAB6648
2017,3.096,Female,48.0,EAB6649
2018,3.2278,Female,48.0,EAB6650
2019,4.6115,Female,48.0,EAB6651
2020,5.8041,Female,48.0,EAB6652
2021,6.1907,Female,48.0,EAB6653
2022,5.4808,Female,48.0,EAB6654
2023,4.7348,Female,48.0,EAB6655
2012,5.8275,Female,47.0,EAB6656
2013,6.4982,Female,47.0,EAB6657
2014,6.7455,Female,47.0,EAB6658
2015,6.8018,Female,47.0,EAB6659
2016,6.5735,Female,47.0,EAB6660
2017,6.7557,Female,47.0,EAB6661
2018,8.5104,Female,47.0,EAB6662
2019,8.9351,Female,47.0,EAB6663
2020,9.4382,Female,47.0,EAB6664
2021,5.9422,Female,47.0,EAB6665
2022,5.5505,Female,47.0,EAB6666
2023,6.5563,Female,47.0,EAB6667
2012,4.5488,Female,152.0,EAB6668
2013,4.2507,Female,152.0,EAB6669
2014,3.4032,Female,152.0,EAB6670
2015,3.6008,Female,152.0,EAB6671
2016,3.9137,Female,152.0,EAB6672
2017,3.4737,Female,152.0,EAB6673
2018,3.543,Female,152.0,EAB6674
2019,3.4834,Female,152.0,EAB6675
2020,3.9798,Female,152.0,EAB6676
2021,3.6882,Female,152.0,EAB6677
2022,3.2397,Female,152.0,EAB6678
2023,3.5146,Female,152.0,EAB6679
2012,1.5208,Female,151.0,EAB6680
2013,1.3485,Female,151.0,EAB6681
2014,1.4736,Female,151.0,EAB6682
2015,1.6106,Female,151.0,EAB6683
2016,1.8305,Female,151.0,EAB6684
2017,2.0775,Female,151.0,EAB6685
2018,2.2884,Female,151.0,EAB6686
2019,2.4712,Female,151.0,EAB6687
2020,2.6771,Female,151.0,EAB6688
2021,2.8859,Female,151.0,EAB6689
2022,3.0998,Female,151.0,EAB6690
2023,3.4345,Female,151.0,EAB6691
2012,25.0006,Female,4.0,EAB6692
2013,23.2508,Female,4.0,EAB6693
2014,24.1067,Female,4.0,EAB6694
2015,18.4,Female,4.0,EAB6695
2016,23.6127,Female,4.0,EAB6696
2017,25.8729,Female,4.0,EAB6697
2018,17.561,Female,4.0,EAB6698
2019,21.0644,Female,4.0,EAB6699
2020,20.5264,Female,4.0,EAB6700
2021,20.4543,Female,4.0,EAB6701
2022,23.7698,Female,4.0,EAB6702
2023,24.7941,Female,4.0,EAB6703
2012,0.1036,Female,131.0,EAB6704
2013,0.106,Female,131.0,EAB6705
2014,0.1101,Female,131.0,EAB6706
2015,0.1108,Female,131.0,EAB6707
2016,0.1166,Female,131.0,EAB6708
2017,0.1115,Female,131.0,EAB6709
2018,0.1056,Female,131.0,EAB6710
2019,0.0998,Female,131.0,EAB6711
2020,0.1054,Female,131.0,EAB6712
2021,0.1039,Female,131.0,EAB6713
2022,0.1008,Female,131.0,EAB6714
2023,0.1076,Female,131.0,EAB6715
2012,0.12,Female,111.0,EAB6716
2013,0.1276,Female,111.0,EAB6717
2014,0.1274,Female,111.0,EAB6718
2015,0.1117,Female,111.0,EAB6719
2016,0.1292,Female,111.0,EAB6720
2017,0.1209,Female,111.0,EAB6721
2018,0.1229,Female,111.0,EAB6722
2019,0.1026,Female,111.0,EAB6723
2020,0.1047,Female,111.0,EAB6724
2021,0.1042,Female,111.0,EAB6725
2022,0.1073,Female,111.0,EAB6726
2023,0.1155,Female,111.0,EAB6727
2012,1.2648,Female,166.0,EAB6728
2013,1.5454,Female,166.0,EAB6729
2014,1.9614,Female,166.0,EAB6730
2015,2.5965,Female,166.0,EAB6731
2016,3.1037,Female,166.0,EAB6732
2017,3.6487,Female,166.0,EAB6733
2018,3.5191,Female,166.0,EAB6734
2019,3.5872,Female,166.0,EAB6735
2020,3.7734,Female,166.0,EAB6736
2021,4.1413,Female,166.0,EAB6737
2022,4.35,Female,166.0,EAB6738
2012,1.8842,Female,157.0,EAB6739
2013,1.8948,Female,157.0,EAB6740
2014,1.8975,Female,157.0,EAB6741
2015,1.9041,Female,157.0,EAB6742
2016,1.9453,Female,157.0,EAB6743
2017,2.114,Female,157.0,EAB6744
2018,2.3131,Female,157.0,EAB6745
2019,2.6759,Female,157.0,EAB6746
2020,3.0432,Female,157.0,EAB6747
2021,2.824,Female,157.0,EAB6748
2022,2.9993,Female,157.0,EAB6749
2023,2.7515,Female,157.0,EAB6750
2012,0.3594,Female,148.0,EAB6751
2013,0.3755,Female,148.0,EAB6752
2014,0.3932,Female,148.0,EAB6753
2015,0.4117,Female,148.0,EAB6754
2016,0.4372,Female,148.0,EAB6755
2017,0.4575,Female,148.0,EAB6756
2018,0.4573,Female,148.0,EAB6757
2019,0.5474,Female,148.0,EAB6758
2020,0.5803,Female,148.0,EAB6759
2021,0.5431,Female,148.0,EAB6760
2022,0.5982,Female,148.0,EAB6761
2012,0.251,Female,100.0,EAB6762
2013,0.2441,Female,100.0,EAB6763
2014,0.3346,Female,100.0,EAB6764
2015,0.2825,Female,100.0,EAB6765
2016,0.3091,Female,100.0,EAB6766
2017,0.3415,Female,100.0,EAB6767
2018,0.3766,Female,100.0,EAB6768
2019,0.5941,Female,100.0,EAB6769
2020,1.5311,Female,100.0,EAB6770
2021,2.4452,Female,100.0,EAB6771
2022,2.8271,Female,100.0,EAB6772
2023,2.3503,Female,100.0,EAB6773
2012,6.018,Female,31.0,EAB6774
2013,5.7244,Female,31.0,EAB6775
2014,5.8747,Female,31.0,EAB6776
2015,5.9321,Female,31.0,EAB6777
2016,5.9444,Female,31.0,EAB6778
2017,5.7631,Female,31.0,EAB6779
2018,6.5251,Female,31.0,EAB6780
2019,6.9097,Female,31.0,EAB6781
2020,8.1114,Female,31.0,EAB6782
2021,8.0753,Female,31.0,EAB6783
2022,8.4015,Female,31.0,EAB6784
2023,8.126,Female,31.0,EAB6785
2012,0.5459,Female,90.0,EAB6786
2013,0.5716,Female,90.0,EAB6787
2014,0.6201,Female,90.0,EAB6788
2015,0.7214,Female,90.0,EAB6789
2016,0.7187,Female,90.0,EAB6790
2017,0.8349,Female,90.0,EAB6791
2018,1.0224,Female,90.0,EAB6792
2019,1.2919,Female,90.0,EAB6793
2020,1.4903,Female,90.0,EAB6794
2021,1.5151,Female,90.0,EAB6795
2022,1.5939,Female,90.0,EAB6796
2023,1.459,Female,90.0,EAB6797
2012,2.8286,Female,7.0,EAB6798
2013,2.8027,Female,7.0,EAB6799
2014,2.7761,Female,7.0,EAB6800
2015,2.7137,Female,7.0,EAB6801
2016,3.1614,Female,7.0,EAB6802
2017,2.8648,Female,7.0,EAB6803
2018,3.0463,Female,7.0,EAB6804
2019,3.821,Female,7.0,EAB6805
2020,3.3277,Female,7.0,EAB6806
2021,3.0948,Female,7.0,EAB6807
2022,3.1044,Female,7.0,EAB6808
2023,3.6039,Female,7.0,EAB6809
2012,0.4437,Female,133.0,EAB6810
2013,0.4841,Female,133.0,EAB6811
2014,0.5489,Female,133.0,EAB6812
2015,0.6037,Female,133.0,EAB6813
2016,0.6665,Female,133.0,EAB6814
2017,0.6965,Female,133.0,EAB6815
2018,0.7261,Female,133.0,EAB6816
2019,0.7752,Female,133.0,EAB6817
2020,0.8225,Female,133.0,EAB6818
2021,0.8705,Female,133.0,EAB6819
2022,0.9366,Female,133.0,EAB6820
2023,0.9912,Female,133.0,EAB6821
2012,2.8165,Female,144.0,EAB6822
2013,2.9705,Female,144.0,EAB6823
2014,4.203,Female,144.0,EAB6824
2015,3.0872,Female,144.0,EAB6825
2016,4.7008,Female,144.0,EAB6826
2017,4.1693,Female,144.0,EAB6827
2018,4.3166,Female,144.0,EAB6828
2019,4.5394,Female,144.0,EAB6829
2020,4.5848,Female,144.0,EAB6830
2021,4.3611,Female,144.0,EAB6831
2022,3.6589,Female,144.0,EAB6832
2023,3.5411,Female,144.0,EAB6833
2012,0.2728,Female,172.0,EAB6834
2013,0.3355,Female,172.0,EAB6835
2014,0.3728,Female,172.0,EAB6836
2015,0.389,Female,172.0,EAB6837
2016,0.4089,Female,172.0,EAB6838
2017,0.3957,Female,172.0,EAB6839
2018,0.4121,Female,172.0,EAB6840
2019,0.9086,Female,172.0,EAB6841
2020,0.842,Female,172.0,EAB6842
2021,0.6931,Female,172.0,EAB6843
2022,0.7032,Female,172.0,EAB6844
2023,0.7239,Female,172.0,EAB6845
2012,0.1044,Female,159.0,EAB6846
2013,0.1142,Female,159.0,EAB6847
2014,0.1337,Female,159.0,EAB6848
2015,0.1484,Female,159.0,EAB6849
2016,0.1616,Female,159.0,EAB6850
2017,0.1829,Female,159.0,EAB6851
2018,0.2078,Female,159.0,EAB6852
2019,0.2212,Female,159.0,EAB6853
2020,0.2396,Female,159.0,EAB6854
2021,0.2283,Female,159.0,EAB6855
2022,0.2301,Female,159.0,EAB6856
2023,0.2453,Female,159.0,EAB6857
2012,0.2837,Female,59.0,EAB6858
2013,0.2869,Female,59.0,EAB6859
2014,0.2965,Female,59.0,EAB6860
2015,0.2725,Female,59.0,EAB6861
2016,0.2701,Female,59.0,EAB6862
2017,0.2596,Female,59.0,EAB6863
2018,0.2554,Female,59.0,EAB6864
2019,0.2456,Female,59.0,EAB6865
2020,0.2382,Female,59.0,EAB6866
2021,0.2211,Female,59.0,EAB6867
2022,0.206,Female,59.0,EAB6868
2023,0.2089,Female,59.0,EAB6869
2012,1.0412,Female,122.0,EAB6870
2013,1.0626,Female,122.0,EAB6871
2014,1.0851,Female,122.0,EAB6872
2015,1.1573,Female,122.0,EAB6873
2016,1.2389,Female,122.0,EAB6874
2017,1.3542,Female,122.0,EAB6875
2018,1.3459,Female,122.0,EAB6876
2019,1.3214,Female,122.0,EAB6877
2020,1.2701,Female,122.0,EAB6878
2021,1.2756,Female,122.0,EAB6879
2022,1.3162,Female,122.0,EAB6880
2023,1.4831,Female,122.0,EAB6881
