indicatorId,geoUnit,year,value,qualifier,magnitude
GGR.6T7.M,ABW,2001,1.600000023841858,,
GGR.6T7.M,ABW,2002,2.204410076141357,UIS_EST,
GGR.6T7.M,ABW,2003,0.8196700215339661,,
GGR.6T7.M,ABW,2004,1.479920029640198,,
GGR.6T7.M,ABW,2005,0.9881399869918823,,
GGR.6T7.M,ABW,2006,2.348340034484863,,
GGR.6T7.M,ABW,2007,5.100180149078369,,
GGR.6T7.M,ABW,2008,3.368789911270142,,
GGR.6T7.M,ABW,2009,1.125699996948242,,
GGR.6T7.M,ABW,2010,2.536230087280273,,
GGR.6T7.M,ABW,2011,6.091370105743408,,
GGR.6T7.M,ABW,2012,6.320909976959229,,
GGR.6T7.M,ABW,2014,6.270100116729736,,
GGR.6T7.M,AFG,2018,14.7568998336792,,
GGR.6T7.M,AFG,2020,15.9432897567749,,
GGR.6T7.M,AGO,2023,5.029069900512695,,
GGR.6T7.M,AIA,2003,0,,NIL
GGR.6T7.M,AIA,2007,0,,NIL
GGR.6T7.M,AIMS: Asia and the Pacific,2004,17.91317939758301,UIS_EST,
GGR.6T7.M,AIMS: Asia and the Pacific,2005,17.89464950561523,UIS_EST,
GGR.6T7.M,AIMS: Asia and the Pacific,2006,18.52098083496094,UIS_EST,
GGR.6T7.M,AIMS: Asia and the Pacific,2007,19.40018081665039,UIS_EST,
GGR.6T7.M,AIMS: Asia and the Pacific,2008,19.83542060852051,UIS_EST,
GGR.6T7.M,AIMS: Asia and the Pacific,2009,19.69895935058594,UIS_EST,
GGR.6T7.M,AIMS: Asia and the Pacific,2010,19.77755928039551,UIS_EST,
GGR.6T7.M,AIMS: Asia and the Pacific,2011,20.11532974243164,UIS_EST,
GGR.6T7.M,AIMS: Asia and the Pacific,2012,20.64720916748047,UIS_EST,
GGR.6T7.M,AIMS: Asia and the Pacific,2013,21.05460929870605,,
GGR.6T7.M,AIMS: Asia and the Pacific,2014,21.66830062866211,,
GGR.6T7.M,AIMS: Asia and the Pacific,2015,23.61492919921875,,
GGR.6T7.M,AIMS: Asia and the Pacific,2016,24.61631011962891,,
GGR.6T7.M,AIMS: Asia and the Pacific,2017,24.38677978515625,,
GGR.6T7.M,AIMS: Asia and the Pacific,2018,24.34296035766602,,
GGR.6T7.M,AIMS: Asia and the Pacific,2019,23.82988929748535,,
GGR.6T7.M,AIMS: Asia and the Pacific,2020,25.46796035766602,,
GGR.6T7.M,AIMS: Asia and the Pacific,2021,24.60955047607422,,
GGR.6T7.M,AIMS: Asia and the Pacific,2022,26.7164306640625,,
GGR.6T7.M,AIMS: Asia and the Pacific,2023,27.38260078430176,,
GGR.6T7.M,AIMS: Asia and the Pacific,2024,28.74402046203613,UIS_EST,
GGR.6T7.M,AIMS: Central Asia,2000,10.9963903427124,UIS_EST,
GGR.6T7.M,AIMS: Central Asia,2001,12.31241989135742,UIS_EST,
GGR.6T7.M,AIMS: Central Asia,2002,13.04374027252197,UIS_EST,
GGR.6T7.M,AIMS: Central Asia,2003,13.65762996673584,UIS_EST,
GGR.6T7.M,AIMS: Central Asia,2004,17.26205062866211,UIS_EST,
GGR.6T7.M,AIMS: Central Asia,2005,16.21200942993164,UIS_EST,
GGR.6T7.M,AIMS: Central Asia,2006,18.88647079467773,,
GGR.6T7.M,AIMS: Central Asia,2007,19.0381908416748,UIS_EST,
GGR.6T7.M,AIMS: Central Asia,2008,21.15619087219238,UIS_EST,
GGR.6T7.M,AIMS: Central Asia,2009,21.70310974121094,,
GGR.6T7.M,AIMS: Central Asia,2010,21.16061019897461,UIS_EST,
GGR.6T7.M,AIMS: Central Asia,2011,21.30287933349609,UIS_EST,
GGR.6T7.M,AIMS: Central Asia,2012,19.97105026245117,UIS_EST,
GGR.6T7.M,AIMS: East Asia,2004,12.21564960479736,UIS_EST,
GGR.6T7.M,AIMS: East Asia,2005,12.40487957000732,UIS_EST,
GGR.6T7.M,AIMS: East Asia,2006,12.99771976470947,UIS_EST,
GGR.6T7.M,AIMS: East Asia,2007,14.79201984405518,UIS_EST,
GGR.6T7.M,AIMS: East Asia,2008,15.4348201751709,UIS_EST,
GGR.6T7.M,AIMS: East Asia,2009,15.21290016174316,UIS_EST,
GGR.6T7.M,AIMS: East Asia,2010,15.27029037475586,UIS_EST,
GGR.6T7.M,AIMS: East Asia,2011,15.57378005981445,UIS_EST,
GGR.6T7.M,AIMS: East Asia,2012,16.50888061523438,UIS_EST,
GGR.6T7.M,AIMS: East Asia,2013,16.69261932373047,,
GGR.6T7.M,AIMS: East Asia,2014,21.22845077514648,,
GGR.6T7.M,AIMS: East Asia,2015,23.45708084106445,,
GGR.6T7.M,AIMS: East Asia,2016,24.71253967285156,,
GGR.6T7.M,AIMS: East Asia,2017,25.70751953125,,
GGR.6T7.M,AIMS: East Asia,2018,26.16982078552246,,
GGR.6T7.M,AIMS: East Asia,2019,26.04425048828125,,
GGR.6T7.M,AIMS: East Asia,2020,27.06587028503418,,
GGR.6T7.M,AIMS: East Asia,2021,29.23671913146973,,
GGR.6T7.M,AIMS: East Asia,2022,31.06492042541504,,
GGR.6T7.M,AIMS: East Asia,2023,32.50489044189453,,
GGR.6T7.M,AIMS: East Asia,2024,35.81214141845703,UIS_EST,
GGR.6T7.M,AIMS: East Asia and the Pacific,2004,12.49015998840332,UIS_EST,
GGR.6T7.M,AIMS: East Asia and the Pacific,2005,12.69474029541016,UIS_EST,
GGR.6T7.M,AIMS: East Asia and the Pacific,2006,13.30091953277588,UIS_EST,
GGR.6T7.M,AIMS: East Asia and the Pacific,2007,15.05805969238281,UIS_EST,
GGR.6T7.M,AIMS: East Asia and the Pacific,2008,15.68616008758545,UIS_EST,
GGR.6T7.M,AIMS: East Asia and the Pacific,2009,15.4730396270752,UIS_EST,
GGR.6T7.M,AIMS: East Asia and the Pacific,2010,15.53265953063965,UIS_EST,
GGR.6T7.M,AIMS: East Asia and the Pacific,2011,15.85923957824707,UIS_EST,
GGR.6T7.M,AIMS: East Asia and the Pacific,2012,16.82526016235352,UIS_EST,
GGR.6T7.M,AIMS: East Asia and the Pacific,2013,17.02301025390625,,
GGR.6T7.M,AIMS: East Asia and the Pacific,2014,21.53582954406738,,
GGR.6T7.M,AIMS: East Asia and the Pacific,2015,23.60979080200195,,
GGR.6T7.M,AIMS: East Asia and the Pacific,2016,24.85049057006836,,
GGR.6T7.M,AIMS: East Asia and the Pacific,2017,25.83427047729492,,
GGR.6T7.M,AIMS: East Asia and the Pacific,2018,26.2797908782959,,
GGR.6T7.M,AIMS: East Asia and the Pacific,2019,26.17626953125,,
GGR.6T7.M,AIMS: East Asia and the Pacific,2020,27.16153907775879,,
GGR.6T7.M,AIMS: East Asia and the Pacific,2021,29.3454704284668,,
GGR.6T7.M,AIMS: East Asia and the Pacific,2022,31.1307201385498,,
GGR.6T7.M,AIMS: East Asia and the Pacific,2023,32.49385833740234,,
GGR.6T7.M,AIMS: East Asia and the Pacific,2024,35.72835159301758,UIS_EST,
GGR.6T7.M,AIMS: Pacific,2000,30.48077011108398,UIS_EST,
GGR.6T7.M,AIMS: Pacific,2001,31.68643951416016,UIS_EST,
GGR.6T7.M,AIMS: Pacific,2002,33.65187835693359,UIS_EST,
GGR.6T7.M,AIMS: Pacific,2003,27.67170906066895,UIS_EST,
GGR.6T7.M,AIMS: Pacific,2004,31.94448089599609,UIS_EST,
GGR.6T7.M,AIMS: Pacific,2005,34.17665100097656,,
GGR.6T7.M,AIMS: Pacific,2006,33.87176895141602,UIS_EST,
GGR.6T7.M,AIMS: Pacific,2007,33.36569976806641,UIS_EST,
GGR.6T7.M,AIMS: Pacific,2008,33.16986846923828,UIS_EST,
GGR.6T7.M,AIMS: Pacific,2009,33.69924926757813,UIS_EST,
GGR.6T7.M,AIMS: Pacific,2010,34.15232849121094,UIS_EST,
GGR.6T7.M,AIMS: Pacific,2011,34.85831069946289,UIS_EST,
GGR.6T7.M,AIMS: Pacific,2012,38.27735900878906,UIS_EST,
GGR.6T7.M,AIMS: Pacific,2013,39.9764404296875,,
GGR.6T7.M,AIMS: Pacific,2014,39.94126129150391,,
GGR.6T7.M,AIMS: Pacific,2015,32.24193954467773,,
GGR.6T7.M,AIMS: Pacific,2016,32.29238891601563,UIS_EST,
GGR.6T7.M,AIMS: Pacific,2017,32.52532958984375,,
GGR.6T7.M,AIMS: Pacific,2018,31.98883056640625,,
GGR.6T7.M,AIMS: Pacific,2019,32.79742813110352,,
GGR.6T7.M,AIMS: Pacific,2020,31.88088035583496,,
GGR.6T7.M,AIMS: Pacific,2021,34.65839004516602,,
GGR.6T7.M,AIMS: Pacific,2022,34.29087829589844,,
GGR.6T7.M,AIMS: Pacific,2023,31.9608097076416,,
GGR.6T7.M,AIMS: Pacific,2024,31.83658981323242,UIS_EST,
GGR.6T7.M,AIMS: South and West Asia,2012,25.19292068481445,UIS_EST,
GGR.6T7.M,AIMS: South and West Asia,2013,26.02615928649902,,
GGR.6T7.M,AIMS: South and West Asia,2014,21.86532020568848,,
GGR.6T7.M,AIMS: South and West Asia,2015,23.71166038513184,,
GGR.6T7.M,AIMS: South and West Asia,2016,24.61054992675781,,
GGR.6T7.M,AIMS: South and West Asia,2017,23.22139930725098,,
GGR.6T7.M,AIMS: South and West Asia,2018,22.69062042236328,,
GGR.6T7.M,AIMS: South and West Asia,2019,21.94500923156738,,
GGR.6T7.M,AIMS: South and West Asia,2020,24.19881057739258,,
GGR.6T7.M,AIMS: South and West Asia,2021,20.68386077880859,,
GGR.6T7.M,AIMS: South and West Asia,2022,23.14868927001953,,
GGR.6T7.M,AIMS: South and West Asia,2023,23.14114952087402,,
GGR.6T7.M,AIMS: South and West Asia,2024,23.13817024230957,UIS_EST,
GGR.6T7.M,ALB,2003,6.648769855499268,,
GGR.6T7.M,ALB,2011,18.85112953186035,,
GGR.6T7.M,ALB,2012,24.27572059631348,,
GGR.6T7.M,ALB,2013,28.0047607421875,,
GGR.6T7.M,ALB,2014,25.12476921081543,,
GGR.6T7.M,ALB,2015,28.19462013244629,,
GGR.6T7.M,ALB,2016,27.23834991455078,,
GGR.6T7.M,ALB,2017,30.0262508392334,,
GGR.6T7.M,ALB,2018,33.43463134765625,,
GGR.6T7.M,ALB,2019,30.2862491607666,,
GGR.6T7.M,ALB,2020,30.0577507019043,,
GGR.6T7.M,ALB,2021,28.86174964904785,,
GGR.6T7.M,ALB,2022,27.99312973022461,,
GGR.6T7.M,ALB,2023,31.19403076171875,,
GGR.6T7.M,ALB,2024,43.40245056152344,,
GGR.6T7.M,ALECSO: Gulf countries,2010,7.579899787902832,UIS_EST,
GGR.6T7.M,ALECSO: Gulf countries,2011,7.152450084686279,,
GGR.6T7.M,ALECSO: Gulf countries,2012,7.831490039825439,,
GGR.6T7.M,ALECSO: Gulf countries,2013,9.39756965637207,,
GGR.6T7.M,ALECSO: Gulf countries,2014,10.81801986694336,,
GGR.6T7.M,ALECSO: Gulf countries,2015,13.93443965911865,,
GGR.6T7.M,ALECSO: Gulf countries,2016,16.02952003479004,,
GGR.6T7.M,ALECSO: Gulf countries,2017,19.01265907287598,,
GGR.6T7.M,ALECSO: Gulf countries,2018,23.13150024414063,,
GGR.6T7.M,ALECSO: Gulf countries,2019,22.32535934448242,,
GGR.6T7.M,ALECSO: Gulf countries,2020,23.36297035217285,,
GGR.6T7.M,ALECSO: Gulf countries,2021,27.68251037597656,,
GGR.6T7.M,ALECSO: Gulf countries,2022,22.5178108215332,,
GGR.6T7.M,ALECSO: Gulf countries,2023,22.8210506439209,UIS_EST,
GGR.6T7.M,ALECSO: Least developed countries,2011,10.22560977935791,UIS_EST,
GGR.6T7.M,ALECSO: Least developed countries,2012,10.727370262146,UIS_EST,
GGR.6T7.M,ALECSO: Least developed countries,2013,10.4798698425293,UIS_EST,
GGR.6T7.M,ALECSO: Maghreb countries,2000,13.54584980010986,UIS_EST,
GGR.6T7.M,ALECSO: Maghreb countries,2001,13.83290958404541,UIS_EST,
GGR.6T7.M,ALECSO: Maghreb countries,2002,13.66129970550537,UIS_EST,
GGR.6T7.M,ALECSO: Maghreb countries,2003,13.69585990905762,UIS_EST,
GGR.6T7.M,ALECSO: Maghreb countries,2004,13.71854019165039,UIS_EST,
GGR.6T7.M,ALECSO: Maghreb countries,2005,13.64538955688477,UIS_EST,
GGR.6T7.M,ALECSO: Maghreb countries,2006,13.80659008026123,UIS_EST,
GGR.6T7.M,ALECSO: Maghreb countries,2007,14.02791976928711,UIS_EST,
GGR.6T7.M,ALECSO: Maghreb countries,2008,14.31869983673096,UIS_EST,
GGR.6T7.M,ALECSO: Maghreb countries,2009,14.56951999664307,UIS_EST,
GGR.6T7.M,ALECSO: Maghreb countries,2010,14.82847023010254,UIS_EST,
GGR.6T7.M,ALECSO: Maghreb countries,2011,15.06620979309082,UIS_EST,
GGR.6T7.M,ALECSO: Maghreb countries,2012,14.74997043609619,UIS_EST,
GGR.6T7.M,ALECSO: Maghreb countries,2013,16.23245048522949,UIS_EST,
GGR.6T7.M,ALECSO: Maghreb countries,2014,16.47489929199219,UIS_EST,
GGR.6T7.M,ALECSO: Maghreb countries,2015,16.01725959777832,UIS_EST,
GGR.6T7.M,ALECSO: Maghreb countries,2016,15.97929000854492,UIS_EST,
GGR.6T7.M,ALECSO: Maghreb countries,2017,15.74108982086182,,
GGR.6T7.M,ALECSO: Maghreb countries,2018,15.73544025421143,UIS_EST,
GGR.6T7.M,ALECSO: Maghreb countries,2019,18.91934967041016,,
GGR.6T7.M,ALECSO: Maghreb countries,2020,20.24128913879395,,
GGR.6T7.M,ALECSO: Maghreb countries,2021,21.06792068481445,,
GGR.6T7.M,ALECSO: Maghreb countries,2022,20.28933906555176,,
GGR.6T7.M,ALECSO: Maghreb countries,2023,19.88369941711426,,
GGR.6T7.M,ALECSO: Maghreb countries,2024,18.88168907165527,,
GGR.6T7.M,ALECSO: Mashriq countries,2000,15.01453971862793,UIS_EST,
GGR.6T7.M,ALECSO: Mashriq countries,2001,16.11821937561035,,
GGR.6T7.M,ALECSO: Mashriq countries,2002,15.90859031677246,,
GGR.6T7.M,ALECSO: Mashriq countries,2003,16.15546989440918,,
GGR.6T7.M,ALECSO: Mashriq countries,2004,17.40694046020508,,
GGR.6T7.M,ALECSO: Mashriq countries,2005,18.17778968811035,,
GGR.6T7.M,ALECSO: Mashriq countries,2006,18.63273048400879,,
GGR.6T7.M,ALECSO: Mashriq countries,2007,18.34938049316406,,
GGR.6T7.M,ALECSO: Mashriq countries,2008,18.30170059204102,,
GGR.6T7.M,ALECSO: Mashriq countries,2009,18.13957977294922,,
GGR.6T7.M,ALECSO: Mashriq countries,2010,18.39364051818848,,
GGR.6T7.M,ALECSO: Mashriq countries,2011,18.59441947937012,UIS_EST,
GGR.6T7.M,ALECSO: Mashriq countries,2012,18.1905403137207,UIS_EST,
GGR.6T7.M,ALECSO: Mashriq countries,2013,18.27610015869141,UIS_EST,
GGR.6T7.M,ALECSO: Mashriq countries,2014,17.09119033813477,UIS_EST,
GGR.6T7.M,ALECSO: Mashriq countries,2015,15.94536018371582,UIS_EST,
GGR.6T7.M,ALECSO: Mashriq countries,2016,14.63506984710693,UIS_EST,
GGR.6T7.M,ALECSO: Mashriq countries,2017,15.85851001739502,UIS_EST,
GGR.6T7.M,ALECSO: Mashriq countries,2018,17.1296501159668,UIS_EST,
GGR.6T7.M,ALECSO: Mashriq countries,2019,18.12581062316895,UIS_EST,
GGR.6T7.M,ALECSO: Mashriq countries,2020,19.19500923156738,UIS_EST,
GGR.6T7.M,ALECSO: Mashriq countries,2021,20.3039608001709,UIS_EST,
GGR.6T7.M,ALECSO: Mashriq countries,2022,21.025390625,UIS_EST,
GGR.6T7.M,ALECSO: Mashriq countries,2023,23.91573905944824,UIS_EST,
GGR.6T7.M,ALECSO: Mashriq countries,2024,24.53603935241699,UIS_EST,
GGR.6T7.M,ALECSO: Member countries,2000,11.71179008483887,UIS_EST,
GGR.6T7.M,ALECSO: Member countries,2001,12.34377002716064,UIS_EST,
GGR.6T7.M,ALECSO: Member countries,2002,12.29092979431152,UIS_EST,
GGR.6T7.M,ALECSO: Member countries,2003,12.41681957244873,UIS_EST,
GGR.6T7.M,ALECSO: Member countries,2004,12.98762035369873,UIS_EST,
GGR.6T7.M,ALECSO: Member countries,2005,13.21444034576416,UIS_EST,
GGR.6T7.M,ALECSO: Member countries,2006,13.55828952789307,UIS_EST,
GGR.6T7.M,ALECSO: Member countries,2007,13.58178997039795,UIS_EST,
GGR.6T7.M,ALECSO: Member countries,2008,13.68659019470215,UIS_EST,
GGR.6T7.M,ALECSO: Member countries,2009,13.72266960144043,UIS_EST,
GGR.6T7.M,ALECSO: Member countries,2010,14.08199024200439,UIS_EST,
GGR.6T7.M,ALECSO: Member countries,2011,14.18848037719727,UIS_EST,
GGR.6T7.M,ALECSO: Member countries,2012,14.20532035827637,UIS_EST,
GGR.6T7.M,ALECSO: Member countries,2013,14.81622982025146,UIS_EST,
GGR.6T7.M,ALECSO: Member countries,2014,14.64358043670654,UIS_EST,
GGR.6T7.M,ALECSO: Member countries,2015,14.54477024078369,UIS_EST,
GGR.6T7.M,ALECSO: Member countries,2016,14.22237014770508,UIS_EST,
GGR.6T7.M,ALECSO: Member countries,2017,15.04323959350586,UIS_EST,
GGR.6T7.M,ALECSO: Member countries,2018,16.09330940246582,UIS_EST,
GGR.6T7.M,ALECSO: Member countries,2019,17.11395072937012,UIS_EST,
GGR.6T7.M,ALECSO: Member countries,2020,17.99547958374023,UIS_EST,
GGR.6T7.M,ALECSO: Member countries,2021,19.10707092285156,UIS_EST,
GGR.6T7.M,ALECSO: Member countries,2022,18.65802955627441,UIS_EST,
GGR.6T7.M,ALECSO: Member countries,2023,19.93663024902344,UIS_EST,
GGR.6T7.M,ALECSO: Member countries,2024,20.06036949157715,UIS_EST,
GGR.6T7.M,AND,2002,0,,NIL
GGR.6T7.M,AND,2003,0,,NIL
GGR.6T7.M,AND,2004,0.4842599928379059,,
GGR.6T7.M,AND,2005,0.4264400005340576,,
GGR.6T7.M,AND,2006,0.589389979839325,,
GGR.6T7.M,AND,2008,0.8385699987411499,,
GGR.6T7.M,AND,2012,4.176899909973145,,
GGR.6T7.M,AND,2013,4.438640117645264,,
GGR.6T7.M,AND,2014,6.284150123596191,,
GGR.6T7.M,AND,2015,3.685499906539917,,
GGR.6T7.M,AND,2016,4,,
GGR.6T7.M,AND,2017,3.324810028076172,,
GGR.6T7.M,AND,2018,6.588240146636963,,
GGR.6T7.M,AND,2019,5.679009914398193,,
GGR.6T7.M,AND,2020,7.800000190734863,,
GGR.6T7.M,AND,2021,6.320539951324463,,
GGR.6T7.M,AND,2022,7.112969875335693,,
GGR.6T7.M,AND,2023,11.45193958282471,,
GGR.6T7.M,AND,2024,38.19741821289063,,
GGR.6T7.M,ARG,2001,8.069820404052734,,
GGR.6T7.M,ARG,2002,7.045310020446777,,
GGR.6T7.M,ARG,2003,9.298259735107422,,
GGR.6T7.M,ARG,2004,9.693070411682129,,
GGR.6T7.M,ARG,2006,11.18659973144531,,
GGR.6T7.M,ARG,2007,8.74866008758545,,
GGR.6T7.M,ARG,2008,9.25574016571045,,
GGR.6T7.M,ARG,2009,9.480019569396973,,
GGR.6T7.M,ARG,2018,3.465140104293823,,
GGR.6T7.M,ARG,2019,11.83872032165527,,
GGR.6T7.M,ARG,2020,10.14206027984619,,
GGR.6T7.M,ARG,2021,9.33810043334961,,
GGR.6T7.M,ARG,2022,17.13075065612793,,
GGR.6T7.M,ARG,2023,9.0700101852417,,
GGR.6T7.M,ARM,2001,16.61167907714844,,
GGR.6T7.M,ARM,2002,17.4215202331543,,
GGR.6T7.M,ARM,2003,16.68392944335938,,
GGR.6T7.M,ARM,2004,19.15254974365234,,
GGR.6T7.M,ARM,2005,19.69461059570313,,
GGR.6T7.M,ARM,2006,21.22541046142578,,
GGR.6T7.M,ARM,2007,22.56421089172363,,
GGR.6T7.M,ARM,2008,25.84403991699219,,
GGR.6T7.M,ARM,2009,38.39820098876953,,
GGR.6T7.M,ARM,2010,35.72164916992188,,
GGR.6T7.M,ARM,2011,38.99251937866211,,
GGR.6T7.M,ARM,2012,40.62652969360352,,
GGR.6T7.M,ARM,2013,40.15531921386719,,
GGR.6T7.M,ARM,2014,37.55823135375977,,
GGR.6T7.M,ARM,2015,32.68289184570313,,
GGR.6T7.M,ARM,2016,29.15056037902832,,
GGR.6T7.M,ARM,2017,41.46401977539063,,
GGR.6T7.M,ARM,2018,36.7165412902832,,
GGR.6T7.M,ARM,2019,33.85498046875,,
GGR.6T7.M,ARM,2020,36.29114151000977,,
GGR.6T7.M,ARM,2021,39.62754821777344,,
GGR.6T7.M,ARM,2022,44.42404937744141,,
GGR.6T7.M,ARM,2023,33.87210845947266,,
GGR.6T7.M,ARM,2024,30.32764053344727,,
GGR.6T7.M,ATG,2009,0.2971799969673157,,
GGR.6T7.M,ATG,2010,0.5943499803543091,,
GGR.6T7.M,ATG,2011,0.4424799978733063,,
GGR.6T7.M,ATG,2012,0.6983199715614319,,
GGR.6T7.M,AUS,2000,42.95169830322266,,
GGR.6T7.M,AUS,2001,45.14778900146484,,
GGR.6T7.M,AUS,2002,48.56649017333984,,
GGR.6T7.M,AUS,2003,38.29463958740234,,
GGR.6T7.M,AUS,2005,49.55860137939453,,
GGR.6T7.M,AUS,2006,48.89936828613281,,
GGR.6T7.M,AUS,2007,48.19707870483398,,
GGR.6T7.M,AUS,2008,48.45232009887695,,
GGR.6T7.M,AUS,2009,49.06114959716797,,
GGR.6T7.M,AUS,2010,49.53792190551758,,
GGR.6T7.M,AUS,2011,51.80052947998047,,
GGR.6T7.M,AUS,2013,62.61783981323242,,
GGR.6T7.M,AUS,2014,62.63652038574219,,
GGR.6T7.M,AUS,2015,47.98945999145508,,
GGR.6T7.M,AUS,2017,49.14551162719727,,
GGR.6T7.M,AUS,2018,50.3466911315918,,
GGR.6T7.M,AUS,2019,50.24528884887695,,
GGR.6T7.M,AUS,2020,51.69797897338867,,
GGR.6T7.M,AUS,2021,57.94155883789063,,
GGR.6T7.M,AUS,2022,57.62358093261719,,
GGR.6T7.M,AUS,2023,52.97745895385742,,
GGR.6T7.M,AUT,2013,28.93597030639648,,
GGR.6T7.M,AUT,2014,26.95635032653809,,
GGR.6T7.M,AUT,2015,27.09036064147949,,
GGR.6T7.M,AUT,2016,27.35512924194336,,
GGR.6T7.M,AUT,2018,27.08173942565918,,
GGR.6T7.M,AUT,2019,28.34041976928711,,
GGR.6T7.M,AUT,2020,29.85758018493652,,
GGR.6T7.M,AUT,2021,32.56039810180664,,
GGR.6T7.M,AUT,2022,29.91069030761719,,
GGR.6T7.M,AUT,2023,30.16223907470703,,
GGR.6T7.M,AZE,2000,15.29012012481689,,
GGR.6T7.M,AZE,2001,18.92193031311035,,
GGR.6T7.M,AZE,2002,16.93939018249512,,
GGR.6T7.M,AZE,2003,19.41827964782715,,
GGR.6T7.M,AZE,2004,18.9920597076416,,
GGR.6T7.M,AZE,2005,19.56233024597168,,
GGR.6T7.M,AZE,2008,17.1007194519043,,
GGR.6T7.M,AZE,2009,17.72607040405273,,
GGR.6T7.M,AZE,2010,18.09893035888672,,
GGR.6T7.M,AZE,2011,16.86445999145508,,
GGR.6T7.M,AZE,2012,16.57733917236328,,
GGR.6T7.M,AZE,2013,18.09424018859863,,
GGR.6T7.M,AZE,2014,18.62542915344238,,
GGR.6T7.M,AZE,2015,16.02713012695313,,
GGR.6T7.M,AZE,2016,17.39621925354004,,
GGR.6T7.M,AZE,2017,17.43483924865723,,
GGR.6T7.M,AZE,2018,19.67925071716309,,
GGR.6T7.M,AZE,2019,20.89681053161621,,
GGR.6T7.M,AZE,2020,24.26876068115234,,
GGR.6T7.M,AZE,2021,25.35120964050293,,
GGR.6T7.M,AZE,2022,28.07119941711426,,
GGR.6T7.M,AZE,2023,31.8455696105957,,
GGR.6T7.M,AZE,2024,30.69351005554199,,
GGR.6T7.M,BDI,2001,0.7135199904441833,,
GGR.6T7.M,BDI,2003,0.5598700046539307,,
GGR.6T7.M,BDI,2004,0.7795600295066833,,
GGR.6T7.M,BDI,2013,4.491089820861816,,
GGR.6T7.M,BDI,2014,5.751570224761963,,
GGR.6T7.M,BEL,2001,18.20092964172363,,
GGR.6T7.M,BEL,2002,18.37652015686035,,
GGR.6T7.M,BEL,2006,18.63368988037109,,
GGR.6T7.M,BEL,2008,25.51362037658691,,
GGR.6T7.M,BEL,2009,16.96937942504883,,
GGR.6T7.M,BEL,2010,17.72492980957031,,
GGR.6T7.M,BEL,2011,16.06028938293457,,
GGR.6T7.M,BEL,2012,16.396240234375,,
GGR.6T7.M,BEL,2013,34.01070022583008,,
GGR.6T7.M,BEL,2014,33.91080856323242,,
GGR.6T7.M,BEL,2016,22.6494197845459,,
GGR.6T7.M,BEL,2017,23.16032981872559,,
GGR.6T7.M,BEL,2018,38.98036956787109,,
GGR.6T7.M,BEL,2019,38.6491813659668,,
GGR.6T7.M,BEL,2020,42.43796157836914,,
GGR.6T7.M,BEL,2021,39.56858825683594,,
GGR.6T7.M,BEL,2022,36.85218811035156,,
GGR.6T7.M,BEL,2023,37.08401107788086,,
GGR.6T7.M,BFA,2008,2.85332989692688,,
GGR.6T7.M,BFA,2018,1.782379984855652,,
GGR.6T7.M,BFA,2019,2.266299962997437,,
GGR.6T7.M,BFA,2020,2.47285008430481,,
GGR.6T7.M,BFA,2021,3.713089942932129,,
GGR.6T7.M,BFA,2022,3.536079883575439,,
GGR.6T7.M,BFA,2024,5.807819843292236,,
GGR.6T7.M,BGD,2002,6.178880214691162,,
GGR.6T7.M,BGD,2003,6.340099811553955,,
GGR.6T7.M,BGR,2000,10.18070030212402,,
GGR.6T7.M,BGR,2001,9.526479721069336,,
GGR.6T7.M,BGR,2002,20.37471961975098,,
GGR.6T7.M,BGR,2003,20.86985969543457,,
GGR.6T7.M,BGR,2004,21.00297927856445,,
GGR.6T7.M,BGR,2005,19.57143020629883,,
GGR.6T7.M,BGR,2007,19.29537963867188,,
GGR.6T7.M,BGR,2008,21.3421802520752,,
GGR.6T7.M,BGR,2009,23.07390022277832,,
GGR.6T7.M,BGR,2010,23.51666069030762,,
GGR.6T7.M,BGR,2011,25.30831909179688,,
GGR.6T7.M,BGR,2012,26.12690925598145,,
GGR.6T7.M,BGR,2013,37.19683074951172,,
GGR.6T7.M,BGR,2014,37.15428161621094,,
GGR.6T7.M,BGR,2015,39.84460067749023,,
GGR.6T7.M,BGR,2016,41.54140853881836,,
GGR.6T7.M,BGR,2017,42.15800857543945,,
GGR.6T7.M,BGR,2018,43.5678596496582,,
GGR.6T7.M,BGR,2019,47.09333038330078,,
GGR.6T7.M,BGR,2020,43.6015510559082,,
GGR.6T7.M,BGR,2021,45.72854995727539,,
GGR.6T7.M,BGR,2023,39.34392166137695,,
GGR.6T7.M,BHR,2003,3.443099975585938,,
GGR.6T7.M,BHR,2005,3.797019958496094,,
GGR.6T7.M,BHR,2006,3.087869882583618,,
GGR.6T7.M,BHR,2015,13.56766986846924,,
GGR.6T7.M,BHR,2016,14.23167037963867,,
GGR.6T7.M,BHR,2017,13.56986045837402,,
GGR.6T7.M,BHR,2018,12.95744037628174,,
GGR.6T7.M,BHR,2019,15.97823047637939,,
GGR.6T7.M,BHR,2020,18.49438095092773,,
GGR.6T7.M,BHR,2021,15.60877990722656,,
GGR.6T7.M,BHR,2022,17.75934028625488,,
GGR.6T7.M,BHR,2023,19.48584938049316,,
GGR.6T7.M,BHR,2024,22.14426040649414,,
GGR.6T7.M,BIH,2007,14.64330005645752,,
GGR.6T7.M,BIH,2008,18.90637016296387,,
GGR.6T7.M,BIH,2009,22.65090942382813,,
GGR.6T7.M,BIH,2018,33.01327133178711,,
GGR.6T7.M,BIH,2019,30.21806907653809,,
GGR.6T7.M,BIH,2020,24.49187088012695,,
GGR.6T7.M,BIH,2021,24.04579925537109,,
GGR.6T7.M,BIH,2022,26.93313026428223,,
GGR.6T7.M,BIH,2023,24.53175926208496,,
GGR.6T7.M,BLR,2000,21.65987014770508,,
GGR.6T7.M,BLR,2001,22.48710060119629,,
GGR.6T7.M,BLR,2002,24.97205924987793,,
GGR.6T7.M,BLR,2003,25.97436904907227,,
GGR.6T7.M,BLR,2010,34.93746185302734,,
GGR.6T7.M,BLR,2011,36.86056137084961,,
GGR.6T7.M,BLR,2012,39.68885040283203,,
GGR.6T7.M,BLR,2013,44.50883102416992,,
GGR.6T7.M,BLR,2018,68.8419418334961,,
GGR.6T7.M,BLR,2019,57.60459899902344,,
GGR.6T7.M,BLR,2020,53.48939895629883,,
GGR.6T7.M,BLR,2021,52.41363906860352,,
GGR.6T7.M,BLR,2022,55.91653823852539,,
GGR.6T7.M,BLR,2023,62.78273010253906,,
GGR.6T7.M,BLR,2024,53.39273071289063,,
GGR.6T7.M,BLZ,2011,7.235219955444336,,
GGR.6T7.M,BLZ,2012,8.646730422973633,,
GGR.6T7.M,BLZ,2014,0,,NIL
GGR.6T7.M,BLZ,2015,4.005519866943359,,
GGR.6T7.M,BMU,2017,0,,NIL
GGR.6T7.M,BMU,2018,0,,NIL
GGR.6T7.M,BRA,2012,18.31793975830078,,
GGR.6T7.M,BRB,2001,12.0689697265625,,
GGR.6T7.M,BRB,2007,13.67144012451172,,
GGR.6T7.M,BRB,2009,14.58981990814209,,
GGR.6T7.M,BRB,2010,13.54273986816406,,
GGR.6T7.M,BRB,2011,16.51696968078613,,
GGR.6T7.M,BRN,2000,4.971139907836914,,
GGR.6T7.M,BRN,2001,4.760419845581055,,
GGR.6T7.M,BRN,2003,6.382979869842529,,
GGR.6T7.M,BRN,2004,6.961140155792236,,
GGR.6T7.M,BRN,2005,8.068120002746582,,
GGR.6T7.M,BRN,2006,6.659140110015869,,
GGR.6T7.M,BRN,2007,4.334370136260986,,
GGR.6T7.M,BRN,2008,4.893620014190674,,
GGR.6T7.M,BRN,2009,5.323959827423096,,
GGR.6T7.M,BRN,2010,5.780759811401367,,
GGR.6T7.M,BRN,2011,6.283450126647949,,
GGR.6T7.M,BRN,2012,7.192739963531494,,
GGR.6T7.M,BRN,2019,15.06266975402832,,
GGR.6T7.M,BRN,2020,13.26463031768799,,
GGR.6T7.M,CAN,2004,25.48263931274414,,
GGR.6T7.M,CAN,2005,29.90374946594238,,
GGR.6T7.M,CAN,2012,27.515869140625,,
GGR.6T7.M,CAN,2013,30.777099609375,,
GGR.6T7.M,CAN,2014,31.69895935058594,,
GGR.6T7.M,CAN,2016,32.00690841674805,,
GGR.6T7.M,CAN,2018,31.7405891418457,,
GGR.6T7.M,CAN,2019,31.24292945861816,,
GGR.6T7.M,CAN,2020,31.96126937866211,,
GGR.6T7.M,CAN,2021,33.88684844970703,,
GGR.6T7.M,CAN,2022,36.18975067138672,,
GGR.6T7.M,CAN,2023,33.12752151489258,,
GGR.6T7.M,CECC-SICA,2001,6.002590179443359,UIS_EST,
GGR.6T7.M,CECC-SICA,2002,5.792640209197998,,
GGR.6T7.M,CECC-SICA,2003,7.563399791717529,UIS_EST,
GGR.6T7.M,CECC-SICA,2004,6.736939907073975,UIS_EST,
GGR.6T7.M,CECC-SICA,2005,6.951479911804199,UIS_EST,
GGR.6T7.M,CECC-SICA,2006,7.429880142211914,UIS_EST,
GGR.6T7.M,CECC-SICA,2007,7.666299819946289,UIS_EST,
GGR.6T7.M,CECC-SICA,2008,7.837230205535889,UIS_EST,
GGR.6T7.M,CECC-SICA,2009,7.999189853668213,UIS_EST,
GGR.6T7.M,CECC-SICA,2010,7.616049766540527,UIS_EST,
GGR.6T7.M,CECC-SICA,2011,8.428939819335938,UIS_EST,
GGR.6T7.M,CECC-SICA,2012,8.890979766845703,UIS_EST,
GGR.6T7.M,CECC-SICA,2013,8.949230194091797,UIS_EST,
GGR.6T7.M,CECC-SICA,2014,9.07030963897705,,
GGR.6T7.M,CECC-SICA,2015,9.00094985961914,,
GGR.6T7.M,CECC-SICA,2016,9.05840015411377,UIS_EST,
GGR.6T7.M,CECC-SICA,2017,9.326760292053223,UIS_EST,
GGR.6T7.M,CECC-SICA,2018,8.66199016571045,UIS_EST,
GGR.6T7.M,CECC-SICA,2019,9.008429527282715,UIS_EST,
GGR.6T7.M,CECC-SICA,2020,8.418499946594238,UIS_EST,
GGR.6T7.M,CHE,2000,27.00910949707031,,
GGR.6T7.M,CHE,2001,25.1019401550293,,
GGR.6T7.M,CHE,2002,23.4640998840332,,
GGR.6T7.M,CHE,2003,23.84473991394043,,
GGR.6T7.M,CHE,2004,24.14339065551758,,
GGR.6T7.M,CHE,2005,25.13588905334473,,
GGR.6T7.M,CHE,2006,27.8063793182373,,
GGR.6T7.M,CHE,2007,30.17733955383301,,
GGR.6T7.M,CHE,2008,29.76231002807617,,
GGR.6T7.M,CHE,2009,28.62804985046387,,
GGR.6T7.M,CHE,2010,27.67226982116699,,
GGR.6T7.M,CHE,2011,26.57308006286621,,
GGR.6T7.M,CHE,2013,50.3725700378418,,
GGR.6T7.M,CHE,2014,51.50915145874023,,
GGR.6T7.M,CHE,2015,52.41304016113281,,
GGR.6T7.M,CHE,2016,51.90351867675781,,
GGR.6T7.M,CHE,2017,53.58723831176758,,
GGR.6T7.M,CHE,2018,54.7513313293457,,
GGR.6T7.M,CHE,2019,56.52431869506836,,
GGR.6T7.M,CHE,2020,53.96115875244141,,
GGR.6T7.M,CHE,2021,58.71551895141602,,
GGR.6T7.M,CHE,2022,58.32004165649414,,
GGR.6T7.M,CHE,2023,60.38484954833984,,
GGR.6T7.M,CHL,2000,11.86503982543945,,
GGR.6T7.M,CHL,2003,14.73031997680664,,
GGR.6T7.M,CHL,2006,13.07633018493652,,
GGR.6T7.M,CHL,2007,12.60560035705566,,
GGR.6T7.M,CHL,2008,12.88298988342285,,
GGR.6T7.M,CHL,2009,17.21706962585449,,
GGR.6T7.M,CHL,2010,16.24649047851563,,
GGR.6T7.M,CHL,2012,16.12136077880859,,
GGR.6T7.M,CHL,2018,16.14661979675293,,
GGR.6T7.M,CHL,2019,14.9801197052002,,
GGR.6T7.M,CHL,2020,12.20971965789795,,
GGR.6T7.M,CHL,2021,17.67975997924805,,
GGR.6T7.M,CHL,2022,18.19935989379883,,
GGR.6T7.M,CHL,2023,18.61083984375,,
GGR.6T7.M,CHN,2013,15.33526992797852,,
GGR.6T7.M,CHN,2014,22.16666984558105,,
GGR.6T7.M,CHN,2015,25.16452980041504,,
GGR.6T7.M,CHN,2016,27.25705909729004,,
GGR.6T7.M,CHN,2017,28.9658203125,,
GGR.6T7.M,CHN,2018,29.12163925170898,,
GGR.6T7.M,CHN,2019,29.11606025695801,,
GGR.6T7.M,CHN,2020,30.80603981018066,,
GGR.6T7.M,CHN,2021,33.97024154663086,,
GGR.6T7.M,CHN,2022,36.8679313659668,,
GGR.6T7.M,CHN,2023,39.76171875,,
GGR.6T7.M,CHN,2024,45.63140106201172,,
GGR.6T7.M,COD,2016,6.014500141143799,,
GGR.6T7.M,COK,2023,0,,NIL
GGR.6T7.M,COK,2024,0,,NIL
GGR.6T7.M,COL,2002,4.152639865875244,,
GGR.6T7.M,COL,2004,5.789070129394531,,
GGR.6T7.M,COL,2006,8.118760108947754,,
GGR.6T7.M,COL,2011,12.71308994293213,,
GGR.6T7.M,COL,2012,12.7500696182251,,
GGR.6T7.M,COL,2013,16.57391929626465,,
GGR.6T7.M,COL,2014,17.37887954711914,,
GGR.6T7.M,COL,2015,18.54071998596191,,
GGR.6T7.M,COL,2016,19.28606033325195,,
GGR.6T7.M,COL,2017,20.60959053039551,,
GGR.6T7.M,COL,2018,21.82896041870117,,
GGR.6T7.M,COL,2019,22.0088996887207,,
GGR.6T7.M,COL,2020,20.92589950561523,,
GGR.6T7.M,COL,2021,24.28668975830078,,
GGR.6T7.M,CPV,2013,4.25639009475708,,
GGR.6T7.M,CPV,2016,7.965539932250977,,
GGR.6T7.M,CPV,2017,6.968329906463623,,
GGR.6T7.M,CPV,2018,8.887200355529785,,
GGR.6T7.M,CRI,2001,20.77606010437012,,
GGR.6T7.M,CRI,2002,22.03474998474121,,
GGR.6T7.M,CRI,2010,25.86121940612793,,
GGR.6T7.M,CRI,2011,26.62957954406738,,
GGR.6T7.M,CUB,2000,7.327680110931396,,
GGR.6T7.M,CUB,2001,7.32367992401123,,
GGR.6T7.M,CUB,2002,8.978039741516113,,
GGR.6T7.M,CUB,2003,9.446840286254883,,
GGR.6T7.M,CUB,2004,10.10083961486816,,
GGR.6T7.M,CUB,2005,10.74147987365723,,
GGR.6T7.M,CUB,2006,11.83708953857422,,
GGR.6T7.M,CUB,2007,13.68780040740967,,
GGR.6T7.M,CUB,2008,19.64536094665527,,
GGR.6T7.M,CUB,2009,27.4473705291748,,
GGR.6T7.M,CUB,2010,36.01071929931641,,
GGR.6T7.M,CUB,2011,36.83805084228516,,
GGR.6T7.M,CUB,2012,35.9858512878418,,
GGR.6T7.M,CUB,2013,35.87065124511719,,
GGR.6T7.M,CUB,2014,27.93057060241699,,
GGR.6T7.M,CUB,2015,25.73781967163086,,
GGR.6T7.M,CUB,2016,20.82732009887695,,
GGR.6T7.M,CUB,2017,13.04977035522461,,
GGR.6T7.M,CUB,2018,12.029709815979,,
GGR.6T7.M,CYM,2006,0,,NIL
GGR.6T7.M,CYM,2007,0,,NIL
GGR.6T7.M,CYM,2008,1.342280030250549,,
GGR.6T7.M,CYP,2002,2.370939970016479,,
GGR.6T7.M,CYP,2003,1.805480003356934,,
GGR.6T7.M,CYP,2004,2.347340106964111,,
GGR.6T7.M,CYP,2005,2.074830055236816,,
GGR.6T7.M,CYP,2006,2.372610092163086,,
GGR.6T7.M,CYP,2007,2.659320116043091,,
GGR.6T7.M,CYP,2008,6.310979843139648,,
GGR.6T7.M,CYP,2009,8.361800193786621,,
GGR.6T7.M,CYP,2010,10.44359970092773,,
GGR.6T7.M,CYP,2011,13.97968006134033,,
GGR.6T7.M,CYP,2012,13.15394020080566,,
GGR.6T7.M,CYP,2013,19.96377944946289,,
GGR.6T7.M,CYP,2014,22.96381950378418,,
GGR.6T7.M,CYP,2015,21.81450080871582,,
GGR.6T7.M,CYP,2016,22.96533966064453,,
GGR.6T7.M,CYP,2017,23.33585929870605,,
GGR.6T7.M,CYP,2018,22.40644073486328,,
GGR.6T7.M,CYP,2019,24.48368072509766,,
GGR.6T7.M,CYP,2020,26.49297904968262,,
GGR.6T7.M,CYP,2021,31.7645092010498,,
GGR.6T7.M,CYP,2022,2.350539922714233,,
GGR.6T7.M,CYP,2023,30.70706939697266,,
GGR.6T7.M,CZE,2000,13.39167976379395,,
GGR.6T7.M,CZE,2001,14.07277011871338,,
GGR.6T7.M,CZE,2002,14.55922031402588,,
GGR.6T7.M,CZE,2003,15.8013801574707,,
GGR.6T7.M,CZE,2004,19.6794605255127,,
GGR.6T7.M,CZE,2005,23.70755004882813,,
GGR.6T7.M,CZE,2006,27.87359046936035,,
GGR.6T7.M,CZE,2007,31.99533081054688,,
GGR.6T7.M,CZE,2008,32.87678909301758,,
GGR.6T7.M,CZE,2009,31.31551933288574,,
GGR.6T7.M,CZE,2010,31.45696067810059,,
GGR.6T7.M,CZE,2011,31.73135948181152,,
GGR.6T7.M,CZE,2012,31.75901985168457,,
GGR.6T7.M,CZE,2013,33.44512176513672,,
GGR.6T7.M,CZE,2014,32.65233993530273,,
GGR.6T7.M,CZE,2015,29.11325073242188,,
GGR.6T7.M,CZE,2016,27.59505081176758,,
GGR.6T7.M,CZE,2017,30.31909942626953,,
GGR.6T7.M,CZE,2018,31.88986968994141,,
GGR.6T7.M,CZE,2019,31.1622200012207,,
GGR.6T7.M,CZE,2020,31.33679962158203,,
GGR.6T7.M,CZE,2021,31.46899032592773,,
GGR.6T7.M,CZE,2022,31.36001968383789,,
GGR.6T7.M,CZE,2023,31.43029022216797,,
GGR.6T7.M,DEU,2000,20.17436027526855,,
GGR.6T7.M,DEU,2001,18.68457984924316,,
GGR.6T7.M,DEU,2002,18.07043075561523,,
GGR.6T7.M,DEU,2003,18.0751895904541,,
GGR.6T7.M,DEU,2004,18.78986930847168,,
GGR.6T7.M,DEU,2005,19.06616973876953,,
GGR.6T7.M,DEU,2006,20.15715026855469,,
GGR.6T7.M,DEU,2007,21.99749946594238,,
GGR.6T7.M,DEU,2008,24.39072036743164,,
GGR.6T7.M,DEU,2009,27.58017921447754,,
GGR.6T7.M,DEU,2010,27.71611976623535,,
GGR.6T7.M,DEU,2011,29.5197696685791,,
GGR.6T7.M,DEU,2012,30.4868106842041,,
GGR.6T7.M,DEU,2015,40.60488128662109,,
GGR.6T7.M,DEU,2016,38.08261871337891,,
GGR.6T7.M,DEU,2017,37.87961959838867,,
GGR.6T7.M,DEU,2018,36.57875823974609,,
GGR.6T7.M,DEU,2019,45.34828186035156,,
GGR.6T7.M,DEU,2020,40.42805862426758,,
GGR.6T7.M,DEU,2021,44.46585845947266,,
GGR.6T7.M,DEU,2022,43.70790863037109,,
GGR.6T7.M,DEU,2023,43.4928092956543,,
GGR.6T7.M,DJI,2005,0.9767900109291077,,
GGR.6T7.M,DNK,2001,24.94195938110352,,
GGR.6T7.M,DNK,2002,23.38924980163574,,
GGR.6T7.M,DNK,2003,25.15731048583984,,
GGR.6T7.M,DNK,2004,33.84835052490234,,
GGR.6T7.M,DNK,2005,37.82099151611328,,
GGR.6T7.M,DNK,2006,37.0885009765625,,
GGR.6T7.M,DNK,2007,39.81428146362305,,
GGR.6T7.M,DNK,2008,37.58782958984375,,
GGR.6T7.M,DNK,2009,37.52394104003906,,
GGR.6T7.M,DNK,2010,36.32120895385742,,
GGR.6T7.M,DNK,2011,38.02867126464844,,
GGR.6T7.M,DNK,2012,35.83428955078125,,
GGR.6T7.M,DNK,2013,40.8737907409668,,
GGR.6T7.M,DNK,2014,42.77978897094727,,
GGR.6T7.M,DNK,2017,44.53707885742188,,
GGR.6T7.M,DNK,2018,44.00569915771484,,
GGR.6T7.M,DNK,2019,43.89305877685547,,
GGR.6T7.M,DNK,2020,46.71210098266602,,
GGR.6T7.M,DNK,2021,48.0619010925293,,
GGR.6T7.M,DNK,2023,47.55530166625977,,
GGR.6T7.M,DOM,2012,14.61386013031006,,
GGR.6T7.M,DOM,2014,14.41775989532471,,
GGR.6T7.M,DOM,2015,14.61324024200439,,
GGR.6T7.M,DOM,2016,14.78526973724365,,
GGR.6T7.M,DOM,2017,21.05147933959961,,
GGR.6T7.M,DZA,2012,20.0686092376709,,
GGR.6T7.M,DZA,2013,23.0217399597168,,
GGR.6T7.M,DZA,2014,22.87870979309082,,
GGR.6T7.M,DZA,2017,17.5088996887207,,
GGR.6T7.M,DZA,2018,18.10676002502441,UIS_EST,
GGR.6T7.M,DZA,2019,24.23294067382813,,
GGR.6T7.M,DZA,2020,27.95331954956055,,
GGR.6T7.M,DZA,2021,29.64711952209473,,
GGR.6T7.M,DZA,2022,25.94371032714844,,
GGR.6T7.M,DZA,2023,25.84320068359375,,
GGR.6T7.M,DZA,2024,24.81315994262695,,
GGR.6T7.M,ECA: AMU (UNSDCode:98111),2000,13.54584980010986,UIS_EST,
GGR.6T7.M,ECA: AMU (UNSDCode:98111),2001,13.83290958404541,UIS_EST,
GGR.6T7.M,ECA: AMU (UNSDCode:98111),2002,13.66129970550537,UIS_EST,
GGR.6T7.M,ECA: AMU (UNSDCode:98111),2003,13.69585990905762,UIS_EST,
GGR.6T7.M,ECA: AMU (UNSDCode:98111),2004,13.71854019165039,UIS_EST,
GGR.6T7.M,ECA: AMU (UNSDCode:98111),2005,13.64538955688477,UIS_EST,
GGR.6T7.M,ECA: AMU (UNSDCode:98111),2006,13.80659008026123,UIS_EST,
GGR.6T7.M,ECA: AMU (UNSDCode:98111),2007,14.02791976928711,UIS_EST,
GGR.6T7.M,ECA: AMU (UNSDCode:98111),2008,14.31869983673096,UIS_EST,
GGR.6T7.M,ECA: AMU (UNSDCode:98111),2009,14.56951999664307,UIS_EST,
GGR.6T7.M,ECA: AMU (UNSDCode:98111),2010,14.82847023010254,UIS_EST,
GGR.6T7.M,ECA: AMU (UNSDCode:98111),2011,15.06620979309082,UIS_EST,
GGR.6T7.M,ECA: AMU (UNSDCode:98111),2012,14.74997043609619,UIS_EST,
GGR.6T7.M,ECA: AMU (UNSDCode:98111),2013,16.23245048522949,UIS_EST,
GGR.6T7.M,ECA: AMU (UNSDCode:98111),2014,16.47489929199219,UIS_EST,
GGR.6T7.M,ECA: AMU (UNSDCode:98111),2015,16.01725959777832,UIS_EST,
GGR.6T7.M,ECA: AMU (UNSDCode:98111),2016,15.97929000854492,UIS_EST,
GGR.6T7.M,ECA: AMU (UNSDCode:98111),2017,15.74108982086182,,
GGR.6T7.M,ECA: AMU (UNSDCode:98111),2018,15.73544025421143,UIS_EST,
GGR.6T7.M,ECA: AMU (UNSDCode:98111),2019,18.91934967041016,,
GGR.6T7.M,ECA: AMU (UNSDCode:98111),2020,20.24128913879395,,
GGR.6T7.M,ECA: AMU (UNSDCode:98111),2021,21.06792068481445,,
GGR.6T7.M,ECA: AMU (UNSDCode:98111),2022,20.28933906555176,,
GGR.6T7.M,ECA: AMU (UNSDCode:98111),2023,19.88369941711426,,
GGR.6T7.M,ECA: AMU (UNSDCode:98111),2024,18.88168907165527,,
GGR.6T7.M,ECA: African Union Commission (UNSDCode:98106),2000,5.810979843139648,UIS_EST,
GGR.6T7.M,ECA: African Union Commission (UNSDCode:98106),2001,6.145279884338379,UIS_EST,
GGR.6T7.M,ECA: African Union Commission (UNSDCode:98106),2002,5.999780178070068,UIS_EST,
GGR.6T7.M,ECA: African Union Commission (UNSDCode:98106),2004,6.198359966278076,UIS_EST,
GGR.6T7.M,ECA: African Union Commission (UNSDCode:98106),2009,6.398550033569336,UIS_EST,
GGR.6T7.M,ECA: African Union Commission (UNSDCode:98106),2010,6.582089900970459,UIS_EST,
GGR.6T7.M,ECA: African Union Commission (UNSDCode:98106),2011,6.48898983001709,UIS_EST,
GGR.6T7.M,ECA: African Union Commission (UNSDCode:98106),2012,6.453839778900146,UIS_EST,
GGR.6T7.M,ECA: African Union Commission (UNSDCode:98106),2013,6.554269790649414,UIS_EST,
GGR.6T7.M,ECA: African Union Commission (UNSDCode:98106),2014,6.375289916992188,UIS_EST,
GGR.6T7.M,ECA: African Union Commission (UNSDCode:98106),2015,6.133930206298828,UIS_EST,
GGR.6T7.M,ECA: African Union Commission (UNSDCode:98106),2016,5.930349826812744,UIS_EST,
GGR.6T7.M,ECA: African Union Commission (UNSDCode:98106),2017,6.071169853210449,UIS_EST,
GGR.6T7.M,ECA: African Union Commission (UNSDCode:98106),2018,6.438729763031006,UIS_EST,
GGR.6T7.M,ECA: African Union Commission (UNSDCode:98106),2019,6.802589893341064,UIS_EST,
GGR.6T7.M,ECA: All countries (UNSDCode:98100),2000,5.810979843139648,UIS_EST,
GGR.6T7.M,ECA: All countries (UNSDCode:98100),2001,6.145279884338379,UIS_EST,
GGR.6T7.M,ECA: All countries (UNSDCode:98100),2002,5.999780178070068,UIS_EST,
GGR.6T7.M,ECA: All countries (UNSDCode:98100),2004,6.198359966278076,UIS_EST,
GGR.6T7.M,ECA: All countries (UNSDCode:98100),2009,6.398550033569336,UIS_EST,
GGR.6T7.M,ECA: All countries (UNSDCode:98100),2010,6.582089900970459,UIS_EST,
GGR.6T7.M,ECA: All countries (UNSDCode:98100),2011,6.48898983001709,UIS_EST,
GGR.6T7.M,ECA: All countries (UNSDCode:98100),2012,6.453839778900146,UIS_EST,
GGR.6T7.M,ECA: All countries (UNSDCode:98100),2013,6.554269790649414,UIS_EST,
GGR.6T7.M,ECA: All countries (UNSDCode:98100),2014,6.375289916992188,UIS_EST,
GGR.6T7.M,ECA: All countries (UNSDCode:98100),2015,6.133930206298828,UIS_EST,
GGR.6T7.M,ECA: All countries (UNSDCode:98100),2016,5.930349826812744,UIS_EST,
GGR.6T7.M,ECA: All countries (UNSDCode:98100),2017,6.071169853210449,UIS_EST,
GGR.6T7.M,ECA: All countries (UNSDCode:98100),2018,6.438729763031006,UIS_EST,
GGR.6T7.M,ECA: All countries (UNSDCode:98100),2019,6.802589893341064,UIS_EST,
GGR.6T7.M,ECA: CEN-SAD (UNSDCode:98112),2000,6.986609935760498,UIS_EST,
GGR.6T7.M,ECA: CEN-SAD (UNSDCode:98112),2011,7.8885498046875,UIS_EST,
GGR.6T7.M,ECA: CEN-SAD (UNSDCode:98112),2012,7.918059825897217,UIS_EST,
GGR.6T7.M,ECA: CEN-SAD (UNSDCode:98112),2013,7.861330032348633,UIS_EST,
GGR.6T7.M,ECA: CEN-SAD (UNSDCode:98112),2014,7.438409805297852,UIS_EST,
GGR.6T7.M,ECA: CEN-SAD (UNSDCode:98112),2015,7.022469997406006,UIS_EST,
GGR.6T7.M,ECA: CEN-SAD (UNSDCode:98112),2016,6.656730175018311,UIS_EST,
GGR.6T7.M,ECA: CEN-SAD (UNSDCode:98112),2017,7.089660167694092,UIS_EST,
GGR.6T7.M,ECA: CEN-SAD (UNSDCode:98112),2018,7.760779857635498,UIS_EST,
GGR.6T7.M,ECA: CEN-SAD (UNSDCode:98112),2019,8.180959701538086,UIS_EST,
GGR.6T7.M,ECA: CEN-SAD (UNSDCode:98112),2020,8.533280372619629,UIS_EST,
GGR.6T7.M,ECA: COMESA (UNSDCode:98113),2000,7.453670024871826,UIS_EST,
GGR.6T7.M,ECA: COMESA (UNSDCode:98113),2001,8.123379707336426,UIS_EST,
GGR.6T7.M,ECA: COMESA (UNSDCode:98113),2002,7.847390174865723,UIS_EST,
GGR.6T7.M,ECA: COMESA (UNSDCode:98113),2003,8.016900062561035,UIS_EST,
GGR.6T7.M,ECA: COMESA (UNSDCode:98113),2004,8.237350463867188,UIS_EST,
GGR.6T7.M,ECA: COMESA (UNSDCode:98113),2005,8.514849662780762,UIS_EST,
GGR.6T7.M,ECA: COMESA (UNSDCode:98113),2006,8.559160232543945,UIS_EST,
GGR.6T7.M,ECA: COMESA (UNSDCode:98113),2007,8.490790367126465,UIS_EST,
GGR.6T7.M,ECA: COMESA (UNSDCode:98113),2008,8.695719718933105,UIS_EST,
GGR.6T7.M,ECA: COMESA (UNSDCode:98113),2009,8.290809631347656,UIS_EST,
GGR.6T7.M,ECA: COMESA (UNSDCode:98113),2010,8.71597957611084,UIS_EST,
GGR.6T7.M,ECA: COMESA (UNSDCode:98113),2011,8.444169998168945,UIS_EST,
GGR.6T7.M,ECA: COMESA (UNSDCode:98113),2012,8.44260025024414,UIS_EST,
GGR.6T7.M,ECA: COMESA (UNSDCode:98113),2013,8.290200233459473,UIS_EST,
GGR.6T7.M,ECA: COMESA (UNSDCode:98113),2015,7.332719802856445,UIS_EST,
GGR.6T7.M,ECA: COMESA (UNSDCode:98113),2016,6.868340015411377,UIS_EST,
GGR.6T7.M,ECA: COMESA (UNSDCode:98113),2017,7.178420066833496,UIS_EST,
GGR.6T7.M,ECA: EAC (UNSDCode:98114),2000,2.908819913864136,UIS_EST,
GGR.6T7.M,ECA: EAC (UNSDCode:98114),2001,3.11424994468689,UIS_EST,
GGR.6T7.M,ECA: EAC (UNSDCode:98114),2002,3.039599895477295,UIS_EST,
GGR.6T7.M,ECA: EAC (UNSDCode:98114),2003,3.038290023803711,UIS_EST,
GGR.6T7.M,ECA: EAC (UNSDCode:98114),2004,3.110739946365356,UIS_EST,
GGR.6T7.M,ECA: EAC (UNSDCode:98114),2005,3.088520050048828,UIS_EST,
GGR.6T7.M,ECA: EAC (UNSDCode:98114),2015,3.706209897994995,UIS_EST,
GGR.6T7.M,ECA: EAC (UNSDCode:98114),2016,3.758869886398315,UIS_EST,
GGR.6T7.M,ECA: EAC (UNSDCode:98114),2017,3.817480087280273,UIS_EST,
GGR.6T7.M,ECA: ECA: Oil LDCs (UNSDCode:98122),2012,5.415709972381592,UIS_EST,
GGR.6T7.M,ECA: ECA: Oil LDCs (UNSDCode:98122),2015,5.410560131072998,UIS_EST,
GGR.6T7.M,ECA: ECA: Oil LDCs (UNSDCode:98122),2016,5.406010150909424,UIS_EST,
GGR.6T7.M,ECA: ECA: Oil LDCs (UNSDCode:98122),2017,5.443419933319092,UIS_EST,
GGR.6T7.M,ECA: ECCAS (UNSDCode:98107),2015,5.010019779205322,UIS_EST,
GGR.6T7.M,ECA: ECCAS (UNSDCode:98107),2016,5.123569965362549,UIS_EST,
GGR.6T7.M,ECA: ECCAS (UNSDCode:98107),2017,5.241519927978516,UIS_EST,
GGR.6T7.M,ECA: ECOWAS (UNSDCode:98108),2000,3.059829950332642,UIS_EST,
GGR.6T7.M,ECA: East Africa (UNSDCode:98102),2000,2.481329917907715,UIS_EST,
GGR.6T7.M,ECA: East Africa (UNSDCode:98102),2001,2.836430072784424,UIS_EST,
GGR.6T7.M,ECA: East Africa (UNSDCode:98102),2002,2.753139972686768,UIS_EST,
GGR.6T7.M,ECA: East Africa (UNSDCode:98102),2003,3.050960063934326,UIS_EST,
GGR.6T7.M,ECA: East Africa (UNSDCode:98102),2004,3.411459922790527,,
GGR.6T7.M,ECA: East Africa (UNSDCode:98102),2005,3.104379892349243,UIS_EST,
GGR.6T7.M,ECA: East Africa (UNSDCode:98102),2006,3.115439891815186,UIS_EST,
GGR.6T7.M,ECA: East Africa (UNSDCode:98102),2007,3.266340017318726,UIS_EST,
GGR.6T7.M,ECA: East Africa (UNSDCode:98102),2008,3.719820022583008,UIS_EST,
GGR.6T7.M,ECA: East Africa (UNSDCode:98102),2009,3.582819938659668,UIS_EST,
GGR.6T7.M,ECA: East Africa (UNSDCode:98102),2010,4.195290088653564,UIS_EST,
GGR.6T7.M,ECA: East Africa (UNSDCode:98102),2011,3.859280109405518,UIS_EST,
GGR.6T7.M,ECA: East Africa (UNSDCode:98102),2015,4.040780067443848,UIS_EST,
GGR.6T7.M,ECA: East Africa (UNSDCode:98102),2016,4.132070064544678,UIS_EST,
GGR.6T7.M,ECA: IGAD (UNSDCode:98109),2000,3.258800029754639,,
GGR.6T7.M,ECA: IGAD (UNSDCode:98109),2001,3.780270099639893,UIS_EST,
GGR.6T7.M,ECA: IGAD (UNSDCode:98109),2002,3.653140068054199,UIS_EST,
GGR.6T7.M,ECA: IGAD (UNSDCode:98109),2003,4.094470024108887,UIS_EST,
GGR.6T7.M,ECA: IGAD (UNSDCode:98109),2004,4.521880149841309,UIS_EST,
GGR.6T7.M,ECA: IGAD (UNSDCode:98109),2005,4.023709774017334,UIS_EST,
GGR.6T7.M,ECA: IGAD (UNSDCode:98109),2006,3.971630096435547,UIS_EST,
GGR.6T7.M,ECA: IGAD (UNSDCode:98109),2007,4.120570182800293,UIS_EST,
GGR.6T7.M,ECA: IGAD (UNSDCode:98109),2008,4.739699840545654,UIS_EST,
GGR.6T7.M,ECA: IGAD (UNSDCode:98109),2009,4.416950225830078,UIS_EST,
GGR.6T7.M,ECA: IGAD (UNSDCode:98109),2010,5.290440082550049,UIS_EST,
GGR.6T7.M,ECA: IGAD (UNSDCode:98109),2011,4.63424015045166,UIS_EST,
GGR.6T7.M,ECA: Island economies (UNSDCode:98115),2000,2.676179885864258,UIS_EST,
GGR.6T7.M,ECA: Island economies (UNSDCode:98115),2001,2.668970108032227,,
GGR.6T7.M,ECA: Island economies (UNSDCode:98115),2002,2.539599895477295,,
GGR.6T7.M,ECA: Island economies (UNSDCode:98115),2003,2.470449924468994,,
GGR.6T7.M,ECA: Island economies (UNSDCode:98115),2004,2.70455002784729,,
GGR.6T7.M,ECA: Island economies (UNSDCode:98115),2005,2.584559917449951,,
GGR.6T7.M,ECA: Island economies (UNSDCode:98115),2006,2.517430067062378,,
GGR.6T7.M,ECA: Island economies (UNSDCode:98115),2007,2.553109884262085,,
GGR.6T7.M,ECA: Island economies (UNSDCode:98115),2008,2.460200071334839,,
GGR.6T7.M,ECA: Island economies (UNSDCode:98115),2009,2.579519987106323,,
GGR.6T7.M,ECA: Island economies (UNSDCode:98115),2010,2.366260051727295,,
GGR.6T7.M,ECA: Island economies (UNSDCode:98115),2011,2.836649894714355,UIS_EST,
GGR.6T7.M,ECA: Island economies (UNSDCode:98115),2012,3.184340000152588,UIS_EST,
GGR.6T7.M,ECA: Island economies (UNSDCode:98115),2013,3.61299991607666,,
GGR.6T7.M,ECA: Island economies (UNSDCode:98115),2014,2.925649881362915,,
GGR.6T7.M,ECA: Island economies (UNSDCode:98115),2015,3.185889959335327,,
GGR.6T7.M,ECA: Island economies (UNSDCode:98115),2016,3.982429981231689,,
GGR.6T7.M,ECA: Island economies (UNSDCode:98115),2017,4.192450046539307,,
GGR.6T7.M,ECA: Island economies (UNSDCode:98115),2018,4.417679786682129,,
GGR.6T7.M,ECA: Island economies (UNSDCode:98115),2019,4.169410228729248,,
GGR.6T7.M,ECA: Island economies (UNSDCode:98115),2020,4.292570114135742,,
GGR.6T7.M,ECA: Island economies (UNSDCode:98115),2021,4.227759838104248,UIS_EST,
GGR.6T7.M,ECA: Island economies (UNSDCode:98115),2022,4.235079765319824,,
GGR.6T7.M,ECA: Island economies (UNSDCode:98115),2023,4.248219966888428,,
GGR.6T7.M,ECA: Island economies (UNSDCode:98115),2024,4.221620082855225,UIS_EST,
GGR.6T7.M,ECA: Land-locked LDCs (UNSDCode:98117),2000,1.923329949378967,UIS_EST,
GGR.6T7.M,ECA: Land-locked LDCs (UNSDCode:98117),2001,2.20278000831604,UIS_EST,
GGR.6T7.M,ECA: Land-locked LDCs (UNSDCode:98117),2002,2.17588996887207,UIS_EST,
GGR.6T7.M,ECA: Land-locked LDCs (UNSDCode:98117),2003,2.603379964828491,UIS_EST,
GGR.6T7.M,ECA: Land-locked LDCs (UNSDCode:98117),2004,3.05580997467041,UIS_EST,
GGR.6T7.M,ECA: Land-locked LDCs (UNSDCode:98117),2005,2.668869972229004,UIS_EST,
GGR.6T7.M,ECA: Land-locked LDCs (UNSDCode:98117),2006,2.677720069885254,UIS_EST,
GGR.6T7.M,ECA: Land-locked LDCs (UNSDCode:98117),2007,2.890460014343262,UIS_EST,
GGR.6T7.M,ECA: Land-locked LDCs (UNSDCode:98117),2008,3.577709913253784,UIS_EST,
GGR.6T7.M,ECA: Land-locked LDCs (UNSDCode:98117),2009,3.337490081787109,UIS_EST,
GGR.6T7.M,ECA: Land-locked LDCs (UNSDCode:98117),2010,4.232530117034912,UIS_EST,
GGR.6T7.M,ECA: Land-locked LDCs (UNSDCode:98117),2011,3.685280084609985,UIS_EST,
GGR.6T7.M,ECA: Land-locked countries (UNSDCode:98116),2000,1.946300029754639,UIS_EST,
GGR.6T7.M,ECA: Land-locked countries (UNSDCode:98116),2001,2.198689937591553,UIS_EST,
GGR.6T7.M,ECA: Land-locked countries (UNSDCode:98116),2002,2.173049926757813,UIS_EST,
GGR.6T7.M,ECA: Land-locked countries (UNSDCode:98116),2003,2.566709995269775,UIS_EST,
GGR.6T7.M,ECA: Land-locked countries (UNSDCode:98116),2004,2.971659898757935,UIS_EST,
GGR.6T7.M,ECA: Land-locked countries (UNSDCode:98116),2005,2.619270086288452,UIS_EST,
GGR.6T7.M,ECA: Land-locked countries (UNSDCode:98116),2006,2.65189003944397,UIS_EST,
GGR.6T7.M,ECA: Land-locked countries (UNSDCode:98116),2007,2.861109972000122,UIS_EST,
GGR.6T7.M,ECA: Land-locked countries (UNSDCode:98116),2008,3.501359939575195,UIS_EST,
GGR.6T7.M,ECA: Land-locked countries (UNSDCode:98116),2009,3.30118989944458,UIS_EST,
GGR.6T7.M,ECA: Land-locked countries (UNSDCode:98116),2010,4.153470039367676,UIS_EST,
GGR.6T7.M,ECA: Land-locked countries (UNSDCode:98116),2011,3.655230045318604,UIS_EST,
GGR.6T7.M,ECA: Least developed countries (UNSDCode:98118),2000,2.959980010986328,UIS_EST,
GGR.6T7.M,ECA: Least developed countries (UNSDCode:98118),2001,3.120209932327271,UIS_EST,
GGR.6T7.M,ECA: Least developed countries (UNSDCode:98118),2002,3.114239931106567,UIS_EST,
GGR.6T7.M,ECA: Least developed countries (UNSDCode:98118),2003,3.326580047607422,UIS_EST,
GGR.6T7.M,ECA: Least developed countries (UNSDCode:98118),2004,3.584939956665039,UIS_EST,
GGR.6T7.M,ECA: Least developed countries (UNSDCode:98118),2005,3.409280061721802,UIS_EST,
GGR.6T7.M,ECA: Least developed countries (UNSDCode:98118),2006,3.44992995262146,UIS_EST,
GGR.6T7.M,ECA: Least developed countries (UNSDCode:98118),2007,3.59276008605957,UIS_EST,
GGR.6T7.M,ECA: Least developed countries (UNSDCode:98118),2008,3.940619945526123,UIS_EST,
GGR.6T7.M,ECA: Least developed countries (UNSDCode:98118),2009,3.893650054931641,UIS_EST,
GGR.6T7.M,ECA: Least developed countries (UNSDCode:98118),2010,4.224110126495361,UIS_EST,
GGR.6T7.M,ECA: Least developed countries (UNSDCode:98118),2011,4.036270141601563,UIS_EST,
GGR.6T7.M,ECA: Least developed countries (UNSDCode:98118),2012,4.157149791717529,UIS_EST,
GGR.6T7.M,ECA: Least developed countries (UNSDCode:98118),2014,4.252830028533936,UIS_EST,
GGR.6T7.M,ECA: Least developed countries (UNSDCode:98118),2016,4.390860080718994,UIS_EST,
GGR.6T7.M,ECA: Least developed countries (UNSDCode:98118),2017,4.395450115203857,UIS_EST,
GGR.6T7.M,ECA: Mineral-rich countries (UNSDCode:98119),2011,6.227829933166504,UIS_EST,
GGR.6T7.M,ECA: Mineral-rich countries (UNSDCode:98119),2012,6.239890098571777,UIS_EST,
GGR.6T7.M,ECA: Mineral-rich countries (UNSDCode:98119),2013,6.51161003112793,UIS_EST,
GGR.6T7.M,ECA: Mineral-rich countries (UNSDCode:98119),2014,6.558629989624023,UIS_EST,
GGR.6T7.M,ECA: Mineral-rich countries (UNSDCode:98119),2015,6.496200084686279,UIS_EST,
GGR.6T7.M,ECA: Mineral-rich countries (UNSDCode:98119),2016,6.441269874572754,UIS_EST,
GGR.6T7.M,ECA: Mineral-rich countries (UNSDCode:98119),2017,6.419740200042725,UIS_EST,
GGR.6T7.M,ECA: Mineral-rich countries (UNSDCode:98119),2018,6.705530166625977,UIS_EST,
GGR.6T7.M,ECA: Mineral-rich countries (UNSDCode:98119),2019,7.129769802093506,UIS_EST,
GGR.6T7.M,ECA: Mineral-rich countries (UNSDCode:98119),2020,7.242030143737793,UIS_EST,
GGR.6T7.M,ECA: Mineral-rich countries (UNSDCode:98119),2021,7.204860210418701,UIS_EST,
GGR.6T7.M,ECA: Mineral-rich countries (UNSDCode:98119),2022,7.299779891967773,UIS_EST,
GGR.6T7.M,ECA: Mineral-rich countries (UNSDCode:98119),2023,7.470719814300537,UIS_EST,
GGR.6T7.M,ECA: Non-Oil LDCs (UNSDCode:98120),2000,2.163769960403442,UIS_EST,
GGR.6T7.M,ECA: Non-Oil LDCs (UNSDCode:98120),2001,2.364710092544556,UIS_EST,
GGR.6T7.M,ECA: Non-Oil LDCs (UNSDCode:98120),2002,2.339139938354492,UIS_EST,
GGR.6T7.M,ECA: Non-Oil LDCs (UNSDCode:98120),2003,2.622980117797852,UIS_EST,
GGR.6T7.M,ECA: Non-Oil LDCs (UNSDCode:98120),2004,2.983890056610107,UIS_EST,
GGR.6T7.M,ECA: Non-Oil LDCs (UNSDCode:98120),2005,2.723239898681641,UIS_EST,
GGR.6T7.M,ECA: Non-Oil LDCs (UNSDCode:98120),2006,2.767090082168579,UIS_EST,
GGR.6T7.M,ECA: Non-Oil LDCs (UNSDCode:98120),2007,2.944610118865967,UIS_EST,
GGR.6T7.M,ECA: Non-Oil LDCs (UNSDCode:98120),2008,3.420700073242188,UIS_EST,
GGR.6T7.M,ECA: Non-Oil LDCs (UNSDCode:98120),2009,3.344360113143921,UIS_EST,
GGR.6T7.M,ECA: Non-Oil LDCs (UNSDCode:98120),2010,3.791079998016357,UIS_EST,
GGR.6T7.M,ECA: Non-Oil LDCs (UNSDCode:98120),2011,3.534579992294312,UIS_EST,
GGR.6T7.M,ECA: Non-Oil LDCs (UNSDCode:98120),2012,3.604310035705566,UIS_EST,
GGR.6T7.M,ECA: Non-Oil LDCs (UNSDCode:98120),2013,3.694259881973267,UIS_EST,
GGR.6T7.M,ECA: Non-Oil LDCs (UNSDCode:98120),2014,3.775209903717041,UIS_EST,
GGR.6T7.M,ECA: Non-Oil LDCs (UNSDCode:98120),2015,3.850769996643066,UIS_EST,
GGR.6T7.M,ECA: Non-Oil LDCs (UNSDCode:98120),2016,3.939879894256592,UIS_EST,
GGR.6T7.M,ECA: Non-Oil LDCs (UNSDCode:98120),2017,3.923290014266968,UIS_EST,
GGR.6T7.M,ECA: Non-Oil LDCs (UNSDCode:98120),2018,4.136919975280762,UIS_EST,
GGR.6T7.M,ECA: Non-Oil LDCs (UNSDCode:98120),2019,4.154560089111328,UIS_EST,
GGR.6T7.M,ECA: Non-Oil Producing (UNSDCode:98121),2000,2.871819972991943,UIS_EST,
GGR.6T7.M,ECA: Non-Oil Producing (UNSDCode:98121),2001,3.138149976730347,UIS_EST,
GGR.6T7.M,ECA: Non-Oil Producing (UNSDCode:98121),2002,2.979990005493164,UIS_EST,
GGR.6T7.M,ECA: Non-Oil Producing (UNSDCode:98121),2003,3.138400077819824,UIS_EST,
GGR.6T7.M,ECA: Non-Oil Producing (UNSDCode:98121),2004,3.348269939422607,UIS_EST,
GGR.6T7.M,ECA: Non-Oil Producing (UNSDCode:98121),2005,3.166130065917969,UIS_EST,
GGR.6T7.M,ECA: Non-Oil Producing (UNSDCode:98121),2006,3.196630001068115,UIS_EST,
GGR.6T7.M,ECA: Non-Oil Producing (UNSDCode:98121),2007,3.339970111846924,UIS_EST,
GGR.6T7.M,ECA: Non-Oil Producing (UNSDCode:98121),2008,3.709379911422729,UIS_EST,
GGR.6T7.M,ECA: Non-Oil Producing (UNSDCode:98121),2009,3.704509973526001,UIS_EST,
GGR.6T7.M,ECA: Non-Oil Producing (UNSDCode:98121),2010,4.044390201568604,UIS_EST,
GGR.6T7.M,ECA: Non-Oil Producing (UNSDCode:98121),2011,3.903049945831299,UIS_EST,
GGR.6T7.M,ECA: Non-Oil Producing (UNSDCode:98121),2012,3.978790044784546,UIS_EST,
GGR.6T7.M,ECA: Non-Oil Producing (UNSDCode:98121),2013,4.13047981262207,UIS_EST,
GGR.6T7.M,ECA: Non-Oil Producing (UNSDCode:98121),2014,4.23261022567749,UIS_EST,
GGR.6T7.M,ECA: Non-Oil Producing (UNSDCode:98121),2015,4.347390174865723,UIS_EST,
GGR.6T7.M,ECA: Non-Oil Producing (UNSDCode:98121),2016,4.552080154418945,UIS_EST,
GGR.6T7.M,ECA: Non-Oil Producing (UNSDCode:98121),2017,4.615210056304932,UIS_EST,
GGR.6T7.M,ECA: Non-Oil Producing (UNSDCode:98121),2018,4.808370113372803,UIS_EST,
GGR.6T7.M,ECA: Non-Oil Producing (UNSDCode:98121),2019,4.819379806518555,UIS_EST,
GGR.6T7.M,ECA: Non-Oil Producing (UNSDCode:98121),2020,4.94025993347168,UIS_EST,
GGR.6T7.M,ECA: Non-Oil Producing (UNSDCode:98121),2021,4.836790084838867,UIS_EST,
GGR.6T7.M,ECA: Non-Oil Producing (UNSDCode:98121),2022,5.010069847106934,UIS_EST,
GGR.6T7.M,ECA: North Africa (UNSDCode:98103),2000,15.35651969909668,UIS_EST,
GGR.6T7.M,ECA: North Africa (UNSDCode:98103),2001,16.31555938720703,UIS_EST,
GGR.6T7.M,ECA: North Africa (UNSDCode:98103),2002,15.88197040557861,UIS_EST,
GGR.6T7.M,ECA: North Africa (UNSDCode:98103),2003,15.92166042327881,UIS_EST,
GGR.6T7.M,ECA: North Africa (UNSDCode:98103),2004,16.04194068908691,UIS_EST,
GGR.6T7.M,ECA: North Africa (UNSDCode:98103),2005,17.0592098236084,UIS_EST,
GGR.6T7.M,ECA: North Africa (UNSDCode:98103),2006,17.23700904846191,UIS_EST,
GGR.6T7.M,ECA: North Africa (UNSDCode:98103),2007,17.10638999938965,UIS_EST,
GGR.6T7.M,ECA: North Africa (UNSDCode:98103),2008,17.16789054870605,UIS_EST,
GGR.6T7.M,ECA: North Africa (UNSDCode:98103),2009,16.8277702331543,UIS_EST,
GGR.6T7.M,ECA: North Africa (UNSDCode:98103),2010,17.09221076965332,UIS_EST,
GGR.6T7.M,ECA: North Africa (UNSDCode:98103),2011,17.28362083435059,UIS_EST,
GGR.6T7.M,ECA: North Africa (UNSDCode:98103),2012,17.26287078857422,UIS_EST,
GGR.6T7.M,ECA: North Africa (UNSDCode:98103),2013,17.75008964538574,,
GGR.6T7.M,ECA: North Africa (UNSDCode:98103),2014,16.79262924194336,UIS_EST,
GGR.6T7.M,ECA: North Africa (UNSDCode:98103),2015,15.57833003997803,UIS_EST,
GGR.6T7.M,ECA: North Africa (UNSDCode:98103),2016,14.51056003570557,,
GGR.6T7.M,ECA: North Africa (UNSDCode:98103),2017,15.33856964111328,UIS_EST,
GGR.6T7.M,ECA: North Africa (UNSDCode:98103),2018,16.25904083251953,UIS_EST,
GGR.6T7.M,ECA: North Africa (UNSDCode:98103),2019,18.49547958374023,UIS_EST,
GGR.6T7.M,ECA: North Africa (UNSDCode:98103),2020,20.0202693939209,UIS_EST,
GGR.6T7.M,ECA: North Africa (UNSDCode:98103),2021,21.36762046813965,UIS_EST,
GGR.6T7.M,ECA: North Africa (UNSDCode:98103),2022,21.75336074829102,,
GGR.6T7.M,ECA: North Africa (UNSDCode:98103),2023,24.22208976745605,,
GGR.6T7.M,ECA: North Africa (UNSDCode:98103),2024,24.60005950927734,UIS_EST,
GGR.6T7.M,ECA: Oil producing economies (UNSDCode:98123),2000,8.493180274963379,UIS_EST,
GGR.6T7.M,ECA: Oil producing economies (UNSDCode:98123),2011,8.983880043029785,UIS_EST,
GGR.6T7.M,ECA: Oil producing economies (UNSDCode:98123),2012,8.826580047607422,UIS_EST,
GGR.6T7.M,ECA: Oil producing economies (UNSDCode:98123),2013,8.900790214538574,UIS_EST,
GGR.6T7.M,ECA: Oil producing economies (UNSDCode:98123),2014,8.430100440979004,UIS_EST,
GGR.6T7.M,ECA: Oil producing economies (UNSDCode:98123),2015,7.858290195465088,UIS_EST,
GGR.6T7.M,ECA: Oil producing economies (UNSDCode:98123),2016,7.272809982299805,UIS_EST,
GGR.6T7.M,ECA: Oil producing economies (UNSDCode:98123),2017,7.487040042877197,UIS_EST,
GGR.6T7.M,ECA: Oil producing economies (UNSDCode:98123),2018,8.029709815979004,UIS_EST,
GGR.6T7.M,ECA: Oil producing economies (UNSDCode:98123),2019,8.774680137634277,UIS_EST,
GGR.6T7.M,ECA: SADC (UNSDCode:98110),2007,3.531110048294067,UIS_EST,
GGR.6T7.M,ECA: SADC (UNSDCode:98110),2009,3.712169885635376,UIS_EST,
GGR.6T7.M,ECA: SADC (UNSDCode:98110),2010,3.574599981307983,UIS_EST,
GGR.6T7.M,ECA: SADC (UNSDCode:98110),2011,3.693840026855469,UIS_EST,
GGR.6T7.M,ECA: SADC (UNSDCode:98110),2012,3.80784010887146,UIS_EST,
GGR.6T7.M,ECA: SADC (UNSDCode:98110),2013,4.054830074310303,UIS_EST,
GGR.6T7.M,ECA: SADC (UNSDCode:98110),2014,4.098320007324219,UIS_EST,
GGR.6T7.M,ECA: SADC (UNSDCode:98110),2015,4.277919769287109,UIS_EST,
GGR.6T7.M,ECA: SADC (UNSDCode:98110),2016,4.51993989944458,UIS_EST,
GGR.6T7.M,ECA: SADC (UNSDCode:98110),2017,4.726200103759766,UIS_EST,
GGR.6T7.M,ECA: SADC (UNSDCode:98110),2018,4.918789863586426,UIS_EST,
GGR.6T7.M,ECA: SADC (UNSDCode:98110),2019,4.93287992477417,UIS_EST,
GGR.6T7.M,ECA: SADC (UNSDCode:98110),2020,5.093470096588135,UIS_EST,
GGR.6T7.M,ECA: SADC (UNSDCode:98110),2021,5.003759860992432,UIS_EST,
GGR.6T7.M,ECA: SADC (UNSDCode:98110),2022,5.146289825439453,UIS_EST,
GGR.6T7.M,ECA: Sahel (UNSDCode:98124),2000,2.330290079116821,UIS_EST,
GGR.6T7.M,ECA: Small Island states (UNSDCode:98125),2016,13.35301971435547,UIS_EST,
GGR.6T7.M,ECA: Small Island states (UNSDCode:98125),2017,13.18677997589111,,
GGR.6T7.M,ECA: Small Island states (UNSDCode:98125),2018,13.62473964691162,UIS_EST,
GGR.6T7.M,ECA: Southern Africa (UNSDCode:98104),2011,3.497169971466064,UIS_EST,
GGR.6T7.M,ECA: Southern Africa (UNSDCode:98104),2012,3.586299896240234,UIS_EST,
GGR.6T7.M,ECA: Southern Africa (UNSDCode:98104),2013,3.908930063247681,UIS_EST,
GGR.6T7.M,ECA: Southern Africa (UNSDCode:98104),2014,4.057119846343994,UIS_EST,
GGR.6T7.M,ECA: Southern Africa (UNSDCode:98104),2015,4.297920227050781,UIS_EST,
GGR.6T7.M,ECA: Southern Africa (UNSDCode:98104),2016,4.573560237884521,UIS_EST,
GGR.6T7.M,ECA: Southern Africa (UNSDCode:98104),2017,4.852159976959229,UIS_EST,
GGR.6T7.M,ECA: Southern Africa (UNSDCode:98104),2018,5.157380104064941,UIS_EST,
GGR.6T7.M,ECA: Southern Africa (UNSDCode:98104),2019,5.197830200195313,UIS_EST,
GGR.6T7.M,ECA: Southern Africa (UNSDCode:98104),2020,5.44690990447998,UIS_EST,
GGR.6T7.M,ECA: Southern Africa (UNSDCode:98104),2021,5.204189777374268,UIS_EST,
GGR.6T7.M,ECA: Southern Africa (UNSDCode:98104),2022,5.48553991317749,UIS_EST,
GGR.6T7.M,ECA: Southern Africa (UNSDCode:98104),2023,5.349880218505859,UIS_EST,
GGR.6T7.M,ECA: Southern Africa (UNSDCode:98104),2024,5.311970233917236,UIS_EST,
GGR.6T7.M,ECA: Sub-Saharan Africa (UNSDCode:98126),2000,3.14601993560791,UIS_EST,
GGR.6T7.M,ECA: Sub-Saharan Africa (UNSDCode:98126),2011,3.803450107574463,UIS_EST,
GGR.6T7.M,ECA: Sub-Saharan Africa (UNSDCode:98126),2012,3.86476993560791,UIS_EST,
GGR.6T7.M,ECA: Sub-Saharan Africa (UNSDCode:98126),2016,4.097000122070313,UIS_EST,
GGR.6T7.M,ECA: West Africa (UNSDCode:98105),2000,3.059829950332642,UIS_EST,
GGR.6T7.M,ECE: All countries (UNSDCode:98200),2000,22.87122917175293,UIS_EST,
GGR.6T7.M,ECE: All countries (UNSDCode:98200),2001,23.72802925109863,UIS_EST,
GGR.6T7.M,ECE: All countries (UNSDCode:98200),2002,24.23241996765137,UIS_EST,
GGR.6T7.M,ECE: All countries (UNSDCode:98200),2003,25.7784595489502,UIS_EST,
GGR.6T7.M,ECE: All countries (UNSDCode:98200),2004,26.20767974853516,UIS_EST,
GGR.6T7.M,ECE: All countries (UNSDCode:98200),2005,27.43807029724121,UIS_EST,
GGR.6T7.M,ECE: All countries (UNSDCode:98200),2006,27.97625923156738,UIS_EST,
GGR.6T7.M,ECE: All countries (UNSDCode:98200),2007,29.45195007324219,UIS_EST,
GGR.6T7.M,ECE: All countries (UNSDCode:98200),2008,30.76993942260742,UIS_EST,
GGR.6T7.M,ECE: All countries (UNSDCode:98200),2009,31.42979049682617,UIS_EST,
GGR.6T7.M,ECE: All countries (UNSDCode:98200),2010,31.9401798248291,UIS_EST,
GGR.6T7.M,ECE: All countries (UNSDCode:98200),2011,32.77053070068359,UIS_EST,
GGR.6T7.M,ECE: All countries (UNSDCode:98200),2012,32.70619964599609,,
GGR.6T7.M,ECE: All countries (UNSDCode:98200),2013,33.33889007568359,UIS_EST,
GGR.6T7.M,ECE: All countries (UNSDCode:98200),2014,34.39244842529297,UIS_EST,
GGR.6T7.M,ECE: All countries (UNSDCode:98200),2015,34.74087905883789,UIS_EST,
GGR.6T7.M,ECE: All countries (UNSDCode:98200),2016,35.4970588684082,UIS_EST,
GGR.6T7.M,ECE: All countries (UNSDCode:98200),2017,35.28310012817383,UIS_EST,
GGR.6T7.M,ECE: All countries (UNSDCode:98200),2018,34.35934829711914,UIS_EST,
GGR.6T7.M,ECE: All countries (UNSDCode:98200),2019,34.75297164916992,,
GGR.6T7.M,ECE: All countries (UNSDCode:98200),2020,36.22257995605469,UIS_EST,
GGR.6T7.M,ECE: All countries (UNSDCode:98200),2021,36.66072082519531,UIS_EST,
GGR.6T7.M,ECE: All countries (UNSDCode:98200),2022,35.80355834960938,UIS_EST,
GGR.6T7.M,ECE: All countries (UNSDCode:98200),2023,36.54951858520508,UIS_EST,
GGR.6T7.M,ECE: All countries (UNSDCode:98200),2024,36.61185073852539,UIS_EST,
GGR.6T7.M,ECE: CIS (CWG) (UNSDCode:98201),2011,35.26276016235352,UIS_EST,
GGR.6T7.M,ECE: CIS (CWG) (UNSDCode:98201),2012,33.84048843383789,,
GGR.6T7.M,ECE: CIS (CWG) (UNSDCode:98201),2013,35.787109375,UIS_EST,
GGR.6T7.M,ECE: CIS (CWG) (UNSDCode:98201),2014,35.39973068237305,UIS_EST,
GGR.6T7.M,ECE: CIS (CWG) (UNSDCode:98201),2015,35.69108963012695,,
GGR.6T7.M,ECE: CIS (CWG) (UNSDCode:98201),2016,39.83221054077148,,
GGR.6T7.M,ECE: CIS (CWG) (UNSDCode:98201),2017,37.88236999511719,,
GGR.6T7.M,ECE: CIS (CWG) (UNSDCode:98201),2018,33.53292846679688,,
GGR.6T7.M,ECE: CIS (CWG) (UNSDCode:98201),2019,31.37264060974121,,
GGR.6T7.M,ECE: CIS (CWG) (UNSDCode:98201),2020,31.70483016967773,UIS_EST,
GGR.6T7.M,"ECE: Eastern Europe, Caucasus and Central Asia (CIS) (UNSDCode:98202)",2011,35.1965217590332,UIS_EST,
GGR.6T7.M,"ECE: Eastern Europe, Caucasus and Central Asia (CIS) (UNSDCode:98202)",2012,33.62923812866211,,
GGR.6T7.M,"ECE: Eastern Europe, Caucasus and Central Asia (CIS) (UNSDCode:98202)",2013,35.56306076049805,UIS_EST,
GGR.6T7.M,"ECE: Eastern Europe, Caucasus and Central Asia (CIS) (UNSDCode:98202)",2014,35.18521881103516,UIS_EST,
GGR.6T7.M,"ECE: Eastern Europe, Caucasus and Central Asia (CIS) (UNSDCode:98202)",2015,35.51958847045898,,
GGR.6T7.M,"ECE: Eastern Europe, Caucasus and Central Asia (CIS) (UNSDCode:98202)",2016,39.62773132324219,,
GGR.6T7.M,"ECE: Eastern Europe, Caucasus and Central Asia (CIS) (UNSDCode:98202)",2017,37.72375106811523,,
GGR.6T7.M,"ECE: Eastern Europe, Caucasus and Central Asia (CIS) (UNSDCode:98202)",2018,33.52904891967773,,
GGR.6T7.M,"ECE: Eastern Europe, Caucasus and Central Asia (CIS) (UNSDCode:98202)",2019,31.39191055297852,,
GGR.6T7.M,"ECE: Eastern Europe, Caucasus and Central Asia (CIS) (UNSDCode:98202)",2020,31.73521995544434,UIS_EST,
GGR.6T7.M,ECE: Eurasian Economic Union (EAEU) (UNSDCode:98206),2011,46.97005081176758,UIS_EST,
GGR.6T7.M,ECE: Eurasian Economic Union (EAEU) (UNSDCode:98206),2012,45.56259155273438,,
GGR.6T7.M,ECE: Eurasian Economic Union (EAEU) (UNSDCode:98206),2013,48.85694122314453,UIS_EST,
GGR.6T7.M,ECE: Eurasian Economic Union (EAEU) (UNSDCode:98206),2014,49.73363876342773,UIS_EST,
GGR.6T7.M,ECE: Eurasian Economic Union (EAEU) (UNSDCode:98206),2015,51.51018905639648,,
GGR.6T7.M,ECE: Eurasian Economic Union (EAEU) (UNSDCode:98206),2016,60.3320198059082,,
GGR.6T7.M,ECE: Eurasian Economic Union (EAEU) (UNSDCode:98206),2017,56.57630920410156,,
GGR.6T7.M,ECE: Eurasian Economic Union (EAEU) (UNSDCode:98206),2018,46.94110870361328,,
GGR.6T7.M,ECE: Eurasian Economic Union (EAEU) (UNSDCode:98206),2019,43.21255111694336,,
GGR.6T7.M,ECE: Eurasian Economic Union (EAEU) (UNSDCode:98206),2020,44.25740051269531,UIS_EST,
GGR.6T7.M,ECE: Euro area (E25) (UNSDCode:98204),2000,23.63731956481934,,
GGR.6T7.M,ECE: Euro area (E25) (UNSDCode:98204),2001,24.37602996826172,,
GGR.6T7.M,ECE: Euro area (E25) (UNSDCode:98204),2002,25.20051956176758,,
GGR.6T7.M,ECE: Euro area (E25) (UNSDCode:98204),2003,26.29706954956055,,
GGR.6T7.M,ECE: Euro area (E25) (UNSDCode:98204),2004,26.06521034240723,,
GGR.6T7.M,ECE: Euro area (E25) (UNSDCode:98204),2005,27.72044944763184,,
GGR.6T7.M,ECE: Euro area (E25) (UNSDCode:98204),2006,27.87240028381348,,
GGR.6T7.M,ECE: Euro area (E25) (UNSDCode:98204),2007,28.20342063903809,,
GGR.6T7.M,ECE: Euro area (E25) (UNSDCode:98204),2008,29.07950973510742,,
GGR.6T7.M,ECE: Euro area (E25) (UNSDCode:98204),2009,29.68486022949219,,
GGR.6T7.M,ECE: Euro area (E25) (UNSDCode:98204),2010,29.35169982910156,,
GGR.6T7.M,ECE: Euro area (E25) (UNSDCode:98204),2011,30.44087982177734,,
GGR.6T7.M,ECE: Euro area (E25) (UNSDCode:98204),2012,31.36684036254883,,
GGR.6T7.M,ECE: Euro area (E25) (UNSDCode:98204),2013,31.58988952636719,,
GGR.6T7.M,ECE: Euro area (E25) (UNSDCode:98204),2014,34.98913955688477,,
GGR.6T7.M,ECE: Euro area (E25) (UNSDCode:98204),2015,36.47055053710938,,
GGR.6T7.M,ECE: Euro area (E25) (UNSDCode:98204),2016,36.04978942871094,,
GGR.6T7.M,ECE: Euro area (E25) (UNSDCode:98204),2017,36.25865936279297,UIS_EST,
GGR.6T7.M,ECE: Euro area (E25) (UNSDCode:98204),2018,36.48680877685547,,
GGR.6T7.M,ECE: Euro area (E25) (UNSDCode:98204),2019,39.17634963989258,,
GGR.6T7.M,ECE: Euro area (E25) (UNSDCode:98204),2020,38.78681182861328,,
GGR.6T7.M,ECE: Euro area (E25) (UNSDCode:98204),2021,40.71007919311523,,
GGR.6T7.M,ECE: Euro area (E25) (UNSDCode:98204),2022,38.98693084716797,,
GGR.6T7.M,ECE: Euro area (E25) (UNSDCode:98204),2023,39.91878890991211,,
GGR.6T7.M,ECE: Euro area (E25) (UNSDCode:98204),2024,39.92916107177734,UIS_EST,
GGR.6T7.M,ECE: European Union (EMU) (UNSDCode:98203),2000,22.59325981140137,,
GGR.6T7.M,ECE: European Union (EMU) (UNSDCode:98203),2001,23.57464981079102,,
GGR.6T7.M,ECE: European Union (EMU) (UNSDCode:98203),2002,24.95980072021484,,
GGR.6T7.M,ECE: European Union (EMU) (UNSDCode:98203),2003,26.20723915100098,,
GGR.6T7.M,ECE: European Union (EMU) (UNSDCode:98203),2004,26.57368087768555,,
GGR.6T7.M,ECE: European Union (EMU) (UNSDCode:98203),2005,27.73283958435059,,
GGR.6T7.M,ECE: European Union (EMU) (UNSDCode:98203),2006,28.04603004455566,,
GGR.6T7.M,ECE: European Union (EMU) (UNSDCode:98203),2007,28.79434967041016,,
GGR.6T7.M,ECE: European Union (EMU) (UNSDCode:98203),2008,30.92526054382324,,
GGR.6T7.M,ECE: European Union (EMU) (UNSDCode:98203),2009,32.05223846435547,,
GGR.6T7.M,ECE: European Union (EMU) (UNSDCode:98203),2010,31.80205917358398,,
GGR.6T7.M,ECE: European Union (EMU) (UNSDCode:98203),2011,32.63959121704102,,
GGR.6T7.M,ECE: European Union (EMU) (UNSDCode:98203),2012,32.61618041992188,,
GGR.6T7.M,ECE: European Union (EMU) (UNSDCode:98203),2013,32.08700180053711,,
GGR.6T7.M,ECE: European Union (EMU) (UNSDCode:98203),2014,34.27243041992188,,
GGR.6T7.M,ECE: European Union (EMU) (UNSDCode:98203),2015,35.29602813720703,,
GGR.6T7.M,ECE: European Union (EMU) (UNSDCode:98203),2016,35.18964004516602,,
GGR.6T7.M,ECE: European Union (EMU) (UNSDCode:98203),2017,35.62025833129883,,
GGR.6T7.M,ECE: European Union (EMU) (UNSDCode:98203),2018,35.76837921142578,,
GGR.6T7.M,ECE: European Union (EMU) (UNSDCode:98203),2019,37.92987823486328,,
GGR.6T7.M,ECE: European Union (EMU) (UNSDCode:98203),2020,39.35105133056641,,
GGR.6T7.M,ECE: European Union (EMU) (UNSDCode:98203),2021,39.74763107299805,,
GGR.6T7.M,ECE: European Union (EMU) (UNSDCode:98203),2022,38.22835922241211,,
GGR.6T7.M,ECE: European Union (EMU) (UNSDCode:98203),2023,39.24610137939453,,
GGR.6T7.M,ECE: European Union (EMU) (UNSDCode:98203),2024,39.25419998168945,UIS_EST,
GGR.6T7.M,ECE: West Balkans (ST7) (UNSDCode:98205),2000,16.29224967956543,UIS_EST,
GGR.6T7.M,ECE: West Balkans (ST7) (UNSDCode:98205),2001,16.28466987609863,UIS_EST,
GGR.6T7.M,ECE: West Balkans (ST7) (UNSDCode:98205),2002,16.31357002258301,UIS_EST,
GGR.6T7.M,ECE: West Balkans (ST7) (UNSDCode:98205),2003,16.40436935424805,UIS_EST,
GGR.6T7.M,ECE: West Balkans (ST7) (UNSDCode:98205),2004,16.77438926696777,UIS_EST,
GGR.6T7.M,ECE: West Balkans (ST7) (UNSDCode:98205),2005,17.13993072509766,UIS_EST,
GGR.6T7.M,ECE: West Balkans (ST7) (UNSDCode:98205),2006,17.70904922485352,UIS_EST,
GGR.6T7.M,ECE: West Balkans (ST7) (UNSDCode:98205),2007,18.88702964782715,UIS_EST,
GGR.6T7.M,ECE: West Balkans (ST7) (UNSDCode:98205),2008,21.59860992431641,UIS_EST,
GGR.6T7.M,ECE: West Balkans (ST7) (UNSDCode:98205),2009,23.83621025085449,UIS_EST,
GGR.6T7.M,ECE: West Balkans (ST7) (UNSDCode:98205),2010,24.83370018005371,,
GGR.6T7.M,ECE: West Balkans (ST7) (UNSDCode:98205),2011,24.33106994628906,,
GGR.6T7.M,ECE: West Balkans (ST7) (UNSDCode:98205),2012,25.53297996520996,,
GGR.6T7.M,ECE: West Balkans (ST7) (UNSDCode:98205),2013,25.54121017456055,UIS_EST,
GGR.6T7.M,ECE: West Balkans (ST7) (UNSDCode:98205),2014,25.01601028442383,UIS_EST,
GGR.6T7.M,ECE: West Balkans (ST7) (UNSDCode:98205),2015,26.01509094238281,UIS_EST,
GGR.6T7.M,ECE: West Balkans (ST7) (UNSDCode:98205),2016,25.52058029174805,UIS_EST,
GGR.6T7.M,ECE: West Balkans (ST7) (UNSDCode:98205),2017,26.4642505645752,UIS_EST,
GGR.6T7.M,ECE: West Balkans (ST7) (UNSDCode:98205),2018,27.12764930725098,,
GGR.6T7.M,ECE: West Balkans (ST7) (UNSDCode:98205),2019,25.89554023742676,UIS_EST,
GGR.6T7.M,ECE: West Balkans (ST7) (UNSDCode:98205),2020,25.01371002197266,,
GGR.6T7.M,ECE: West Balkans (ST7) (UNSDCode:98205),2021,25.04410934448242,UIS_EST,
GGR.6T7.M,ECE: West Balkans (ST7) (UNSDCode:98205),2022,25.91078948974609,,
GGR.6T7.M,ECE: West Balkans (ST7) (UNSDCode:98205),2023,26.14001083374023,UIS_EST,
GGR.6T7.M,ECLAC: All countries (UNSDCode:98300),2000,14.53520011901855,UIS_EST,
GGR.6T7.M,ECLAC: All countries (UNSDCode:98300),2001,15.04251956939697,UIS_EST,
GGR.6T7.M,ECLAC: All countries (UNSDCode:98300),2002,10.38360023498535,,
GGR.6T7.M,ECLAC: All countries (UNSDCode:98300),2003,11.14192962646484,,
GGR.6T7.M,ECLAC: All countries (UNSDCode:98300),2004,11.92975997924805,UIS_EST,
GGR.6T7.M,ECLAC: All countries (UNSDCode:98300),2005,12.3299503326416,UIS_EST,
GGR.6T7.M,ECLAC: All countries (UNSDCode:98300),2006,16.14011001586914,UIS_EST,
GGR.6T7.M,ECLAC: All countries (UNSDCode:98300),2007,13.51753044128418,,
GGR.6T7.M,ECLAC: All countries (UNSDCode:98300),2008,14.19517993927002,,
GGR.6T7.M,ECLAC: All countries (UNSDCode:98300),2009,14.96173000335693,,
GGR.6T7.M,ECLAC: All countries (UNSDCode:98300),2010,15.0234899520874,UIS_EST,
GGR.6T7.M,ECLAC: All countries (UNSDCode:98300),2011,15.79986000061035,,
GGR.6T7.M,ECLAC: All countries (UNSDCode:98300),2012,16.02234077453613,UIS_EST,
GGR.6T7.M,ECLAC: All countries (UNSDCode:98300),2013,17.90539932250977,UIS_EST,
GGR.6T7.M,ECLAC: All countries (UNSDCode:98300),2014,17.60099983215332,UIS_EST,
GGR.6T7.M,ECLAC: All countries (UNSDCode:98300),2015,18.08066940307617,UIS_EST,
GGR.6T7.M,ECLAC: All countries (UNSDCode:98300),2016,18.94687080383301,UIS_EST,
GGR.6T7.M,ECLAC: All countries (UNSDCode:98300),2017,19.24868965148926,UIS_EST,
GGR.6T7.M,ECLAC: All countries (UNSDCode:98300),2018,18.17688941955566,UIS_EST,
GGR.6T7.M,ECLAC: All countries (UNSDCode:98300),2019,20.06863021850586,UIS_EST,
GGR.6T7.M,ECLAC: All countries (UNSDCode:98300),2020,19.59931945800781,UIS_EST,
GGR.6T7.M,ECLAC: All countries (UNSDCode:98300),2021,20.80983924865723,UIS_EST,
GGR.6T7.M,ECLAC: All countries (UNSDCode:98300),2022,21.24300003051758,UIS_EST,
GGR.6T7.M,ECLAC: Latin America (UNSDCode:98302),2000,14.65921974182129,UIS_EST,
GGR.6T7.M,ECLAC: Latin America (UNSDCode:98302),2001,15.18068027496338,UIS_EST,
GGR.6T7.M,ECLAC: Latin America (UNSDCode:98302),2002,10.42780017852783,,
GGR.6T7.M,ECLAC: Latin America (UNSDCode:98302),2003,11.16749000549316,,
GGR.6T7.M,ECLAC: Latin America (UNSDCode:98302),2004,11.97996997833252,UIS_EST,
GGR.6T7.M,ECLAC: Latin America (UNSDCode:98302),2005,12.38319969177246,UIS_EST,
GGR.6T7.M,ECLAC: Latin America (UNSDCode:98302),2006,16.2574291229248,UIS_EST,
GGR.6T7.M,ECLAC: Latin America (UNSDCode:98302),2007,13.60748958587646,,
GGR.6T7.M,ECLAC: Latin America (UNSDCode:98302),2008,14.26453018188477,,
GGR.6T7.M,ECLAC: Latin America (UNSDCode:98302),2009,15.05253028869629,,
GGR.6T7.M,ECLAC: Latin America (UNSDCode:98302),2010,15.11905002593994,,
GGR.6T7.M,ECLAC: Latin America (UNSDCode:98302),2011,15.90596961975098,,
GGR.6T7.M,ECLAC: Latin America (UNSDCode:98302),2012,16.12816047668457,UIS_EST,
GGR.6T7.M,ECLAC: Latin America (UNSDCode:98302),2013,18.0555305480957,UIS_EST,
GGR.6T7.M,ECLAC: Latin America (UNSDCode:98302),2014,17.75546073913574,UIS_EST,
GGR.6T7.M,ECLAC: Latin America (UNSDCode:98302),2015,18.2436695098877,UIS_EST,
GGR.6T7.M,ECLAC: Latin America (UNSDCode:98302),2016,19.09948921203613,UIS_EST,
GGR.6T7.M,ECLAC: Latin America (UNSDCode:98302),2017,19.40135955810547,UIS_EST,
GGR.6T7.M,ECLAC: Latin America (UNSDCode:98302),2018,18.31534004211426,UIS_EST,
GGR.6T7.M,ECLAC: Latin America (UNSDCode:98302),2019,20.23632049560547,UIS_EST,
GGR.6T7.M,ECLAC: Latin America (UNSDCode:98302),2020,19.75902938842773,UIS_EST,
GGR.6T7.M,ECLAC: Latin America (UNSDCode:98302),2021,20.99340057373047,UIS_EST,
GGR.6T7.M,ECLAC: Latin America (UNSDCode:98302),2022,21.42374038696289,UIS_EST,
GGR.6T7.M,ECU,2013,19.09234046936035,,
GGR.6T7.M,ECU,2014,18.1776008605957,,
GGR.6T7.M,ECU,2015,27.43334007263184,,
GGR.6T7.M,ECU,2016,29.23854064941406,,
GGR.6T7.M,ECU,2018,29.83358001708984,,
GGR.6T7.M,ECU,2023,44.845458984375,,
GGR.6T7.M,EGY,2001,21.59602928161621,,
GGR.6T7.M,EGY,2002,20.76758003234863,,
GGR.6T7.M,EGY,2003,20.89545059204102,,
GGR.6T7.M,EGY,2004,21.03379058837891,,
GGR.6T7.M,EGY,2005,23.69850921630859,,
GGR.6T7.M,EGY,2006,23.77524948120117,,
GGR.6T7.M,EGY,2007,23.16584968566895,,
GGR.6T7.M,EGY,2008,23.02397918701172,,
GGR.6T7.M,EGY,2009,21.98797988891602,,
GGR.6T7.M,EGY,2010,22.38248062133789,,
GGR.6T7.M,EGY,2013,22.65484046936035,,
GGR.6T7.M,EGY,2016,15.72249984741211,,
GGR.6T7.M,EGY,2022,29.56706047058105,,
GGR.6T7.M,EGY,2023,35.73416137695313,,
GGR.6T7.M,ERI,2000,2.249279975891113,,
GGR.6T7.M,ERI,2001,4.210189819335938,,
GGR.6T7.M,ERI,2002,4.55109977722168,,
GGR.6T7.M,ERI,2003,4.75590991973877,,
GGR.6T7.M,ERI,2004,4.871630191802979,,
GGR.6T7.M,ERI,2014,3.130660057067871,,
GGR.6T7.M,ESCAP: ASEAN (ASEAN) (UNSDCode:98406),2000,10.45104026794434,UIS_EST,
GGR.6T7.M,ESCAP: ASEAN (ASEAN) (UNSDCode:98406),2001,10.55854034423828,,
GGR.6T7.M,ESCAP: ASEAN (ASEAN) (UNSDCode:98406),2002,11.03339958190918,,
GGR.6T7.M,ESCAP: ASEAN (ASEAN) (UNSDCode:98406),2003,12.67716979980469,UIS_EST,
GGR.6T7.M,ESCAP: ASEAN (ASEAN) (UNSDCode:98406),2004,11.94797992706299,,
GGR.6T7.M,ESCAP: ASEAN (ASEAN) (UNSDCode:98406),2005,11.06937026977539,UIS_EST,
GGR.6T7.M,ESCAP: ASEAN (ASEAN) (UNSDCode:98406),2006,11.45345973968506,UIS_EST,
GGR.6T7.M,ESCAP: ASEAN (ASEAN) (UNSDCode:98406),2007,11.89430046081543,UIS_EST,
GGR.6T7.M,ESCAP: ASEAN (ASEAN) (UNSDCode:98406),2008,12.65520000457764,UIS_EST,
GGR.6T7.M,ESCAP: ASEAN (ASEAN) (UNSDCode:98406),2009,12.79819011688232,UIS_EST,
GGR.6T7.M,ESCAP: ASEAN (ASEAN) (UNSDCode:98406),2010,13.52890968322754,UIS_EST,
GGR.6T7.M,ESCAP: ASEAN (ASEAN) (UNSDCode:98406),2011,12.91380977630615,UIS_EST,
GGR.6T7.M,ESCAP: ASEAN (ASEAN) (UNSDCode:98406),2012,14.97257995605469,UIS_EST,
GGR.6T7.M,ESCAP: ASEAN (ASEAN) (UNSDCode:98406),2013,14.30041980743408,UIS_EST,
GGR.6T7.M,ESCAP: ASEAN (ASEAN) (UNSDCode:98406),2014,14.78273010253906,UIS_EST,
GGR.6T7.M,ESCAP: ASEAN (ASEAN) (UNSDCode:98406),2015,15.88704967498779,,
GGR.6T7.M,ESCAP: ASEAN (ASEAN) (UNSDCode:98406),2016,16.28931045532227,UIS_EST,
GGR.6T7.M,ESCAP: ASEAN (ASEAN) (UNSDCode:98406),2017,16.26968955993652,UIS_EST,
GGR.6T7.M,ESCAP: ASEAN (ASEAN) (UNSDCode:98406),2018,17.15757942199707,UIS_EST,
GGR.6T7.M,ESCAP: ASEAN (ASEAN) (UNSDCode:98406),2019,17.28274917602539,UIS_EST,
GGR.6T7.M,ESCAP: ASEAN (ASEAN) (UNSDCode:98406),2020,17.60709953308105,UIS_EST,
GGR.6T7.M,ESCAP: ASEAN (ASEAN) (UNSDCode:98406),2021,18.52545928955078,UIS_EST,
GGR.6T7.M,ESCAP: ASEAN (ASEAN) (UNSDCode:98406),2022,19.12565994262695,,
GGR.6T7.M,ESCAP: ASEAN (ASEAN) (UNSDCode:98406),2023,18.24320983886719,UIS_EST,
GGR.6T7.M,ESCAP: ASEAN (ASEAN) (UNSDCode:98406),2024,18.68547058105469,UIS_EST,
GGR.6T7.M,ESCAP: Africa (AFR) (UNSDCode:98405),2000,5.810979843139648,UIS_EST,
GGR.6T7.M,ESCAP: Africa (AFR) (UNSDCode:98405),2001,6.145279884338379,UIS_EST,
GGR.6T7.M,ESCAP: Africa (AFR) (UNSDCode:98405),2002,5.999780178070068,UIS_EST,
GGR.6T7.M,ESCAP: Africa (AFR) (UNSDCode:98405),2004,6.198359966278076,UIS_EST,
GGR.6T7.M,ESCAP: Africa (AFR) (UNSDCode:98405),2009,6.398550033569336,UIS_EST,
GGR.6T7.M,ESCAP: Africa (AFR) (UNSDCode:98405),2010,6.582089900970459,UIS_EST,
GGR.6T7.M,ESCAP: Africa (AFR) (UNSDCode:98405),2011,6.48898983001709,UIS_EST,
GGR.6T7.M,ESCAP: Africa (AFR) (UNSDCode:98405),2012,6.453839778900146,UIS_EST,
GGR.6T7.M,ESCAP: Africa (AFR) (UNSDCode:98405),2013,6.554269790649414,UIS_EST,
GGR.6T7.M,ESCAP: Africa (AFR) (UNSDCode:98405),2014,6.375289916992188,UIS_EST,
GGR.6T7.M,ESCAP: Africa (AFR) (UNSDCode:98405),2015,6.133930206298828,UIS_EST,
GGR.6T7.M,ESCAP: Africa (AFR) (UNSDCode:98405),2016,5.930349826812744,UIS_EST,
GGR.6T7.M,ESCAP: Africa (AFR) (UNSDCode:98405),2017,6.071169853210449,UIS_EST,
GGR.6T7.M,ESCAP: Africa (AFR) (UNSDCode:98405),2018,6.438729763031006,UIS_EST,
GGR.6T7.M,ESCAP: Africa (AFR) (UNSDCode:98405),2019,6.802589893341064,UIS_EST,
GGR.6T7.M,ESCAP: All countries (UNSDCode:98400),2004,18.36782073974609,UIS_EST,
GGR.6T7.M,ESCAP: All countries (UNSDCode:98400),2005,18.42637062072754,UIS_EST,
GGR.6T7.M,ESCAP: All countries (UNSDCode:98400),2006,19.16419982910156,UIS_EST,
GGR.6T7.M,ESCAP: All countries (UNSDCode:98400),2007,20.14896965026855,UIS_EST,
GGR.6T7.M,ESCAP: All countries (UNSDCode:98400),2008,20.67420959472656,UIS_EST,
GGR.6T7.M,ESCAP: All countries (UNSDCode:98400),2009,20.54367065429688,UIS_EST,
GGR.6T7.M,ESCAP: All countries (UNSDCode:98400),2010,20.70494079589844,UIS_EST,
GGR.6T7.M,ESCAP: All countries (UNSDCode:98400),2011,21.07234954833984,UIS_EST,
GGR.6T7.M,ESCAP: All countries (UNSDCode:98400),2012,21.53064918518066,UIS_EST,
GGR.6T7.M,ESCAP: All countries (UNSDCode:98400),2013,22.03303909301758,,
GGR.6T7.M,ESCAP: All countries (UNSDCode:98400),2014,22.61078071594238,,
GGR.6T7.M,ESCAP: All countries (UNSDCode:98400),2015,24.44416046142578,,
GGR.6T7.M,ESCAP: All countries (UNSDCode:98400),2016,25.62672996520996,,
GGR.6T7.M,ESCAP: All countries (UNSDCode:98400),2017,25.2977294921875,,
GGR.6T7.M,ESCAP: All countries (UNSDCode:98400),2018,24.96611976623535,,
GGR.6T7.M,ESCAP: All countries (UNSDCode:98400),2019,24.43918037414551,,
GGR.6T7.M,ESCAP: All countries (UNSDCode:98400),2020,26.10754013061523,,
GGR.6T7.M,ESCAP: All countries (UNSDCode:98400),2021,25.31435966491699,,
GGR.6T7.M,ESCAP: All countries (UNSDCode:98400),2022,27.2072696685791,,
GGR.6T7.M,ESCAP: All countries (UNSDCode:98400),2023,27.85770034790039,,
GGR.6T7.M,ESCAP: All countries (UNSDCode:98400),2024,29.16113090515137,UIS_EST,
GGR.6T7.M,ESCAP: Countries with Special Needs (CSN) (UNSDCode:98434),2001,7.753870010375977,UIS_EST,
GGR.6T7.M,ESCAP: Countries with Special Needs (CSN) (UNSDCode:98434),2002,8.373129844665527,UIS_EST,
GGR.6T7.M,ESCAP: Countries with Special Needs (CSN) (UNSDCode:98434),2003,8.606619834899902,UIS_EST,
GGR.6T7.M,ESCAP: Countries with Special Needs (CSN) (UNSDCode:98434),2004,9.240449905395508,UIS_EST,
GGR.6T7.M,ESCAP: Countries with Special Needs (CSN) (UNSDCode:98434),2006,9.742480278015137,UIS_EST,
GGR.6T7.M,ESCAP: Countries with Special Needs (CSN) (UNSDCode:98434),2007,9.755080223083496,UIS_EST,
GGR.6T7.M,ESCAP: Countries with Special Needs (CSN) (UNSDCode:98434),2008,10.81260967254639,UIS_EST,
GGR.6T7.M,ESCAP: Countries with Special Needs (CSN) (UNSDCode:98434),2009,11.05535984039307,UIS_EST,
GGR.6T7.M,ESCAP: Countries with Special Needs (CSN) (UNSDCode:98434),2010,11.04767036437988,UIS_EST,
GGR.6T7.M,ESCAP: Countries with Special Needs (CSN) (UNSDCode:98434),2011,10.84243965148926,UIS_EST,
GGR.6T7.M,ESCAP: Countries with Special Needs (CSN) (UNSDCode:98434),2012,10.93914031982422,UIS_EST,
GGR.6T7.M,ESCAP: ECO (ECO) (UNSDCode:98407),2003,12.48536968231201,UIS_EST,
GGR.6T7.M,ESCAP: ECO (ECO) (UNSDCode:98407),2004,12.2009801864624,UIS_EST,
GGR.6T7.M,ESCAP: ECO (ECO) (UNSDCode:98407),2005,11.88910961151123,UIS_EST,
GGR.6T7.M,ESCAP: ECO (ECO) (UNSDCode:98407),2006,13.08621025085449,UIS_EST,
GGR.6T7.M,ESCAP: ECO (ECO) (UNSDCode:98407),2007,13.27007961273193,UIS_EST,
GGR.6T7.M,ESCAP: ECO (ECO) (UNSDCode:98407),2008,14.59500026702881,UIS_EST,
GGR.6T7.M,ESCAP: ECO (ECO) (UNSDCode:98407),2009,15.48591995239258,UIS_EST,
GGR.6T7.M,ESCAP: ECO (ECO) (UNSDCode:98407),2010,16.67624092102051,UIS_EST,
GGR.6T7.M,ESCAP: ECO (ECO) (UNSDCode:98407),2011,16.58941078186035,UIS_EST,
GGR.6T7.M,ESCAP: ECO (ECO) (UNSDCode:98407),2012,17.5772590637207,UIS_EST,
GGR.6T7.M,ESCAP: ECO (ECO) (UNSDCode:98407),2013,20.28329086303711,UIS_EST,
GGR.6T7.M,ESCAP: ECO (ECO) (UNSDCode:98407),2014,19.33358955383301,UIS_EST,
GGR.6T7.M,ESCAP: ECO (ECO) (UNSDCode:98407),2015,20.92012023925781,UIS_EST,
GGR.6T7.M,ESCAP: ECO (ECO) (UNSDCode:98407),2016,21.93996047973633,UIS_EST,
GGR.6T7.M,ESCAP: ECO (ECO) (UNSDCode:98407),2017,21.83407020568848,UIS_EST,
GGR.6T7.M,ESCAP: ECO (ECO) (UNSDCode:98407),2018,21.97554016113281,UIS_EST,
GGR.6T7.M,ESCAP: ECO (ECO) (UNSDCode:98407),2019,19.29450988769531,UIS_EST,
GGR.6T7.M,ESCAP: ECO (ECO) (UNSDCode:98407),2020,20.51238059997559,UIS_EST,
GGR.6T7.M,ESCAP: ECO (ECO) (UNSDCode:98407),2021,20.21862030029297,UIS_EST,
GGR.6T7.M,ESCAP: East and North-East Asia (ENEA) (UNSDCode:98408),2004,12.35902976989746,UIS_EST,
GGR.6T7.M,ESCAP: East and North-East Asia (ENEA) (UNSDCode:98408),2005,12.9868803024292,UIS_EST,
GGR.6T7.M,ESCAP: East and North-East Asia (ENEA) (UNSDCode:98408),2006,13.75574970245361,UIS_EST,
GGR.6T7.M,ESCAP: East and North-East Asia (ENEA) (UNSDCode:98408),2007,16.12923049926758,UIS_EST,
GGR.6T7.M,ESCAP: East and North-East Asia (ENEA) (UNSDCode:98408),2008,16.66702079772949,UIS_EST,
GGR.6T7.M,ESCAP: East and North-East Asia (ENEA) (UNSDCode:98408),2009,16.20972061157227,UIS_EST,
GGR.6T7.M,ESCAP: East and North-East Asia (ENEA) (UNSDCode:98408),2010,15.96119022369385,UIS_EST,
GGR.6T7.M,ESCAP: East and North-East Asia (ENEA) (UNSDCode:98408),2011,16.6490592956543,UIS_EST,
GGR.6T7.M,ESCAP: East and North-East Asia (ENEA) (UNSDCode:98408),2012,17.14089965820313,UIS_EST,
GGR.6T7.M,ESCAP: East and North-East Asia (ENEA) (UNSDCode:98408),2013,17.65184020996094,,
GGR.6T7.M,ESCAP: East and North-East Asia (ENEA) (UNSDCode:98408),2014,24.23217010498047,,
GGR.6T7.M,ESCAP: East and North-East Asia (ENEA) (UNSDCode:98408),2015,27.21571922302246,,
GGR.6T7.M,ESCAP: East and North-East Asia (ENEA) (UNSDCode:98408),2016,29.03607940673828,,
GGR.6T7.M,ESCAP: East and North-East Asia (ENEA) (UNSDCode:98408),2017,30.56805992126465,,
GGR.6T7.M,ESCAP: East and North-East Asia (ENEA) (UNSDCode:98408),2018,30.85614967346191,,
GGR.6T7.M,ESCAP: East and North-East Asia (ENEA) (UNSDCode:98408),2019,30.67159080505371,,
GGR.6T7.M,ESCAP: East and North-East Asia (ENEA) (UNSDCode:98408),2020,32.20634078979492,,
GGR.6T7.M,ESCAP: East and North-East Asia (ENEA) (UNSDCode:98408),2021,35.1944694519043,,
GGR.6T7.M,ESCAP: East and North-East Asia (ENEA) (UNSDCode:98408),2022,37.82003021240234,,
GGR.6T7.M,ESCAP: East and North-East Asia (ENEA) (UNSDCode:98408),2023,40.25205993652344,,
GGR.6T7.M,ESCAP: East and North-East Asia (ENEA) (UNSDCode:98408),2024,45.46844863891602,,
GGR.6T7.M,ESCAP: Europe (Europe) (UNSDCode:98423),2000,23.43272018432617,,
GGR.6T7.M,ESCAP: Europe (Europe) (UNSDCode:98423),2001,24.1719799041748,,
GGR.6T7.M,ESCAP: Europe (Europe) (UNSDCode:98423),2002,25.22805023193359,,
GGR.6T7.M,ESCAP: Europe (Europe) (UNSDCode:98423),2003,26.24154090881348,,
GGR.6T7.M,ESCAP: Europe (Europe) (UNSDCode:98423),2004,26.54574966430664,,
GGR.6T7.M,ESCAP: Europe (Europe) (UNSDCode:98423),2005,27.33023071289063,,
GGR.6T7.M,ESCAP: Europe (Europe) (UNSDCode:98423),2006,27.67564010620117,,
GGR.6T7.M,ESCAP: Europe (Europe) (UNSDCode:98423),2007,28.31897926330566,,
GGR.6T7.M,ESCAP: Europe (Europe) (UNSDCode:98423),2008,30.17424964904785,,
GGR.6T7.M,ESCAP: Europe (Europe) (UNSDCode:98423),2009,31.05978012084961,,
GGR.6T7.M,ESCAP: Europe (Europe) (UNSDCode:98423),2010,31.10285949707031,,
GGR.6T7.M,ESCAP: Europe (Europe) (UNSDCode:98423),2011,31.74370956420898,,
GGR.6T7.M,ESCAP: Europe (Europe) (UNSDCode:98423),2012,32.17306900024414,,
GGR.6T7.M,ESCAP: Europe (Europe) (UNSDCode:98423),2013,32.24713897705078,,
GGR.6T7.M,ESCAP: Europe (Europe) (UNSDCode:98423),2014,34.74008941650391,,
GGR.6T7.M,ESCAP: Europe (Europe) (UNSDCode:98423),2015,35.43875122070313,,
GGR.6T7.M,ESCAP: Europe (Europe) (UNSDCode:98423),2016,35.48524856567383,,
GGR.6T7.M,ESCAP: Europe (Europe) (UNSDCode:98423),2017,36.02407836914063,UIS_EST,
GGR.6T7.M,ESCAP: Europe (Europe) (UNSDCode:98423),2018,36.65288162231445,,
GGR.6T7.M,ESCAP: Europe (Europe) (UNSDCode:98423),2019,38.24784088134766,,
GGR.6T7.M,ESCAP: Europe (Europe) (UNSDCode:98423),2020,39.14226913452148,,
GGR.6T7.M,ESCAP: Europe (Europe) (UNSDCode:98423),2021,39.98989868164063,,
GGR.6T7.M,ESCAP: Europe (Europe) (UNSDCode:98423),2022,39.01342010498047,,
GGR.6T7.M,ESCAP: Europe (Europe) (UNSDCode:98423),2023,40.75329971313477,,
GGR.6T7.M,ESCAP: Europe (Europe) (UNSDCode:98423),2024,40.45906829833984,UIS_EST,
GGR.6T7.M,ESCAP: LDC (LDC_E) (UNSDCode:98411),2001,6.322559833526611,UIS_EST,
GGR.6T7.M,ESCAP: LDC (LDC_E) (UNSDCode:98411),2002,6.974969863891602,,
GGR.6T7.M,ESCAP: LDC (LDC_E) (UNSDCode:98411),2003,7.104559898376465,UIS_EST,
GGR.6T7.M,ESCAP: LDC (LDC_E) (UNSDCode:98411),2004,7.090630054473877,UIS_EST,
GGR.6T7.M,ESCAP: LLDC (LLDC_E) (UNSDCode:98412),2005,13.49590015411377,UIS_EST,
GGR.6T7.M,ESCAP: LLDC (LLDC_E) (UNSDCode:98412),2006,14.82596015930176,UIS_EST,
GGR.6T7.M,ESCAP: LLDC (LLDC_E) (UNSDCode:98412),2007,15.32271957397461,UIS_EST,
GGR.6T7.M,ESCAP: LLDC (LLDC_E) (UNSDCode:98412),2008,16.8809700012207,UIS_EST,
GGR.6T7.M,ESCAP: LLDC (LLDC_E) (UNSDCode:98412),2009,17.67193031311035,UIS_EST,
GGR.6T7.M,ESCAP: LLDC (LLDC_E) (UNSDCode:98412),2010,17.39035987854004,UIS_EST,
GGR.6T7.M,ESCAP: LLDC (LLDC_E) (UNSDCode:98412),2011,17.64019966125488,UIS_EST,
GGR.6T7.M,ESCAP: LLDC (LLDC_E) (UNSDCode:98412),2012,17.05353927612305,UIS_EST,
GGR.6T7.M,ESCAP: LLDC (LLDC_E) (UNSDCode:98412),2013,18.46513938903809,UIS_EST,
GGR.6T7.M,ESCAP: LLDC (LLDC_E) (UNSDCode:98412),2014,17.10288047790527,UIS_EST,
GGR.6T7.M,ESCAP: LLDC (LLDC_E) (UNSDCode:98412),2017,15.85527038574219,UIS_EST,
GGR.6T7.M,ESCAP: LLDC (LLDC_E) (UNSDCode:98412),2018,16.32368087768555,UIS_EST,
GGR.6T7.M,ESCAP: LLDC (LLDC_E) (UNSDCode:98412),2019,15.2138204574585,UIS_EST,
GGR.6T7.M,ESCAP: LLDC (LLDC_E) (UNSDCode:98412),2020,16.30081939697266,UIS_EST,
GGR.6T7.M,ESCAP: LLDC (LLDC_E) (UNSDCode:98412),2021,16.58761024475098,UIS_EST,
GGR.6T7.M,ESCAP: Latin America (LAC) (UNSDCode:98424),2000,14.53520011901855,UIS_EST,
GGR.6T7.M,ESCAP: Latin America (LAC) (UNSDCode:98424),2001,15.04251956939697,UIS_EST,
GGR.6T7.M,ESCAP: Latin America (LAC) (UNSDCode:98424),2002,10.38360023498535,,
GGR.6T7.M,ESCAP: Latin America (LAC) (UNSDCode:98424),2003,11.14192962646484,,
GGR.6T7.M,ESCAP: Latin America (LAC) (UNSDCode:98424),2004,11.92975997924805,UIS_EST,
GGR.6T7.M,ESCAP: Latin America (LAC) (UNSDCode:98424),2005,12.3299503326416,UIS_EST,
GGR.6T7.M,ESCAP: Latin America (LAC) (UNSDCode:98424),2006,16.14011001586914,UIS_EST,
GGR.6T7.M,ESCAP: Latin America (LAC) (UNSDCode:98424),2007,13.51753044128418,,
GGR.6T7.M,ESCAP: Latin America (LAC) (UNSDCode:98424),2008,14.19517993927002,,
GGR.6T7.M,ESCAP: Latin America (LAC) (UNSDCode:98424),2009,14.96173000335693,,
GGR.6T7.M,ESCAP: Latin America (LAC) (UNSDCode:98424),2010,15.0234899520874,UIS_EST,
GGR.6T7.M,ESCAP: Latin America (LAC) (UNSDCode:98424),2011,15.79986000061035,,
GGR.6T7.M,ESCAP: Latin America (LAC) (UNSDCode:98424),2012,16.02234077453613,UIS_EST,
GGR.6T7.M,ESCAP: Latin America (LAC) (UNSDCode:98424),2013,17.90539932250977,UIS_EST,
GGR.6T7.M,ESCAP: Latin America (LAC) (UNSDCode:98424),2014,17.60099983215332,UIS_EST,
GGR.6T7.M,ESCAP: Latin America (LAC) (UNSDCode:98424),2015,18.08066940307617,UIS_EST,
GGR.6T7.M,ESCAP: Latin America (LAC) (UNSDCode:98424),2016,18.94687080383301,UIS_EST,
GGR.6T7.M,ESCAP: Latin America (LAC) (UNSDCode:98424),2017,19.24868965148926,UIS_EST,
GGR.6T7.M,ESCAP: Latin America (LAC) (UNSDCode:98424),2018,18.17688941955566,UIS_EST,
GGR.6T7.M,ESCAP: Latin America (LAC) (UNSDCode:98424),2019,20.06863021850586,UIS_EST,
GGR.6T7.M,ESCAP: Latin America (LAC) (UNSDCode:98424),2020,19.59931945800781,UIS_EST,
GGR.6T7.M,ESCAP: Latin America (LAC) (UNSDCode:98424),2021,20.80983924865723,UIS_EST,
GGR.6T7.M,ESCAP: Latin America (LAC) (UNSDCode:98424),2022,21.24300003051758,UIS_EST,
GGR.6T7.M,ESCAP: North America (NAM) (UNSDCode:98425),2000,27.82349014282227,UIS_EST,
GGR.6T7.M,ESCAP: North America (NAM) (UNSDCode:98425),2001,28.83523941040039,UIS_EST,
GGR.6T7.M,ESCAP: North America (NAM) (UNSDCode:98425),2002,27.25732040405273,UIS_EST,
GGR.6T7.M,ESCAP: North America (NAM) (UNSDCode:98425),2003,29.00478935241699,UIS_EST,
GGR.6T7.M,ESCAP: North America (NAM) (UNSDCode:98425),2004,27.8609790802002,UIS_EST,
GGR.6T7.M,ESCAP: North America (NAM) (UNSDCode:98425),2005,30.28019905090332,UIS_EST,
GGR.6T7.M,ESCAP: North America (NAM) (UNSDCode:98425),2006,29.34211921691895,UIS_EST,
GGR.6T7.M,ESCAP: North America (NAM) (UNSDCode:98425),2007,31.11676025390625,UIS_EST,
GGR.6T7.M,ESCAP: North America (NAM) (UNSDCode:98425),2008,30.52285003662109,UIS_EST,
GGR.6T7.M,ESCAP: North America (NAM) (UNSDCode:98425),2009,31.29849052429199,UIS_EST,
GGR.6T7.M,ESCAP: North America (NAM) (UNSDCode:98425),2010,31.59181022644043,UIS_EST,
GGR.6T7.M,ESCAP: North and Central Asia (NCA) (UNSDCode:98417),2009,35.03413009643555,UIS_EST,
GGR.6T7.M,ESCAP: North and Central Asia (NCA) (UNSDCode:98417),2010,35.97735977172852,UIS_EST,
GGR.6T7.M,ESCAP: North and Central Asia (NCA) (UNSDCode:98417),2011,37.58573150634766,UIS_EST,
GGR.6T7.M,ESCAP: North and Central Asia (NCA) (UNSDCode:98417),2012,35.51556015014648,,
GGR.6T7.M,ESCAP: North and Central Asia (NCA) (UNSDCode:98417),2013,37.7383918762207,UIS_EST,
GGR.6T7.M,ESCAP: North and Central Asia (NCA) (UNSDCode:98417),2014,36.88998031616211,UIS_EST,
GGR.6T7.M,ESCAP: North and Central Asia (NCA) (UNSDCode:98417),2015,37.05564117431641,,
GGR.6T7.M,ESCAP: North and Central Asia (NCA) (UNSDCode:98417),2016,41.78572082519531,,
GGR.6T7.M,ESCAP: North and Central Asia (NCA) (UNSDCode:98417),2017,39.15764999389648,,
GGR.6T7.M,ESCAP: North and Central Asia (NCA) (UNSDCode:98417),2018,33.10895156860352,,
GGR.6T7.M,ESCAP: North and Central Asia (NCA) (UNSDCode:98417),2019,30.58366012573242,,
GGR.6T7.M,ESCAP: North and Central Asia (NCA) (UNSDCode:98417),2020,31.24765968322754,UIS_EST,
GGR.6T7.M,ESCAP: Other Area (OTH_REGION) (UNSDCode:98426),2000,7.952970027923584,UIS_EST,
GGR.6T7.M,ESCAP: Other Area (OTH_REGION) (UNSDCode:98426),2001,8.121760368347168,UIS_EST,
GGR.6T7.M,ESCAP: Other Area (OTH_REGION) (UNSDCode:98426),2002,8.563300132751465,UIS_EST,
GGR.6T7.M,ESCAP: Other Area (OTH_REGION) (UNSDCode:98426),2003,8.835610389709473,UIS_EST,
GGR.6T7.M,ESCAP: Other Area (OTH_REGION) (UNSDCode:98426),2004,9.99368953704834,,
GGR.6T7.M,ESCAP: Other Area (OTH_REGION) (UNSDCode:98426),2005,9.249739646911621,UIS_EST,
GGR.6T7.M,ESCAP: Other Area (OTH_REGION) (UNSDCode:98426),2006,9.900540351867676,UIS_EST,
GGR.6T7.M,ESCAP: Other Area (OTH_REGION) (UNSDCode:98426),2007,10.19896984100342,UIS_EST,
GGR.6T7.M,ESCAP: Other Area (OTH_REGION) (UNSDCode:98426),2008,10.42588996887207,UIS_EST,
GGR.6T7.M,ESCAP: Other Area (OTH_REGION) (UNSDCode:98426),2009,11.06229019165039,UIS_EST,
GGR.6T7.M,ESCAP: Other Area (OTH_REGION) (UNSDCode:98426),2010,11.60503959655762,UIS_EST,
GGR.6T7.M,ESCAP: Other Area (OTH_REGION) (UNSDCode:98426),2011,11.46070957183838,UIS_EST,
GGR.6T7.M,ESCAP: Other Area (OTH_REGION) (UNSDCode:98426),2012,11.74320030212402,UIS_EST,
GGR.6T7.M,ESCAP: Other Area (OTH_REGION) (UNSDCode:98426),2013,12.49059963226318,UIS_EST,
GGR.6T7.M,ESCAP: Other Area (OTH_REGION) (UNSDCode:98426),2014,13.28061962127686,UIS_EST,
GGR.6T7.M,ESCAP: Other Area (OTH_REGION) (UNSDCode:98426),2015,14.64558029174805,UIS_EST,
GGR.6T7.M,ESCAP: Other Area (OTH_REGION) (UNSDCode:98426),2016,15.32645988464355,UIS_EST,
GGR.6T7.M,ESCAP: PACIFIC (PAC) (UNSDCode:98418),2000,30.4821605682373,UIS_EST,
GGR.6T7.M,ESCAP: PACIFIC (PAC) (UNSDCode:98418),2001,31.68770980834961,UIS_EST,
GGR.6T7.M,ESCAP: PACIFIC (PAC) (UNSDCode:98418),2002,33.65303039550781,UIS_EST,
GGR.6T7.M,ESCAP: PACIFIC (PAC) (UNSDCode:98418),2003,27.6729793548584,UIS_EST,
GGR.6T7.M,ESCAP: PACIFIC (PAC) (UNSDCode:98418),2004,31.94642066955566,UIS_EST,
GGR.6T7.M,ESCAP: PACIFIC (PAC) (UNSDCode:98418),2005,34.17802810668945,,
GGR.6T7.M,ESCAP: PACIFIC (PAC) (UNSDCode:98418),2006,33.87242889404297,UIS_EST,
GGR.6T7.M,ESCAP: PACIFIC (PAC) (UNSDCode:98418),2007,33.36634063720703,UIS_EST,
GGR.6T7.M,ESCAP: PACIFIC (PAC) (UNSDCode:98418),2008,33.17111968994141,UIS_EST,
GGR.6T7.M,ESCAP: PACIFIC (PAC) (UNSDCode:98418),2009,33.70058822631836,UIS_EST,
GGR.6T7.M,ESCAP: PACIFIC (PAC) (UNSDCode:98418),2010,34.15365982055664,UIS_EST,
GGR.6T7.M,ESCAP: PACIFIC (PAC) (UNSDCode:98418),2011,34.8597412109375,UIS_EST,
GGR.6T7.M,ESCAP: PACIFIC (PAC) (UNSDCode:98418),2012,38.2794303894043,UIS_EST,
GGR.6T7.M,ESCAP: PACIFIC (PAC) (UNSDCode:98418),2013,39.97872924804688,,
GGR.6T7.M,ESCAP: PACIFIC (PAC) (UNSDCode:98418),2014,39.94377899169922,,
GGR.6T7.M,ESCAP: PACIFIC (PAC) (UNSDCode:98418),2015,32.24372100830078,,
GGR.6T7.M,ESCAP: PACIFIC (PAC) (UNSDCode:98418),2016,32.29402923583984,UIS_EST,
GGR.6T7.M,ESCAP: PACIFIC (PAC) (UNSDCode:98418),2017,32.5269889831543,,
GGR.6T7.M,ESCAP: PACIFIC (PAC) (UNSDCode:98418),2018,31.99065971374512,,
GGR.6T7.M,ESCAP: PACIFIC (PAC) (UNSDCode:98418),2019,32.79938125610352,,
GGR.6T7.M,ESCAP: PACIFIC (PAC) (UNSDCode:98418),2020,31.88278007507324,,
GGR.6T7.M,ESCAP: PACIFIC (PAC) (UNSDCode:98418),2021,34.66069030761719,,
GGR.6T7.M,ESCAP: PACIFIC (PAC) (UNSDCode:98418),2022,34.29281997680664,,
GGR.6T7.M,ESCAP: PACIFIC (PAC) (UNSDCode:98418),2023,31.96257972717285,,
GGR.6T7.M,ESCAP: PACIFIC (PAC) (UNSDCode:98418),2024,31.83835029602051,UIS_EST,
GGR.6T7.M,ESCAP: SAARC (SAARC) (UNSDCode:98428),2012,25.57624053955078,UIS_EST,
GGR.6T7.M,ESCAP: SAARC (SAARC) (UNSDCode:98428),2013,26.02931022644043,,
GGR.6T7.M,ESCAP: SAARC (SAARC) (UNSDCode:98428),2014,21.72942924499512,,
GGR.6T7.M,ESCAP: SAARC (SAARC) (UNSDCode:98428),2015,23.40509986877441,,
GGR.6T7.M,ESCAP: SAARC (SAARC) (UNSDCode:98428),2016,24.0984001159668,,
GGR.6T7.M,ESCAP: SAARC (SAARC) (UNSDCode:98428),2017,22.69223022460938,,
GGR.6T7.M,ESCAP: SAARC (SAARC) (UNSDCode:98428),2018,22.146240234375,,
GGR.6T7.M,ESCAP: SAARC (SAARC) (UNSDCode:98428),2019,21.83791923522949,,
GGR.6T7.M,ESCAP: SAARC (SAARC) (UNSDCode:98428),2020,24.20536994934082,,
GGR.6T7.M,ESCAP: SAARC (SAARC) (UNSDCode:98428),2021,20.57695960998535,,
GGR.6T7.M,ESCAP: SAARC (SAARC) (UNSDCode:98428),2022,23.12636947631836,,
GGR.6T7.M,ESCAP: SAARC (SAARC) (UNSDCode:98428),2023,23.11820030212402,,
GGR.6T7.M,ESCAP: SAARC (SAARC) (UNSDCode:98428),2024,23.11409950256348,UIS_EST,
GGR.6T7.M,ESCAP: South and South-West Asia (SSWA) (UNSDCode:98420),2012,25.30286979675293,UIS_EST,
GGR.6T7.M,ESCAP: South and South-West Asia (SSWA) (UNSDCode:98420),2013,26.16986083984375,,
GGR.6T7.M,ESCAP: South and South-West Asia (SSWA) (UNSDCode:98420),2014,22.21347999572754,,
GGR.6T7.M,ESCAP: South and South-West Asia (SSWA) (UNSDCode:98420),2015,24.00798034667969,,
GGR.6T7.M,ESCAP: South and South-West Asia (SSWA) (UNSDCode:98420),2016,24.89801979064941,,
GGR.6T7.M,ESCAP: South and South-West Asia (SSWA) (UNSDCode:98420),2017,23.5760498046875,,
GGR.6T7.M,ESCAP: South and South-West Asia (SSWA) (UNSDCode:98420),2018,23.06123924255371,,
GGR.6T7.M,ESCAP: South and South-West Asia (SSWA) (UNSDCode:98420),2019,22.39393997192383,,
GGR.6T7.M,ESCAP: South and South-West Asia (SSWA) (UNSDCode:98420),2020,24.79264068603516,,
GGR.6T7.M,ESCAP: South and South-West Asia (SSWA) (UNSDCode:98420),2021,21.41974067687988,,
GGR.6T7.M,ESCAP: South and South-West Asia (SSWA) (UNSDCode:98420),2022,23.53693962097168,,
GGR.6T7.M,ESCAP: South and South-West Asia (SSWA) (UNSDCode:98420),2023,23.52726936340332,,
GGR.6T7.M,ESCAP: South and South-West Asia (SSWA) (UNSDCode:98420),2024,23.52168083190918,UIS_EST,
GGR.6T7.M,ESCAP: South-East Asia (SEA) (UNSDCode:98419),2000,10.45104026794434,UIS_EST,
GGR.6T7.M,ESCAP: South-East Asia (SEA) (UNSDCode:98419),2001,10.55854034423828,,
GGR.6T7.M,ESCAP: South-East Asia (SEA) (UNSDCode:98419),2002,11.03339958190918,,
GGR.6T7.M,ESCAP: South-East Asia (SEA) (UNSDCode:98419),2003,12.67716979980469,UIS_EST,
GGR.6T7.M,ESCAP: South-East Asia (SEA) (UNSDCode:98419),2004,11.94797992706299,,
GGR.6T7.M,ESCAP: South-East Asia (SEA) (UNSDCode:98419),2005,11.06937026977539,UIS_EST,
GGR.6T7.M,ESCAP: South-East Asia (SEA) (UNSDCode:98419),2006,11.45345973968506,UIS_EST,
GGR.6T7.M,ESCAP: South-East Asia (SEA) (UNSDCode:98419),2007,11.89430046081543,UIS_EST,
GGR.6T7.M,ESCAP: South-East Asia (SEA) (UNSDCode:98419),2008,12.65520000457764,UIS_EST,
GGR.6T7.M,ESCAP: South-East Asia (SEA) (UNSDCode:98419),2009,12.79819011688232,UIS_EST,
GGR.6T7.M,ESCAP: South-East Asia (SEA) (UNSDCode:98419),2010,13.52890968322754,UIS_EST,
GGR.6T7.M,ESCAP: South-East Asia (SEA) (UNSDCode:98419),2011,12.91380977630615,UIS_EST,
GGR.6T7.M,ESCAP: South-East Asia (SEA) (UNSDCode:98419),2012,14.97257995605469,UIS_EST,
GGR.6T7.M,ESCAP: South-East Asia (SEA) (UNSDCode:98419),2013,14.30041980743408,UIS_EST,
GGR.6T7.M,ESCAP: South-East Asia (SEA) (UNSDCode:98419),2014,14.78273010253906,UIS_EST,
GGR.6T7.M,ESCAP: South-East Asia (SEA) (UNSDCode:98419),2015,15.88704967498779,,
GGR.6T7.M,ESCAP: South-East Asia (SEA) (UNSDCode:98419),2016,16.28931045532227,UIS_EST,
GGR.6T7.M,ESCAP: South-East Asia (SEA) (UNSDCode:98419),2017,16.26968955993652,UIS_EST,
GGR.6T7.M,ESCAP: South-East Asia (SEA) (UNSDCode:98419),2018,17.15757942199707,UIS_EST,
GGR.6T7.M,ESCAP: South-East Asia (SEA) (UNSDCode:98419),2019,17.28274917602539,UIS_EST,
GGR.6T7.M,ESCAP: South-East Asia (SEA) (UNSDCode:98419),2020,17.60709953308105,UIS_EST,
GGR.6T7.M,ESCAP: South-East Asia (SEA) (UNSDCode:98419),2021,18.52545928955078,UIS_EST,
GGR.6T7.M,ESCAP: South-East Asia (SEA) (UNSDCode:98419),2022,19.12565994262695,,
GGR.6T7.M,ESCAP: South-East Asia (SEA) (UNSDCode:98419),2023,18.24320983886719,UIS_EST,
GGR.6T7.M,ESCAP: South-East Asia (SEA) (UNSDCode:98419),2024,18.68547058105469,UIS_EST,
GGR.6T7.M,ESCAP: WB High Income Economies (WB_HIGH) (UNSDCode:98436),2000,42.54578018188477,UIS_EST,
GGR.6T7.M,ESCAP: WB High Income Economies (WB_HIGH) (UNSDCode:98436),2001,43.04981994628906,UIS_EST,
GGR.6T7.M,ESCAP: WB High Income Economies (WB_HIGH) (UNSDCode:98436),2002,42.60845184326172,UIS_EST,
GGR.6T7.M,ESCAP: WB High Income Economies (WB_HIGH) (UNSDCode:98436),2003,41.6226692199707,UIS_EST,
GGR.6T7.M,ESCAP: WB High Income Economies (WB_HIGH) (UNSDCode:98436),2004,42.53477096557617,UIS_EST,
GGR.6T7.M,ESCAP: WB High Income Economies (WB_HIGH) (UNSDCode:98436),2005,43.79685974121094,UIS_EST,
GGR.6T7.M,ESCAP: WB High Income Economies (WB_HIGH) (UNSDCode:98436),2006,44.66677093505859,UIS_EST,
GGR.6T7.M,ESCAP: WB High Income Economies (WB_HIGH) (UNSDCode:98436),2007,46.01457977294922,UIS_EST,
GGR.6T7.M,ESCAP: WB High Income Economies (WB_HIGH) (UNSDCode:98436),2008,47.83290100097656,UIS_EST,
GGR.6T7.M,ESCAP: WB High Income Economies (WB_HIGH) (UNSDCode:98436),2009,47.90364074707031,UIS_EST,
GGR.6T7.M,ESCAP: WB High Income Economies (WB_HIGH) (UNSDCode:98436),2010,48.02276992797852,UIS_EST,
GGR.6T7.M,ESCAP: WB High Income Economies (WB_HIGH) (UNSDCode:98436),2011,48.60248184204102,UIS_EST,
GGR.6T7.M,ESCAP: WB High Income Economies (WB_HIGH) (UNSDCode:98436),2012,49.08106994628906,UIS_EST,
GGR.6T7.M,ESCAP: WB High Income Economies (WB_HIGH) (UNSDCode:98436),2013,49.14400100708008,,
GGR.6T7.M,ESCAP: WB High Income Economies (WB_HIGH) (UNSDCode:98436),2014,48.39646148681641,,
GGR.6T7.M,ESCAP: WB High Income Economies (WB_HIGH) (UNSDCode:98436),2015,46.4033317565918,,
GGR.6T7.M,ESCAP: WB High Income Economies (WB_HIGH) (UNSDCode:98436),2016,47.61341857910156,,
GGR.6T7.M,ESCAP: WB High Income Economies (WB_HIGH) (UNSDCode:98436),2017,47.34175872802734,,
GGR.6T7.M,ESCAP: WB High Income Economies (WB_HIGH) (UNSDCode:98436),2018,46.47908020019531,,
GGR.6T7.M,ESCAP: WB High Income Economies (WB_HIGH) (UNSDCode:98436),2019,47.00762939453125,,
GGR.6T7.M,ESCAP: WB High Income Economies (WB_HIGH) (UNSDCode:98436),2020,46.88608932495117,,
GGR.6T7.M,ESCAP: WB High Income Economies (WB_HIGH) (UNSDCode:98436),2021,49.46878814697266,,
GGR.6T7.M,ESCAP: WB High Income Economies (WB_HIGH) (UNSDCode:98436),2022,50.18362045288086,,
GGR.6T7.M,ESCAP: WB High Income Economies (WB_HIGH) (UNSDCode:98436),2023,48.95299911499023,,
GGR.6T7.M,ESCAP: WB High Income Economies (WB_HIGH) (UNSDCode:98436),2024,49.17612838745117,UIS_EST,
GGR.6T7.M,ESCAP: WB Low Income Economies (WB_LOW) (UNSDCode:98439),2000,5.166110038757324,UIS_EST,
GGR.6T7.M,ESCAP: WB Low Income Economies (WB_LOW) (UNSDCode:98439),2001,5.273169994354248,UIS_EST,
GGR.6T7.M,ESCAP: WB Low Income Economies (WB_LOW) (UNSDCode:98439),2002,5.305429935455322,UIS_EST,
GGR.6T7.M,ESCAP: WB Low Income Economies (WB_LOW) (UNSDCode:98439),2003,5.519480228424072,UIS_EST,
GGR.6T7.M,ESCAP: WB Low Income Economies (WB_LOW) (UNSDCode:98439),2004,5.769010066986084,UIS_EST,
GGR.6T7.M,ESCAP: WB Low Income Economies (WB_LOW) (UNSDCode:98439),2005,5.626659870147705,UIS_EST,
GGR.6T7.M,ESCAP: WB Low Income Economies (WB_LOW) (UNSDCode:98439),2007,5.822060108184814,UIS_EST,
GGR.6T7.M,ESCAP: WB Low Income Economies (WB_LOW) (UNSDCode:98439),2008,6.207009792327881,UIS_EST,
GGR.6T7.M,ESCAP: WB Low Income Economies (WB_LOW) (UNSDCode:98439),2009,6.154679775238037,UIS_EST,
GGR.6T7.M,ESCAP: WB Low Income Economies (WB_LOW) (UNSDCode:98439),2010,6.530370235443115,UIS_EST,
GGR.6T7.M,ESCAP: WB Low Income Economies (WB_LOW) (UNSDCode:98439),2011,6.238160133361816,UIS_EST,
GGR.6T7.M,ESCAP: WB Low Income Economies (WB_LOW) (UNSDCode:98439),2016,6.450150012969971,UIS_EST,
GGR.6T7.M,ESCAP: WB Low Income Economies (WB_LOW) (UNSDCode:98439),2017,6.426569938659668,UIS_EST,
GGR.6T7.M,ESCAP: WB Lower Middle Income Economies (WB_LOWER_MID) (UNSDCode:98438),2012,20.15251922607422,UIS_EST,
GGR.6T7.M,ESCAP: WB Lower Middle Income Economies (WB_LOWER_MID) (UNSDCode:98438),2013,20.53494071960449,,
GGR.6T7.M,ESCAP: WB Lower Middle Income Economies (WB_LOWER_MID) (UNSDCode:98438),2014,17.8120002746582,UIS_EST,
GGR.6T7.M,ESCAP: WB Lower Middle Income Economies (WB_LOWER_MID) (UNSDCode:98438),2015,19.04660034179688,UIS_EST,
GGR.6T7.M,ESCAP: WB Lower Middle Income Economies (WB_LOWER_MID) (UNSDCode:98438),2016,19.54039001464844,UIS_EST,
GGR.6T7.M,ESCAP: WB Lower Middle Income Economies (WB_LOWER_MID) (UNSDCode:98438),2017,18.64957046508789,UIS_EST,
GGR.6T7.M,ESCAP: WB Lower Middle Income Economies (WB_LOWER_MID) (UNSDCode:98438),2018,18.66595077514648,UIS_EST,
GGR.6T7.M,ESCAP: WB Lower Middle Income Economies (WB_LOWER_MID) (UNSDCode:98438),2019,18.08972930908203,UIS_EST,
GGR.6T7.M,ESCAP: WB Lower Middle Income Economies (WB_LOWER_MID) (UNSDCode:98438),2020,19.51161003112793,UIS_EST,
GGR.6T7.M,ESCAP: WB Lower Middle Income Economies (WB_LOWER_MID) (UNSDCode:98438),2021,17.29014015197754,UIS_EST,
GGR.6T7.M,ESCAP: WB Lower Middle Income Economies (WB_LOWER_MID) (UNSDCode:98438),2022,18.9209098815918,UIS_EST,
GGR.6T7.M,ESCAP: WB Lower Middle Income Economies (WB_LOWER_MID) (UNSDCode:98438),2023,19.20664024353027,UIS_EST,
GGR.6T7.M,ESCAP: WB Lower Middle Income Economies (WB_LOWER_MID) (UNSDCode:98438),2024,19.21112060546875,UIS_EST,
GGR.6T7.M,ESCAP: WB Upper Middle Income Economies (WB_UPPER_MID) (UNSDCode:98437),2004,11.55064964294434,UIS_EST,
GGR.6T7.M,ESCAP: WB Upper Middle Income Economies (WB_UPPER_MID) (UNSDCode:98437),2005,12.10245990753174,UIS_EST,
GGR.6T7.M,ESCAP: WB Upper Middle Income Economies (WB_UPPER_MID) (UNSDCode:98437),2006,13.10943031311035,UIS_EST,
GGR.6T7.M,ESCAP: WB Upper Middle Income Economies (WB_UPPER_MID) (UNSDCode:98437),2007,15.34111022949219,UIS_EST,
GGR.6T7.M,ESCAP: WB Upper Middle Income Economies (WB_UPPER_MID) (UNSDCode:98437),2008,16.14612007141113,UIS_EST,
GGR.6T7.M,ESCAP: WB Upper Middle Income Economies (WB_UPPER_MID) (UNSDCode:98437),2009,15.96183967590332,UIS_EST,
GGR.6T7.M,ESCAP: WB Upper Middle Income Economies (WB_UPPER_MID) (UNSDCode:98437),2010,16.2569408416748,UIS_EST,
GGR.6T7.M,ESCAP: WB Upper Middle Income Economies (WB_UPPER_MID) (UNSDCode:98437),2011,16.75074005126953,UIS_EST,
GGR.6T7.M,ESCAP: WB Upper Middle Income Economies (WB_UPPER_MID) (UNSDCode:98437),2012,17.4831600189209,UIS_EST,
GGR.6T7.M,ESCAP: WB Upper Middle Income Economies (WB_UPPER_MID) (UNSDCode:98437),2013,18.06645011901855,,
GGR.6T7.M,ESCAP: WB Upper Middle Income Economies (WB_UPPER_MID) (UNSDCode:98437),2014,23.20809936523438,,
GGR.6T7.M,ESCAP: WB Upper Middle Income Economies (WB_UPPER_MID) (UNSDCode:98437),2015,25.38371086120605,,
GGR.6T7.M,ESCAP: WB Upper Middle Income Economies (WB_UPPER_MID) (UNSDCode:98437),2016,27.43623924255371,,
GGR.6T7.M,ESCAP: WB Upper Middle Income Economies (WB_UPPER_MID) (UNSDCode:98437),2017,28.33587074279785,,
GGR.6T7.M,ESCAP: WB Upper Middle Income Economies (WB_UPPER_MID) (UNSDCode:98437),2018,27.59808921813965,,
GGR.6T7.M,ESCAP: WB Upper Middle Income Economies (WB_UPPER_MID) (UNSDCode:98437),2019,27.80233955383301,,
GGR.6T7.M,ESCAP: WB Upper Middle Income Economies (WB_UPPER_MID) (UNSDCode:98437),2020,29.50988006591797,,
GGR.6T7.M,ESCAP: WB Upper Middle Income Economies (WB_UPPER_MID) (UNSDCode:98437),2021,31.9136791229248,,
GGR.6T7.M,ESCAP: WB Upper Middle Income Economies (WB_UPPER_MID) (UNSDCode:98437),2022,33.73965835571289,,
GGR.6T7.M,ESCAP: WB Upper Middle Income Economies (WB_UPPER_MID) (UNSDCode:98437),2023,35.36627960205078,,
GGR.6T7.M,ESCAP: WB Upper Middle Income Economies (WB_UPPER_MID) (UNSDCode:98437),2024,39.14083862304688,,
GGR.6T7.M,ESCWA: All countries (UNSDCode:98500),2000,10.80288982391357,UIS_EST,
GGR.6T7.M,ESCWA: All countries (UNSDCode:98500),2001,11.51966953277588,UIS_EST,
GGR.6T7.M,ESCWA: All countries (UNSDCode:98500),2002,11.44853973388672,UIS_EST,
GGR.6T7.M,ESCWA: All countries (UNSDCode:98500),2003,11.58664989471436,UIS_EST,
GGR.6T7.M,ESCWA: All countries (UNSDCode:98500),2004,12.24357032775879,UIS_EST,
GGR.6T7.M,ESCWA: All countries (UNSDCode:98500),2005,12.50666999816895,UIS_EST,
GGR.6T7.M,ESCWA: All countries (UNSDCode:98500),2006,12.91499042510986,,
GGR.6T7.M,ESCWA: All countries (UNSDCode:98500),2007,12.9483003616333,UIS_EST,
GGR.6T7.M,ESCWA: All countries (UNSDCode:98500),2008,13.0835599899292,UIS_EST,
GGR.6T7.M,ESCWA: All countries (UNSDCode:98500),2009,13.140549659729,UIS_EST,
GGR.6T7.M,ESCWA: All countries (UNSDCode:98500),2010,13.57520961761475,UIS_EST,
GGR.6T7.M,ESCWA: All countries (UNSDCode:98500),2011,13.71751022338867,UIS_EST,
GGR.6T7.M,ESCWA: All countries (UNSDCode:98500),2012,13.87753963470459,UIS_EST,
GGR.6T7.M,ESCWA: All countries (UNSDCode:98500),2013,14.25601959228516,UIS_EST,
GGR.6T7.M,ESCWA: All countries (UNSDCode:98500),2014,14.08244037628174,UIS_EST,
GGR.6T7.M,ESCWA: All countries (UNSDCode:98500),2015,14.2212495803833,UIS_EST,
GGR.6T7.M,ESCWA: All countries (UNSDCode:98500),2016,14.10029029846191,UIS_EST,
GGR.6T7.M,ESCWA: All countries (UNSDCode:98500),2017,15.24277973175049,UIS_EST,
GGR.6T7.M,ESCWA: All countries (UNSDCode:98500),2018,16.50918006896973,UIS_EST,
GGR.6T7.M,ESCWA: All countries (UNSDCode:98500),2019,16.98889923095703,UIS_EST,
GGR.6T7.M,ESCWA: All countries (UNSDCode:98500),2020,17.78256988525391,UIS_EST,
GGR.6T7.M,ESCWA: All countries (UNSDCode:98500),2021,18.93984985351563,UIS_EST,
GGR.6T7.M,ESCWA: All countries (UNSDCode:98500),2022,18.71736907958984,UIS_EST,
GGR.6T7.M,ESCWA: All countries (UNSDCode:98500),2023,20.1749095916748,UIS_EST,
GGR.6T7.M,ESCWA: All countries (UNSDCode:98500),2024,20.39627075195313,UIS_EST,
GGR.6T7.M,ESCWA: Arab LDCs subregion (UNSDCode:98505),2011,10.00166988372803,UIS_EST,
GGR.6T7.M,ESCWA: Arab LDCs subregion (UNSDCode:98505),2012,10.48653030395508,UIS_EST,
GGR.6T7.M,ESCWA: Arab LDCs subregion (UNSDCode:98505),2013,10.2621898651123,UIS_EST,
GGR.6T7.M,ESCWA: Arab Low-Income Countries (LICs) (UNSDCode:98509),2011,9.940469741821289,UIS_EST,
GGR.6T7.M,ESCWA: Arab Low-Income Countries (LICs) (UNSDCode:98509),2012,10.33654022216797,UIS_EST,
GGR.6T7.M,ESCWA: Arab Low-Income Countries (LICs) (UNSDCode:98509),2013,10.17889976501465,UIS_EST,
GGR.6T7.M,ESCWA: Arab Middle-Income Countries (MICs) (UNSDCode:98508),2000,15.24711036682129,UIS_EST,
GGR.6T7.M,ESCWA: Arab Middle-Income Countries (MICs) (UNSDCode:98508),2001,16.09395980834961,UIS_EST,
GGR.6T7.M,ESCWA: Arab Middle-Income Countries (MICs) (UNSDCode:98508),2002,15.75004005432129,UIS_EST,
GGR.6T7.M,ESCWA: Arab Middle-Income Countries (MICs) (UNSDCode:98508),2003,15.9240198135376,UIS_EST,
GGR.6T7.M,ESCWA: Arab Middle-Income Countries (MICs) (UNSDCode:98508),2004,16.75153923034668,UIS_EST,
GGR.6T7.M,ESCWA: Arab Middle-Income Countries (MICs) (UNSDCode:98508),2005,17.17206954956055,UIS_EST,
GGR.6T7.M,ESCWA: Arab Middle-Income Countries (MICs) (UNSDCode:98508),2006,17.53549957275391,UIS_EST,
GGR.6T7.M,ESCWA: Arab Middle-Income Countries (MICs) (UNSDCode:98508),2007,17.5292797088623,UIS_EST,
GGR.6T7.M,ESCWA: Arab Middle-Income Countries (MICs) (UNSDCode:98508),2008,17.58204078674316,UIS_EST,
GGR.6T7.M,ESCWA: Arab Middle-Income Countries (MICs) (UNSDCode:98508),2009,17.52806091308594,UIS_EST,
GGR.6T7.M,ESCWA: Arab Middle-Income Countries (MICs) (UNSDCode:98508),2010,17.70067024230957,UIS_EST,
GGR.6T7.M,ESCWA: Arab Middle-Income Countries (MICs) (UNSDCode:98508),2011,18.11438941955566,UIS_EST,
GGR.6T7.M,ESCWA: Arab Middle-Income Countries (MICs) (UNSDCode:98508),2012,17.70587921142578,UIS_EST,
GGR.6T7.M,ESCWA: Arab Middle-Income Countries (MICs) (UNSDCode:98508),2013,18.27116966247559,,
GGR.6T7.M,ESCWA: Arab Middle-Income Countries (MICs) (UNSDCode:98508),2014,17.40409088134766,UIS_EST,
GGR.6T7.M,ESCWA: Arab Middle-Income Countries (MICs) (UNSDCode:98508),2015,16.37565994262695,UIS_EST,
GGR.6T7.M,ESCWA: Arab Middle-Income Countries (MICs) (UNSDCode:98508),2016,15.45993995666504,UIS_EST,
GGR.6T7.M,ESCWA: Arab Middle-Income Countries (MICs) (UNSDCode:98508),2017,16.26494979858398,UIS_EST,
GGR.6T7.M,ESCWA: Arab Middle-Income Countries (MICs) (UNSDCode:98508),2018,17.19819068908691,UIS_EST,
GGR.6T7.M,ESCWA: Arab Middle-Income Countries (MICs) (UNSDCode:98508),2019,19.13039016723633,UIS_EST,
GGR.6T7.M,ESCWA: Arab Middle-Income Countries (MICs) (UNSDCode:98508),2020,20.46298027038574,UIS_EST,
GGR.6T7.M,ESCWA: Arab Middle-Income Countries (MICs) (UNSDCode:98508),2021,21.64925003051758,UIS_EST,
GGR.6T7.M,ESCWA: Arab Middle-Income Countries (MICs) (UNSDCode:98508),2022,22.02228927612305,,
GGR.6T7.M,ESCWA: Arab Middle-Income Countries (MICs) (UNSDCode:98508),2023,24.24003982543945,,
GGR.6T7.M,ESCWA: Arab Middle-Income Countries (MICs) (UNSDCode:98508),2024,24.50481986999512,UIS_EST,
GGR.6T7.M,ESCWA: Arab countries (UNSDCode:98501),2000,11.71179008483887,UIS_EST,
GGR.6T7.M,ESCWA: Arab countries (UNSDCode:98501),2001,12.34377002716064,UIS_EST,
GGR.6T7.M,ESCWA: Arab countries (UNSDCode:98501),2002,12.29092979431152,UIS_EST,
GGR.6T7.M,ESCWA: Arab countries (UNSDCode:98501),2003,12.41681957244873,UIS_EST,
GGR.6T7.M,ESCWA: Arab countries (UNSDCode:98501),2004,12.98762035369873,UIS_EST,
GGR.6T7.M,ESCWA: Arab countries (UNSDCode:98501),2005,13.21444034576416,UIS_EST,
GGR.6T7.M,ESCWA: Arab countries (UNSDCode:98501),2006,13.55828952789307,UIS_EST,
GGR.6T7.M,ESCWA: Arab countries (UNSDCode:98501),2007,13.58178997039795,UIS_EST,
GGR.6T7.M,ESCWA: Arab countries (UNSDCode:98501),2008,13.68659019470215,UIS_EST,
GGR.6T7.M,ESCWA: Arab countries (UNSDCode:98501),2009,13.72266960144043,UIS_EST,
GGR.6T7.M,ESCWA: Arab countries (UNSDCode:98501),2010,14.08199024200439,UIS_EST,
GGR.6T7.M,ESCWA: Arab countries (UNSDCode:98501),2011,14.18848037719727,UIS_EST,
GGR.6T7.M,ESCWA: Arab countries (UNSDCode:98501),2012,14.20532035827637,UIS_EST,
GGR.6T7.M,ESCWA: Arab countries (UNSDCode:98501),2013,14.81622982025146,UIS_EST,
GGR.6T7.M,ESCWA: Arab countries (UNSDCode:98501),2014,14.64358043670654,UIS_EST,
GGR.6T7.M,ESCWA: Arab countries (UNSDCode:98501),2015,14.54477024078369,UIS_EST,
GGR.6T7.M,ESCWA: Arab countries (UNSDCode:98501),2016,14.22237014770508,UIS_EST,
GGR.6T7.M,ESCWA: Arab countries (UNSDCode:98501),2017,15.04323959350586,UIS_EST,
GGR.6T7.M,ESCWA: Arab countries (UNSDCode:98501),2018,16.09330940246582,UIS_EST,
GGR.6T7.M,ESCWA: Arab countries (UNSDCode:98501),2019,17.11395072937012,UIS_EST,
GGR.6T7.M,ESCWA: Arab countries (UNSDCode:98501),2020,17.99547958374023,UIS_EST,
GGR.6T7.M,ESCWA: Arab countries (UNSDCode:98501),2021,19.10707092285156,UIS_EST,
GGR.6T7.M,ESCWA: Arab countries (UNSDCode:98501),2022,18.65802955627441,UIS_EST,
GGR.6T7.M,ESCWA: Arab countries (UNSDCode:98501),2023,19.93663024902344,UIS_EST,
GGR.6T7.M,ESCWA: Arab countries (UNSDCode:98501),2024,20.06036949157715,UIS_EST,
GGR.6T7.M,ESCWA: Arab countries in-conflict (UNSDCode:98506),2003,8.723640441894531,UIS_EST,
GGR.6T7.M,ESCWA: Arab countries in-conflict (UNSDCode:98506),2004,9.757949829101562,UIS_EST,
GGR.6T7.M,ESCWA: Arab countries in-conflict (UNSDCode:98506),2005,9.001740455627441,UIS_EST,
GGR.6T7.M,ESCWA: Arab countries in-conflict (UNSDCode:98506),2011,10.26288986206055,UIS_EST,
GGR.6T7.M,ESCWA: Arab non-conflict and non-LDC middle income countries (UNSDCode:98507),2000,16.79821968078613,UIS_EST,
GGR.6T7.M,ESCWA: Arab non-conflict and non-LDC middle income countries (UNSDCode:98507),2001,17.81550979614258,,
GGR.6T7.M,ESCWA: Arab non-conflict and non-LDC middle income countries (UNSDCode:98507),2002,17.44935989379883,UIS_EST,
GGR.6T7.M,ESCWA: Arab non-conflict and non-LDC middle income countries (UNSDCode:98507),2003,17.60717964172363,UIS_EST,
GGR.6T7.M,ESCWA: Arab non-conflict and non-LDC middle income countries (UNSDCode:98507),2004,17.90822982788086,UIS_EST,
GGR.6T7.M,ESCWA: Arab non-conflict and non-LDC middle income countries (UNSDCode:98507),2005,19.0618896484375,UIS_EST,
GGR.6T7.M,ESCWA: Arab non-conflict and non-LDC middle income countries (UNSDCode:98507),2006,19.43893051147461,,
GGR.6T7.M,ESCWA: Arab non-conflict and non-LDC middle income countries (UNSDCode:98507),2007,19.32328987121582,UIS_EST,
GGR.6T7.M,ESCWA: Arab non-conflict and non-LDC middle income countries (UNSDCode:98507),2008,19.30212020874023,UIS_EST,
GGR.6T7.M,ESCWA: Arab non-conflict and non-LDC middle income countries (UNSDCode:98507),2009,19.24552917480469,UIS_EST,
GGR.6T7.M,ESCWA: Arab non-conflict and non-LDC middle income countries (UNSDCode:98507),2010,19.46859931945801,UIS_EST,
GGR.6T7.M,ESCWA: Arab non-conflict and non-LDC middle income countries (UNSDCode:98507),2011,20.01160049438477,UIS_EST,
GGR.6T7.M,ESCWA: Arab non-conflict and non-LDC middle income countries (UNSDCode:98507),2012,19.54704093933105,UIS_EST,
GGR.6T7.M,ESCWA: Arab non-conflict and non-LDC middle income countries (UNSDCode:98507),2013,20.34453010559082,,
GGR.6T7.M,ESCWA: Arab non-conflict and non-LDC middle income countries (UNSDCode:98507),2014,19.31545066833496,UIS_EST,
GGR.6T7.M,ESCWA: Arab non-conflict and non-LDC middle income countries (UNSDCode:98507),2015,17.98699951171875,UIS_EST,
GGR.6T7.M,ESCWA: Arab non-conflict and non-LDC middle income countries (UNSDCode:98507),2016,16.85186004638672,,
GGR.6T7.M,ESCWA: Arab non-conflict and non-LDC middle income countries (UNSDCode:98507),2017,17.93110084533691,UIS_EST,
GGR.6T7.M,ESCWA: Arab non-conflict and non-LDC middle income countries (UNSDCode:98507),2018,19.10363006591797,UIS_EST,
GGR.6T7.M,ESCWA: Arab non-conflict and non-LDC middle income countries (UNSDCode:98507),2019,21.76737976074219,UIS_EST,
GGR.6T7.M,ESCWA: Arab non-conflict and non-LDC middle income countries (UNSDCode:98507),2020,23.65461921691895,UIS_EST,
GGR.6T7.M,ESCWA: Arab non-conflict and non-LDC middle income countries (UNSDCode:98507),2021,25.2631893157959,UIS_EST,
GGR.6T7.M,ESCWA: Arab non-conflict and non-LDC middle income countries (UNSDCode:98507),2022,25.78457069396973,,
GGR.6T7.M,ESCWA: Arab non-conflict and non-LDC middle income countries (UNSDCode:98507),2023,28.83334922790527,,
GGR.6T7.M,ESCWA: Arab non-conflict and non-LDC middle income countries (UNSDCode:98507),2024,29.19780921936035,UIS_EST,
GGR.6T7.M,ESCWA: Gulf Cooperation Council (GCC) (UNSDCode:98502),2010,7.579899787902832,UIS_EST,
GGR.6T7.M,ESCWA: Gulf Cooperation Council (GCC) (UNSDCode:98502),2011,7.152450084686279,,
GGR.6T7.M,ESCWA: Gulf Cooperation Council (GCC) (UNSDCode:98502),2012,7.831490039825439,,
GGR.6T7.M,ESCWA: Gulf Cooperation Council (GCC) (UNSDCode:98502),2013,9.39756965637207,,
GGR.6T7.M,ESCWA: Gulf Cooperation Council (GCC) (UNSDCode:98502),2014,10.81801986694336,,
GGR.6T7.M,ESCWA: Gulf Cooperation Council (GCC) (UNSDCode:98502),2015,13.93443965911865,,
GGR.6T7.M,ESCWA: Gulf Cooperation Council (GCC) (UNSDCode:98502),2016,16.02952003479004,,
GGR.6T7.M,ESCWA: Gulf Cooperation Council (GCC) (UNSDCode:98502),2017,19.01265907287598,,
GGR.6T7.M,ESCWA: Gulf Cooperation Council (GCC) (UNSDCode:98502),2018,23.13150024414063,,
GGR.6T7.M,ESCWA: Gulf Cooperation Council (GCC) (UNSDCode:98502),2019,22.32535934448242,,
GGR.6T7.M,ESCWA: Gulf Cooperation Council (GCC) (UNSDCode:98502),2020,23.36297035217285,,
GGR.6T7.M,ESCWA: Gulf Cooperation Council (GCC) (UNSDCode:98502),2021,27.68251037597656,,
GGR.6T7.M,ESCWA: Gulf Cooperation Council (GCC) (UNSDCode:98502),2022,22.5178108215332,,
GGR.6T7.M,ESCWA: Gulf Cooperation Council (GCC) (UNSDCode:98502),2023,22.8210506439209,UIS_EST,
GGR.6T7.M,ESCWA: Maghreb subregion (UNSDCode:98504),2000,13.84440994262695,UIS_EST,
GGR.6T7.M,ESCWA: Maghreb subregion (UNSDCode:98504),2001,14.14288997650146,UIS_EST,
GGR.6T7.M,ESCWA: Maghreb subregion (UNSDCode:98504),2002,13.96214962005615,UIS_EST,
GGR.6T7.M,ESCWA: Maghreb subregion (UNSDCode:98504),2003,13.99497032165527,UIS_EST,
GGR.6T7.M,ESCWA: Maghreb subregion (UNSDCode:98504),2004,14.01788997650146,UIS_EST,
GGR.6T7.M,ESCWA: Maghreb subregion (UNSDCode:98504),2005,13.94124984741211,UIS_EST,
GGR.6T7.M,ESCWA: Maghreb subregion (UNSDCode:98504),2006,14.11184978485107,UIS_EST,
GGR.6T7.M,ESCWA: Maghreb subregion (UNSDCode:98504),2007,14.34720039367676,UIS_EST,
GGR.6T7.M,ESCWA: Maghreb subregion (UNSDCode:98504),2008,14.63875007629395,UIS_EST,
GGR.6T7.M,ESCWA: Maghreb subregion (UNSDCode:98504),2009,14.90431022644043,UIS_EST,
GGR.6T7.M,ESCWA: Maghreb subregion (UNSDCode:98504),2010,15.17798042297363,UIS_EST,
GGR.6T7.M,ESCWA: Maghreb subregion (UNSDCode:98504),2011,15.43204021453857,UIS_EST,
GGR.6T7.M,ESCWA: Maghreb subregion (UNSDCode:98504),2012,15.11215972900391,UIS_EST,
GGR.6T7.M,ESCWA: Maghreb subregion (UNSDCode:98504),2013,16.64093971252441,UIS_EST,
GGR.6T7.M,ESCWA: Maghreb subregion (UNSDCode:98504),2014,16.91093063354492,UIS_EST,
GGR.6T7.M,ESCWA: Maghreb subregion (UNSDCode:98504),2015,16.45828056335449,UIS_EST,
GGR.6T7.M,ESCWA: Maghreb subregion (UNSDCode:98504),2016,16.43148994445801,UIS_EST,
GGR.6T7.M,ESCWA: Maghreb subregion (UNSDCode:98504),2017,16.1961498260498,,
GGR.6T7.M,ESCWA: Maghreb subregion (UNSDCode:98504),2018,16.22168922424316,UIS_EST,
GGR.6T7.M,ESCWA: Maghreb subregion (UNSDCode:98504),2019,19.58205032348633,,
GGR.6T7.M,ESCWA: Maghreb subregion (UNSDCode:98504),2020,21.03125953674316,,
GGR.6T7.M,ESCWA: Maghreb subregion (UNSDCode:98504),2021,21.93016052246094,,
GGR.6T7.M,ESCWA: Maghreb subregion (UNSDCode:98504),2022,21.12558937072754,,
GGR.6T7.M,ESCWA: Maghreb subregion (UNSDCode:98504),2023,20.72363090515137,,
GGR.6T7.M,ESCWA: Maghreb subregion (UNSDCode:98504),2024,19.70359992980957,,
GGR.6T7.M,ESCWA: Mashreq subregion (UNSDCode:98503),2000,15.01453971862793,UIS_EST,
GGR.6T7.M,ESCWA: Mashreq subregion (UNSDCode:98503),2001,16.11821937561035,,
GGR.6T7.M,ESCWA: Mashreq subregion (UNSDCode:98503),2002,15.90859031677246,,
GGR.6T7.M,ESCWA: Mashreq subregion (UNSDCode:98503),2003,16.15546989440918,,
GGR.6T7.M,ESCWA: Mashreq subregion (UNSDCode:98503),2004,17.40694046020508,,
GGR.6T7.M,ESCWA: Mashreq subregion (UNSDCode:98503),2005,18.17778968811035,,
GGR.6T7.M,ESCWA: Mashreq subregion (UNSDCode:98503),2006,18.63273048400879,,
GGR.6T7.M,ESCWA: Mashreq subregion (UNSDCode:98503),2007,18.34938049316406,,
GGR.6T7.M,ESCWA: Mashreq subregion (UNSDCode:98503),2008,18.30170059204102,,
GGR.6T7.M,ESCWA: Mashreq subregion (UNSDCode:98503),2009,18.13957977294922,,
GGR.6T7.M,ESCWA: Mashreq subregion (UNSDCode:98503),2010,18.39364051818848,,
GGR.6T7.M,ESCWA: Mashreq subregion (UNSDCode:98503),2011,18.59441947937012,UIS_EST,
GGR.6T7.M,ESCWA: Mashreq subregion (UNSDCode:98503),2012,18.1905403137207,UIS_EST,
GGR.6T7.M,ESCWA: Mashreq subregion (UNSDCode:98503),2013,18.27610015869141,UIS_EST,
GGR.6T7.M,ESCWA: Mashreq subregion (UNSDCode:98503),2014,17.09119033813477,UIS_EST,
GGR.6T7.M,ESCWA: Mashreq subregion (UNSDCode:98503),2015,15.94536018371582,UIS_EST,
GGR.6T7.M,ESCWA: Mashreq subregion (UNSDCode:98503),2016,14.63506984710693,UIS_EST,
GGR.6T7.M,ESCWA: Mashreq subregion (UNSDCode:98503),2017,15.85851001739502,UIS_EST,
GGR.6T7.M,ESCWA: Mashreq subregion (UNSDCode:98503),2018,17.1296501159668,UIS_EST,
GGR.6T7.M,ESCWA: Mashreq subregion (UNSDCode:98503),2019,18.12581062316895,UIS_EST,
GGR.6T7.M,ESCWA: Mashreq subregion (UNSDCode:98503),2020,19.19500923156738,UIS_EST,
GGR.6T7.M,ESCWA: Mashreq subregion (UNSDCode:98503),2021,20.3039608001709,UIS_EST,
GGR.6T7.M,ESCWA: Mashreq subregion (UNSDCode:98503),2022,21.025390625,UIS_EST,
GGR.6T7.M,ESCWA: Mashreq subregion (UNSDCode:98503),2023,23.91573905944824,UIS_EST,
GGR.6T7.M,ESCWA: Mashreq subregion (UNSDCode:98503),2024,24.53603935241699,UIS_EST,
GGR.6T7.M,ESP,2000,25.13051986694336,,
GGR.6T7.M,ESP,2001,26.99801063537598,,
GGR.6T7.M,ESP,2002,27.63719940185547,,
GGR.6T7.M,ESP,2003,28.01378059387207,,
GGR.6T7.M,ESP,2004,27.44944953918457,,
GGR.6T7.M,ESP,2005,27.39159965515137,,
GGR.6T7.M,ESP,2006,27.2343692779541,,
GGR.6T7.M,ESP,2007,26.54751014709473,,
GGR.6T7.M,ESP,2008,27.1305103302002,,
GGR.6T7.M,ESP,2009,28.65648078918457,,
GGR.6T7.M,ESP,2010,30.44879913330078,,
GGR.6T7.M,ESP,2011,35.2447395324707,,
GGR.6T7.M,ESP,2012,35.8785285949707,,
GGR.6T7.M,ESP,2013,20.29241943359375,,
GGR.6T7.M,ESP,2014,40.64545822143555,,
GGR.6T7.M,ESP,2015,39.7606315612793,,
GGR.6T7.M,ESP,2016,36.0926399230957,,
GGR.6T7.M,ESP,2017,36.43415069580078,,
GGR.6T7.M,ESP,2018,34.68085861206055,,
GGR.6T7.M,ESP,2020,35.60845947265625,,
GGR.6T7.M,ESP,2021,34.98754119873047,,
GGR.6T7.M,ESP,2022,32.22982025146484,,
GGR.6T7.M,ESP,2023,30.68823051452637,,
GGR.6T7.M,EST,2000,6.567749977111816,,
GGR.6T7.M,EST,2001,7.835460186004639,,
GGR.6T7.M,EST,2002,21.03659057617188,,
GGR.6T7.M,EST,2003,13.74114990234375,,
GGR.6T7.M,EST,2004,12.43216037750244,,
GGR.6T7.M,EST,2005,17.97631072998047,,
GGR.6T7.M,EST,2006,16.81174087524414,,
GGR.6T7.M,EST,2007,18.50049018859863,,
GGR.6T7.M,EST,2008,15.72276973724365,,
GGR.6T7.M,EST,2009,15.07028007507324,,
GGR.6T7.M,EST,2010,15.1679801940918,,
GGR.6T7.M,EST,2011,16.13055992126465,,
GGR.6T7.M,EST,2013,28.71338081359863,,
GGR.6T7.M,EST,2014,29.42617034912109,,
GGR.6T7.M,EST,2018,31.75716018676758,,
GGR.6T7.M,EST,2019,30.48278045654297,,
GGR.6T7.M,EST,2020,32.37110137939453,,
GGR.6T7.M,EST,2021,36.66667175292969,,
GGR.6T7.M,EST,2022,32.60453033447266,,
GGR.6T7.M,EST,2023,29.45870971679688,,
GGR.6T7.M,ETH,2000,1.663359999656677,,
GGR.6T7.M,ETH,2001,2.474889993667603,,
GGR.6T7.M,ETH,2002,2.366420030593872,,
GGR.6T7.M,ETH,2003,3.539469957351685,,
GGR.6T7.M,ETH,2004,4.703760147094727,,
GGR.6T7.M,ETH,2005,3.508719921112061,,
GGR.6T7.M,ETH,2006,3.4130699634552,,
GGR.6T7.M,ETH,2007,3.857120037078857,,
GGR.6T7.M,ETH,2008,5.601379871368408,,
GGR.6T7.M,ETH,2010,7.104800224304199,,
GGR.6T7.M,FIN,2000,31.00470924377441,,
GGR.6T7.M,FIN,2001,35.09748840332031,,
GGR.6T7.M,FIN,2002,38.8603515625,,
GGR.6T7.M,FIN,2003,39.78409957885742,,
GGR.6T7.M,FIN,2004,40.09592819213867,,
GGR.6T7.M,FIN,2006,38.77352905273438,,
GGR.6T7.M,FIN,2007,40.50489044189453,,
GGR.6T7.M,FIN,2009,29.88865089416504,,
GGR.6T7.M,FIN,2010,34.2755012512207,,
GGR.6T7.M,FIN,2011,37.00505828857422,,
GGR.6T7.M,FIN,2012,36.79013824462891,,
GGR.6T7.M,FIN,2013,38.74205017089844,,
GGR.6T7.M,FIN,2014,39.4470100402832,,
GGR.6T7.M,FIN,2015,42.32876968383789,,
GGR.6T7.M,FIN,2016,43.22087860107422,,
GGR.6T7.M,FIN,2017,41.81948852539063,,
GGR.6T7.M,FIN,2018,45.45803833007813,,
GGR.6T7.M,FIN,2019,47.79751968383789,,
GGR.6T7.M,FIN,2020,51.69731140136719,,
GGR.6T7.M,FIN,2021,49.65800094604492,,
GGR.6T7.M,FIN,2022,46.25030899047852,,
GGR.6T7.M,FIN,2023,49.16682052612305,,
GGR.6T7.M,FRA,2000,31.11388969421387,,
GGR.6T7.M,FRA,2002,31.57506942749023,,
GGR.6T7.M,FRA,2003,33.60416030883789,,
GGR.6T7.M,FRA,2004,29.80122947692871,,
GGR.6T7.M,FRA,2005,32.91067886352539,,
GGR.6T7.M,FRA,2006,31.87631988525391,,
GGR.6T7.M,FRA,2007,31.49296951293945,,
GGR.6T7.M,FRA,2008,31.50712966918945,,
GGR.6T7.M,FRA,2009,32.27054977416992,,
GGR.6T7.M,FRA,2012,34.32405090332031,,
GGR.6T7.M,FRA,2013,35.02798843383789,,
GGR.6T7.M,FRA,2014,35.39382934570313,,
GGR.6T7.M,FRA,2015,38.78842163085938,,
GGR.6T7.M,FRA,2016,40.50630187988281,,
GGR.6T7.M,FRA,2018,39.47724151611328,,
GGR.6T7.M,FRA,2019,40.92387008666992,,
GGR.6T7.M,FRA,2020,43.42467880249023,,
GGR.6T7.M,FRA,2021,45.08625030517578,,
GGR.6T7.M,FRA,2022,42.45718002319336,,
GGR.6T7.M,FRA,2023,45.76935958862305,,
GGR.6T7.M,GBR,2000,33.6272087097168,,
GGR.6T7.M,GBR,2001,33.33554840087891,,
GGR.6T7.M,GBR,2002,33.87279891967773,,
GGR.6T7.M,GBR,2003,34.44205093383789,,
GGR.6T7.M,GBR,2004,34.49163055419922,,
GGR.6T7.M,GBR,2005,34.52824020385742,,
GGR.6T7.M,GBR,2006,34.09347915649414,,
GGR.6T7.M,GBR,2007,33.84445953369141,,
GGR.6T7.M,GBR,2008,35.5483512878418,,
GGR.6T7.M,GBR,2009,35.55355072021484,,
GGR.6T7.M,GBR,2010,36.54206085205078,,
GGR.6T7.M,GBR,2011,37.25437164306641,,
GGR.6T7.M,GBR,2012,38.1496696472168,,
GGR.6T7.M,GBR,2013,40.05905151367188,,
GGR.6T7.M,GBR,2014,45.52811813354492,,
GGR.6T7.M,GBR,2019,42.72705841064453,,
GGR.6T7.M,GBR,2020,42.84053039550781,,
GGR.6T7.M,GBR,2021,45.79492950439453,,
GGR.6T7.M,GBR,2023,45.50643157958984,,
GGR.6T7.M,GEO,2008,53.96987915039063,,
GGR.6T7.M,GEO,2009,40.92768096923828,,
GGR.6T7.M,GEO,2010,17.51473999023438,,
GGR.6T7.M,GEO,2011,29.41980934143066,,
GGR.6T7.M,GEO,2012,17.3305606842041,,
GGR.6T7.M,GEO,2014,19.09976959228516,,
GGR.6T7.M,GEO,2016,23.97825050354004,,
GGR.6T7.M,GEO,2017,25.03837013244629,,
GGR.6T7.M,GEO,2018,33.21665954589844,,
GGR.6T7.M,GEO,2019,32.88990020751953,,
GGR.6T7.M,GEO,2020,33.96036148071289,,
GGR.6T7.M,GEO,2021,33.00202178955078,,
GGR.6T7.M,GEO,2022,34.68912124633789,,
GGR.6T7.M,GEO,2023,29.02724075317383,,
GGR.6T7.M,GHA,2012,9.837080001831055,,
GGR.6T7.M,GHA,2013,9.72050952911377,,
GGR.6T7.M,GHA,2016,10.31085968017578,,
GGR.6T7.M,GHA,2017,11.3674201965332,,
GGR.6T7.M,GHA,2018,13.04458999633789,,
GGR.6T7.M,GHA,2019,13.18270015716553,,
GGR.6T7.M,GHA,2020,11.68560981750488,,
GGR.6T7.M,GHA,2021,11.0339298248291,,
GGR.6T7.M,GHA,2022,14.8986701965332,,
GGR.6T7.M,GHA,2023,17.8748893737793,,
GGR.6T7.M,GIN,2014,13.05601978302002,,
GGR.6T7.M,GIN,2017,7.820260047912598,,
GGR.6T7.M,GIN,2022,7.075119972229004,,
GGR.6T7.M,GMB,2011,0.30485999584198,,
GGR.6T7.M,GMB,2012,0.1436299979686737,,
GGR.6T7.M,"GPE: East Asia & Pacific WB FY24, December 2024",2000,9.924189567565918,UIS_EST,
GGR.6T7.M,"GPE: East Asia & Pacific WB FY24, December 2024",2001,10.02280044555664,,
GGR.6T7.M,"GPE: East Asia & Pacific WB FY24, December 2024",2002,10.62685012817383,,
GGR.6T7.M,"GPE: East Asia & Pacific WB FY24, December 2024",2003,11.5033597946167,UIS_EST,
GGR.6T7.M,"GPE: East Asia & Pacific WB FY24, December 2024",2004,10.98101043701172,,
GGR.6T7.M,"GPE: East Asia & Pacific WB FY24, December 2024",2005,9.899680137634277,UIS_EST,
GGR.6T7.M,"GPE: East Asia & Pacific WB FY24, December 2024",2006,10.28596019744873,UIS_EST,
GGR.6T7.M,"GPE: East Asia & Pacific WB FY24, December 2024",2007,10.86201000213623,UIS_EST,
GGR.6T7.M,"GPE: East Asia & Pacific WB FY24, December 2024",2008,11.42294025421143,UIS_EST,
GGR.6T7.M,"GPE: East Asia & Pacific WB FY24, December 2024",2009,11.81824016571045,UIS_EST,
GGR.6T7.M,"GPE: East Asia & Pacific WB FY24, December 2024",2010,12.69927024841309,UIS_EST,
GGR.6T7.M,"GPE: East Asia & Pacific WB FY24, December 2024",2011,12.12605953216553,UIS_EST,
GGR.6T7.M,"GPE: East Asia & Pacific WB FY24, December 2024",2012,14.51626014709473,,
GGR.6T7.M,"GPE: East Asia & Pacific WB FY24, December 2024",2013,13.84951972961426,UIS_EST,
GGR.6T7.M,"GPE: East Asia & Pacific WB FY24, December 2024",2014,14.43218994140625,UIS_EST,
GGR.6T7.M,"GPE: East Asia & Pacific WB FY24, December 2024",2015,15.85781002044678,,
GGR.6T7.M,"GPE: East Asia & Pacific WB FY24, December 2024",2016,16.10347938537598,,
GGR.6T7.M,"GPE: East Asia & Pacific WB FY24, December 2024",2017,15.97389984130859,,
GGR.6T7.M,"GPE: East Asia & Pacific WB FY24, December 2024",2018,16.89311027526855,,
GGR.6T7.M,"GPE: East Asia & Pacific WB FY24, December 2024",2019,16.86856079101563,UIS_EST,
GGR.6T7.M,"GPE: East Asia & Pacific WB FY24, December 2024",2020,17.17956924438477,UIS_EST,
GGR.6T7.M,"GPE: East Asia & Pacific WB FY24, December 2024",2021,18.16976928710938,UIS_EST,
GGR.6T7.M,"GPE: East Asia & Pacific WB FY24, December 2024",2022,18.75547027587891,,
GGR.6T7.M,"GPE: East Asia & Pacific WB FY24, December 2024",2023,18.00458908081055,UIS_EST,
GGR.6T7.M,"GPE: East Asia & Pacific WB FY24, December 2024",2024,18.1077709197998,UIS_EST,
GGR.6T7.M,"GPE: Europe & Central Asia WB FY24, December 2024",2005,18.02401924133301,UIS_EST,
GGR.6T7.M,"GPE: Europe & Central Asia WB FY24, December 2024",2006,18.80934906005859,UIS_EST,
GGR.6T7.M,"GPE: Europe & Central Asia WB FY24, December 2024",2007,17.7748908996582,UIS_EST,
GGR.6T7.M,"GPE: Europe & Central Asia WB FY24, December 2024",2008,19.07621955871582,UIS_EST,
GGR.6T7.M,"GPE: Europe & Central Asia WB FY24, December 2024",2009,18.69868087768555,UIS_EST,
GGR.6T7.M,"GPE: Europe & Central Asia WB FY24, December 2024",2010,17.22009086608887,UIS_EST,
GGR.6T7.M,"GPE: Europe & Central Asia WB FY24, December 2024",2011,17.52973937988281,UIS_EST,
GGR.6T7.M,"GPE: Europe & Central Asia WB FY24, December 2024",2012,16.3817195892334,UIS_EST,
GGR.6T7.M,"GPE: Europe & Central Asia WB FY24, December 2024",2014,16.53523063659668,UIS_EST,
GGR.6T7.M,"GPE: Europe & Central Asia WB FY24, December 2024",2015,16.90152931213379,UIS_EST,
GGR.6T7.M,"GPE: Europe & Central Asia WB FY24, December 2024",2016,16.58610916137695,UIS_EST,
GGR.6T7.M,"GPE: Europe & Central Asia WB FY24, December 2024",2017,17.4356803894043,UIS_EST,
GGR.6T7.M,"GPE: Europe & Central Asia WB FY24, December 2024",2018,21.04133987426758,UIS_EST,
GGR.6T7.M,"GPE: Europe & Central Asia WB FY24, December 2024",2019,18.66379928588867,UIS_EST,
GGR.6T7.M,"GPE: Europe & Central Asia WB FY24, December 2024",2020,18.43534088134766,UIS_EST,
GGR.6T7.M,"GPE: Europe & Central Asia WB FY24, December 2024",2021,18.71713066101074,UIS_EST,
GGR.6T7.M,"GPE: Europe & Central Asia WB FY24, December 2024",2022,19.77923965454102,UIS_EST,
GGR.6T7.M,"GPE: Europe & Central Asia WB FY24, December 2024",2023,23.92811965942383,UIS_EST,
GGR.6T7.M,"GPE: Europe & Central Asia WB FY24, December 2024",2024,22.74344062805176,UIS_EST,
GGR.6T7.M,"GPE: Fragile or Conflict-affected countries (FCAC) FY24, December 2024",2000,9.11553955078125,UIS_EST,
GGR.6T7.M,"GPE: High income WB FY24, December 2024",2003,7.630529880523682,UIS_EST,
GGR.6T7.M,"GPE: High income WB FY24, December 2024",2004,6.016079902648926,,
GGR.6T7.M,"GPE: High income WB FY24, December 2024",2005,3.601059913635254,,
GGR.6T7.M,"GPE: High income WB FY24, December 2024",2006,3.476609945297241,,
GGR.6T7.M,"GPE: High income WB FY24, December 2024",2007,1.430619955062866,,
GGR.6T7.M,"GPE: High income WB FY24, December 2024",2008,3.611200094223022,,
GGR.6T7.M,"GPE: High income WB FY24, December 2024",2009,3.330689907073975,,
GGR.6T7.M,"GPE: High income WB FY24, December 2024",2010,1.700520038604736,,
GGR.6T7.M,"GPE: High income WB FY24, December 2024",2011,2.376240015029907,,
GGR.6T7.M,"GPE: High income WB FY24, December 2024",2012,2.153069972991943,,
GGR.6T7.M,"GPE: High income WB FY24, December 2024",2013,3.447629928588867,UIS_EST,
GGR.6T7.M,"GPE: Latin America & Caribbean WB FY24, December 2024",2001,4.231550216674805,UIS_EST,
GGR.6T7.M,"GPE: Latin America & Caribbean WB FY24, December 2024",2002,4.406040191650391,UIS_EST,
GGR.6T7.M,"GPE: Latin America & Caribbean WB FY24, December 2024",2003,5.017340183258057,UIS_EST,
GGR.6T7.M,"GPE: Latin America & Caribbean WB FY24, December 2024",2004,5.002590179443359,UIS_EST,
GGR.6T7.M,"GPE: Latin America & Caribbean WB FY24, December 2024",2005,5.256589889526367,UIS_EST,
GGR.6T7.M,"GPE: Latin America & Caribbean WB FY24, December 2024",2006,5.483739852905273,UIS_EST,
GGR.6T7.M,"GPE: Latin America & Caribbean WB FY24, December 2024",2007,5.326779842376709,UIS_EST,
GGR.6T7.M,"GPE: Latin America & Caribbean WB FY24, December 2024",2008,5.888780117034912,UIS_EST,
GGR.6T7.M,"GPE: Latin America & Caribbean WB FY24, December 2024",2009,6.0625,UIS_EST,
GGR.6T7.M,"GPE: Latin America & Caribbean WB FY24, December 2024",2010,6.151989936828613,UIS_EST,
GGR.6T7.M,"GPE: Latin America & Caribbean WB FY24, December 2024",2011,6.492809772491455,UIS_EST,
GGR.6T7.M,"GPE: Latin America & Caribbean WB FY24, December 2024",2012,6.62971019744873,UIS_EST,
GGR.6T7.M,"GPE: Latin America & Caribbean WB FY24, December 2024",2013,6.585989952087402,UIS_EST,
GGR.6T7.M,"GPE: Latin America & Caribbean WB FY24, December 2024",2014,6.576499938964844,,
GGR.6T7.M,"GPE: Latin America & Caribbean WB FY24, December 2024",2015,6.513350009918213,,
GGR.6T7.M,"GPE: Latin America & Caribbean WB FY24, December 2024",2016,6.968239784240723,UIS_EST,
GGR.6T7.M,"GPE: Low income WB FY24, December 2024",2000,4.350590229034424,UIS_EST,
GGR.6T7.M,"GPE: Low income WB FY24, December 2024",2001,4.502099990844727,UIS_EST,
GGR.6T7.M,"GPE: Low income WB FY24, December 2024",2002,4.477839946746826,UIS_EST,
GGR.6T7.M,"GPE: Low income WB FY24, December 2024",2003,4.745759963989258,UIS_EST,
GGR.6T7.M,"GPE: Low income WB FY24, December 2024",2004,5.014349937438965,UIS_EST,
GGR.6T7.M,"GPE: Low income WB FY24, December 2024",2005,4.831389904022217,UIS_EST,
GGR.6T7.M,"GPE: Low income WB FY24, December 2024",2007,5.026199817657471,UIS_EST,
GGR.6T7.M,"GPE: Low income WB FY24, December 2024",2008,5.39346981048584,UIS_EST,
GGR.6T7.M,"GPE: Low income WB FY24, December 2024",2009,5.326990127563477,UIS_EST,
GGR.6T7.M,"GPE: Low income WB FY24, December 2024",2010,5.714849948883057,UIS_EST,
GGR.6T7.M,"GPE: Low income WB FY24, December 2024",2011,5.485000133514404,UIS_EST,
GGR.6T7.M,"GPE: Low income WB FY24, December 2024",2016,5.910930156707764,UIS_EST,
GGR.6T7.M,"GPE: Low income WB FY24, December 2024",2017,5.930150032043457,UIS_EST,
GGR.6T7.M,"GPE: Lower middle Income WB FY24, December 2024",2000,8.696539878845215,UIS_EST,
GGR.6T7.M,"GPE: Lower middle Income WB FY24, December 2024",2001,8.708120346069336,UIS_EST,
GGR.6T7.M,"GPE: Lower middle Income WB FY24, December 2024",2002,8.887450218200684,UIS_EST,
GGR.6T7.M,"GPE: Lower middle Income WB FY24, December 2024",2003,9.188389778137207,UIS_EST,
GGR.6T7.M,"GPE: Lower middle Income WB FY24, December 2024",2004,9.155070304870605,UIS_EST,
GGR.6T7.M,"GPE: Middle East & North Africa WB FY24, December 2024",2000,17.35522079467773,UIS_EST,
GGR.6T7.M,"GPE: Middle East & North Africa WB FY24, December 2024",2001,18.58259010314941,,
GGR.6T7.M,"GPE: Middle East & North Africa WB FY24, December 2024",2002,18.15741920471191,,
GGR.6T7.M,"GPE: Middle East & North Africa WB FY24, December 2024",2003,18.38081932067871,,
GGR.6T7.M,"GPE: Middle East & North Africa WB FY24, December 2024",2004,18.78914070129395,,
GGR.6T7.M,"GPE: Middle East & North Africa WB FY24, December 2024",2005,20.53606033325195,,
GGR.6T7.M,"GPE: Middle East & North Africa WB FY24, December 2024",2006,20.94186973571777,,
GGR.6T7.M,"GPE: Middle East & North Africa WB FY24, December 2024",2007,20.59264945983887,,
GGR.6T7.M,"GPE: Middle East & North Africa WB FY24, December 2024",2008,20.37723922729492,,
GGR.6T7.M,"GPE: Middle East & North Africa WB FY24, December 2024",2009,20.1409797668457,,
GGR.6T7.M,"GPE: Middle East & North Africa WB FY24, December 2024",2010,20.3607292175293,,
GGR.6T7.M,"GPE: Middle East & North Africa WB FY24, December 2024",2011,20.91007995605469,UIS_EST,
GGR.6T7.M,"GPE: Middle East & North Africa WB FY24, December 2024",2012,20.48237991333008,UIS_EST,
GGR.6T7.M,"GPE: Middle East & North Africa WB FY24, December 2024",2013,20.5455493927002,,
GGR.6T7.M,"GPE: Middle East & North Africa WB FY24, December 2024",2014,19.1180591583252,UIS_EST,
GGR.6T7.M,"GPE: Middle East & North Africa WB FY24, December 2024",2015,17.82221031188965,UIS_EST,
GGR.6T7.M,"GPE: Middle East & North Africa WB FY24, December 2024",2016,16.41587066650391,,
GGR.6T7.M,"GPE: Middle East & North Africa WB FY24, December 2024",2017,17.95648002624512,UIS_EST,
GGR.6T7.M,"GPE: Middle East & North Africa WB FY24, December 2024",2018,19.57976913452148,UIS_EST,
GGR.6T7.M,"GPE: Middle East & North Africa WB FY24, December 2024",2019,21.18721961975098,UIS_EST,
GGR.6T7.M,"GPE: Middle East & North Africa WB FY24, December 2024",2020,22.77088928222656,UIS_EST,
GGR.6T7.M,"GPE: Middle East & North Africa WB FY24, December 2024",2021,24.35861015319824,UIS_EST,
GGR.6T7.M,"GPE: Middle East & North Africa WB FY24, December 2024",2022,25.16830062866211,,
GGR.6T7.M,"GPE: Middle East & North Africa WB FY24, December 2024",2023,28.87174034118652,,
GGR.6T7.M,"GPE: Middle East & North Africa WB FY24, December 2024",2024,29.72920036315918,UIS_EST,
GGR.6T7.M,"GPE: Non Fragile & non Conflict-affected countries (NON-FCAC) FY24, December 2024",2000,6.338659763336182,UIS_EST,
GGR.6T7.M,"GPE: Non Fragile & non Conflict-affected countries (NON-FCAC) FY24, December 2024",2001,6.689430236816406,UIS_EST,
GGR.6T7.M,"GPE: Non Fragile & non Conflict-affected countries (NON-FCAC) FY24, December 2024",2002,7.206540107727051,UIS_EST,
GGR.6T7.M,"GPE: Non Fragile & non Conflict-affected countries (NON-FCAC) FY24, December 2024",2003,7.434539794921875,UIS_EST,
GGR.6T7.M,"GPE: Non Fragile & non Conflict-affected countries (NON-FCAC) FY24, December 2024",2004,7.33480978012085,UIS_EST,
GGR.6T7.M,"GPE: Non Fragile & non Conflict-affected countries (NON-FCAC) FY24, December 2024",2005,6.983870029449463,UIS_EST,
GGR.6T7.M,"GPE: Non Fragile & non Conflict-affected countries (NON-FCAC) FY24, December 2024",2006,7.325439929962158,UIS_EST,
GGR.6T7.M,"GPE: Non Fragile & non Conflict-affected countries (NON-FCAC) FY24, December 2024",2007,7.511129856109619,UIS_EST,
GGR.6T7.M,"GPE: Non Fragile & non Conflict-affected countries (NON-FCAC) FY24, December 2024",2008,7.820919990539551,UIS_EST,
GGR.6T7.M,"GPE: Non Fragile & non Conflict-affected countries (NON-FCAC) FY24, December 2024",2009,7.894060134887695,UIS_EST,
GGR.6T7.M,"GPE: Non Fragile & non Conflict-affected countries (NON-FCAC) FY24, December 2024",2010,8.128069877624512,UIS_EST,
GGR.6T7.M,"GPE: Non Fragile & non Conflict-affected countries (NON-FCAC) FY24, December 2024",2011,8.020930290222168,UIS_EST,
GGR.6T7.M,"GPE: Non Fragile & non Conflict-affected countries (NON-FCAC) FY24, December 2024",2012,9.082289695739746,UIS_EST,
GGR.6T7.M,"GPE: Non Fragile & non Conflict-affected countries (NON-FCAC) FY24, December 2024",2013,8.843110084533691,UIS_EST,
GGR.6T7.M,"GPE: Non Fragile & non Conflict-affected countries (NON-FCAC) FY24, December 2024",2014,9.17080020904541,UIS_EST,
GGR.6T7.M,"GPE: Non Fragile & non Conflict-affected countries (NON-FCAC) FY24, December 2024",2015,9.954150199890137,UIS_EST,
GGR.6T7.M,"GPE: Non Fragile & non Conflict-affected countries (NON-FCAC) FY24, December 2024",2016,10.02099990844727,UIS_EST,
GGR.6T7.M,"GPE: Non Fragile & non Conflict-affected countries (NON-FCAC) FY24, December 2024",2017,9.904620170593262,UIS_EST,
GGR.6T7.M,"GPE: Non Fragile & non Conflict-affected countries (NON-FCAC) FY24, December 2024",2018,10.48814964294434,UIS_EST,
GGR.6T7.M,"GPE: Non Fragile & non Conflict-affected countries (NON-FCAC) FY24, December 2024",2019,10.15116024017334,UIS_EST,
GGR.6T7.M,"GPE: Non Fragile & non Conflict-affected countries (NON-FCAC) FY24, December 2024",2020,10.22177028656006,UIS_EST,
GGR.6T7.M,"GPE: Non Fragile & non Conflict-affected countries (NON-FCAC) FY24, December 2024",2021,10.63166046142578,UIS_EST,
GGR.6T7.M,"GPE: Non Fragile & non Conflict-affected countries (NON-FCAC) FY24, December 2024",2022,11.0472297668457,UIS_EST,
GGR.6T7.M,"GPE: Non Fragile & non Conflict-affected countries (NON-FCAC) FY24, December 2024",2023,10.66349983215332,UIS_EST,
GGR.6T7.M,"GPE: Non Fragile & non Conflict-affected countries (NON-FCAC) FY24, December 2024",2024,10.5780200958252,UIS_EST,
GGR.6T7.M,"GPE: Overall FY24, all 90 countries, December 2024",2000,7.720779895782471,UIS_EST,
GGR.6T7.M,"GPE: Overall FY24, all 90 countries, December 2024",2001,7.894969940185547,UIS_EST,
GGR.6T7.M,"GPE: Overall FY24, all 90 countries, December 2024",2002,8.146289825439453,UIS_EST,
GGR.6T7.M,"GPE: Overall FY24, all 90 countries, December 2024",2003,8.477760314941406,UIS_EST,
GGR.6T7.M,"GPE: Overall FY24, all 90 countries, December 2024",2004,8.41310977935791,UIS_EST,
GGR.6T7.M,"GPE: Overall FY24, all 90 countries, December 2024",2005,8.242079734802246,UIS_EST,
GGR.6T7.M,"GPE: Overall FY24, all 90 countries, December 2024",2006,8.467300415039062,UIS_EST,
GGR.6T7.M,"GPE: Overall FY24, all 90 countries, December 2024",2007,8.624950408935547,UIS_EST,
GGR.6T7.M,"GPE: Overall FY24, all 90 countries, December 2024",2008,8.975740432739258,UIS_EST,
GGR.6T7.M,"GPE: Overall FY24, all 90 countries, December 2024",2009,9.040120124816895,UIS_EST,
GGR.6T7.M,"GPE: Overall FY24, all 90 countries, December 2024",2010,9.310009956359863,UIS_EST,
GGR.6T7.M,"GPE: Overall FY24, all 90 countries, December 2024",2011,9.141739845275879,UIS_EST,
GGR.6T7.M,"GPE: Overall FY24, all 90 countries, December 2024",2012,9.71780014038086,UIS_EST,
GGR.6T7.M,"GPE: Overall FY24, all 90 countries, December 2024",2013,9.672869682312012,UIS_EST,
GGR.6T7.M,"GPE: Overall FY24, all 90 countries, December 2024",2014,9.656940460205078,UIS_EST,
GGR.6T7.M,"GPE: Overall FY24, all 90 countries, December 2024",2015,10.01146984100342,UIS_EST,
GGR.6T7.M,"GPE: Overall FY24, all 90 countries, December 2024",2016,9.99940013885498,UIS_EST,
GGR.6T7.M,"GPE: Overall FY24, all 90 countries, December 2024",2017,9.990960121154785,UIS_EST,
GGR.6T7.M,"GPE: Overall FY24, all 90 countries, December 2024",2018,10.46934986114502,UIS_EST,
GGR.6T7.M,GPE: Region 1,2000,6.063310146331787,UIS_EST,
GGR.6T7.M,GPE: Region 1,2001,6.738930225372314,UIS_EST,
GGR.6T7.M,GPE: Region 1,2002,6.500179767608643,UIS_EST,
GGR.6T7.M,GPE: Region 1,2003,6.701859951019287,UIS_EST,
GGR.6T7.M,GPE: Region 1,2004,6.980790138244629,UIS_EST,
GGR.6T7.M,GPE: Region 1,2005,7.248640060424805,UIS_EST,
GGR.6T7.M,GPE: Region 1,2006,7.329070091247559,UIS_EST,
GGR.6T7.M,GPE: Region 1,2007,7.283130168914795,UIS_EST,
GGR.6T7.M,GPE: Region 1,2008,7.514359951019287,UIS_EST,
GGR.6T7.M,GPE: Region 1,2009,7.166210174560547,UIS_EST,
GGR.6T7.M,GPE: Region 1,2010,7.520709991455078,UIS_EST,
GGR.6T7.M,GPE: Region 1,2011,7.296460151672363,UIS_EST,
GGR.6T7.M,GPE: Region 1,2012,7.334410190582275,UIS_EST,
GGR.6T7.M,GPE: Region 1,2013,7.249120235443115,UIS_EST,
GGR.6T7.M,GPE: Region 1,2014,6.786640167236328,UIS_EST,
GGR.6T7.M,GPE: Region 1,2015,6.370200157165527,UIS_EST,
GGR.6T7.M,GPE: Region 1,2016,5.980249881744385,UIS_EST,
GGR.6T7.M,GPE: Region 1,2017,6.341060161590576,UIS_EST,
GGR.6T7.M,GPE: Region 1,2018,6.82981014251709,UIS_EST,
GGR.6T7.M,GPE: Region 1,2019,7.157249927520752,UIS_EST,
GGR.6T7.M,GPE: Region 1,2020,7.605949878692627,UIS_EST,
GGR.6T7.M,GPE: Region 1,2021,7.955180168151855,UIS_EST,
GGR.6T7.M,GPE: Region 1,2022,8.183509826660156,UIS_EST,
GGR.6T7.M,GPE: Region 2,2000,3.79217004776001,UIS_EST,
GGR.6T7.M,GPE: Region 2,2016,4.067639827728271,UIS_EST,
GGR.6T7.M,GPE: Region 2,2017,4.077799797058105,UIS_EST,
GGR.6T7.M,GPE: Region 3,2000,9.636309623718262,UIS_EST,
GGR.6T7.M,GPE: Region 3,2001,9.717340469360352,UIS_EST,
GGR.6T7.M,GPE: Region 3,2002,10.24971961975098,UIS_EST,
GGR.6T7.M,GPE: Region 3,2003,10.75977993011475,UIS_EST,
GGR.6T7.M,GPE: Region 3,2004,10.54493045806885,UIS_EST,
GGR.6T7.M,GPE: Region 3,2005,10.15909004211426,UIS_EST,
GGR.6T7.M,GPE: Region 3,2006,10.53808975219727,UIS_EST,
GGR.6T7.M,GPE: Region 3,2007,10.83428001403809,UIS_EST,
GGR.6T7.M,GPE: Region 3,2008,11.36616039276123,UIS_EST,
GGR.6T7.M,GPE: Region 3,2009,11.65501976013184,UIS_EST,
GGR.6T7.M,GPE: Region 3,2010,12.02398014068604,UIS_EST,
GGR.6T7.M,GPE: Region 3,2011,11.84918022155762,UIS_EST,
GGR.6T7.M,GPE: Region 3,2012,12.89558982849121,UIS_EST,
GGR.6T7.M,GPE: Region 3,2013,12.97430038452148,UIS_EST,
GGR.6T7.M,GPE: Region 3,2014,13.09243965148926,UIS_EST,
GGR.6T7.M,GPE: Region 3,2015,14.00121974945068,UIS_EST,
GGR.6T7.M,GPE: Region 3,2016,14.26490020751953,UIS_EST,
GGR.6T7.M,GPE: Region 3,2017,14.2269401550293,UIS_EST,
GGR.6T7.M,GPE: Region 3,2018,14.86215972900391,UIS_EST,
GGR.6T7.M,GPE: Region 3,2019,14.37320995330811,UIS_EST,
GGR.6T7.M,GPE: Region 3,2020,14.5764799118042,UIS_EST,
GGR.6T7.M,"GPE: Small island and landlocked developing states, December 2024",2000,3.96995997428894,UIS_EST,
GGR.6T7.M,"GPE: Small island and landlocked developing states, December 2024",2001,4.217400074005127,UIS_EST,
GGR.6T7.M,"GPE: Small island and landlocked developing states, December 2024",2002,4.524419784545898,UIS_EST,
GGR.6T7.M,"GPE: Small island and landlocked developing states, December 2024",2003,4.921500205993652,UIS_EST,
GGR.6T7.M,"GPE: Small island and landlocked developing states, December 2024",2004,5.182050228118896,UIS_EST,
GGR.6T7.M,"GPE: Small island and landlocked developing states, December 2024",2005,5.445030212402344,UIS_EST,
GGR.6T7.M,"GPE: Small island and landlocked developing states, December 2024",2006,5.783909797668457,UIS_EST,
GGR.6T7.M,"GPE: Small island and landlocked developing states, December 2024",2007,6.029029846191406,UIS_EST,
GGR.6T7.M,"GPE: Small island and landlocked developing states, December 2024",2008,6.206429958343506,UIS_EST,
GGR.6T7.M,"GPE: Small island and landlocked developing states, December 2024",2009,7.050970077514648,UIS_EST,
GGR.6T7.M,"GPE: Small island and landlocked developing states, December 2024",2010,6.864349842071533,,
GGR.6T7.M,"GPE: Small island and landlocked developing states, December 2024",2011,6.55305004119873,,
GGR.6T7.M,"GPE: Small island and landlocked developing states, December 2024",2012,7.148159980773926,UIS_EST,
GGR.6T7.M,"GPE: Small island and landlocked developing states, December 2024",2013,7.411739826202393,,
GGR.6T7.M,"GPE: Small island and landlocked developing states, December 2024",2014,8.162269592285156,,
GGR.6T7.M,"GPE: Small island and landlocked developing states, December 2024",2015,8.250590324401855,,
GGR.6T7.M,"GPE: Small island and landlocked developing states, December 2024",2016,8.51786994934082,,
GGR.6T7.M,"GPE: Small island and landlocked developing states, December 2024",2017,8.591790199279785,,
GGR.6T7.M,"GPE: Small island and landlocked developing states, December 2024",2018,8.412890434265137,,
GGR.6T7.M,"GPE: Small island and landlocked developing states, December 2024",2019,8.306900024414062,,
GGR.6T7.M,"GPE: Small island and landlocked developing states, December 2024",2020,8.011980056762695,,
GGR.6T7.M,"GPE: Small island and landlocked developing states, December 2024",2021,9.086799621582031,,
GGR.6T7.M,"GPE: Small island and landlocked developing states, December 2024",2022,9.824780464172363,,
GGR.6T7.M,"GPE: Small island and landlocked developing states, December 2024",2023,9.214799880981445,,
GGR.6T7.M,"GPE: Small island and landlocked developing states, December 2024",2024,9.267219543457031,UIS_EST,
GGR.6T7.M,"GPE: South Asia WB FY24, December 2024",2001,7.963129997253418,UIS_EST,
GGR.6T7.M,"GPE: South Asia WB FY24, December 2024",2002,8.508210182189941,UIS_EST,
GGR.6T7.M,"GPE: South Asia WB FY24, December 2024",2003,8.695630073547363,UIS_EST,
GGR.6T7.M,"GPE: South Asia WB FY24, December 2024",2004,8.59844970703125,UIS_EST,
GGR.6T7.M,"GPE: Sub-Saharan Africa WB FY24, December 2024",2000,2.930109977722168,UIS_EST,
GGR.6T7.M,"GPE: Sub-Saharan Africa WB FY24, December 2024",2001,3.091660022735596,UIS_EST,
GGR.6T7.M,"GPE: Upper middle Income WB FY24, December 2024",2000,7.751639842987061,,
GGR.6T7.M,"GPE: Upper middle Income WB FY24, December 2024",2001,8.725569725036621,,
GGR.6T7.M,"GPE: Upper middle Income WB FY24, December 2024",2002,9.711230278015137,,
GGR.6T7.M,"GPE: Upper middle Income WB FY24, December 2024",2003,10.33878993988037,,
GGR.6T7.M,"GPE: Upper middle Income WB FY24, December 2024",2004,9.720999717712402,,
GGR.6T7.M,"GPE: Upper middle Income WB FY24, December 2024",2005,8.47191047668457,UIS_EST,
GGR.6T7.M,"GPE: Upper middle Income WB FY24, December 2024",2006,8.981800079345703,UIS_EST,
GGR.6T7.M,"GPE: Upper middle Income WB FY24, December 2024",2007,9.451000213623047,UIS_EST,
GGR.6T7.M,"GPE: Upper middle Income WB FY24, December 2024",2008,10.05634021759033,UIS_EST,
GGR.6T7.M,"GPE: Upper middle Income WB FY24, December 2024",2009,10.39268016815186,UIS_EST,
GGR.6T7.M,"GPE: Upper middle Income WB FY24, December 2024",2010,11.65089988708496,UIS_EST,
GGR.6T7.M,"GPE: Upper middle Income WB FY24, December 2024",2011,10.81552028656006,UIS_EST,
GGR.6T7.M,"GPE: Upper middle Income WB FY24, December 2024",2012,13.80599975585938,,
GGR.6T7.M,"GPE: Upper middle Income WB FY24, December 2024",2013,13.28225040435791,UIS_EST,
GGR.6T7.M,"GPE: Upper middle Income WB FY24, December 2024",2014,14.60785961151123,UIS_EST,
GGR.6T7.M,"GPE: Upper middle Income WB FY24, December 2024",2015,16.02041053771973,,
GGR.6T7.M,"GPE: Upper middle Income WB FY24, December 2024",2016,16.52651977539063,,
GGR.6T7.M,"GPE: Upper middle Income WB FY24, December 2024",2017,16.90792083740234,,
GGR.6T7.M,"GPE: Upper middle Income WB FY24, December 2024",2018,16.5634593963623,,
GGR.6T7.M,"GPE: Upper middle Income WB FY24, December 2024",2019,18.14599990844727,UIS_EST,
GGR.6T7.M,"GPE: Upper middle Income WB FY24, December 2024",2020,19.73287963867188,UIS_EST,
GGR.6T7.M,"GPE: Upper middle Income WB FY24, December 2024",2021,21.22337913513184,UIS_EST,
GGR.6T7.M,"GPE: Upper middle Income WB FY24, December 2024",2022,22.66110992431641,,
GGR.6T7.M,"GPE: Upper middle Income WB FY24, December 2024",2023,20.82447052001953,,
GGR.6T7.M,"GPE: Upper middle Income WB FY24, December 2024",2024,20.86035919189453,UIS_EST,
GGR.6T7.M,GRC,2004,12.31902027130127,,
GGR.6T7.M,GRC,2005,15.07159996032715,,
GGR.6T7.M,GRC,2006,15.13059043884277,,
GGR.6T7.M,GRC,2007,14.2217903137207,,
GGR.6T7.M,GRC,2008,17.70675086975098,,
GGR.6T7.M,GRC,2010,18.23288917541504,,
GGR.6T7.M,GRC,2011,17.22724914550781,,
GGR.6T7.M,GRC,2012,18.41365051269531,,
GGR.6T7.M,GRC,2017,35.42042922973633,,
GGR.6T7.M,GRC,2018,34.89059829711914,,
GGR.6T7.M,GRC,2019,32.89823150634766,,
GGR.6T7.M,GRC,2020,33.37992858886719,,
GGR.6T7.M,GRC,2021,40.80342102050781,,
GGR.6T7.M,GRC,2022,45.28886032104492,,
GGR.6T7.M,GRD,2015,57.18503952026367,,
GGR.6T7.M,GRD,2016,67.17635345458984,,
GGR.6T7.M,GTM,2002,1.932430028915405,,
GGR.6T7.M,GTM,2007,1.694509983062744,,
GGR.6T7.M,GTM,2014,4.09935998916626,,
GGR.6T7.M,GTM,2015,3.89451003074646,,
GGR.6T7.M,GUY,2004,6.016079902648926,,
GGR.6T7.M,GUY,2005,3.601059913635254,,
GGR.6T7.M,GUY,2006,3.476609945297241,,
GGR.6T7.M,GUY,2007,1.430619955062866,,
GGR.6T7.M,GUY,2008,3.611200094223022,,
GGR.6T7.M,GUY,2009,3.330689907073975,,
GGR.6T7.M,GUY,2010,1.700520038604736,,
GGR.6T7.M,GUY,2011,2.376240015029907,,
GGR.6T7.M,GUY,2012,2.153069972991943,,
GGR.6T7.M,HKG,2003,16.59911918640137,NAT_EST,
GGR.6T7.M,HKG,2004,17.94749069213867,,
GGR.6T7.M,HKG,2005,17.74501037597656,,
GGR.6T7.M,HKG,2006,18.00871086120605,,
GGR.6T7.M,HND,2000,1.0660400390625,,
GGR.6T7.M,HND,2003,2.285190105438232,,
GGR.6T7.M,HND,2012,6.180659770965576,,
GGR.6T7.M,HND,2013,6.462440013885498,,
GGR.6T7.M,HND,2014,7.13617992401123,,
GGR.6T7.M,HND,2015,6.768209934234619,,
GGR.6T7.M,HND,2016,7.529319763183594,,
GGR.6T7.M,HND,2017,7.109650135040283,,
GGR.6T7.M,HND,2018,7.594950199127197,,
GGR.6T7.M,HND,2019,8.18927001953125,,
GGR.6T7.M,HRV,2001,12.32213020324707,,
GGR.6T7.M,HRV,2002,11.69542980194092,,
GGR.6T7.M,HRV,2003,12.4127197265625,,
GGR.6T7.M,HRV,2005,13.23344993591309,,
GGR.6T7.M,HRV,2006,14.26391983032227,,
GGR.6T7.M,HRV,2007,15.3339900970459,,
GGR.6T7.M,HRV,2008,20.5664005279541,,
GGR.6T7.M,HRV,2009,28.07311058044434,,
GGR.6T7.M,HRV,2010,31.00017929077148,,
GGR.6T7.M,HRV,2011,37.24897003173828,,
GGR.6T7.M,HRV,2014,33.9069709777832,,
GGR.6T7.M,HRV,2015,38.47209930419922,,
GGR.6T7.M,HRV,2016,35.39199066162109,,
GGR.6T7.M,HRV,2017,37.21311187744141,,
GGR.6T7.M,HRV,2018,37.01821899414063,,
GGR.6T7.M,HRV,2019,35.7227897644043,,
GGR.6T7.M,HRV,2020,36.21747970581055,,
GGR.6T7.M,HRV,2022,35.34823989868164,,
GGR.6T7.M,HUN,2005,29.71455001831055,,
GGR.6T7.M,HUN,2006,29.06435012817383,,
GGR.6T7.M,HUN,2007,26.9827995300293,,
GGR.6T7.M,HUN,2008,24.19002914428711,,
GGR.6T7.M,HUN,2009,27.64937019348145,,
GGR.6T7.M,HUN,2010,28.20627021789551,,
GGR.6T7.M,HUN,2011,24.89396095275879,,
GGR.6T7.M,HUN,2012,23.65032958984375,,
GGR.6T7.M,HUN,2013,22.91873931884766,,
GGR.6T7.M,HUN,2014,23.4144401550293,,
GGR.6T7.M,HUN,2015,26.22831916809082,,
GGR.6T7.M,HUN,2016,26.13615989685059,,
GGR.6T7.M,HUN,2017,24.09305000305176,,
GGR.6T7.M,HUN,2018,25.0603199005127,,
GGR.6T7.M,HUN,2019,25.35786056518555,,
GGR.6T7.M,HUN,2020,98.15635681152344,,
GGR.6T7.M,HUN,2021,34.30599975585938,,
GGR.6T7.M,HUN,2022,26.92263031005859,,
GGR.6T7.M,HUN,2023,37.08531188964844,,
GGR.6T7.M,IDN,2000,7.158460140228271,,
GGR.6T7.M,IDN,2001,8.261910438537598,,
GGR.6T7.M,IDN,2002,9.33469009399414,,
GGR.6T7.M,IDN,2003,10.04092025756836,,
GGR.6T7.M,IDN,2004,9.31171989440918,,
GGR.6T7.M,IDN,2012,14.2337703704834,,
GGR.6T7.M,IDN,2015,16.70170974731445,,
GGR.6T7.M,IDN,2016,17.31904983520508,,
GGR.6T7.M,IDN,2017,17.74167060852051,,
GGR.6T7.M,IDN,2018,17.2412109375,,
GGR.6T7.M,IDN,2022,24.35601043701172,,
GGR.6T7.M,IDN,2023,22.34902000427246,,
GGR.6T7.M,IND,2013,31.02898025512695,,
GGR.6T7.M,IND,2014,25.57681083679199,,
GGR.6T7.M,IND,2015,27.62945938110352,,
GGR.6T7.M,IND,2016,28.39653015136719,,
GGR.6T7.M,IND,2017,26.51679992675781,UIS_EST,
GGR.6T7.M,IND,2018,25.7972297668457,,
GGR.6T7.M,IND,2019,25.65567970275879,,
GGR.6T7.M,IND,2020,28.81047058105469,,
GGR.6T7.M,IND,2021,23.87248992919922,,
GGR.6T7.M,IND,2022,27.13253021240234,,
GGR.6T7.M,IND,2023,27.15469932556152,,
GGR.6T7.M,IRL,2000,28.50732040405273,,
GGR.6T7.M,IRL,2001,26.99616050720215,,
GGR.6T7.M,IRL,2002,27.09680938720703,,
GGR.6T7.M,IRL,2003,29.21682929992676,,
GGR.6T7.M,IRL,2004,30.95487022399902,,
GGR.6T7.M,IRL,2005,31.60272979736328,,
GGR.6T7.M,IRL,2006,32.27608108520508,,
GGR.6T7.M,IRL,2007,32.58332824707031,,
GGR.6T7.M,IRL,2008,31.0490894317627,,
GGR.6T7.M,IRL,2009,30.63921928405762,,
GGR.6T7.M,IRL,2010,35.28884124755859,,
GGR.6T7.M,IRN,2004,9.867440223693848,,
GGR.6T7.M,IRN,2005,8.718050003051758,,
GGR.6T7.M,IRN,2006,9.156539916992188,,
GGR.6T7.M,IRN,2007,8.232339859008789,,
GGR.6T7.M,IRN,2009,12.01165008544922,,
GGR.6T7.M,IRN,2010,15.59531021118164,,
GGR.6T7.M,IRN,2011,16.07378959655762,,
GGR.6T7.M,IRN,2012,18.33316993713379,,
GGR.6T7.M,IRN,2013,25.96841049194336,,
GGR.6T7.M,IRN,2014,24.53776931762695,,
GGR.6T7.M,IRN,2015,30.27432060241699,,
GGR.6T7.M,IRN,2016,36.43634033203125,,
GGR.6T7.M,IRN,2017,36.31884002685547,,
GGR.6T7.M,IRN,2018,37.17974090576172,,
GGR.6T7.M,IRN,2019,24.96567916870117,,
GGR.6T7.M,IRN,2020,24.00577926635742,,
GGR.6T7.M,IRQ,2004,12.97638034820557,,
GGR.6T7.M,ISL,2000,21.82410049438477,,
GGR.6T7.M,ISL,2001,28.54301071166992,,
GGR.6T7.M,ISL,2002,27.19547080993652,,
GGR.6T7.M,ISL,2003,29.31867980957031,,
GGR.6T7.M,ISL,2004,31.23653984069824,,
GGR.6T7.M,ISL,2005,33.55614852905273,,
GGR.6T7.M,ISL,2006,37.47296142578125,,
GGR.6T7.M,ISL,2007,38.1269416809082,,
GGR.6T7.M,ISL,2008,34.78622055053711,,
GGR.6T7.M,ISL,2009,33.27526092529297,,
GGR.6T7.M,ISL,2010,40.14466857910156,,
GGR.6T7.M,ISL,2012,38.55231857299805,,
GGR.6T7.M,ISL,2018,33.68230819702148,,
GGR.6T7.M,ISL,2019,33.7961311340332,,
GGR.6T7.M,ISL,2020,32.7099494934082,,
GGR.6T7.M,ISL,2021,36.06137847900391,,
GGR.6T7.M,ISL,2022,37.39387130737305,,
GGR.6T7.M,ISL,2023,38.32598876953125,,
GGR.6T7.M,ISR,2000,21.61544036865234,,
GGR.6T7.M,ISR,2001,22.04331970214844,,
GGR.6T7.M,ISR,2002,23.06002998352051,,
GGR.6T7.M,ISR,2003,24.60730934143066,,
GGR.6T7.M,ISR,2004,25.26145935058594,,
GGR.6T7.M,ISR,2005,25.7476692199707,,
GGR.6T7.M,ISR,2006,26.77201080322266,,
GGR.6T7.M,ISR,2007,27.39015960693359,,
GGR.6T7.M,ISR,2008,27.84642028808594,,
GGR.6T7.M,ISR,2009,29.51390075683594,,
GGR.6T7.M,ISR,2010,30.96582984924316,,
GGR.6T7.M,ISR,2011,25.8854808807373,,
GGR.6T7.M,ISR,2012,32.52883148193359,,
GGR.6T7.M,ISR,2013,32.88042068481445,,
GGR.6T7.M,ISR,2014,33.71907043457031,,
GGR.6T7.M,ISR,2020,29.1800708770752,,
GGR.6T7.M,ISR,2021,28.66448020935059,,
GGR.6T7.M,ISR,2022,29.40578079223633,,
GGR.6T7.M,ISR,2023,27.46060943603516,,
GGR.6T7.M,ITA,2000,18.94214057922363,,
GGR.6T7.M,ITA,2001,20.79458045959473,,
GGR.6T7.M,ITA,2002,25.76861953735352,,
GGR.6T7.M,ITA,2003,30.48674011230469,,
GGR.6T7.M,ITA,2004,34.01163101196289,,
GGR.6T7.M,ITA,2005,38.01108932495117,,
GGR.6T7.M,ITA,2006,36.46155166625977,,
GGR.6T7.M,ITA,2007,33.88605117797852,,
GGR.6T7.M,ITA,2008,31.46615028381348,,
GGR.6T7.M,ITA,2009,30.44713020324707,,
GGR.6T7.M,ITA,2010,28.11753082275391,,
GGR.6T7.M,ITA,2011,27.45619964599609,,
GGR.6T7.M,ITA,2012,26.87611961364746,,
GGR.6T7.M,ITA,2013,27.72727012634277,,
GGR.6T7.M,ITA,2014,28.47258949279785,,
GGR.6T7.M,ITA,2015,28.79883003234863,,
GGR.6T7.M,ITA,2016,30.24572944641113,,
GGR.6T7.M,ITA,2018,32.75622940063477,,
GGR.6T7.M,ITA,2019,33.45706939697266,,
GGR.6T7.M,ITA,2020,33.73423004150391,,
GGR.6T7.M,ITA,2021,35.10311126708984,,
GGR.6T7.M,ITA,2022,34.65988159179688,,
GGR.6T7.M,ITA,2023,36.02471923828125,,
GGR.6T7.M,JOR,2002,19.2547492980957,,
GGR.6T7.M,JOR,2003,20.59066963195801,,
GGR.6T7.M,JOR,2004,25.96719932556152,,
GGR.6T7.M,JOR,2005,26.3181095123291,,
GGR.6T7.M,JOR,2006,29.77362060546875,,
GGR.6T7.M,JOR,2007,29.62553977966309,,
GGR.6T7.M,JOR,2009,32.98252105712891,,
GGR.6T7.M,JOR,2011,36.65850830078125,,
GGR.6T7.M,JOR,2024,21.0384407043457,,
GGR.6T7.M,JPN,2013,49.55332183837891,,
GGR.6T7.M,JPN,2014,50.28924942016602,,
GGR.6T7.M,JPN,2015,48.92047882080078,,
GGR.6T7.M,JPN,2016,50.47360992431641,,
GGR.6T7.M,JPN,2017,49.34222030639648,,
GGR.6T7.M,JPN,2018,48.17399978637695,,
GGR.6T7.M,JPN,2019,48.51844024658203,,
GGR.6T7.M,JPN,2020,47.3636589050293,,
GGR.6T7.M,JPN,2021,48.9409294128418,,
GGR.6T7.M,JPN,2022,50.25457000732422,,
GGR.6T7.M,JPN,2023,49.52455902099609,,
GGR.6T7.M,KAZ,2000,19.11944961547852,,
GGR.6T7.M,KAZ,2001,22.97248077392578,,
GGR.6T7.M,KAZ,2002,25.23213958740234,,
GGR.6T7.M,KAZ,2003,27.1032600402832,,
GGR.6T7.M,KAZ,2004,39.73038101196289,,
GGR.6T7.M,KAZ,2005,34.90694046020508,,
GGR.6T7.M,KAZ,2006,40.35755920410156,,
GGR.6T7.M,KAZ,2009,49.92074966430664,,
GGR.6T7.M,KAZ,2014,47.48606872558594,,
GGR.6T7.M,KAZ,2015,55.99829864501953,UIS_EST,
GGR.6T7.M,KAZ,2016,44.43370056152344,,
GGR.6T7.M,KAZ,2017,42.85089874267578,,
GGR.6T7.M,KAZ,2018,41.96110153198242,,
GGR.6T7.M,KAZ,2019,44.93033981323242,,
GGR.6T7.M,KAZ,2020,52.48970031738281,,
GGR.6T7.M,KAZ,2024,55.92419052124023,UIS_EST,
GGR.6T7.M,KEN,2000,2.368890047073364,,
GGR.6T7.M,KEN,2001,3.311830043792725,,
GGR.6T7.M,KGZ,2001,18.36013031005859,,
GGR.6T7.M,KGZ,2002,21.09292984008789,,
GGR.6T7.M,KGZ,2003,23.1068000793457,,
GGR.6T7.M,KGZ,2004,28.93689918518066,,
GGR.6T7.M,KGZ,2005,28.77710914611816,,
GGR.6T7.M,KGZ,2006,27.29990005493164,,
GGR.6T7.M,KGZ,2007,25.20502090454102,,
GGR.6T7.M,KGZ,2008,19.69411087036133,,
GGR.6T7.M,KGZ,2009,22.71459007263184,,
GGR.6T7.M,KGZ,2010,25.79861068725586,NAT_EST,
GGR.6T7.M,KGZ,2011,25.75559043884277,,
GGR.6T7.M,KGZ,2012,28.10972023010254,,
GGR.6T7.M,KGZ,2013,30.18285942077637,,
GGR.6T7.M,KGZ,2014,32.42810821533203,,
GGR.6T7.M,KGZ,2015,37.24254989624023,,
GGR.6T7.M,KGZ,2016,31.76288032531738,,
GGR.6T7.M,KGZ,2017,37.31629180908203,,
GGR.6T7.M,KGZ,2018,55.04310989379883,,
GGR.6T7.M,KGZ,2019,22.11784934997559,,
GGR.6T7.M,KGZ,2020,24.8794002532959,,
GGR.6T7.M,KGZ,2021,26.14694023132324,,
GGR.6T7.M,KGZ,2022,28.32843017578125,,
GGR.6T7.M,KGZ,2023,25.82872009277344,,
GGR.6T7.M,KGZ,2024,34.54949188232422,UIS_EST,
GGR.6T7.M,KHM,2000,2.31663990020752,,
GGR.6T7.M,KHM,2001,2.168970108032227,,
GGR.6T7.M,KHM,2002,2.107029914855957,,
GGR.6T7.M,KHM,2004,4.557059764862061,,
GGR.6T7.M,KHM,2007,6.69182014465332,,
GGR.6T7.M,KOR,2000,29.45303916931152,,
GGR.6T7.M,KOR,2001,31.63310050964355,,
GGR.6T7.M,KOR,2002,30.07723045349121,,
GGR.6T7.M,KOR,2003,30.85067939758301,,
GGR.6T7.M,KOR,2004,31.52154922485352,,
GGR.6T7.M,KOR,2005,34.05384063720703,,
GGR.6T7.M,KOR,2006,36.98971176147461,,
GGR.6T7.M,KOR,2007,42.21839141845703,,
GGR.6T7.M,KOR,2008,49.72018051147461,,
GGR.6T7.M,KOR,2009,49.73429870605469,,
GGR.6T7.M,KOR,2011,50.43001937866211,,
GGR.6T7.M,KOR,2012,48.8212890625,,
GGR.6T7.M,KOR,2013,47.69467926025391,,
GGR.6T7.M,KOR,2014,43.76961898803711,,
GGR.6T7.M,KOR,2015,45.35198974609375,,
GGR.6T7.M,KOR,2016,46.81230926513672,,
GGR.6T7.M,KOR,2017,47.2413215637207,,
GGR.6T7.M,KOR,2019,46.40237045288086,,
GGR.6T7.M,KOR,2020,48.28451919555664,,
GGR.6T7.M,KOR,2021,51.55641937255859,,
GGR.6T7.M,KOR,2022,51.63695907592773,,
GGR.6T7.M,KOR,2023,50.32427978515625,,
GGR.6T7.M,KWT,2020,17.76855087280273,,
GGR.6T7.M,LAO,2000,1.374850034713745,,
GGR.6T7.M,LAO,2001,2.434890031814575,,
GGR.6T7.M,LAO,2003,2.439840078353882,,
GGR.6T7.M,LAO,2004,2.245490074157715,,
GGR.6T7.M,LAO,2005,2.059400081634521,,
GGR.6T7.M,LAO,2006,3.266040086746216,,
GGR.6T7.M,LAO,2009,4.301599979400635,,
GGR.6T7.M,LAO,2011,9.139419555664062,,
GGR.6T7.M,LAO,2012,6.847129821777344,,
GGR.6T7.M,LAO,2013,14.16401958465576,,
GGR.6T7.M,LAO,2014,10.58605003356934,,
GGR.6T7.M,LAO,2015,15.45506000518799,,
GGR.6T7.M,LAO,2016,14.43229961395264,,
GGR.6T7.M,LAO,2017,8.717849731445312,,
GGR.6T7.M,LAO,2018,9.470199584960938,UIS_EST,
GGR.6T7.M,LAO,2019,8.763349533081055,,
GGR.6T7.M,LBN,2000,11.16466045379639,,
GGR.6T7.M,LBN,2001,11.98060989379883,,
GGR.6T7.M,LBN,2002,12.32476043701172,,
GGR.6T7.M,LBN,2003,14.49143028259277,,
GGR.6T7.M,LBN,2004,15.63922023773193,,
GGR.6T7.M,LBN,2005,15.38309955596924,,
GGR.6T7.M,LBN,2006,18.35397911071777,,
GGR.6T7.M,LBN,2007,19.1848201751709,,
GGR.6T7.M,LBN,2008,18.89146041870117,,
GGR.6T7.M,LBN,2009,22.08947944641113,,
GGR.6T7.M,LBN,2010,22.56566047668457,,
GGR.6T7.M,LBN,2011,22.98782920837402,,
GGR.6T7.M,LBR,2000,4.926959991455078,,
GGR.6T7.M,LCA,2005,1.669549942016602,,
GGR.6T7.M,LIE,2003,20.08733940124512,,
GGR.6T7.M,LIE,2004,11.84210968017578,,
GGR.6T7.M,LIE,2005,27.23213958740234,,
GGR.6T7.M,LIE,2006,48.4848518371582,,
GGR.6T7.M,LIE,2007,42.73128128051758,,
GGR.6T7.M,LIE,2008,54.18502044677734,,
GGR.6T7.M,LIE,2009,54.82233810424805,,
GGR.6T7.M,LIE,2010,23.98189926147461,,
GGR.6T7.M,LIE,2011,20.7031307220459,,
GGR.6T7.M,LIE,2012,21.63265037536621,,
GGR.6T7.M,LIE,2014,21.31147956848145,,
GGR.6T7.M,LIE,2015,18.62745094299316,,
GGR.6T7.M,LIE,2018,12.03320026397705,,
GGR.6T7.M,LIE,2019,13.83928966522217,,
GGR.6T7.M,LIE,2020,8.08510971069336,,
GGR.6T7.M,LKA,2010,5.136330127716064,,
GGR.6T7.M,LKA,2011,5.064589977264404,,
GGR.6T7.M,LKA,2013,6.089849948883057,,
GGR.6T7.M,LKA,2014,7.167779922485352,,
GGR.6T7.M,LKA,2015,7.248360157012939,,
GGR.6T7.M,LKA,2016,7.471389770507813,,
GGR.6T7.M,LKA,2017,7.630879878997803,,
GGR.6T7.M,LKA,2018,7.394090175628662,,
GGR.6T7.M,LKA,2019,7.340089797973633,,
GGR.6T7.M,LKA,2020,6.930970191955566,,
GGR.6T7.M,LKA,2021,8.430569648742676,,
GGR.6T7.M,LKA,2022,9.387720108032227,,
GGR.6T7.M,LKA,2023,8.556449890136719,,
GGR.6T7.M,LSO,2012,2.107280015945435,,
GGR.6T7.M,LSO,2013,2.151839971542358,,
GGR.6T7.M,LSO,2014,2.588249921798706,,
GGR.6T7.M,LSO,2018,3.046159982681274,,
GGR.6T7.M,LTU,2000,17.68166923522949,,
GGR.6T7.M,LTU,2001,19.07803916931152,,
GGR.6T7.M,LTU,2002,21.06064987182617,,
GGR.6T7.M,LTU,2003,24.48838043212891,,
GGR.6T7.M,LTU,2004,25.56777000427246,,
GGR.6T7.M,LTU,2005,28.17587089538574,,
GGR.6T7.M,LTU,2006,32.47573089599609,,
GGR.6T7.M,LTU,2007,31.75424957275391,,
GGR.6T7.M,LTU,2008,30.76461982727051,,
GGR.6T7.M,LTU,2009,34.20148086547852,,
GGR.6T7.M,LTU,2010,33.41033935546875,,
GGR.6T7.M,LTU,2011,33.89617156982422,,
GGR.6T7.M,LTU,2012,37.20040130615234,,
GGR.6T7.M,LTU,2013,55.31608963012695,,
GGR.6T7.M,LTU,2014,47.10639190673828,,
GGR.6T7.M,LTU,2015,42.78287887573242,,
GGR.6T7.M,LTU,2016,40.66287994384766,,
GGR.6T7.M,LTU,2017,39.68978881835938,,
GGR.6T7.M,LTU,2018,42.09532165527344,,
GGR.6T7.M,LTU,2019,45.26551818847656,,
GGR.6T7.M,LTU,2020,45.00999069213867,,
GGR.6T7.M,LTU,2021,45.17538070678711,,
GGR.6T7.M,LTU,2022,41.60697174072266,,
GGR.6T7.M,LTU,2023,43.08663940429688,,
GGR.6T7.M,LUX,2008,5.735139846801758,,
GGR.6T7.M,LUX,2012,7.240099906921387,,
GGR.6T7.M,LUX,2013,7.646560192108154,,
GGR.6T7.M,LUX,2014,7.453959941864014,,
GGR.6T7.M,LUX,2015,8.166190147399902,,
GGR.6T7.M,LUX,2018,7.277120113372803,,
GGR.6T7.M,LUX,2019,7.153689861297607,,
GGR.6T7.M,LUX,2020,6.839980125427246,,
GGR.6T7.M,LUX,2021,7.596940040588379,,
GGR.6T7.M,LUX,2022,7.597219944000244,,
GGR.6T7.M,LUX,2023,7.281670093536377,,
GGR.6T7.M,LVA,2000,29.09527969360352,,
GGR.6T7.M,LVA,2001,50.16009140014648,,
GGR.6T7.M,LVA,2002,28.42775917053223,,
GGR.6T7.M,LVA,2003,16.66972923278809,,
GGR.6T7.M,LVA,2004,23.01976013183594,,
GGR.6T7.M,LVA,2005,24.51676940917969,,
GGR.6T7.M,LVA,2006,24.8889102935791,,
GGR.6T7.M,LVA,2007,23.92538070678711,,
GGR.6T7.M,LVA,2008,20.2502498626709,,
GGR.6T7.M,LVA,2009,23.13031959533691,,
GGR.6T7.M,LVA,2010,25.65346908569336,,
GGR.6T7.M,LVA,2011,27.16946029663086,,
GGR.6T7.M,LVA,2012,27.54361915588379,,
GGR.6T7.M,LVA,2013,26.70512008666992,,
GGR.6T7.M,LVA,2014,22.15909004211426,,
GGR.6T7.M,LVA,2015,24.06150054931641,,
GGR.6T7.M,LVA,2016,26.26663017272949,,
GGR.6T7.M,LVA,2017,28.85251998901367,,
GGR.6T7.M,LVA,2018,31.68659973144531,,
GGR.6T7.M,LVA,2019,32.2209587097168,,
GGR.6T7.M,LVA,2020,31.53185081481934,,
GGR.6T7.M,LVA,2021,34.52729034423828,,
GGR.6T7.M,LVA,2022,29.83291053771973,,
GGR.6T7.M,LVA,2023,30.50325012207031,,
GGR.6T7.M,MAC,2005,20.08600044250488,,
GGR.6T7.M,MAC,2006,26.01856994628906,,
GGR.6T7.M,MAC,2007,21.49592971801758,,
GGR.6T7.M,MAC,2008,22.13566017150879,,
GGR.6T7.M,MAC,2009,25.67770957946777,,
GGR.6T7.M,MAC,2010,32.21089172363281,,
GGR.6T7.M,MAC,2011,32.22512054443359,,
GGR.6T7.M,MAC,2012,32.41696929931641,,
GGR.6T7.M,MAC,2013,33.67308044433594,,
GGR.6T7.M,MAC,2014,37.84000015258789,,
GGR.6T7.M,MAC,2015,38.8431396484375,,
GGR.6T7.M,MAC,2016,47.79069900512695,,
GGR.6T7.M,MAC,2017,59.05556106567383,,
GGR.6T7.M,MAC,2018,45,,
GGR.6T7.M,MAC,2019,49.23912811279297,,
GGR.6T7.M,MAC,2020,49.38636016845703,,
GGR.6T7.M,MAC,2021,55.95122146606445,,
GGR.6T7.M,MAC,2022,64.94737243652344,,
GGR.6T7.M,MAC,2023,68.64865112304688,,
GGR.6T7.M,MAC,2024,74.45945739746094,,
GGR.6T7.M,MAR,2001,5.725500106811523,,
GGR.6T7.M,MAR,2006,5.200839996337891,,
GGR.6T7.M,MAR,2015,11.92008018493652,,
GGR.6T7.M,MAR,2016,14.1129903793335,,
GGR.6T7.M,MAR,2017,15.31085968017578,,
GGR.6T7.M,MAR,2019,16.37317085266113,,
GGR.6T7.M,MAR,2020,16.72732925415039,,
GGR.6T7.M,MAR,2021,16.92675018310547,,
GGR.6T7.M,MAR,2022,18.88315010070801,,
GGR.6T7.M,MAR,2023,18.09877967834473,,
GGR.6T7.M,MAR,2024,16.57448959350586,,
GGR.6T7.M,MCO,2016,39.62263870239258,,
GGR.6T7.M,MCO,2024,156.7415771484375,,
GGR.6T7.M,MDA,2014,33.89625930786133,,
GGR.6T7.M,MDA,2015,34.29159164428711,,
GGR.6T7.M,MDA,2016,34.35095977783203,,
GGR.6T7.M,MDA,2017,33.63700103759766,,
GGR.6T7.M,MDA,2018,34.40380096435547,,
GGR.6T7.M,MDA,2019,33.77133178710938,,
GGR.6T7.M,MDA,2020,34.20357894897461,,
GGR.6T7.M,MDG,2001,1.092290043830872,,
GGR.6T7.M,MDG,2002,0.8726699948310852,,
GGR.6T7.M,MDG,2003,0.9342899918556213,,
GGR.6T7.M,MDG,2004,1.267789959907532,,
GGR.6T7.M,MDG,2005,1.266540050506592,,
GGR.6T7.M,MDG,2006,1.254840016365051,,
GGR.6T7.M,MDG,2007,1.348590016365051,,
GGR.6T7.M,MDG,2008,1.310320019721985,,
GGR.6T7.M,MDG,2009,1.429329991340637,,
GGR.6T7.M,MDG,2010,1.172320008277893,,
GGR.6T7.M,MDG,2013,2.649640083312988,,
GGR.6T7.M,MDG,2014,1.845299959182739,,
GGR.6T7.M,MDG,2015,2.12293004989624,,
GGR.6T7.M,MDG,2016,3.061229944229126,,
GGR.6T7.M,MDG,2017,3.364049911499023,,
GGR.6T7.M,MDG,2018,3.619669914245605,,
GGR.6T7.M,MDG,2019,3.355340003967285,,
GGR.6T7.M,MDG,2020,3.524290084838867,,
GGR.6T7.M,MDG,2022,3.48816990852356,,
GGR.6T7.M,MDG,2023,3.510550022125244,,
GGR.6T7.M,MDG: Caribbean,2011,18.57165908813477,UIS_EST,
GGR.6T7.M,MDG: Caribbean,2012,18.51866912841797,UIS_EST,
GGR.6T7.M,MDG: Caribbean,2013,18.14986038208008,UIS_EST,
GGR.6T7.M,MDG: Caribbean,2014,15.66963958740234,UIS_EST,
GGR.6T7.M,MDG: Caribbean,2015,14.97428035736084,UIS_EST,
GGR.6T7.M,MDG: Caribbean,2016,14.52396011352539,UIS_EST,
GGR.6T7.M,MDG: Caribbean,2017,14.56007957458496,UIS_EST,
GGR.6T7.M,MDG: Caribbean,2018,14.13465023040771,UIS_EST,
GGR.6T7.M,MDG: Caucasus and Central Asia,2000,13.28211975097656,UIS_EST,
GGR.6T7.M,MDG: Caucasus and Central Asia,2001,14.76648998260498,UIS_EST,
GGR.6T7.M,MDG: Caucasus and Central Asia,2002,15.13607978820801,UIS_EST,
GGR.6T7.M,MDG: Caucasus and Central Asia,2003,15.87049007415771,UIS_EST,
GGR.6T7.M,MDG: Caucasus and Central Asia,2004,18.79107093811035,UIS_EST,
GGR.6T7.M,MDG: Caucasus and Central Asia,2005,18.02817916870117,UIS_EST,
GGR.6T7.M,MDG: Caucasus and Central Asia,2006,19.89920997619629,,
GGR.6T7.M,MDG: Caucasus and Central Asia,2007,20.03861999511719,UIS_EST,
GGR.6T7.M,MDG: Caucasus and Central Asia,2008,22.25341033935547,,
GGR.6T7.M,MDG: Caucasus and Central Asia,2009,22.5987491607666,,
GGR.6T7.M,MDG: Caucasus and Central Asia,2010,21.13875007629395,,
GGR.6T7.M,MDG: Caucasus and Central Asia,2011,21.6507396697998,,
GGR.6T7.M,MDG: Caucasus and Central Asia,2012,20.14156913757324,UIS_EST,
GGR.6T7.M,MDG: Caucasus and Central Asia,2013,20.2414493560791,UIS_EST,
GGR.6T7.M,MDG: Caucasus and Central Asia,2014,19.6230297088623,UIS_EST,
GGR.6T7.M,MDG: Caucasus and Central Asia,2015,20.17680931091309,UIS_EST,
GGR.6T7.M,MDG: Caucasus and Central Asia,2016,18.24486923217773,UIS_EST,
GGR.6T7.M,MDG: Caucasus and Central Asia,2017,18.55021095275879,UIS_EST,
GGR.6T7.M,MDG: Caucasus and Central Asia,2018,20.09771919250488,UIS_EST,
GGR.6T7.M,MDG: Caucasus and Central Asia,2019,17.88084030151367,UIS_EST,
GGR.6T7.M,MDG: Caucasus and Central Asia,2020,19.61610984802246,UIS_EST,
GGR.6T7.M,MDG: Caucasus and Central Asia,2021,20.00089073181152,UIS_EST,
GGR.6T7.M,MDG: Caucasus and Central Asia,2022,21.3484001159668,UIS_EST,
GGR.6T7.M,MDG: Caucasus and Central Asia,2023,21.64929008483887,UIS_EST,
GGR.6T7.M,MDG: Caucasus and Central Asia,2024,21.74168968200684,UIS_EST,
GGR.6T7.M,MDG: Developed regions,2000,27.72171974182129,UIS_EST,
GGR.6T7.M,MDG: Developed regions,2001,28.27055931091309,UIS_EST,
GGR.6T7.M,MDG: Developed regions,2002,28.57776069641113,UIS_EST,
GGR.6T7.M,MDG: Developed regions,2003,29.90792083740234,UIS_EST,
GGR.6T7.M,MDG: Developed regions,2004,30.48331069946289,UIS_EST,
GGR.6T7.M,MDG: Developed regions,2005,31.79940986633301,UIS_EST,
GGR.6T7.M,MDG: Developed regions,2006,31.8084602355957,UIS_EST,
GGR.6T7.M,MDG: Developed regions,2007,33.22328186035156,UIS_EST,
GGR.6T7.M,MDG: Developed regions,2008,34.26723861694336,UIS_EST,
GGR.6T7.M,MDG: Developed regions,2009,34.84135818481445,UIS_EST,
GGR.6T7.M,MDG: Developed regions,2010,35.37535858154297,UIS_EST,
GGR.6T7.M,MDG: Developed regions,2011,36.29769134521484,UIS_EST,
GGR.6T7.M,MDG: Developed regions,2012,36.14609146118164,UIS_EST,
GGR.6T7.M,MDG: Developed regions,2013,36.66865921020508,UIS_EST,
GGR.6T7.M,MDG: Developed regions,2014,37.89682006835938,UIS_EST,
GGR.6T7.M,MDG: Developed regions,2015,37.90625,UIS_EST,
GGR.6T7.M,MDG: Developed regions,2016,39.05361175537109,UIS_EST,
GGR.6T7.M,MDG: Developed regions,2017,38.75043106079102,UIS_EST,
GGR.6T7.M,MDG: Developed regions,2018,37.45991897583008,,
GGR.6T7.M,MDG: Developed regions,2019,38.11381912231445,,
GGR.6T7.M,MDG: Developed regions,2020,38.8273811340332,UIS_EST,
GGR.6T7.M,MDG: Developed regions,2021,39.43310928344727,UIS_EST,
GGR.6T7.M,MDG: Developed regions,2022,39.01440811157227,UIS_EST,
GGR.6T7.M,MDG: Developed regions,2023,39.62277984619141,UIS_EST,
GGR.6T7.M,MDG: Developed regions,2024,39.67171096801758,UIS_EST,
GGR.6T7.M,MDG: Developing regions,2003,14.32371044158936,UIS_EST,
GGR.6T7.M,MDG: Developing regions,2004,14.31122970581055,UIS_EST,
GGR.6T7.M,MDG: Developing regions,2005,14.3875904083252,UIS_EST,
GGR.6T7.M,MDG: Developing regions,2006,15.19742012023926,UIS_EST,
GGR.6T7.M,MDG: Developing regions,2007,15.60015964508057,UIS_EST,
GGR.6T7.M,MDG: Developing regions,2008,16.05645942687988,UIS_EST,
GGR.6T7.M,MDG: Developing regions,2009,16.08636093139648,UIS_EST,
GGR.6T7.M,MDG: Developing regions,2010,16.23390007019043,UIS_EST,
GGR.6T7.M,MDG: Developing regions,2011,16.47086906433105,UIS_EST,
GGR.6T7.M,MDG: Developing regions,2012,16.90220069885254,UIS_EST,
GGR.6T7.M,MDG: Developing regions,2013,17.41024017333984,UIS_EST,
GGR.6T7.M,MDG: Developing regions,2014,17.62059020996094,UIS_EST,
GGR.6T7.M,MDG: Developing regions,2015,18.92555046081543,UIS_EST,
GGR.6T7.M,MDG: Developing regions,2016,19.58204078674316,,
GGR.6T7.M,MDG: Developing regions,2017,19.44329071044922,UIS_EST,
GGR.6T7.M,MDG: Developing regions,2018,19.36573028564453,UIS_EST,
GGR.6T7.M,MDG: Developing regions,2019,19.20410919189453,UIS_EST,
GGR.6T7.M,MDG: Developing regions,2020,20.29318046569824,UIS_EST,
GGR.6T7.M,MDG: Developing regions,2021,19.81269073486328,UIS_EST,
GGR.6T7.M,MDG: Developing regions,2022,21.00348091125488,UIS_EST,
GGR.6T7.M,MDG: Developing regions,2023,21.48797988891602,UIS_EST,
GGR.6T7.M,MDG: Developing regions,2024,22.16975975036621,UIS_EST,
GGR.6T7.M,MDG: Eastern Asia,2004,9.76924991607666,UIS_EST,
GGR.6T7.M,MDG: Eastern Asia,2005,10.64993953704834,UIS_EST,
GGR.6T7.M,MDG: Eastern Asia,2006,11.28194046020508,UIS_EST,
GGR.6T7.M,MDG: Eastern Asia,2007,13.935959815979,UIS_EST,
GGR.6T7.M,MDG: Eastern Asia,2008,14.65380954742432,UIS_EST,
GGR.6T7.M,MDG: Eastern Asia,2009,14.37555027008057,UIS_EST,
GGR.6T7.M,MDG: Eastern Asia,2010,14.24600982666016,UIS_EST,
GGR.6T7.M,MDG: Eastern Asia,2011,15.00562953948975,UIS_EST,
GGR.6T7.M,MDG: Eastern Asia,2012,15.62096977233887,UIS_EST,
GGR.6T7.M,MDG: Eastern Asia,2013,16.24037933349609,,
GGR.6T7.M,MDG: Eastern Asia,2014,22.83816909790039,,
GGR.6T7.M,MDG: Eastern Asia,2015,25.95651054382324,,
GGR.6T7.M,MDG: Eastern Asia,2016,27.79928016662598,,
GGR.6T7.M,MDG: Eastern Asia,2017,29.41760063171387,,
GGR.6T7.M,MDG: Eastern Asia,2018,29.75163078308105,,
GGR.6T7.M,MDG: Eastern Asia,2019,29.49398994445801,,
GGR.6T7.M,MDG: Eastern Asia,2020,31.15413093566895,,
GGR.6T7.M,MDG: Eastern Asia,2021,34.23468017578125,,
GGR.6T7.M,MDG: Eastern Asia,2022,36.95730972290039,,
GGR.6T7.M,MDG: Eastern Asia,2023,39.62134170532227,,
GGR.6T7.M,MDG: Eastern Asia,2024,45.18013000488281,,
GGR.6T7.M,MDG: Eastern Asia (excluding China),2000,24.72484970092773,,
GGR.6T7.M,MDG: Eastern Asia (excluding China),2001,26.43383026123047,,
GGR.6T7.M,MDG: Eastern Asia (excluding China),2002,25.69020080566406,,
GGR.6T7.M,MDG: Eastern Asia (excluding China),2003,26.23789024353027,,
GGR.6T7.M,MDG: Eastern Asia (excluding China),2004,26.68287086486816,,
GGR.6T7.M,MDG: Eastern Asia (excluding China),2005,27.96215057373047,,
GGR.6T7.M,MDG: Eastern Asia (excluding China),2006,29.49612998962402,,
GGR.6T7.M,MDG: Eastern Asia (excluding China),2007,32.11521148681641,UIS_EST,
GGR.6T7.M,MDG: Eastern Asia (excluding China),2008,36.2411003112793,UIS_EST,
GGR.6T7.M,MDG: Eastern Asia (excluding China),2009,36.17192840576172,UIS_EST,
GGR.6T7.M,MDG: Eastern Asia (excluding China),2010,35.84323120117188,UIS_EST,
GGR.6T7.M,MDG: Eastern Asia (excluding China),2011,36.69297027587891,UIS_EST,
GGR.6T7.M,MDG: Eastern Asia (excluding China),2012,36.0980110168457,UIS_EST,
GGR.6T7.M,MDG: Eastern Asia (excluding China),2013,35.80852127075195,UIS_EST,
GGR.6T7.M,MDG: Eastern Asia (excluding China),2014,34.1455192565918,UIS_EST,
GGR.6T7.M,MDG: Eastern Asia (excluding China),2015,38.21242904663086,,
GGR.6T7.M,MDG: Eastern Asia (excluding China),2016,35.98244094848633,UIS_EST,
GGR.6T7.M,MDG: Eastern Asia (excluding China),2017,36.08140182495117,UIS_EST,
GGR.6T7.M,MDG: Eastern Asia (excluding China),2018,38.83800888061523,UIS_EST,
GGR.6T7.M,MDG: Eastern Asia (excluding China),2019,34.93727874755859,UIS_EST,
GGR.6T7.M,MDG: Eastern Asia (excluding China),2020,36.11341094970703,UIS_EST,
GGR.6T7.M,MDG: Eastern Asia (excluding China),2021,38.09851837158203,UIS_EST,
GGR.6T7.M,MDG: Eastern Asia (excluding China),2022,38.25035095214844,UIS_EST,
GGR.6T7.M,MDG: Eastern Asia (excluding China),2023,37.44475936889648,UIS_EST,
GGR.6T7.M,MDG: Eastern Asia (excluding China),2024,38.38151168823242,UIS_EST,
GGR.6T7.M,MDG: Latin America,2000,14.85338973999023,UIS_EST,
GGR.6T7.M,MDG: Latin America,2001,15.38994026184082,UIS_EST,
GGR.6T7.M,MDG: Latin America,2002,10.3750696182251,,
GGR.6T7.M,MDG: Latin America,2003,11.1110200881958,,
GGR.6T7.M,MDG: Latin America,2004,11.95440006256104,UIS_EST,
GGR.6T7.M,MDG: Latin America,2005,12.35437965393066,UIS_EST,
GGR.6T7.M,MDG: Latin America,2006,16.39020919799805,UIS_EST,
GGR.6T7.M,MDG: Latin America,2007,13.60634994506836,,
GGR.6T7.M,MDG: Latin America,2008,14.16549968719482,,
GGR.6T7.M,MDG: Latin America,2009,14.85490989685059,,
GGR.6T7.M,MDG: Latin America,2010,14.78656959533691,,
GGR.6T7.M,MDG: Latin America,2011,15.60243988037109,,
GGR.6T7.M,MDG: Latin America,2012,15.84235954284668,UIS_EST,
GGR.6T7.M,MDG: Latin America,2013,17.88764953613281,UIS_EST,
GGR.6T7.M,MDG: Latin America,2014,17.73888969421387,UIS_EST,
GGR.6T7.M,MDG: Latin America,2015,18.29966926574707,UIS_EST,
GGR.6T7.M,MDG: Latin America,2016,19.24711990356445,UIS_EST,
GGR.6T7.M,MDG: Latin America,2017,19.5610294342041,UIS_EST,
GGR.6T7.M,MDG: Latin America,2018,18.43992042541504,UIS_EST,
GGR.6T7.M,MDG: Latin America,2019,20.60247039794922,UIS_EST,
GGR.6T7.M,MDG: Latin America,2020,20.11841011047363,UIS_EST,
GGR.6T7.M,MDG: Latin America,2021,21.43013954162598,UIS_EST,
GGR.6T7.M,MDG: Latin America,2022,21.85807037353516,UIS_EST,
GGR.6T7.M,MDG: Latin America and the Caribbean,2000,14.53520011901855,UIS_EST,
GGR.6T7.M,MDG: Latin America and the Caribbean,2001,15.04251956939697,UIS_EST,
GGR.6T7.M,MDG: Latin America and the Caribbean,2002,10.38360023498535,,
GGR.6T7.M,MDG: Latin America and the Caribbean,2003,11.14192962646484,,
GGR.6T7.M,MDG: Latin America and the Caribbean,2004,11.92975997924805,UIS_EST,
GGR.6T7.M,MDG: Latin America and the Caribbean,2005,12.3299503326416,UIS_EST,
GGR.6T7.M,MDG: Latin America and the Caribbean,2006,16.14011001586914,UIS_EST,
GGR.6T7.M,MDG: Latin America and the Caribbean,2007,13.51753044128418,,
GGR.6T7.M,MDG: Latin America and the Caribbean,2008,14.19517993927002,,
GGR.6T7.M,MDG: Latin America and the Caribbean,2009,14.96173000335693,,
GGR.6T7.M,MDG: Latin America and the Caribbean,2010,15.0234899520874,UIS_EST,
GGR.6T7.M,MDG: Latin America and the Caribbean,2011,15.79986000061035,,
GGR.6T7.M,MDG: Latin America and the Caribbean,2012,16.02234077453613,UIS_EST,
GGR.6T7.M,MDG: Latin America and the Caribbean,2013,17.90539932250977,UIS_EST,
GGR.6T7.M,MDG: Latin America and the Caribbean,2014,17.60099983215332,UIS_EST,
GGR.6T7.M,MDG: Latin America and the Caribbean,2015,18.08066940307617,UIS_EST,
GGR.6T7.M,MDG: Latin America and the Caribbean,2016,18.94687080383301,UIS_EST,
GGR.6T7.M,MDG: Latin America and the Caribbean,2017,19.24868965148926,UIS_EST,
GGR.6T7.M,MDG: Latin America and the Caribbean,2018,18.17688941955566,UIS_EST,
GGR.6T7.M,MDG: Latin America and the Caribbean,2019,20.06863021850586,UIS_EST,
GGR.6T7.M,MDG: Latin America and the Caribbean,2020,19.59931945800781,UIS_EST,
GGR.6T7.M,MDG: Latin America and the Caribbean,2021,20.80983924865723,UIS_EST,
GGR.6T7.M,MDG: Latin America and the Caribbean,2022,21.24300003051758,UIS_EST,
GGR.6T7.M,MDG: Northern Africa,2000,16.58707046508789,UIS_EST,
GGR.6T7.M,MDG: Northern Africa,2001,17.74964904785156,,
GGR.6T7.M,MDG: Northern Africa,2002,17.25288963317871,UIS_EST,
GGR.6T7.M,MDG: Northern Africa,2003,17.32193946838379,UIS_EST,
GGR.6T7.M,MDG: Northern Africa,2004,17.42746925354004,UIS_EST,
GGR.6T7.M,MDG: Northern Africa,2005,18.61871910095215,UIS_EST,
GGR.6T7.M,MDG: Northern Africa,2006,18.81866073608398,,
GGR.6T7.M,MDG: Northern Africa,2007,18.68671989440918,UIS_EST,
GGR.6T7.M,MDG: Northern Africa,2008,18.78066062927246,UIS_EST,
GGR.6T7.M,MDG: Northern Africa,2009,18.41333961486816,UIS_EST,
GGR.6T7.M,MDG: Northern Africa,2010,18.77536964416504,UIS_EST,
GGR.6T7.M,MDG: Northern Africa,2011,19.03944969177246,UIS_EST,
GGR.6T7.M,MDG: Northern Africa,2012,18.88677978515625,UIS_EST,
GGR.6T7.M,MDG: Northern Africa,2013,19.73138999938965,,
GGR.6T7.M,MDG: Northern Africa,2014,18.65862083435059,UIS_EST,
GGR.6T7.M,MDG: Northern Africa,2015,17.2501392364502,UIS_EST,
GGR.6T7.M,MDG: Northern Africa,2016,16.0615406036377,,
GGR.6T7.M,MDG: Northern Africa,2017,17.22783088684082,UIS_EST,
GGR.6T7.M,MDG: Northern Africa,2018,18.53280067443848,UIS_EST,
GGR.6T7.M,MDG: Northern Africa,2019,21.42745018005371,UIS_EST,
GGR.6T7.M,MDG: Northern Africa,2020,23.50177001953125,UIS_EST,
GGR.6T7.M,MDG: Northern Africa,2021,25.29597091674805,UIS_EST,
GGR.6T7.M,MDG: Northern Africa,2022,25.90893936157227,,
GGR.6T7.M,MDG: Northern Africa,2023,29.22629928588867,,
GGR.6T7.M,MDG: Northern Africa,2024,29.67531967163086,UIS_EST,
GGR.6T7.M,MDG: South-eastern Asia,2000,10.45104026794434,UIS_EST,
GGR.6T7.M,MDG: South-eastern Asia,2001,10.55854034423828,,
GGR.6T7.M,MDG: South-eastern Asia,2002,11.03339958190918,,
GGR.6T7.M,MDG: South-eastern Asia,2003,12.67716979980469,UIS_EST,
GGR.6T7.M,MDG: South-eastern Asia,2004,11.94797992706299,,
GGR.6T7.M,MDG: South-eastern Asia,2005,11.06937026977539,UIS_EST,
GGR.6T7.M,MDG: South-eastern Asia,2006,11.45345973968506,UIS_EST,
GGR.6T7.M,MDG: South-eastern Asia,2007,11.89430046081543,UIS_EST,
GGR.6T7.M,MDG: South-eastern Asia,2008,12.65520000457764,UIS_EST,
GGR.6T7.M,MDG: South-eastern Asia,2009,12.79819011688232,UIS_EST,
GGR.6T7.M,MDG: South-eastern Asia,2010,13.52890968322754,UIS_EST,
GGR.6T7.M,MDG: South-eastern Asia,2011,12.91380977630615,UIS_EST,
GGR.6T7.M,MDG: South-eastern Asia,2012,14.97257995605469,UIS_EST,
GGR.6T7.M,MDG: South-eastern Asia,2013,14.30041980743408,UIS_EST,
GGR.6T7.M,MDG: South-eastern Asia,2014,14.78273010253906,UIS_EST,
GGR.6T7.M,MDG: South-eastern Asia,2015,15.88704967498779,,
GGR.6T7.M,MDG: South-eastern Asia,2016,16.28931045532227,UIS_EST,
GGR.6T7.M,MDG: South-eastern Asia,2017,16.26968955993652,UIS_EST,
GGR.6T7.M,MDG: South-eastern Asia,2018,17.15757942199707,UIS_EST,
GGR.6T7.M,MDG: South-eastern Asia,2019,17.28274917602539,UIS_EST,
GGR.6T7.M,MDG: South-eastern Asia,2020,17.60709953308105,UIS_EST,
GGR.6T7.M,MDG: South-eastern Asia,2021,18.52545928955078,UIS_EST,
GGR.6T7.M,MDG: South-eastern Asia,2022,19.12565994262695,,
GGR.6T7.M,MDG: South-eastern Asia,2023,18.24320983886719,UIS_EST,
GGR.6T7.M,MDG: South-eastern Asia,2024,18.68547058105469,UIS_EST,
GGR.6T7.M,MDG: Southern Asia,2012,25.19292068481445,UIS_EST,
GGR.6T7.M,MDG: Southern Asia,2013,26.02615928649902,,
GGR.6T7.M,MDG: Southern Asia,2014,21.86532020568848,,
GGR.6T7.M,MDG: Southern Asia,2015,23.71166038513184,,
GGR.6T7.M,MDG: Southern Asia,2016,24.61054992675781,,
GGR.6T7.M,MDG: Southern Asia,2017,23.22139930725098,,
GGR.6T7.M,MDG: Southern Asia,2018,22.69062042236328,,
GGR.6T7.M,MDG: Southern Asia,2019,21.94500923156738,,
GGR.6T7.M,MDG: Southern Asia,2020,24.19881057739258,,
GGR.6T7.M,MDG: Southern Asia,2021,20.68386077880859,,
GGR.6T7.M,MDG: Southern Asia,2022,23.14868927001953,,
GGR.6T7.M,MDG: Southern Asia,2023,23.14114952087402,,
GGR.6T7.M,MDG: Southern Asia,2024,23.13817024230957,UIS_EST,
GGR.6T7.M,MDG: Southern Asia (excluding India),2001,8.354100227355957,UIS_EST,
GGR.6T7.M,MDG: Southern Asia (excluding India),2002,8.829050064086914,UIS_EST,
GGR.6T7.M,MDG: Southern Asia (excluding India),2003,8.995409965515137,UIS_EST,
GGR.6T7.M,MDG: Southern Asia (excluding India),2004,8.832819938659668,UIS_EST,
GGR.6T7.M,MDG: Sub-Saharan Africa,2000,3.151730060577393,UIS_EST,
GGR.6T7.M,MDG: Sub-Saharan Africa,2011,3.806710004806519,UIS_EST,
GGR.6T7.M,MDG: Sub-Saharan Africa,2012,3.867899894714355,UIS_EST,
GGR.6T7.M,MDG: Sub-Saharan Africa,2016,4.100460052490234,UIS_EST,
GGR.6T7.M,MDG: Western Asia,2000,8.635530471801758,,
GGR.6T7.M,MDG: Western Asia,2001,9.426939964294434,UIS_EST,
GGR.6T7.M,MDG: Western Asia,2002,10.35684967041016,,
GGR.6T7.M,MDG: Western Asia,2003,10.51620960235596,,
GGR.6T7.M,MDG: Western Asia,2004,10.17358016967773,,
GGR.6T7.M,MDG: Western Asia,2005,9.748109817504883,,
GGR.6T7.M,MDG: Western Asia,2006,11.53476047515869,,
GGR.6T7.M,MDG: Western Asia,2007,12.30951976776123,,
GGR.6T7.M,MDG: Western Asia,2008,12.96018981933594,,
GGR.6T7.M,MDG: Western Asia,2009,13.79170036315918,,
GGR.6T7.M,MDG: Western Asia,2010,14.81886005401611,,
GGR.6T7.M,MDG: Western Asia,2011,14.52138042449951,UIS_EST,
GGR.6T7.M,MDG: Western Asia,2012,15.77735042572021,UIS_EST,
GGR.6T7.M,MDG: Western Asia,2013,16.75835037231445,UIS_EST,
GGR.6T7.M,MDG: Western Asia,2014,17.87546920776367,UIS_EST,
GGR.6T7.M,MDG: Western Asia,2015,19.0548095703125,UIS_EST,
GGR.6T7.M,MDG: Western Asia,2016,19.83229064941406,UIS_EST,
GGR.6T7.M,MDG: Western Asia,2017,20.7124195098877,UIS_EST,
GGR.6T7.M,MDG: Western Asia,2018,21.67229080200195,UIS_EST,
GGR.6T7.M,MDG: Western Asia,2019,21.73961067199707,UIS_EST,
GGR.6T7.M,MDG: Western Asia,2020,23.60429000854492,UIS_EST,
GGR.6T7.M,MDG: Western Asia,2021,24.41279029846191,UIS_EST,
GGR.6T7.M,MDG: Western Asia,2022,21.14789009094238,UIS_EST,
GGR.6T7.M,MDG: Western Asia,2023,21.01782989501953,UIS_EST,
GGR.6T7.M,MDG: World,2000,16.34514999389648,UIS_EST,
GGR.6T7.M,MDG: World,2001,16.63726043701172,UIS_EST,
GGR.6T7.M,MDG: World,2002,16.29383087158203,UIS_EST,
GGR.6T7.M,MDG: World,2003,16.71692085266113,UIS_EST,
GGR.6T7.M,MDG: World,2004,16.73711013793945,UIS_EST,
GGR.6T7.M,MDG: World,2005,16.95590019226074,UIS_EST,
GGR.6T7.M,MDG: World,2006,17.68119049072266,UIS_EST,
GGR.6T7.M,MDG: World,2007,18.16473960876465,UIS_EST,
GGR.6T7.M,MDG: World,2008,18.65459060668945,UIS_EST,
GGR.6T7.M,MDG: World,2009,18.68927001953125,UIS_EST,
GGR.6T7.M,MDG: World,2010,18.82661056518555,UIS_EST,
GGR.6T7.M,MDG: World,2011,19.13681983947754,UIS_EST,
GGR.6T7.M,MDG: World,2012,19.44403076171875,UIS_EST,
GGR.6T7.M,MDG: World,2013,19.94017028808594,UIS_EST,
GGR.6T7.M,MDG: World,2014,20.29034996032715,UIS_EST,
GGR.6T7.M,MDG: World,2015,21.38315010070801,UIS_EST,
GGR.6T7.M,MDG: World,2016,22.0373592376709,UIS_EST,
GGR.6T7.M,MDG: World,2017,21.85456085205078,UIS_EST,
GGR.6T7.M,MDG: World,2018,21.61062049865723,UIS_EST,
GGR.6T7.M,MDG: World,2019,21.51860046386719,UIS_EST,
GGR.6T7.M,MDG: World,2020,22.54225921630859,UIS_EST,
GGR.6T7.M,MDG: World,2021,22.17521095275879,UIS_EST,
GGR.6T7.M,MDG: World,2022,23.18190002441406,UIS_EST,
GGR.6T7.M,MDG: World,2023,23.6623592376709,UIS_EST,
GGR.6T7.M,MDG: World,2024,24.27660942077637,UIS_EST,
GGR.6T7.M,MEX,2001,15.96720027923584,,
GGR.6T7.M,MEX,2003,14.7050199508667,,
GGR.6T7.M,MEX,2005,14.87329006195068,,
GGR.6T7.M,MEX,2006,16.61652946472168,,
GGR.6T7.M,MEX,2007,16.59925079345703,,
GGR.6T7.M,MEX,2008,15.85655975341797,,
GGR.6T7.M,MEX,2009,16.78516006469727,,
GGR.6T7.M,MEX,2010,16.85714912414551,,
GGR.6T7.M,MEX,2011,18.11051940917969,,
GGR.6T7.M,MEX,2013,19.81768035888672,,
GGR.6T7.M,MEX,2014,20.3044490814209,,
GGR.6T7.M,MEX,2015,20.71692085266113,,
GGR.6T7.M,MEX,2016,24.27639961242676,,
GGR.6T7.M,MEX,2017,25.33341979980469,,
GGR.6T7.M,MEX,2021,27.76567077636719,,
GGR.6T7.M,MHL,2019,3.846149921417236,,
GGR.6T7.M,MKD,2000,7.352149963378906,,
GGR.6T7.M,MKD,2001,6.916860103607178,,
GGR.6T7.M,MKD,2002,7.333970069885254,,
GGR.6T7.M,MKD,2003,9.532400131225586,,
GGR.6T7.M,MKD,2004,9.936739921569824,,
GGR.6T7.M,MKD,2005,10.19101047515869,,
GGR.6T7.M,MKD,2006,11.99162006378174,,
GGR.6T7.M,MKD,2007,18.26328086853027,,
GGR.6T7.M,MKD,2008,24.57806968688965,,
GGR.6T7.M,MKD,2009,25.02070999145508,,
GGR.6T7.M,MKD,2010,25.65591049194336,,
GGR.6T7.M,MKD,2011,24.11503982543945,,
GGR.6T7.M,MKD,2012,27.03853034973145,,
GGR.6T7.M,MKD,2013,25.62151908874512,,
GGR.6T7.M,MKD,2014,26.4382495880127,,
GGR.6T7.M,MKD,2015,22.86020088195801,,
GGR.6T7.M,MKD,2017,23.6629695892334,,
GGR.6T7.M,MKD,2018,20.86507034301758,,
GGR.6T7.M,MKD,2020,20.05578994750977,,
GGR.6T7.M,MKD,2021,23.01350975036621,,
GGR.6T7.M,MKD,2022,28.97727012634277,,
GGR.6T7.M,MLT,2000,14.15540981292725,,
GGR.6T7.M,MLT,2001,17.10025024414063,,
GGR.6T7.M,MLT,2002,18.24126052856445,,
GGR.6T7.M,MLT,2003,22.23340034484863,,
GGR.6T7.M,MLT,2004,18.59119033813477,,
GGR.6T7.M,MLT,2006,26.67115020751953,,
GGR.6T7.M,MLT,2009,28.45331954956055,,
GGR.6T7.M,MLT,2010,25.09565925598145,,
GGR.6T7.M,MLT,2011,25.46767044067383,,
GGR.6T7.M,MLT,2012,24.29190063476563,,
GGR.6T7.M,MLT,2013,30.98039054870605,,
GGR.6T7.M,MLT,2014,31.44146919250488,,
GGR.6T7.M,MLT,2015,30.02953910827637,,
GGR.6T7.M,MLT,2016,29.48847007751465,,
GGR.6T7.M,MLT,2017,35.65359115600586,,
GGR.6T7.M,MLT,2019,35.26667022705078,,
GGR.6T7.M,MLT,2020,34.52344131469727,,
GGR.6T7.M,MLT,2021,40.05377960205078,,
GGR.6T7.M,MLT,2022,50.3819694519043,,
GGR.6T7.M,MLT,2023,40.35882186889648,,
GGR.6T7.M,MMR,2007,6.279039859771729,,
GGR.6T7.M,MMR,2011,9.05663013458252,,
GGR.6T7.M,MNE,2017,31.67443084716797,,
GGR.6T7.M,MNE,2019,31.26054000854492,,
GGR.6T7.M,MNE,2021,27.60736083984375,,
GGR.6T7.M,MNG,2000,12.61882972717285,,
GGR.6T7.M,MNG,2001,18.11017036437988,,
GGR.6T7.M,MNG,2002,22.16272926330566,,
GGR.6T7.M,MNG,2003,22.46096038818359,,
GGR.6T7.M,MNG,2004,24.3051700592041,,
GGR.6T7.M,MNG,2005,24.48736000061035,,
GGR.6T7.M,MNG,2006,26.3267707824707,,
GGR.6T7.M,MNG,2007,28.0189094543457,,
GGR.6T7.M,MNG,2008,31.19758987426758,,
GGR.6T7.M,MNG,2009,34.01612091064453,,
GGR.6T7.M,MNG,2010,33.30162048339844,,
GGR.6T7.M,MNG,2011,36.8742790222168,,
GGR.6T7.M,MNG,2012,38.3808708190918,,
GGR.6T7.M,MNG,2017,46.99066162109375,,
GGR.6T7.M,MNG,2018,40.89102935791016,,
GGR.6T7.M,MNG,2019,31.49517059326172,,
GGR.6T7.M,MNG,2022,41.99670028686523,,
GGR.6T7.M,MNG,2023,43.4564094543457,,
GGR.6T7.M,MOZ,2009,2.41648006439209,,
GGR.6T7.M,MOZ,2010,0.2740100026130676,,
GGR.6T7.M,MOZ,2018,4.055089950561523,,
GGR.6T7.M,MRT,2015,4.755300045013428,,
GGR.6T7.M,MRT,2016,5.065810203552246,,
GGR.6T7.M,MRT,2017,5.33627986907959,,
GGR.6T7.M,MRT,2019,5.26471996307373,UIS_EST,
GGR.6T7.M,MUS,2017,24.35045051574707,,
GGR.6T7.M,MWI,2007,0.6861500144004822,,
GGR.6T7.M,MYS,2021,9.675950050354004,,
GGR.6T7.M,MYS,2022,9.716460227966309,,
GGR.6T7.M,MYS,2023,10.18299961090088,,
GGR.6T7.M,NAM,2001,7.452439785003662,,
GGR.6T7.M,NAM,2003,3.687139987945557,,
GGR.6T7.M,NAM,2005,4.937369823455811,,
GGR.6T7.M,NAM,2006,2.527080059051514,,
GGR.6T7.M,NAM,2008,5.886129856109619,,
GGR.6T7.M,NAM,2014,5.155680179595947,,
GGR.6T7.M,NAM,2015,5.935840129852295,,
GGR.6T7.M,NAM,2016,7.991479873657227,,
GGR.6T7.M,NAM,2017,8.47957992553711,,
GGR.6T7.M,NAM,2018,8.733380317687988,,
GGR.6T7.M,NAM,2019,10.08502960205078,,
GGR.6T7.M,NAM,2020,10.0576696395874,,
GGR.6T7.M,NAM,2022,9.861109733581543,,
GGR.6T7.M,NER,2001,0.304280012845993,,
GGR.6T7.M,NER,2010,1.226760029792786,,
GGR.6T7.M,NER,2016,1.487210035324097,,
GGR.6T7.M,NER,2017,1.719889998435974,,
GGR.6T7.M,NER,2018,5.716909885406494,,
GGR.6T7.M,NER,2019,6.025129795074463,,
GGR.6T7.M,NIC,2002,2.535150051116943,,
GGR.6T7.M,NLD,2000,33.65924835205078,,
GGR.6T7.M,NLD,2001,33.47814178466797,,
GGR.6T7.M,NLD,2002,34.86032104492188,,
GGR.6T7.M,NLD,2003,35.36951065063477,,
GGR.6T7.M,NLD,2004,37.17906951904297,,
GGR.6T7.M,NLD,2005,40.22161865234375,,
GGR.6T7.M,NLD,2006,43.9056282043457,,
GGR.6T7.M,NLD,2007,41.91149139404297,,
GGR.6T7.M,NLD,2008,39.69182968139648,,
GGR.6T7.M,NLD,2009,38.83287048339844,,
GGR.6T7.M,NLD,2010,38.3643913269043,,
GGR.6T7.M,NLD,2011,38.99555969238281,,
GGR.6T7.M,NLD,2012,42.18645858764648,,
GGR.6T7.M,NLD,2013,36.3424186706543,,
GGR.6T7.M,NLD,2014,37.46842956542969,,
GGR.6T7.M,NLD,2015,40.72206878662109,,
GGR.6T7.M,NLD,2016,40.47225952148438,,
GGR.6T7.M,NLD,2017,42.5495491027832,,
GGR.6T7.M,NLD,2018,42.89474868774414,,
GGR.6T7.M,NLD,2019,42.56264114379883,,
GGR.6T7.M,NLD,2020,41.13277053833008,,
GGR.6T7.M,NLD,2021,44.08821105957031,,
GGR.6T7.M,NLD,2022,39.43069839477539,,
GGR.6T7.M,NLD,2023,41.87063980102539,,
GGR.6T7.M,NOR,2000,28.11537933349609,,
GGR.6T7.M,NOR,2001,33.16876983642578,,
GGR.6T7.M,NOR,2002,29.74502944946289,,
GGR.6T7.M,NOR,2003,30.02849006652832,,
GGR.6T7.M,NOR,2004,33.79800033569336,,
GGR.6T7.M,NOR,2005,31.2873592376709,,
GGR.6T7.M,NOR,2006,33.97517013549805,,
GGR.6T7.M,NOR,2007,33.81478118896484,,
GGR.6T7.M,NOR,2008,35.03591156005859,,
GGR.6T7.M,NOR,2009,32.97602081298828,,
GGR.6T7.M,NOR,2010,34.75082015991211,,
GGR.6T7.M,NOR,2011,34.13301086425781,,
GGR.6T7.M,NOR,2012,33.2841911315918,,
GGR.6T7.M,NOR,2013,33.32476043701172,,
GGR.6T7.M,NOR,2014,35.1159782409668,,
GGR.6T7.M,NOR,2015,35.61643981933594,,
GGR.6T7.M,NOR,2016,36.30517959594727,,
GGR.6T7.M,NOR,2017,41.3644905090332,,
GGR.6T7.M,NOR,2018,41.61473083496094,,
GGR.6T7.M,NOR,2019,43.24959182739258,,
GGR.6T7.M,NOR,2020,44.73226928710938,,
GGR.6T7.M,NOR,2021,47.58472061157227,,
GGR.6T7.M,NOR,2022,44.69897842407227,,
GGR.6T7.M,NOR,2023,45.70529174804688,,
GGR.6T7.M,NPL,2013,10.61515998840332,,
GGR.6T7.M,NZL,2005,36.28094100952148,,
GGR.6T7.M,NZL,2013,41.9852294921875,,
GGR.6T7.M,NZL,2014,42.12247085571289,,
GGR.6T7.M,NZL,2015,44.07600021362305,,
GGR.6T7.M,NZL,2016,41.66432952880859,,
GGR.6T7.M,NZL,2017,43.72119140625,,
GGR.6T7.M,NZL,2018,35.15652084350586,,
GGR.6T7.M,NZL,2019,43.17390823364258,,
GGR.6T7.M,NZL,2020,30.42966079711914,,
GGR.6T7.M,NZL,2021,29.85108947753906,,
GGR.6T7.M,NZL,2022,28.80660057067871,,
GGR.6T7.M,NZL,2023,29.46776008605957,,
GGR.6T7.M,OMN,2007,9.444560050964355,,
GGR.6T7.M,OMN,2009,4.740699768066406,,
GGR.6T7.M,OMN,2010,11.14688968658447,,
GGR.6T7.M,OMN,2013,7.697810173034668,,
GGR.6T7.M,OMN,2014,9.478449821472168,,
GGR.6T7.M,OMN,2015,11.54640007019043,,
GGR.6T7.M,OMN,2016,9.74800968170166,,
GGR.6T7.M,OMN,2017,9.873040199279785,,
GGR.6T7.M,OMN,2018,12.07462978363037,,
GGR.6T7.M,OMN,2019,12.68111991882324,,
GGR.6T7.M,OMN,2020,14.01249980926514,,
GGR.6T7.M,OMN,2021,14.00868034362793,,
GGR.6T7.M,PAN,2002,13.36734962463379,,
GGR.6T7.M,PAN,2003,24.81612014770508,,
GGR.6T7.M,PAN,2004,12.97770023345947,,
GGR.6T7.M,PAN,2005,12.00347995758057,,
GGR.6T7.M,PAN,2006,13.68881988525391,,
GGR.6T7.M,PAN,2007,13.20541954040527,,
GGR.6T7.M,PAN,2008,14.21903991699219,,
GGR.6T7.M,PAN,2009,14.66057968139648,,
GGR.6T7.M,PAN,2010,15.22492027282715,,
GGR.6T7.M,PAN,2012,15.67772006988525,,
GGR.6T7.M,PAN,2013,15.98970031738281,,
GGR.6T7.M,PAN,2014,16.33028030395508,,
GGR.6T7.M,PAN,2015,15.83376026153564,,
GGR.6T7.M,PAN,2016,16.45330047607422,,
GGR.6T7.M,PAN,2020,9.551910400390625,,
GGR.6T7.M,PHL,2001,13.2340202331543,,
GGR.6T7.M,PHL,2002,13.77143001556396,,
GGR.6T7.M,PHL,2004,15.31659030914307,,
GGR.6T7.M,PHL,2005,13.25706958770752,,
GGR.6T7.M,PHL,2006,13.7535400390625,,
GGR.6T7.M,POL,2001,29.86021995544434,,
GGR.6T7.M,POL,2002,31.25444984436035,,
GGR.6T7.M,POL,2003,32.85810089111328,,
GGR.6T7.M,POL,2004,32.23955154418945,,
GGR.6T7.M,POL,2005,31.41061019897461,,
GGR.6T7.M,POL,2006,31.23811912536621,,
GGR.6T7.M,POL,2007,33.69919967651367,,
GGR.6T7.M,POL,2008,35.70576095581055,,
GGR.6T7.M,POL,2009,39.03115081787109,,
GGR.6T7.M,POL,2010,44.41963958740234,,
GGR.6T7.M,POL,2011,45.73904037475586,,
GGR.6T7.M,POL,2012,42.24876022338867,,
GGR.6T7.M,POL,2013,37.06589889526367,,
GGR.6T7.M,POL,2014,34.88619995117188,,
GGR.6T7.M,POL,2015,34.83644104003906,,
GGR.6T7.M,POL,2017,36.90666961669922,,
GGR.6T7.M,POL,2018,34.41767883300781,,
GGR.6T7.M,POL,2019,33.93878173828125,,
GGR.6T7.M,POL,2020,33.9706916809082,,
GGR.6T7.M,POL,2021,36.69855880737305,,
GGR.6T7.M,POL,2022,38.10887908935547,,
GGR.6T7.M,POL,2023,39.29257965087891,,
GGR.6T7.M,PRK,2015,27.57781982421875,,
GGR.6T7.M,PRK,2018,28.59929084777832,,
GGR.6T7.M,PRT,2004,21.66790008544922,,
GGR.6T7.M,PRT,2005,23.55898094177246,,
GGR.6T7.M,PRT,2006,24.77874946594238,,
GGR.6T7.M,PRT,2007,39.21704864501953,,
GGR.6T7.M,PRT,2008,43.78577041625977,,
GGR.6T7.M,PRT,2009,38.41445159912109,,
GGR.6T7.M,PRT,2010,35.94401931762695,,
GGR.6T7.M,PRT,2011,36.07529067993164,,
GGR.6T7.M,PRT,2012,35.43841934204102,,
GGR.6T7.M,PRT,2013,42.65634918212891,,
GGR.6T7.M,PRT,2014,41.12664031982422,,
GGR.6T7.M,PRT,2015,41.21456146240234,,
GGR.6T7.M,PRT,2016,42.63872909545898,,
GGR.6T7.M,PRT,2017,43.0555305480957,,
GGR.6T7.M,PRT,2019,43.26691055297852,,
GGR.6T7.M,PRT,2020,44.73094940185547,,
GGR.6T7.M,PRT,2021,45.20098876953125,,
GGR.6T7.M,PRT,2022,41.06586074829102,,
GGR.6T7.M,PRT,2023,44.99776077270508,,
GGR.6T7.M,PSE,2000,13.73910999298096,,
GGR.6T7.M,PSE,2001,15.39303970336914,,
GGR.6T7.M,PSE,2003,14.58677959442139,,
GGR.6T7.M,PSE,2004,13.81820011138916,,
GGR.6T7.M,PSE,2007,18.84996032714844,,
GGR.6T7.M,PSE,2008,20.47447967529297,,
GGR.6T7.M,PSE,2009,21.48266983032227,,
GGR.6T7.M,PSE,2010,21.27924919128418,,
GGR.6T7.M,PSE,2011,22.05780029296875,,
GGR.6T7.M,PSE,2012,22.34691047668457,,
GGR.6T7.M,PSE,2013,22.82500076293945,,
GGR.6T7.M,PSE,2014,23.10391044616699,,
GGR.6T7.M,PSE,2015,24.38594055175781,,
GGR.6T7.M,PSE,2016,26.53948974609375,,
GGR.6T7.M,PSE,2017,27.08029937744141,,
GGR.6T7.M,PSE,2018,29.7847900390625,,
GGR.6T7.M,PSE,2019,26.12104988098145,,
GGR.6T7.M,PSE,2020,24.41876029968262,,
GGR.6T7.M,PSE,2021,24.03313064575195,,
GGR.6T7.M,PSE,2022,26.42703056335449,,
GGR.6T7.M,PSE,2023,23.83724975585938,,
GGR.6T7.M,QAT,2001,6.128469944000244,,
GGR.6T7.M,QAT,2002,5.065149784088135,,
GGR.6T7.M,QAT,2003,5.209080219268799,,
GGR.6T7.M,QAT,2007,1.75504994392395,,
GGR.6T7.M,QAT,2008,1.64300000667572,,
GGR.6T7.M,QAT,2010,0.7648000121116638,,
GGR.6T7.M,QAT,2011,1.125859975814819,,
GGR.6T7.M,QAT,2012,1.121090054512024,,
GGR.6T7.M,QAT,2013,1.109449982643127,,
GGR.6T7.M,QAT,2014,1.2534099817276,,
GGR.6T7.M,QAT,2015,1.459280014038086,,
GGR.6T7.M,QAT,2016,1.586580038070679,,
GGR.6T7.M,QAT,2017,1.963240027427673,,
GGR.6T7.M,QAT,2018,1.96016001701355,,
GGR.6T7.M,QAT,2019,1.940790057182312,,
GGR.6T7.M,QAT,2020,2.05706000328064,,
GGR.6T7.M,QAT,2021,3.294300079345703,,
GGR.6T7.M,QAT,2022,3.827209949493408,,
GGR.6T7.M,ROU,2000,14.37520027160645,,
GGR.6T7.M,ROU,2001,15.12059020996094,,
GGR.6T7.M,ROU,2002,19.11223983764648,,
GGR.6T7.M,ROU,2003,21.93707084655762,,
GGR.6T7.M,ROU,2004,23.6901798248291,,
GGR.6T7.M,ROU,2005,23.94914054870605,,
GGR.6T7.M,ROU,2006,25.2492504119873,,
GGR.6T7.M,ROU,2007,28.40759086608887,,
GGR.6T7.M,ROU,2008,51.36407089233398,,
GGR.6T7.M,ROU,2009,56.55255126953125,,
GGR.6T7.M,ROU,2010,47.52663040161133,,
GGR.6T7.M,ROU,2011,44.51890182495117,,
GGR.6T7.M,ROU,2013,33.70475006103516,,
GGR.6T7.M,ROU,2014,32.78070068359375,,
GGR.6T7.M,ROU,2015,31.6355094909668,,
GGR.6T7.M,ROU,2016,30.73708915710449,,
GGR.6T7.M,ROU,2019,34.55123138427734,,
GGR.6T7.M,ROU,2020,34.57627105712891,,
GGR.6T7.M,ROU,2021,34.88972091674805,,
GGR.6T7.M,ROU,2022,34.7899284362793,,
GGR.6T7.M,ROU,2023,35.12715148925781,,
GGR.6T7.M,RUS,2012,46.31060028076172,,
GGR.6T7.M,RUS,2015,52.41479873657227,,
GGR.6T7.M,RUS,2016,65.98554992675781,,
GGR.6T7.M,RUS,2017,60.3543586730957,,
GGR.6T7.M,RUS,2018,46.05382919311523,,
GGR.6T7.M,RUS,2019,43.92615127563477,,
GGR.6T7.M,RWA,2004,1.439030051231384,,
GGR.6T7.M,RWA,2013,3.847620010375977,,
GGR.6T7.M,RWA,2017,8.75391960144043,,
GGR.6T7.M,RWA,2018,7.959790229797363,,
GGR.6T7.M,RWA,2019,6.2671799659729,,
GGR.6T7.M,RWA,2020,7.469610214233398,,
GGR.6T7.M,RWA,2022,6.583280086517334,,
GGR.6T7.M,RWA,2023,7.433710098266602,,
GGR.6T7.M,RWA,2024,7.737730026245117,,
GGR.6T7.M,SAU,2000,12.92144966125488,,
GGR.6T7.M,SAU,2001,12.94849014282227,,
GGR.6T7.M,SAU,2002,12.31824016571045,,
GGR.6T7.M,SAU,2003,10.64194965362549,,
GGR.6T7.M,SAU,2004,9.915550231933594,,
GGR.6T7.M,SAU,2005,7.811649799346924,,
GGR.6T7.M,SAU,2006,7.626999855041504,,
GGR.6T7.M,SAU,2007,7.127570152282715,,
GGR.6T7.M,SAU,2008,6.894680023193359,,
GGR.6T7.M,SAU,2009,7.331250190734863,,
GGR.6T7.M,SAU,2010,7.510900020599365,,
GGR.6T7.M,SAU,2011,6.535719871520996,,
GGR.6T7.M,SAU,2012,7.410860061645508,,
GGR.6T7.M,SAU,2013,9.56460952758789,,
GGR.6T7.M,SAU,2014,11.15355968475342,,
GGR.6T7.M,SAU,2015,15.60620021820068,,
GGR.6T7.M,SAU,2016,19.22384071350098,,
GGR.6T7.M,SAU,2017,24.03628921508789,,
GGR.6T7.M,SAU,2018,31.05327987670898,,
GGR.6T7.M,SAU,2019,30.63479995727539,,
GGR.6T7.M,SAU,2020,32.33145904541016,,
GGR.6T7.M,SAU,2021,35.93606185913086,,
GGR.6T7.M,SAU,2022,26.51483917236328,,
GGR.6T7.M,SDG: Australia and New Zealand,2000,41.90415954589844,,
GGR.6T7.M,SDG: Australia and New Zealand,2001,43.66773986816406,,
GGR.6T7.M,SDG: Australia and New Zealand,2002,46.47256851196289,,
GGR.6T7.M,SDG: Australia and New Zealand,2003,37.89599990844727,,
GGR.6T7.M,SDG: Australia and New Zealand,2004,43.97790145874023,UIS_EST,
GGR.6T7.M,SDG: Australia and New Zealand,2005,47.27383041381836,,
GGR.6T7.M,SDG: Australia and New Zealand,2006,46.97763824462891,,
GGR.6T7.M,SDG: Australia and New Zealand,2007,46.57986068725586,,
GGR.6T7.M,SDG: Australia and New Zealand,2008,46.84062957763672,,
GGR.6T7.M,SDG: Australia and New Zealand,2009,47.52706909179688,,
GGR.6T7.M,SDG: Australia and New Zealand,2010,48.01612854003906,,
GGR.6T7.M,SDG: Australia and New Zealand,2011,50.07437133789063,,
GGR.6T7.M,SDG: Australia and New Zealand,2012,55.89418029785156,UIS_EST,
GGR.6T7.M,SDG: Australia and New Zealand,2013,59.17264175415039,,
GGR.6T7.M,SDG: Australia and New Zealand,2014,59.14305114746094,,
GGR.6T7.M,SDG: Australia and New Zealand,2015,47.32081985473633,,
GGR.6T7.M,SDG: Australia and New Zealand,2016,47.36259078979492,UIS_EST,
GGR.6T7.M,SDG: Australia and New Zealand,2017,48.20423889160156,,
GGR.6T7.M,SDG: Australia and New Zealand,2018,47.77724838256836,,
GGR.6T7.M,SDG: Australia and New Zealand,2019,49.0617790222168,,
GGR.6T7.M,SDG: Australia and New Zealand,2020,48.15391159057617,,
GGR.6T7.M,SDG: Australia and New Zealand,2021,53.12936019897461,,
GGR.6T7.M,SDG: Australia and New Zealand,2022,52.83478164672852,,
GGR.6T7.M,SDG: Australia and New Zealand,2023,49.19483184814453,,
GGR.6T7.M,SDG: Australia and New Zealand,2024,49.19483184814453,UIS_EST,
GGR.6T7.M,SDG: Central Asia,2000,10.9963903427124,UIS_EST,
GGR.6T7.M,SDG: Central Asia,2001,12.31241989135742,UIS_EST,
GGR.6T7.M,SDG: Central Asia,2002,13.04374027252197,UIS_EST,
GGR.6T7.M,SDG: Central Asia,2003,13.65762996673584,UIS_EST,
GGR.6T7.M,SDG: Central Asia,2004,17.26205062866211,UIS_EST,
GGR.6T7.M,SDG: Central Asia,2005,16.21200942993164,UIS_EST,
GGR.6T7.M,SDG: Central Asia,2006,18.88647079467773,,
GGR.6T7.M,SDG: Central Asia,2007,19.0381908416748,UIS_EST,
GGR.6T7.M,SDG: Central Asia,2008,21.15619087219238,UIS_EST,
GGR.6T7.M,SDG: Central Asia,2009,21.70310974121094,,
GGR.6T7.M,SDG: Central Asia,2010,21.16061019897461,UIS_EST,
GGR.6T7.M,SDG: Central Asia,2011,21.30287933349609,UIS_EST,
GGR.6T7.M,SDG: Central Asia,2012,19.97105026245117,UIS_EST,
GGR.6T7.M,SDG: Central and Southern Asia,2012,24.99227905273438,UIS_EST,
GGR.6T7.M,SDG: Central and Southern Asia,2013,25.78932952880859,,
GGR.6T7.M,SDG: Central and Southern Asia,2014,21.76029014587402,,
GGR.6T7.M,SDG: Central and Southern Asia,2015,23.57863998413086,,
GGR.6T7.M,SDG: Central and Southern Asia,2016,24.35730934143066,,
GGR.6T7.M,SDG: Central and Southern Asia,2017,23.02252006530762,,
GGR.6T7.M,SDG: Central and Southern Asia,2018,22.56645011901855,,
GGR.6T7.M,SDG: Central and Southern Asia,2019,21.75271034240723,,
GGR.6T7.M,SDG: Central and Southern Asia,2020,23.99184036254883,,
GGR.6T7.M,SDG: Central and Southern Asia,2021,20.6086597442627,,
GGR.6T7.M,SDG: Central and Southern Asia,2022,23.03298950195313,,
GGR.6T7.M,SDG: Central and Southern Asia,2023,23.04184913635254,,
GGR.6T7.M,SDG: Central and Southern Asia,2024,23.04891014099121,UIS_EST,
GGR.6T7.M,SDG: Eastern Asia,2004,12.35902976989746,UIS_EST,
GGR.6T7.M,SDG: Eastern Asia,2005,12.9868803024292,UIS_EST,
GGR.6T7.M,SDG: Eastern Asia,2006,13.75574970245361,UIS_EST,
GGR.6T7.M,SDG: Eastern Asia,2007,16.12923049926758,UIS_EST,
GGR.6T7.M,SDG: Eastern Asia,2008,16.66702079772949,UIS_EST,
GGR.6T7.M,SDG: Eastern Asia,2009,16.20972061157227,UIS_EST,
GGR.6T7.M,SDG: Eastern Asia,2010,15.96119022369385,UIS_EST,
GGR.6T7.M,SDG: Eastern Asia,2011,16.6490592956543,UIS_EST,
GGR.6T7.M,SDG: Eastern Asia,2012,17.14089965820313,UIS_EST,
GGR.6T7.M,SDG: Eastern Asia,2013,17.65184020996094,,
GGR.6T7.M,SDG: Eastern Asia,2014,24.23217010498047,,
GGR.6T7.M,SDG: Eastern Asia,2015,27.21571922302246,,
GGR.6T7.M,SDG: Eastern Asia,2016,29.03607940673828,,
GGR.6T7.M,SDG: Eastern Asia,2017,30.56805992126465,,
GGR.6T7.M,SDG: Eastern Asia,2018,30.85614967346191,,
GGR.6T7.M,SDG: Eastern Asia,2019,30.67159080505371,,
GGR.6T7.M,SDG: Eastern Asia,2020,32.20634078979492,,
GGR.6T7.M,SDG: Eastern Asia,2021,35.1944694519043,,
GGR.6T7.M,SDG: Eastern Asia,2022,37.82003021240234,,
GGR.6T7.M,SDG: Eastern Asia,2023,40.25205993652344,,
GGR.6T7.M,SDG: Eastern Asia,2024,45.46844863891602,,
GGR.6T7.M,SDG: Eastern and South-Eastern Asia,2004,12.23320007324219,UIS_EST,
GGR.6T7.M,SDG: Eastern and South-Eastern Asia,2005,12.42189025878906,UIS_EST,
GGR.6T7.M,SDG: Eastern and South-Eastern Asia,2006,13.01842975616455,UIS_EST,
GGR.6T7.M,SDG: Eastern and South-Eastern Asia,2007,14.81266975402832,UIS_EST,
GGR.6T7.M,SDG: Eastern and South-Eastern Asia,2008,15.45973014831543,UIS_EST,
GGR.6T7.M,SDG: Eastern and South-Eastern Asia,2009,15.24343967437744,UIS_EST,
GGR.6T7.M,SDG: Eastern and South-Eastern Asia,2010,15.29860019683838,UIS_EST,
GGR.6T7.M,SDG: Eastern and South-Eastern Asia,2011,15.60799980163574,UIS_EST,
GGR.6T7.M,SDG: Eastern and South-Eastern Asia,2012,16.54265975952148,UIS_EST,
GGR.6T7.M,SDG: Eastern and South-Eastern Asia,2013,16.73726081848145,,
GGR.6T7.M,SDG: Eastern and South-Eastern Asia,2014,21.27187919616699,,
GGR.6T7.M,SDG: Eastern and South-Eastern Asia,2015,23.50032997131348,,
GGR.6T7.M,SDG: Eastern and South-Eastern Asia,2016,24.75275993347168,,
GGR.6T7.M,SDG: Eastern and South-Eastern Asia,2017,25.73998069763184,,
GGR.6T7.M,SDG: Eastern and South-Eastern Asia,2018,26.19216918945313,,
GGR.6T7.M,SDG: Eastern and South-Eastern Asia,2019,26.05261993408203,,
GGR.6T7.M,SDG: Eastern and South-Eastern Asia,2020,27.08336067199707,,
GGR.6T7.M,SDG: Eastern and South-Eastern Asia,2021,29.25876045227051,,
GGR.6T7.M,SDG: Eastern and South-Eastern Asia,2022,31.08131980895996,,
GGR.6T7.M,SDG: Eastern and South-Eastern Asia,2023,32.52040100097656,,
GGR.6T7.M,SDG: Eastern and South-Eastern Asia,2024,35.83691024780273,UIS_EST,
GGR.6T7.M,SDG: Europe,2000,23.4788703918457,UIS_EST,
GGR.6T7.M,SDG: Europe,2001,24.04874038696289,UIS_EST,
GGR.6T7.M,SDG: Europe,2002,25.26339912414551,,
GGR.6T7.M,SDG: Europe,2003,26.99087905883789,,
GGR.6T7.M,SDG: Europe,2004,28.37122917175293,,
GGR.6T7.M,SDG: Europe,2005,29.40761947631836,,
GGR.6T7.M,SDG: Europe,2006,29.94556045532227,,
GGR.6T7.M,SDG: Europe,2007,31.4527702331543,,
GGR.6T7.M,SDG: Europe,2008,33.49147033691406,,
GGR.6T7.M,SDG: Europe,2009,34.08663940429688,,
GGR.6T7.M,SDG: Europe,2010,34.78570938110352,UIS_EST,
GGR.6T7.M,SDG: Europe,2011,35.82791900634766,UIS_EST,
GGR.6T7.M,SDG: Europe,2012,35.57461929321289,,
GGR.6T7.M,SDG: Europe,2013,36.48062896728516,UIS_EST,
GGR.6T7.M,SDG: Europe,2014,38.27455902099609,UIS_EST,
GGR.6T7.M,SDG: Europe,2015,38.92097854614258,,
GGR.6T7.M,SDG: Europe,2016,41.15201950073242,,
GGR.6T7.M,SDG: Europe,2017,40.55472183227539,,
GGR.6T7.M,SDG: Europe,2018,38.44580078125,,
GGR.6T7.M,SDG: Europe,2019,39.2960205078125,,
GGR.6T7.M,SDG: Europe,2020,39.96749114990234,,
GGR.6T7.M,SDG: Europe,2021,40.69269943237305,,
GGR.6T7.M,SDG: Europe,2022,39.85234832763672,,
GGR.6T7.M,SDG: Europe,2023,41.24018096923828,,
GGR.6T7.M,SDG: Europe,2024,41.00347900390625,UIS_EST,
GGR.6T7.M,SDG: Europe and Northern America,2000,24.74715042114258,UIS_EST,
GGR.6T7.M,SDG: Europe and Northern America,2001,25.46342086791992,UIS_EST,
GGR.6T7.M,SDG: Europe and Northern America,2002,25.86302947998047,UIS_EST,
GGR.6T7.M,SDG: Europe and Northern America,2003,27.6204891204834,UIS_EST,
GGR.6T7.M,SDG: Europe and Northern America,2004,28.21116065979004,UIS_EST,
GGR.6T7.M,SDG: Europe and Northern America,2005,29.67938041687012,UIS_EST,
GGR.6T7.M,SDG: Europe and Northern America,2006,29.75785064697266,UIS_EST,
GGR.6T7.M,SDG: Europe and Northern America,2007,31.34800910949707,UIS_EST,
GGR.6T7.M,SDG: Europe and Northern America,2008,32.54983139038086,UIS_EST,
GGR.6T7.M,SDG: Europe and Northern America,2009,33.20098876953125,UIS_EST,
GGR.6T7.M,SDG: Europe and Northern America,2010,33.77352142333984,UIS_EST,
GGR.6T7.M,SDG: Europe and Northern America,2011,34.84553909301758,UIS_EST,
GGR.6T7.M,SDG: Europe and Northern America,2012,34.50915145874023,,
GGR.6T7.M,SDG: Europe and Northern America,2013,35.05337905883789,UIS_EST,
GGR.6T7.M,SDG: Europe and Northern America,2014,36.29978179931641,UIS_EST,
GGR.6T7.M,SDG: Europe and Northern America,2015,36.69688034057617,UIS_EST,
GGR.6T7.M,SDG: Europe and Northern America,2016,37.85671997070313,UIS_EST,
GGR.6T7.M,SDG: Europe and Northern America,2017,37.54922866821289,UIS_EST,
GGR.6T7.M,SDG: Europe and Northern America,2018,36.18355941772461,UIS_EST,
GGR.6T7.M,SDG: Europe and Northern America,2019,36.83456039428711,,
GGR.6T7.M,SDG: Europe and Northern America,2020,37.77186965942383,UIS_EST,
GGR.6T7.M,SDG: Europe and Northern America,2021,38.17615127563477,UIS_EST,
GGR.6T7.M,SDG: Europe and Northern America,2022,37.64184951782227,UIS_EST,
GGR.6T7.M,SDG: Europe and Northern America,2023,38.4942512512207,UIS_EST,
GGR.6T7.M,SDG: Europe and Northern America,2024,38.54095840454102,UIS_EST,
GGR.6T7.M,"SDG: Europe, Northern America, Australia and New Zealand",2000,25.1086597442627,UIS_EST,
GGR.6T7.M,"SDG: Europe, Northern America, Australia and New Zealand",2001,25.85280990600586,UIS_EST,
GGR.6T7.M,"SDG: Europe, Northern America, Australia and New Zealand",2002,26.31225967407227,UIS_EST,
GGR.6T7.M,"SDG: Europe, Northern America, Australia and New Zealand",2003,27.84795951843262,UIS_EST,
GGR.6T7.M,"SDG: Europe, Northern America, Australia and New Zealand",2004,28.56897926330566,UIS_EST,
GGR.6T7.M,"SDG: Europe, Northern America, Australia and New Zealand",2005,30.07308006286621,UIS_EST,
GGR.6T7.M,"SDG: Europe, Northern America, Australia and New Zealand",2006,30.14679908752441,UIS_EST,
GGR.6T7.M,"SDG: Europe, Northern America, Australia and New Zealand",2007,31.7006893157959,UIS_EST,
GGR.6T7.M,"SDG: Europe, Northern America, Australia and New Zealand",2008,32.88697052001953,UIS_EST,
GGR.6T7.M,"SDG: Europe, Northern America, Australia and New Zealand",2009,33.55213928222656,UIS_EST,
GGR.6T7.M,"SDG: Europe, Northern America, Australia and New Zealand",2010,34.13195037841797,UIS_EST,
GGR.6T7.M,"SDG: Europe, Northern America, Australia and New Zealand",2011,35.23622131347656,UIS_EST,
GGR.6T7.M,"SDG: Europe, Northern America, Australia and New Zealand",2012,35.05466079711914,UIS_EST,
GGR.6T7.M,"SDG: Europe, Northern America, Australia and New Zealand",2013,35.65805816650391,UIS_EST,
GGR.6T7.M,"SDG: Europe, Northern America, Australia and New Zealand",2014,36.90224838256836,UIS_EST,
GGR.6T7.M,"SDG: Europe, Northern America, Australia and New Zealand",2015,36.99240112304688,UIS_EST,
GGR.6T7.M,"SDG: Europe, Northern America, Australia and New Zealand",2016,38.13531112670898,UIS_EST,
GGR.6T7.M,"SDG: Europe, Northern America, Australia and New Zealand",2017,37.8631591796875,UIS_EST,
GGR.6T7.M,"SDG: Europe, Northern America, Australia and New Zealand",2018,36.52674865722656,UIS_EST,
GGR.6T7.M,"SDG: Europe, Northern America, Australia and New Zealand",2019,37.20650863647461,,
GGR.6T7.M,"SDG: Europe, Northern America, Australia and New Zealand",2020,38.08795928955078,UIS_EST,
GGR.6T7.M,"SDG: Europe, Northern America, Australia and New Zealand",2021,38.62395095825195,UIS_EST,
GGR.6T7.M,"SDG: Europe, Northern America, Australia and New Zealand",2022,38.09017181396484,UIS_EST,
GGR.6T7.M,"SDG: Europe, Northern America, Australia and New Zealand",2023,38.81494140625,UIS_EST,
GGR.6T7.M,"SDG: Europe, Northern America, Australia and New Zealand",2024,38.86059951782227,UIS_EST,
GGR.6T7.M,SDG: Landlocked Developing Countries,2000,5.742179870605469,UIS_EST,
GGR.6T7.M,SDG: Landlocked Developing Countries,2001,6.245029926300049,UIS_EST,
GGR.6T7.M,SDG: Landlocked Developing Countries,2002,6.34237003326416,UIS_EST,
GGR.6T7.M,SDG: Landlocked Developing Countries,2003,6.725520133972168,UIS_EST,
GGR.6T7.M,SDG: Landlocked Developing Countries,2004,7.611370086669922,UIS_EST,
GGR.6T7.M,SDG: Landlocked Developing Countries,2005,7.233339786529541,UIS_EST,
GGR.6T7.M,SDG: Landlocked Developing Countries,2006,7.776179790496826,UIS_EST,
GGR.6T7.M,SDG: Landlocked Developing Countries,2007,8.110269546508789,UIS_EST,
GGR.6T7.M,SDG: Landlocked Developing Countries,2008,9.078450202941895,UIS_EST,
GGR.6T7.M,SDG: Landlocked Developing Countries,2009,9.283340454101562,UIS_EST,
GGR.6T7.M,SDG: Landlocked Developing Countries,2010,9.648209571838379,UIS_EST,
GGR.6T7.M,SDG: Landlocked Developing Countries,2011,9.297860145568848,UIS_EST,
GGR.6T7.M,SDG: Landlocked Developing Countries,2012,9.070719718933105,UIS_EST,
GGR.6T7.M,SDG: Landlocked Developing Countries,2013,8.809309959411621,UIS_EST,
GGR.6T7.M,SDG: Latin America and the Caribbean,2000,14.53520011901855,UIS_EST,
GGR.6T7.M,SDG: Latin America and the Caribbean,2001,15.04251956939697,UIS_EST,
GGR.6T7.M,SDG: Latin America and the Caribbean,2002,10.38360023498535,,
GGR.6T7.M,SDG: Latin America and the Caribbean,2003,11.14192962646484,,
GGR.6T7.M,SDG: Latin America and the Caribbean,2004,11.92975997924805,UIS_EST,
GGR.6T7.M,SDG: Latin America and the Caribbean,2005,12.3299503326416,UIS_EST,
GGR.6T7.M,SDG: Latin America and the Caribbean,2006,16.14011001586914,UIS_EST,
GGR.6T7.M,SDG: Latin America and the Caribbean,2007,13.51753044128418,,
GGR.6T7.M,SDG: Latin America and the Caribbean,2008,14.19517993927002,,
GGR.6T7.M,SDG: Latin America and the Caribbean,2009,14.96173000335693,,
GGR.6T7.M,SDG: Latin America and the Caribbean,2010,15.0234899520874,UIS_EST,
GGR.6T7.M,SDG: Latin America and the Caribbean,2011,15.79986000061035,,
GGR.6T7.M,SDG: Latin America and the Caribbean,2012,16.02234077453613,UIS_EST,
GGR.6T7.M,SDG: Latin America and the Caribbean,2013,17.90539932250977,UIS_EST,
GGR.6T7.M,SDG: Latin America and the Caribbean,2014,17.60099983215332,UIS_EST,
GGR.6T7.M,SDG: Latin America and the Caribbean,2015,18.08066940307617,UIS_EST,
GGR.6T7.M,SDG: Latin America and the Caribbean,2016,18.94687080383301,UIS_EST,
GGR.6T7.M,SDG: Latin America and the Caribbean,2017,19.24868965148926,UIS_EST,
GGR.6T7.M,SDG: Latin America and the Caribbean,2018,18.17688941955566,UIS_EST,
GGR.6T7.M,SDG: Latin America and the Caribbean,2019,20.06863021850586,UIS_EST,
GGR.6T7.M,SDG: Latin America and the Caribbean,2020,19.59931945800781,UIS_EST,
GGR.6T7.M,SDG: Latin America and the Caribbean,2021,20.80983924865723,UIS_EST,
GGR.6T7.M,SDG: Latin America and the Caribbean,2022,21.24300003051758,UIS_EST,
GGR.6T7.M,SDG: Least Developed Countries,2001,4.66834020614624,UIS_EST,
GGR.6T7.M,SDG: Least Developed Countries,2002,4.908520221710205,UIS_EST,
GGR.6T7.M,SDG: Least Developed Countries,2003,5.106780052185059,UIS_EST,
GGR.6T7.M,SDG: Least Developed Countries,2004,5.24882984161377,UIS_EST,
GGR.6T7.M,SDG: Least Developed Countries,2007,5.257390022277832,UIS_EST,
GGR.6T7.M,SDG: Least Developed Countries,2009,5.653429985046387,UIS_EST,
GGR.6T7.M,SDG: Least Developed Countries,2010,5.906400203704834,UIS_EST,
GGR.6T7.M,SDG: Northern Africa,2000,15.51585960388184,UIS_EST,
GGR.6T7.M,SDG: Northern Africa,2001,16.48941993713379,UIS_EST,
GGR.6T7.M,SDG: Northern Africa,2002,16.04743957519531,UIS_EST,
GGR.6T7.M,SDG: Northern Africa,2003,16.08620071411133,UIS_EST,
GGR.6T7.M,SDG: Northern Africa,2004,16.20735931396484,UIS_EST,
GGR.6T7.M,SDG: Northern Africa,2005,17.24106025695801,UIS_EST,
GGR.6T7.M,SDG: Northern Africa,2006,17.42131996154785,UIS_EST,
GGR.6T7.M,SDG: Northern Africa,2007,17.2903995513916,UIS_EST,
GGR.6T7.M,SDG: Northern Africa,2008,17.34663009643555,UIS_EST,
GGR.6T7.M,SDG: Northern Africa,2009,17.00418090820313,UIS_EST,
GGR.6T7.M,SDG: Northern Africa,2010,17.27355003356934,UIS_EST,
GGR.6T7.M,SDG: Northern Africa,2011,17.46939086914063,UIS_EST,
GGR.6T7.M,SDG: Northern Africa,2012,17.44960021972656,UIS_EST,
GGR.6T7.M,SDG: Northern Africa,2013,17.93804931640625,,
GGR.6T7.M,SDG: Northern Africa,2014,16.97184944152832,UIS_EST,
GGR.6T7.M,SDG: Northern Africa,2015,15.7451696395874,UIS_EST,
GGR.6T7.M,SDG: Northern Africa,2016,14.66217041015625,,
GGR.6T7.M,SDG: Northern Africa,2017,15.50498962402344,UIS_EST,
GGR.6T7.M,SDG: Northern Africa,2018,16.44862937927246,UIS_EST,
GGR.6T7.M,SDG: Northern Africa,2019,18.73052978515625,UIS_EST,
GGR.6T7.M,SDG: Northern Africa,2020,20.28997039794922,UIS_EST,
GGR.6T7.M,SDG: Northern Africa,2021,21.66601943969727,UIS_EST,
GGR.6T7.M,SDG: Northern Africa,2022,22.06421089172363,,
GGR.6T7.M,SDG: Northern Africa,2023,24.58938026428223,,
GGR.6T7.M,SDG: Northern Africa,2024,24.98760032653809,UIS_EST,
GGR.6T7.M,SDG: Northern Africa and Western Asia,2000,12.3576602935791,UIS_EST,
GGR.6T7.M,SDG: Northern Africa and Western Asia,2001,13.29611015319824,UIS_EST,
GGR.6T7.M,SDG: Northern Africa and Western Asia,2002,13.54393005371094,UIS_EST,
GGR.6T7.M,SDG: Northern Africa and Western Asia,2003,13.70318031311035,UIS_EST,
GGR.6T7.M,SDG: Northern Africa and Western Asia,2004,13.62372016906738,,
GGR.6T7.M,SDG: Northern Africa and Western Asia,2005,13.90746021270752,UIS_EST,
GGR.6T7.M,SDG: Northern Africa and Western Asia,2006,14.85509967803955,,
GGR.6T7.M,SDG: Northern Africa and Western Asia,2007,15.18935012817383,UIS_EST,
GGR.6T7.M,SDG: Northern Africa and Western Asia,2008,15.6318998336792,UIS_EST,
GGR.6T7.M,SDG: Northern Africa and Western Asia,2009,15.87745952606201,UIS_EST,
GGR.6T7.M,SDG: Northern Africa and Western Asia,2010,16.34310913085938,UIS_EST,
GGR.6T7.M,SDG: Northern Africa and Western Asia,2011,16.2842903137207,UIS_EST,
GGR.6T7.M,SDG: Northern Africa and Western Asia,2012,16.91497993469238,UIS_EST,
GGR.6T7.M,SDG: Northern Africa and Western Asia,2013,17.68917083740234,UIS_EST,
GGR.6T7.M,SDG: Northern Africa and Western Asia,2014,17.81708908081055,UIS_EST,
GGR.6T7.M,SDG: Northern Africa and Western Asia,2015,17.75321960449219,UIS_EST,
GGR.6T7.M,SDG: Northern Africa and Western Asia,2016,17.6517505645752,UIS_EST,
GGR.6T7.M,SDG: Northern Africa and Western Asia,2017,18.52483940124512,UIS_EST,
GGR.6T7.M,SDG: Northern Africa and Western Asia,2018,19.45710945129395,UIS_EST,
GGR.6T7.M,SDG: Northern Africa and Western Asia,2019,20.55937004089355,UIS_EST,
GGR.6T7.M,SDG: Northern Africa and Western Asia,2020,22.29377937316895,UIS_EST,
GGR.6T7.M,SDG: Northern Africa and Western Asia,2021,23.34144020080566,UIS_EST,
GGR.6T7.M,SDG: Northern Africa and Western Asia,2022,21.9027099609375,,
GGR.6T7.M,SDG: Northern Africa and Western Asia,2023,22.97039031982422,UIS_EST,
GGR.6T7.M,SDG: Northern Africa and Western Asia,2024,23.05030059814453,UIS_EST,
GGR.6T7.M,SDG: Northern America,2000,27.82349014282227,UIS_EST,
GGR.6T7.M,SDG: Northern America,2001,28.83523941040039,UIS_EST,
GGR.6T7.M,SDG: Northern America,2002,27.25732040405273,UIS_EST,
GGR.6T7.M,SDG: Northern America,2003,29.00478935241699,UIS_EST,
GGR.6T7.M,SDG: Northern America,2004,27.8609790802002,UIS_EST,
GGR.6T7.M,SDG: Northern America,2005,30.28019905090332,UIS_EST,
GGR.6T7.M,SDG: Northern America,2006,29.34211921691895,UIS_EST,
GGR.6T7.M,SDG: Northern America,2007,31.11676025390625,UIS_EST,
GGR.6T7.M,SDG: Northern America,2008,30.52285003662109,UIS_EST,
GGR.6T7.M,SDG: Northern America,2009,31.29849052429199,UIS_EST,
GGR.6T7.M,SDG: Northern America,2010,31.59181022644043,UIS_EST,
GGR.6T7.M,SDG: Oceania,2000,30.48077011108398,UIS_EST,
GGR.6T7.M,SDG: Oceania,2001,31.68643951416016,UIS_EST,
GGR.6T7.M,SDG: Oceania,2002,33.65187835693359,UIS_EST,
GGR.6T7.M,SDG: Oceania,2003,27.67170906066895,UIS_EST,
GGR.6T7.M,SDG: Oceania,2004,31.94448089599609,UIS_EST,
GGR.6T7.M,SDG: Oceania,2005,34.17665100097656,,
GGR.6T7.M,SDG: Oceania,2006,33.87176895141602,UIS_EST,
GGR.6T7.M,SDG: Oceania,2007,33.36569976806641,UIS_EST,
GGR.6T7.M,SDG: Oceania,2008,33.16986846923828,UIS_EST,
GGR.6T7.M,SDG: Oceania,2009,33.69924926757813,UIS_EST,
GGR.6T7.M,SDG: Oceania,2010,34.15232849121094,UIS_EST,
GGR.6T7.M,SDG: Oceania,2011,34.85831069946289,UIS_EST,
GGR.6T7.M,SDG: Oceania,2012,38.27735900878906,UIS_EST,
GGR.6T7.M,SDG: Oceania,2013,39.9764404296875,,
GGR.6T7.M,SDG: Oceania,2014,39.94126129150391,,
GGR.6T7.M,SDG: Oceania,2015,32.24193954467773,,
GGR.6T7.M,SDG: Oceania,2016,32.29238891601563,UIS_EST,
GGR.6T7.M,SDG: Oceania,2017,32.52532958984375,,
GGR.6T7.M,SDG: Oceania,2018,31.98883056640625,,
GGR.6T7.M,SDG: Oceania,2019,32.79742813110352,,
GGR.6T7.M,SDG: Oceania,2020,31.88088035583496,,
GGR.6T7.M,SDG: Oceania,2021,34.65839004516602,,
GGR.6T7.M,SDG: Oceania,2022,34.29087829589844,,
GGR.6T7.M,SDG: Oceania,2023,31.9608097076416,,
GGR.6T7.M,SDG: Oceania,2024,31.83658981323242,UIS_EST,
GGR.6T7.M,SDG: Small Island Developing States,2011,16.13883972167969,UIS_EST,
GGR.6T7.M,SDG: Small Island Developing States,2012,16.11626052856445,UIS_EST,
GGR.6T7.M,SDG: Small Island Developing States,2013,15.75175952911377,UIS_EST,
GGR.6T7.M,SDG: Small Island Developing States,2014,14.12277030944824,UIS_EST,
GGR.6T7.M,SDG: Small Island Developing States,2015,13.69801998138428,UIS_EST,
GGR.6T7.M,SDG: Small Island Developing States,2016,13.28678035736084,UIS_EST,
GGR.6T7.M,SDG: Small Island Developing States,2017,13.20878982543945,UIS_EST,
GGR.6T7.M,SDG: Small Island Developing States,2018,12.73206996917725,UIS_EST,
GGR.6T7.M,SDG: South-Eastern Asia,2000,10.45104026794434,UIS_EST,
GGR.6T7.M,SDG: South-Eastern Asia,2001,10.55854034423828,,
GGR.6T7.M,SDG: South-Eastern Asia,2002,11.03339958190918,,
GGR.6T7.M,SDG: South-Eastern Asia,2003,12.67716979980469,UIS_EST,
GGR.6T7.M,SDG: South-Eastern Asia,2004,11.94797992706299,,
GGR.6T7.M,SDG: South-Eastern Asia,2005,11.06937026977539,UIS_EST,
GGR.6T7.M,SDG: South-Eastern Asia,2006,11.45345973968506,UIS_EST,
GGR.6T7.M,SDG: South-Eastern Asia,2007,11.89430046081543,UIS_EST,
GGR.6T7.M,SDG: South-Eastern Asia,2008,12.65520000457764,UIS_EST,
GGR.6T7.M,SDG: South-Eastern Asia,2009,12.79819011688232,UIS_EST,
GGR.6T7.M,SDG: South-Eastern Asia,2010,13.52890968322754,UIS_EST,
GGR.6T7.M,SDG: South-Eastern Asia,2011,12.91380977630615,UIS_EST,
GGR.6T7.M,SDG: South-Eastern Asia,2012,14.97257995605469,UIS_EST,
GGR.6T7.M,SDG: South-Eastern Asia,2013,14.30041980743408,UIS_EST,
GGR.6T7.M,SDG: South-Eastern Asia,2014,14.78273010253906,UIS_EST,
GGR.6T7.M,SDG: South-Eastern Asia,2015,15.88704967498779,,
GGR.6T7.M,SDG: South-Eastern Asia,2016,16.28931045532227,UIS_EST,
GGR.6T7.M,SDG: South-Eastern Asia,2017,16.26968955993652,UIS_EST,
GGR.6T7.M,SDG: South-Eastern Asia,2018,17.15757942199707,UIS_EST,
GGR.6T7.M,SDG: South-Eastern Asia,2019,17.28274917602539,UIS_EST,
GGR.6T7.M,SDG: South-Eastern Asia,2020,17.60709953308105,UIS_EST,
GGR.6T7.M,SDG: South-Eastern Asia,2021,18.52545928955078,UIS_EST,
GGR.6T7.M,SDG: South-Eastern Asia,2022,19.12565994262695,,
GGR.6T7.M,SDG: South-Eastern Asia,2023,18.24320983886719,UIS_EST,
GGR.6T7.M,SDG: South-Eastern Asia,2024,18.68547058105469,UIS_EST,
GGR.6T7.M,SDG: Southern Asia,2012,25.19292068481445,UIS_EST,
GGR.6T7.M,SDG: Southern Asia,2013,26.02615928649902,,
GGR.6T7.M,SDG: Southern Asia,2014,21.86532020568848,,
GGR.6T7.M,SDG: Southern Asia,2015,23.71166038513184,,
GGR.6T7.M,SDG: Southern Asia,2016,24.61054992675781,,
GGR.6T7.M,SDG: Southern Asia,2017,23.22139930725098,,
GGR.6T7.M,SDG: Southern Asia,2018,22.69062042236328,,
GGR.6T7.M,SDG: Southern Asia,2019,21.94500923156738,,
GGR.6T7.M,SDG: Southern Asia,2020,24.19881057739258,,
GGR.6T7.M,SDG: Southern Asia,2021,20.68386077880859,,
GGR.6T7.M,SDG: Southern Asia,2022,23.14868927001953,,
GGR.6T7.M,SDG: Southern Asia,2023,23.14114952087402,,
GGR.6T7.M,SDG: Southern Asia,2024,23.13817024230957,UIS_EST,
GGR.6T7.M,SDG: Sub-Saharan Africa,2000,2.914459943771362,UIS_EST,
GGR.6T7.M,SDG: Sub-Saharan Africa,2001,3.074569940567017,UIS_EST,
GGR.6T7.M,SDG: Sub-Saharan Africa,2016,3.897680044174194,UIS_EST,
GGR.6T7.M,SDG: Western Asia,2000,9.792539596557617,,
GGR.6T7.M,SDG: Western Asia,2001,10.65662002563477,,
GGR.6T7.M,SDG: Western Asia,2002,11.45979022979736,,
GGR.6T7.M,SDG: Western Asia,2003,11.69923973083496,,
GGR.6T7.M,SDG: Western Asia,2004,11.42737007141113,,
GGR.6T7.M,SDG: Western Asia,2005,11.08143043518066,,
GGR.6T7.M,SDG: Western Asia,2006,12.680100440979,,
GGR.6T7.M,SDG: Western Asia,2007,13.41172981262207,,
GGR.6T7.M,SDG: Western Asia,2008,14.1876802444458,,
GGR.6T7.M,SDG: Western Asia,2009,14.94237995147705,,
GGR.6T7.M,SDG: Western Asia,2010,15.56989002227783,,
GGR.6T7.M,SDG: Western Asia,2011,15.3005895614624,UIS_EST,
GGR.6T7.M,SDG: Western Asia,2012,16.47323036193848,UIS_EST,
GGR.6T7.M,SDG: Western Asia,2013,17.48126983642578,UIS_EST,
GGR.6T7.M,SDG: Western Asia,2014,18.53548049926758,UIS_EST,
GGR.6T7.M,SDG: Western Asia,2015,19.46960067749023,UIS_EST,
GGR.6T7.M,SDG: Western Asia,2016,20.18490982055664,UIS_EST,
GGR.6T7.M,SDG: Western Asia,2017,21.08462905883789,UIS_EST,
GGR.6T7.M,SDG: Western Asia,2018,22.06901931762695,UIS_EST,
GGR.6T7.M,SDG: Western Asia,2019,22.13393020629883,UIS_EST,
GGR.6T7.M,SDG: Western Asia,2020,23.96014022827148,UIS_EST,
GGR.6T7.M,SDG: Western Asia,2021,24.74921035766602,UIS_EST,
GGR.6T7.M,SDG: Western Asia,2022,21.76815986633301,UIS_EST,
GGR.6T7.M,SDG: Western Asia,2023,21.62688064575195,UIS_EST,
GGR.6T7.M,SDG: World,2000,16.34514999389648,UIS_EST,
GGR.6T7.M,SDG: World,2001,16.63726043701172,UIS_EST,
GGR.6T7.M,SDG: World,2002,16.29383087158203,UIS_EST,
GGR.6T7.M,SDG: World,2003,16.71692085266113,UIS_EST,
GGR.6T7.M,SDG: World,2004,16.73711013793945,UIS_EST,
GGR.6T7.M,SDG: World,2005,16.95590019226074,UIS_EST,
GGR.6T7.M,SDG: World,2006,17.68119049072266,UIS_EST,
GGR.6T7.M,SDG: World,2007,18.16473960876465,UIS_EST,
GGR.6T7.M,SDG: World,2008,18.65459060668945,UIS_EST,
GGR.6T7.M,SDG: World,2009,18.68927001953125,UIS_EST,
GGR.6T7.M,SDG: World,2010,18.82661056518555,UIS_EST,
GGR.6T7.M,SDG: World,2011,19.13681983947754,UIS_EST,
GGR.6T7.M,SDG: World,2012,19.44403076171875,UIS_EST,
GGR.6T7.M,SDG: World,2013,19.94017028808594,UIS_EST,
GGR.6T7.M,SDG: World,2014,20.29034996032715,UIS_EST,
GGR.6T7.M,SDG: World,2015,21.38315010070801,UIS_EST,
GGR.6T7.M,SDG: World,2016,22.0373592376709,UIS_EST,
GGR.6T7.M,SDG: World,2017,21.85456085205078,UIS_EST,
GGR.6T7.M,SDG: World,2018,21.61054992675781,UIS_EST,
GGR.6T7.M,SDG: World,2019,21.51852035522461,UIS_EST,
GGR.6T7.M,SDG: World,2020,22.54216957092285,UIS_EST,
GGR.6T7.M,SDG: World,2021,22.17514038085938,UIS_EST,
GGR.6T7.M,SDG: World,2022,23.18181037902832,UIS_EST,
GGR.6T7.M,SDG: World,2023,23.66227912902832,UIS_EST,
GGR.6T7.M,SDG: World,2024,24.27651023864746,UIS_EST,
GGR.6T7.M,SDN,2012,9.767849922180176,,
GGR.6T7.M,SGP,2016,49.57136917114258,,
GGR.6T7.M,SGP,2017,49.55247116088867,,
GGR.6T7.M,SGP,2018,46.53469085693359,,
GGR.6T7.M,SGP,2019,53.76055908203125,,
GGR.6T7.M,SGP,2020,57.63396835327148,,
GGR.6T7.M,SGP,2021,55.05636978149414,,
GGR.6T7.M,SGP,2022,55.65066146850586,,
GGR.6T7.M,SGP,2023,62.04270172119141,,
GGR.6T7.M,SLE,2000,1.672410011291504,,
GGR.6T7.M,SLV,2002,5.786300182342529,,
GGR.6T7.M,SLV,2003,6.985000133514404,,
GGR.6T7.M,SLV,2005,8.329629898071289,,
GGR.6T7.M,SLV,2006,8.426010131835938,,
GGR.6T7.M,SLV,2007,8.901989936828613,,
GGR.6T7.M,SLV,2008,9.048930168151855,,
GGR.6T7.M,SLV,2009,8.831040382385254,,
GGR.6T7.M,SLV,2010,8.724749565124512,,
GGR.6T7.M,SLV,2011,9.837679862976074,,
GGR.6T7.M,SLV,2012,10.22630023956299,,
GGR.6T7.M,SLV,2013,9.700200080871582,,
GGR.6T7.M,SLV,2014,9.2360200881958,,
GGR.6T7.M,SLV,2015,9.998510360717773,,
GGR.6T7.M,SLV,2016,9.630960464477539,,
GGR.6T7.M,SLV,2017,10.28884983062744,,
GGR.6T7.M,SLV,2018,11.24120044708252,,
GGR.6T7.M,SLV,2019,10.67146015167236,,
GGR.6T7.M,SMR,2018,37.57575988769531,,
GGR.6T7.M,SMR,2020,49.72375869750977,,
GGR.6T7.M,SMR,2021,48.10810852050781,,
GGR.6T7.M,SMR,2022,56.14973068237305,,
GGR.6T7.M,SMR,2023,45.25139999389648,,
GGR.6T7.M,SMR,2024,50,,
GGR.6T7.M,SRB,2010,24.32415962219238,,
GGR.6T7.M,SRB,2011,19.06113052368164,,
GGR.6T7.M,SRB,2012,18.89185905456543,,
GGR.6T7.M,SUR,2021,1.588189959526062,,
GGR.6T7.M,SVK,2000,19.69231986999512,,
GGR.6T7.M,SVK,2001,23.44676971435547,,
GGR.6T7.M,SVK,2002,20.59754943847656,,
GGR.6T7.M,SVK,2003,22.54095077514648,,
GGR.6T7.M,SVK,2004,24.37019920349121,,
GGR.6T7.M,SVK,2005,25.60306930541992,,
GGR.6T7.M,SVK,2006,26.13872909545898,,
GGR.6T7.M,SVK,2007,27.20088958740234,,
GGR.6T7.M,SVK,2008,38.36297988891602,,
GGR.6T7.M,SVK,2009,42.48030853271484,,
GGR.6T7.M,SVK,2010,34.38862991333008,,
GGR.6T7.M,SVK,2011,33.28990936279297,,
GGR.6T7.M,SVK,2012,32.92166137695313,,
GGR.6T7.M,SVK,2013,31.36971092224121,,
GGR.6T7.M,SVK,2014,29.96710014343262,,
GGR.6T7.M,SVK,2015,28.84959030151367,,
GGR.6T7.M,SVK,2017,26.18408012390137,,
GGR.6T7.M,SVK,2018,26.21272087097168,,
GGR.6T7.M,SVK,2019,24.0038890838623,,
GGR.6T7.M,SVK,2020,24.12096977233887,,
GGR.6T7.M,SVK,2021,25.66881942749023,,
GGR.6T7.M,SVK,2022,27.52989959716797,,
GGR.6T7.M,SVK,2023,26.48498916625977,,
GGR.6T7.M,SVN,2000,11.7650899887085,,
GGR.6T7.M,SVN,2001,11.35801982879639,,
GGR.6T7.M,SVN,2002,13.51574993133545,,
GGR.6T7.M,SVN,2003,12.44760990142822,,
GGR.6T7.M,SVN,2004,14.57635974884033,,
GGR.6T7.M,SVN,2005,15.21724033355713,,
GGR.6T7.M,SVN,2006,16.16774940490723,,
GGR.6T7.M,SVN,2007,15.80023002624512,,
GGR.6T7.M,SVN,2008,16.35173988342285,,
GGR.6T7.M,SVN,2009,18.04697036743164,,
GGR.6T7.M,SVN,2010,22.39185905456543,,
GGR.6T7.M,SVN,2011,25.47407913208008,,
GGR.6T7.M,SVN,2012,34.16025924682617,,
GGR.6T7.M,SVN,2013,41.50672149658203,,
GGR.6T7.M,SVN,2014,41.98685073852539,,
GGR.6T7.M,SVN,2015,43.87414169311523,,
GGR.6T7.M,SVN,2017,34.03868103027344,,
GGR.6T7.M,SVN,2018,34.56599044799805,,
GGR.6T7.M,SVN,2019,31.62245941162109,,
GGR.6T7.M,SVN,2020,30.69636917114258,,
GGR.6T7.M,SVN,2021,31.83264923095703,,
GGR.6T7.M,SVN,2022,33.24232864379883,,
GGR.6T7.M,SVN,2023,32.23324966430664,,
GGR.6T7.M,SWE,2000,25.27042007446289,,
GGR.6T7.M,SWE,2001,25.87515068054199,,
GGR.6T7.M,SWE,2002,27.60429000854492,,
GGR.6T7.M,SWE,2003,28.03689002990723,,
GGR.6T7.M,SWE,2004,32.88613128662109,,
GGR.6T7.M,SWE,2005,30.79730987548828,,
GGR.6T7.M,SWE,2006,32.47208023071289,,
GGR.6T7.M,SWE,2007,29.75856971740723,,
GGR.6T7.M,SWE,2008,28.12068939208984,,
GGR.6T7.M,SWE,2009,24.99444007873535,,
GGR.6T7.M,SWE,2010,22.80147933959961,,
GGR.6T7.M,SWE,2011,25.00811958312988,,
GGR.6T7.M,SWE,2012,22.83525085449219,,
GGR.6T7.M,SWE,2015,16.3923397064209,,
GGR.6T7.M,SWE,2016,26.59432983398438,,
GGR.6T7.M,SWE,2017,24.57674026489258,,
GGR.6T7.M,SWE,2018,26.46677017211914,,
GGR.6T7.M,SWE,2019,28.39562034606934,,
GGR.6T7.M,SWE,2020,31.1084098815918,,
GGR.6T7.M,SWE,2021,32.01176834106445,,
GGR.6T7.M,SWE,2022,28.64986991882324,,
GGR.6T7.M,SWE,2023,29.17086029052734,,
GGR.6T7.M,SWZ,2000,4.877049922943115,,
GGR.6T7.M,SWZ,2001,5.545050144195557,,
GGR.6T7.M,SWZ,2002,5.52308988571167,,
GGR.6T7.M,SWZ,2004,4.433499813079834,,
GGR.6T7.M,SWZ,2005,3.718739986419678,,
GGR.6T7.M,SWZ,2006,7.806940078735352,,
GGR.6T7.M,SWZ,2013,13.0006799697876,,
GGR.6T7.M,SXM,2015,0,,NIL
GGR.6T7.M,SXM,2022,0,,NIL
GGR.6T7.M,SYC,2012,0.5341899991035461,,
GGR.6T7.M,SYC,2013,1.141080021858215,,
GGR.6T7.M,SYC,2014,1.996009945869446,,
GGR.6T7.M,SYC,2015,4.567540168762207,,
GGR.6T7.M,SYC,2016,2.312669992446899,,
GGR.6T7.M,SYC,2020,9.02184009552002,,
GGR.6T7.M,SYC,2021,1.931920051574707,,
GGR.6T7.M,SYC,2022,7.964600086212158,,
GGR.6T7.M,SYC,2023,7.253379821777344,,
GGR.6T7.M,SYC,2024,5.582759857177734,,
GGR.6T7.M,SYR,2002,5.679289817810059,,
GGR.6T7.M,SYR,2003,5.699319839477539,,
GGR.6T7.M,SYR,2004,5.784440040588379,,
GGR.6T7.M,SYR,2005,6.422929763793945,,
GGR.6T7.M,SYR,2006,7.089240074157715,,
GGR.6T7.M,SYR,2007,7.3194899559021,,
GGR.6T7.M,SYR,2008,8.658550262451172,,
GGR.6T7.M,SYR,2009,9.022700309753418,,
GGR.6T7.M,SYR,2010,10.21020984649658,,
GGR.6T7.M,TCA,2023,0.3787899911403656,,
GGR.6T7.M,TCD,2000,0.633650004863739,,
GGR.6T7.M,THA,2001,12.84611988067627,,
GGR.6T7.M,THA,2002,12.58240985870361,,
GGR.6T7.M,THA,2003,21.40107917785645,,
GGR.6T7.M,THA,2004,18.98884010314941,,
GGR.6T7.M,THA,2005,19.92881011962891,,
GGR.6T7.M,THA,2006,20.63175010681152,,
GGR.6T7.M,THA,2007,20.24533081054688,,
GGR.6T7.M,THA,2008,23.21710014343262,,
GGR.6T7.M,THA,2015,19.50770950317383,UIS_EST,
GGR.6T7.M,THA,2022,24.60176086425781,,
GGR.6T7.M,THA,2023,21.58041954040527,,
GGR.6T7.M,THA,2024,25.98163032531738,,
GGR.6T7.M,TKL,2020,0,,NIL
GGR.6T7.M,TLS,2009,31.72199058532715,,
GGR.6T7.M,TTO,2000,4.046549797058105,,
GGR.6T7.M,TTO,2001,3.336489915847778,,
GGR.6T7.M,TTO,2002,3.422029972076416,,
GGR.6T7.M,TTO,2004,3.789299964904785,,
GGR.6T7.M,TTO,2021,3.102869987487793,,
GGR.6T7.M,TTO,2022,3.204129934310913,,
GGR.6T7.M,TTO,2023,3.495209932327271,,
GGR.6T7.M,TUN,2013,14.88529968261719,,
GGR.6T7.M,TUN,2014,14.93045043945313,,
GGR.6T7.M,TUN,2015,14.93789958953857,,
GGR.6T7.M,TUN,2016,14.29603004455566,,
GGR.6T7.M,TUN,2020,15.74166965484619,,
GGR.6T7.M,TUN,2021,16.19342994689941,,
GGR.6T7.M,TUN,2022,14.66473007202148,,
GGR.6T7.M,TUN,2023,14.05484008789063,,
GGR.6T7.M,TUR,2000,11.25249004364014,,
GGR.6T7.M,TUR,2001,13.36503028869629,,
GGR.6T7.M,TUR,2002,15.33716011047363,,
GGR.6T7.M,TUR,2003,15.37147998809814,,
GGR.6T7.M,TUR,2004,11.80214977264404,,
GGR.6T7.M,TUR,2005,12.2251501083374,,
GGR.6T7.M,TUR,2006,16.70330047607422,,
GGR.6T7.M,TUR,2007,18.86997032165527,,
GGR.6T7.M,TUR,2008,20.8203296661377,,
GGR.6T7.M,TUR,2009,22.42201995849609,,
GGR.6T7.M,TUR,2010,24.88224029541016,,
GGR.6T7.M,TUR,2011,23.83118057250977,,
GGR.6T7.M,TUR,2012,28.2232608795166,,
GGR.6T7.M,TUR,2014,31.82785034179688,,
GGR.6T7.M,TUR,2018,33.214599609375,,
GGR.6T7.M,TUR,2019,34.54769897460938,,
GGR.6T7.M,TUR,2020,40.2976188659668,,
GGR.6T7.M,TUR,2021,40.81912994384766,,
GGR.6T7.M,TUR,2022,33.68709945678711,,
GGR.6T7.M,TZA,2004,0.83051997423172,,
GGR.6T7.M,TZA,2021,3.57955002784729,,
GGR.6T7.M,UGA,2000,2.016599893569946,,
GGR.6T7.M,UGA,2004,2.429919958114624,,
GGR.6T7.M,UIS: Arab States,2000,11.91726016998291,UIS_EST,
GGR.6T7.M,UIS: Arab States,2001,12.56916999816895,UIS_EST,
GGR.6T7.M,UIS: Arab States,2002,12.51889038085938,UIS_EST,
GGR.6T7.M,UIS: Arab States,2003,12.65100002288818,UIS_EST,
GGR.6T7.M,UIS: Arab States,2004,13.23989963531494,UIS_EST,
GGR.6T7.M,UIS: Arab States,2005,13.47661972045898,UIS_EST,
GGR.6T7.M,UIS: Arab States,2006,13.82841968536377,UIS_EST,
GGR.6T7.M,UIS: Arab States,2007,13.85033988952637,UIS_EST,
GGR.6T7.M,UIS: Arab States,2008,13.95600032806396,UIS_EST,
GGR.6T7.M,UIS: Arab States,2009,13.98958015441895,UIS_EST,
GGR.6T7.M,UIS: Arab States,2010,14.36124992370605,UIS_EST,
GGR.6T7.M,UIS: Arab States,2011,14.47027969360352,UIS_EST,
GGR.6T7.M,UIS: Arab States,2012,14.47603034973145,UIS_EST,
GGR.6T7.M,UIS: Arab States,2013,15.08627033233643,UIS_EST,
GGR.6T7.M,UIS: Arab States,2014,14.90841960906982,UIS_EST,
GGR.6T7.M,UIS: Arab States,2015,14.84428977966309,UIS_EST,
GGR.6T7.M,UIS: Arab States,2016,14.55117988586426,UIS_EST,
GGR.6T7.M,UIS: Arab States,2017,15.41446018218994,UIS_EST,
GGR.6T7.M,UIS: Arab States,2018,16.50008964538574,UIS_EST,
GGR.6T7.M,UIS: Arab States,2019,17.56933975219727,UIS_EST,
GGR.6T7.M,UIS: Arab States,2020,18.49488067626953,UIS_EST,
GGR.6T7.M,UIS: Arab States,2021,19.6851692199707,UIS_EST,
GGR.6T7.M,UIS: Arab States,2022,19.20541000366211,UIS_EST,
GGR.6T7.M,UIS: Arab States,2023,20.53924942016602,UIS_EST,
GGR.6T7.M,UIS: Arab States,2024,20.66547012329102,UIS_EST,
GGR.6T7.M,UIS: Central Asia,2000,13.25784969329834,UIS_EST,
GGR.6T7.M,UIS: Central Asia,2001,14.88659954071045,UIS_EST,
GGR.6T7.M,UIS: Central Asia,2002,15.38615036010742,UIS_EST,
GGR.6T7.M,UIS: Central Asia,2003,16.10519981384277,UIS_EST,
GGR.6T7.M,UIS: Central Asia,2004,18.98423957824707,UIS_EST,
GGR.6T7.M,UIS: Central Asia,2005,18.25502967834473,UIS_EST,
GGR.6T7.M,UIS: Central Asia,2006,20.12310028076172,,
GGR.6T7.M,UIS: Central Asia,2007,20.31562995910645,UIS_EST,
GGR.6T7.M,UIS: Central Asia,2008,22.56625938415527,,
GGR.6T7.M,UIS: Central Asia,2009,23.01306915283203,,
GGR.6T7.M,UIS: Central Asia,2010,21.57784080505371,,
GGR.6T7.M,UIS: Central Asia,2011,22.20153999328613,,
GGR.6T7.M,UIS: Central Asia,2012,20.79431915283203,UIS_EST,
GGR.6T7.M,UIS: Central Asia,2013,21.19515037536621,UIS_EST,
GGR.6T7.M,UIS: Central Asia,2014,20.59542083740234,UIS_EST,
GGR.6T7.M,UIS: Central Asia,2015,21.1615104675293,UIS_EST,
GGR.6T7.M,UIS: Central Asia,2016,19.25547027587891,UIS_EST,
GGR.6T7.M,UIS: Central Asia,2017,19.41939926147461,UIS_EST,
GGR.6T7.M,UIS: Central Asia,2018,20.73942947387695,UIS_EST,
GGR.6T7.M,UIS: Central Asia,2019,18.29694938659668,UIS_EST,
GGR.6T7.M,UIS: Central Asia,2020,20.2090892791748,UIS_EST,
GGR.6T7.M,UIS: Central Asia,2021,20.74658966064453,UIS_EST,
GGR.6T7.M,UIS: Central Asia,2022,22.0114803314209,UIS_EST,
GGR.6T7.M,UIS: Central Asia,2023,22.33765029907227,UIS_EST,
GGR.6T7.M,UIS: Central Asia,2024,22.7153205871582,UIS_EST,
GGR.6T7.M,UIS: Central and Eastern Europe,2000,19.46851921081543,UIS_EST,
GGR.6T7.M,UIS: Central and Eastern Europe,2001,20.47719955444336,UIS_EST,
GGR.6T7.M,UIS: Central and Eastern Europe,2002,22.18144989013672,UIS_EST,
GGR.6T7.M,UIS: Central and Eastern Europe,2003,24.00023078918457,UIS_EST,
GGR.6T7.M,UIS: Central and Eastern Europe,2004,25.41254043579102,UIS_EST,
GGR.6T7.M,UIS: Central and Eastern Europe,2005,26.22438049316406,UIS_EST,
GGR.6T7.M,UIS: Central and Eastern Europe,2006,27.8528995513916,UIS_EST,
GGR.6T7.M,UIS: Central and Eastern Europe,2007,30.43950080871582,UIS_EST,
GGR.6T7.M,UIS: Central and Eastern Europe,2008,33.40459060668945,UIS_EST,
GGR.6T7.M,UIS: Central and Eastern Europe,2009,34.42301177978516,UIS_EST,
GGR.6T7.M,UIS: Central and Eastern Europe,2010,36.06145858764648,UIS_EST,
GGR.6T7.M,UIS: Central and Eastern Europe,2011,36.71649932861328,UIS_EST,
GGR.6T7.M,UIS: Central and Eastern Europe,2012,36.43933868408203,,
GGR.6T7.M,UIS: Central and Eastern Europe,2013,37.92607879638672,UIS_EST,
GGR.6T7.M,UIS: Central and Eastern Europe,2014,38.01346969604492,UIS_EST,
GGR.6T7.M,UIS: Central and Eastern Europe,2015,38.42338943481445,,
GGR.6T7.M,UIS: Central and Eastern Europe,2016,42.27824020385742,,
GGR.6T7.M,UIS: Central and Eastern Europe,2017,41.12751007080078,,
GGR.6T7.M,UIS: Central and Eastern Europe,2018,37.41741180419922,,
GGR.6T7.M,UIS: Central and Eastern Europe,2019,36.93098068237305,,
GGR.6T7.M,UIS: Central and Eastern Europe,2020,39.99272918701172,,
GGR.6T7.M,UIS: Central and Eastern Europe,2021,39.15695190429688,UIS_EST,
GGR.6T7.M,UIS: Central and Eastern Europe,2022,37.06253051757813,UIS_EST,
GGR.6T7.M,UIS: Central and Eastern Europe,2023,38.78342056274414,UIS_EST,
GGR.6T7.M,UIS: Central and Eastern Europe,2024,38.33649063110352,UIS_EST,
GGR.6T7.M,UIS: East Asia and the Pacific,2004,12.49015998840332,UIS_EST,
GGR.6T7.M,UIS: East Asia and the Pacific,2005,12.69474029541016,UIS_EST,
GGR.6T7.M,UIS: East Asia and the Pacific,2006,13.30091953277588,UIS_EST,
GGR.6T7.M,UIS: East Asia and the Pacific,2007,15.05805969238281,UIS_EST,
GGR.6T7.M,UIS: East Asia and the Pacific,2008,15.68616008758545,UIS_EST,
GGR.6T7.M,UIS: East Asia and the Pacific,2009,15.4730396270752,UIS_EST,
GGR.6T7.M,UIS: East Asia and the Pacific,2010,15.53265953063965,UIS_EST,
GGR.6T7.M,UIS: East Asia and the Pacific,2011,15.85923957824707,UIS_EST,
GGR.6T7.M,UIS: East Asia and the Pacific,2012,16.82526016235352,UIS_EST,
GGR.6T7.M,UIS: East Asia and the Pacific,2013,17.02301025390625,,
GGR.6T7.M,UIS: East Asia and the Pacific,2014,21.53582954406738,,
GGR.6T7.M,UIS: East Asia and the Pacific,2015,23.60979080200195,,
GGR.6T7.M,UIS: East Asia and the Pacific,2016,24.85049057006836,,
GGR.6T7.M,UIS: East Asia and the Pacific,2017,25.83427047729492,,
GGR.6T7.M,UIS: East Asia and the Pacific,2018,26.2797908782959,,
GGR.6T7.M,UIS: East Asia and the Pacific,2019,26.17626953125,,
GGR.6T7.M,UIS: East Asia and the Pacific,2020,27.16153907775879,,
GGR.6T7.M,UIS: East Asia and the Pacific,2021,29.3454704284668,,
GGR.6T7.M,UIS: East Asia and the Pacific,2022,31.1307201385498,,
GGR.6T7.M,UIS: East Asia and the Pacific,2023,32.49385833740234,,
GGR.6T7.M,UIS: East Asia and the Pacific,2024,35.72835159301758,UIS_EST,
GGR.6T7.M,UIS: Latin America and the Caribbean,2000,14.53520011901855,UIS_EST,
GGR.6T7.M,UIS: Latin America and the Caribbean,2001,15.04251956939697,UIS_EST,
GGR.6T7.M,UIS: Latin America and the Caribbean,2002,10.38360023498535,,
GGR.6T7.M,UIS: Latin America and the Caribbean,2003,11.14192962646484,,
GGR.6T7.M,UIS: Latin America and the Caribbean,2004,11.92975997924805,UIS_EST,
GGR.6T7.M,UIS: Latin America and the Caribbean,2005,12.3299503326416,UIS_EST,
GGR.6T7.M,UIS: Latin America and the Caribbean,2006,16.14011001586914,UIS_EST,
GGR.6T7.M,UIS: Latin America and the Caribbean,2007,13.51753044128418,,
GGR.6T7.M,UIS: Latin America and the Caribbean,2008,14.19517993927002,,
GGR.6T7.M,UIS: Latin America and the Caribbean,2009,14.96173000335693,,
GGR.6T7.M,UIS: Latin America and the Caribbean,2010,15.0234899520874,UIS_EST,
GGR.6T7.M,UIS: Latin America and the Caribbean,2011,15.79986000061035,,
GGR.6T7.M,UIS: Latin America and the Caribbean,2012,16.02234077453613,UIS_EST,
GGR.6T7.M,UIS: Latin America and the Caribbean,2013,17.90422058105469,UIS_EST,
GGR.6T7.M,UIS: Latin America and the Caribbean,2014,17.59991073608398,UIS_EST,
GGR.6T7.M,UIS: Latin America and the Caribbean,2015,18.07963943481445,UIS_EST,
GGR.6T7.M,UIS: Latin America and the Caribbean,2016,18.94577026367188,UIS_EST,
GGR.6T7.M,UIS: Latin America and the Caribbean,2017,19.24758911132813,UIS_EST,
GGR.6T7.M,UIS: Latin America and the Caribbean,2018,18.17588043212891,UIS_EST,
GGR.6T7.M,UIS: Latin America and the Caribbean,2019,20.06741905212402,UIS_EST,
GGR.6T7.M,UIS: Latin America and the Caribbean,2020,19.59812927246094,UIS_EST,
GGR.6T7.M,UIS: Latin America and the Caribbean,2021,20.80857086181641,UIS_EST,
GGR.6T7.M,UIS: Latin America and the Caribbean,2022,21.24169921875,UIS_EST,
GGR.6T7.M,UIS: North America and Western Europe,2000,26.51288032531738,UIS_EST,
GGR.6T7.M,UIS: North America and Western Europe,2001,27.18998908996582,UIS_EST,
GGR.6T7.M,UIS: North America and Western Europe,2002,26.91653060913086,UIS_EST,
GGR.6T7.M,UIS: North America and Western Europe,2003,28.33588027954102,UIS_EST,
GGR.6T7.M,UIS: North America and Western Europe,2004,27.79657936096191,UIS_EST,
GGR.6T7.M,UIS: North America and Western Europe,2005,29.63905906677246,UIS_EST,
GGR.6T7.M,UIS: North America and Western Europe,2006,29.27569961547852,UIS_EST,
GGR.6T7.M,UIS: North America and Western Europe,2007,30.26136016845703,UIS_EST,
GGR.6T7.M,UIS: North America and Western Europe,2008,30.38064002990723,UIS_EST,
GGR.6T7.M,UIS: North America and Western Europe,2009,30.90542030334473,UIS_EST,
GGR.6T7.M,UIS: North America and Western Europe,2010,31.04080963134766,UIS_EST,
GGR.6T7.M,UIS: North America and Western Europe,2011,32.11294937133789,UIS_EST,
GGR.6T7.M,UIS: North America and Western Europe,2012,32.48543167114258,UIS_EST,
GGR.6T7.M,UIS: North America and Western Europe,2013,32.74565124511719,UIS_EST,
GGR.6T7.M,UIS: North America and Western Europe,2014,34.77746963500977,UIS_EST,
GGR.6T7.M,UIS: North America and Western Europe,2015,35.19155883789063,UIS_EST,
GGR.6T7.M,UIS: North America and Western Europe,2016,34.92784118652344,UIS_EST,
GGR.6T7.M,UIS: North America and Western Europe,2017,35.0914192199707,UIS_EST,
GGR.6T7.M,UIS: North America and Western Europe,2018,35.12104034423828,UIS_EST,
GGR.6T7.M,UIS: North America and Western Europe,2019,36.38161849975586,UIS_EST,
GGR.6T7.M,UIS: North America and Western Europe,2020,36.98030090332031,UIS_EST,
GGR.6T7.M,UIS: North America and Western Europe,2021,37.95650863647461,UIS_EST,
GGR.6T7.M,UIS: North America and Western Europe,2022,37.20772933959961,UIS_EST,
GGR.6T7.M,UIS: North America and Western Europe,2023,37.53067016601563,UIS_EST,
GGR.6T7.M,UIS: North America and Western Europe,2024,37.80857086181641,UIS_EST,
GGR.6T7.M,UIS: South and West Asia,2012,25.19292068481445,UIS_EST,
GGR.6T7.M,UIS: South and West Asia,2013,26.02615928649902,,
GGR.6T7.M,UIS: South and West Asia,2014,21.86532020568848,,
GGR.6T7.M,UIS: South and West Asia,2015,23.71166038513184,,
GGR.6T7.M,UIS: South and West Asia,2016,24.61054992675781,,
GGR.6T7.M,UIS: South and West Asia,2017,23.22139930725098,,
GGR.6T7.M,UIS: South and West Asia,2018,22.69062042236328,,
GGR.6T7.M,UIS: South and West Asia,2019,21.94500923156738,,
GGR.6T7.M,UIS: South and West Asia,2020,24.19881057739258,,
GGR.6T7.M,UIS: South and West Asia,2021,20.68386077880859,,
GGR.6T7.M,UIS: South and West Asia,2022,23.14868927001953,,
GGR.6T7.M,UIS: South and West Asia,2023,23.14114952087402,,
GGR.6T7.M,UIS: South and West Asia,2024,23.13817024230957,UIS_EST,
GGR.6T7.M,UIS: Sub-Saharan Africa,2000,2.911119937896729,UIS_EST,
GGR.6T7.M,UIS: Sub-Saharan Africa,2001,3.072149991989136,UIS_EST,
GGR.6T7.M,UIS: Sub-Saharan Africa,2016,3.895179986953735,UIS_EST,
GGR.6T7.M,UIS: World,2000,16.34514999389648,UIS_EST,
GGR.6T7.M,UIS: World,2001,16.63726043701172,UIS_EST,
GGR.6T7.M,UIS: World,2002,16.29383087158203,UIS_EST,
GGR.6T7.M,UIS: World,2003,16.71692085266113,UIS_EST,
GGR.6T7.M,UIS: World,2004,16.73711013793945,UIS_EST,
GGR.6T7.M,UIS: World,2005,16.95590019226074,UIS_EST,
GGR.6T7.M,UIS: World,2006,17.68119049072266,UIS_EST,
GGR.6T7.M,UIS: World,2007,18.16473960876465,UIS_EST,
GGR.6T7.M,UIS: World,2008,18.65459060668945,UIS_EST,
GGR.6T7.M,UIS: World,2009,18.68927001953125,UIS_EST,
GGR.6T7.M,UIS: World,2010,18.82661056518555,UIS_EST,
GGR.6T7.M,UIS: World,2011,19.13681983947754,UIS_EST,
GGR.6T7.M,UIS: World,2012,19.44403076171875,UIS_EST,
GGR.6T7.M,UIS: World,2013,19.94017028808594,UIS_EST,
GGR.6T7.M,UIS: World,2014,20.29034996032715,UIS_EST,
GGR.6T7.M,UIS: World,2015,21.38315010070801,UIS_EST,
GGR.6T7.M,UIS: World,2016,22.0373592376709,UIS_EST,
GGR.6T7.M,UIS: World,2017,21.85456085205078,UIS_EST,
GGR.6T7.M,UIS: World,2018,21.61054992675781,UIS_EST,
GGR.6T7.M,UIS: World,2019,21.51852035522461,UIS_EST,
GGR.6T7.M,UIS: World,2020,22.54216957092285,UIS_EST,
GGR.6T7.M,UIS: World,2021,22.17514038085938,UIS_EST,
GGR.6T7.M,UIS: World,2022,23.18181037902832,UIS_EST,
GGR.6T7.M,UIS: World,2023,23.66227912902832,UIS_EST,
GGR.6T7.M,UIS: World,2024,24.27651023864746,UIS_EST,
GGR.6T7.M,UKR,2015,20.70178031921387,,
GGR.6T7.M,UKR,2016,21.55307006835938,,
GGR.6T7.M,UKR,2017,23.01515960693359,,
GGR.6T7.M,UKR,2018,28.84745025634766,,
GGR.6T7.M,UKR,2019,31.30961990356445,,
GGR.6T7.M,UKR,2020,29.90884971618652,,
GGR.6T7.M,UNESCO: SIDS,2011,16.33407974243164,UIS_EST,
GGR.6T7.M,UNESCO: SIDS,2012,16.31365013122559,UIS_EST,
GGR.6T7.M,UNESCO: SIDS,2013,15.96201992034912,UIS_EST,
GGR.6T7.M,UNESCO: SIDS,2014,14.28384017944336,UIS_EST,
GGR.6T7.M,UNESCO: SIDS,2015,13.83895969390869,UIS_EST,
GGR.6T7.M,UNESCO: SIDS,2016,13.33819961547852,UIS_EST,
GGR.6T7.M,UNESCO: SIDS,2017,13.24825000762939,UIS_EST,
GGR.6T7.M,UNESCO: SIDS,2018,12.76965045928955,UIS_EST,
GGR.6T7.M,UNICEF: Africa,2000,5.810979843139648,UIS_EST,
GGR.6T7.M,UNICEF: Africa,2001,6.145279884338379,UIS_EST,
GGR.6T7.M,UNICEF: Africa,2002,5.999780178070068,UIS_EST,
GGR.6T7.M,UNICEF: Africa,2004,6.198359966278076,UIS_EST,
GGR.6T7.M,UNICEF: Africa,2009,6.398550033569336,UIS_EST,
GGR.6T7.M,UNICEF: Africa,2010,6.582089900970459,UIS_EST,
GGR.6T7.M,UNICEF: Africa,2011,6.48898983001709,UIS_EST,
GGR.6T7.M,UNICEF: Africa,2012,6.453839778900146,UIS_EST,
GGR.6T7.M,UNICEF: Africa,2013,6.554269790649414,UIS_EST,
GGR.6T7.M,UNICEF: Africa,2014,6.375289916992188,UIS_EST,
GGR.6T7.M,UNICEF: Africa,2015,6.133930206298828,UIS_EST,
GGR.6T7.M,UNICEF: Africa,2016,5.930349826812744,UIS_EST,
GGR.6T7.M,UNICEF: Africa,2017,6.071169853210449,UIS_EST,
GGR.6T7.M,UNICEF: Africa,2018,6.438729763031006,UIS_EST,
GGR.6T7.M,UNICEF: Africa,2019,6.802589893341064,UIS_EST,
GGR.6T7.M,UNICEF: All UNICEF Countries,2004,14.90361976623535,UIS_EST,
GGR.6T7.M,UNICEF: All UNICEF Countries,2005,15.02340030670166,UIS_EST,
GGR.6T7.M,UNICEF: All UNICEF Countries,2006,15.85587978363037,UIS_EST,
GGR.6T7.M,UNICEF: All UNICEF Countries,2007,16.3363094329834,UIS_EST,
GGR.6T7.M,UNICEF: All UNICEF Countries,2008,16.89763069152832,UIS_EST,
GGR.6T7.M,UNICEF: All UNICEF Countries,2009,16.92494964599609,UIS_EST,
GGR.6T7.M,UNICEF: All UNICEF Countries,2010,17.0886402130127,UIS_EST,
GGR.6T7.M,UNICEF: All UNICEF Countries,2011,17.33470916748047,UIS_EST,
GGR.6T7.M,UNICEF: All UNICEF Countries,2012,17.6636791229248,UIS_EST,
GGR.6T7.M,UNICEF: All UNICEF Countries,2013,18.19936943054199,UIS_EST,
GGR.6T7.M,UNICEF: All UNICEF Countries,2014,18.35865020751953,UIS_EST,
GGR.6T7.M,UNICEF: All UNICEF Countries,2015,19.59690093994141,UIS_EST,
GGR.6T7.M,UNICEF: All UNICEF Countries,2016,20.36223983764648,,
GGR.6T7.M,UNICEF: All UNICEF Countries,2017,20.14694976806641,UIS_EST,
GGR.6T7.M,UNICEF: All UNICEF Countries,2018,19.89678955078125,UIS_EST,
GGR.6T7.M,UNICEF: All UNICEF Countries,2019,19.6819896697998,UIS_EST,
GGR.6T7.M,UNICEF: All UNICEF Countries,2020,20.70819091796875,UIS_EST,
GGR.6T7.M,UNICEF: All UNICEF Countries,2021,20.24925994873047,UIS_EST,
GGR.6T7.M,UNICEF: All UNICEF Countries,2022,21.41831016540527,UIS_EST,
GGR.6T7.M,UNICEF: All UNICEF Countries,2023,21.96035957336426,UIS_EST,
GGR.6T7.M,UNICEF: All UNICEF Countries,2024,22.6077709197998,UIS_EST,
GGR.6T7.M,UNICEF: Association of South East Asian Nations (ASEAN),2000,10.4377498626709,UIS_EST,
GGR.6T7.M,UNICEF: Association of South East Asian Nations (ASEAN),2001,10.54417991638184,,
GGR.6T7.M,UNICEF: Association of South East Asian Nations (ASEAN),2002,11.01825046539307,,
GGR.6T7.M,UNICEF: Association of South East Asian Nations (ASEAN),2003,12.66324996948242,UIS_EST,
GGR.6T7.M,UNICEF: Association of South East Asian Nations (ASEAN),2004,11.93247985839844,,
GGR.6T7.M,UNICEF: Association of South East Asian Nations (ASEAN),2005,11.05204010009766,UIS_EST,
GGR.6T7.M,UNICEF: Association of South East Asian Nations (ASEAN),2006,11.43618011474609,UIS_EST,
GGR.6T7.M,UNICEF: Association of South East Asian Nations (ASEAN),2007,11.87705993652344,UIS_EST,
GGR.6T7.M,UNICEF: Association of South East Asian Nations (ASEAN),2008,12.63856029510498,UIS_EST,
GGR.6T7.M,UNICEF: Association of South East Asian Nations (ASEAN),2009,12.76364994049072,UIS_EST,
GGR.6T7.M,UNICEF: Association of South East Asian Nations (ASEAN),2010,13.51222991943359,UIS_EST,
GGR.6T7.M,UNICEF: Association of South East Asian Nations (ASEAN),2011,12.89527034759521,UIS_EST,
GGR.6T7.M,UNICEF: Association of South East Asian Nations (ASEAN),2012,14.95829010009766,UIS_EST,
GGR.6T7.M,UNICEF: Association of South East Asian Nations (ASEAN),2013,14.28464984893799,UIS_EST,
GGR.6T7.M,UNICEF: Association of South East Asian Nations (ASEAN),2014,14.76819038391113,UIS_EST,
GGR.6T7.M,UNICEF: Association of South East Asian Nations (ASEAN),2015,15.87438011169434,,
GGR.6T7.M,UNICEF: Association of South East Asian Nations (ASEAN),2016,16.27745056152344,UIS_EST,
GGR.6T7.M,UNICEF: Association of South East Asian Nations (ASEAN),2017,16.25736045837402,UIS_EST,
GGR.6T7.M,UNICEF: Association of South East Asian Nations (ASEAN),2018,17.14705085754395,UIS_EST,
GGR.6T7.M,UNICEF: Association of South East Asian Nations (ASEAN),2019,17.27249908447266,UIS_EST,
GGR.6T7.M,UNICEF: Association of South East Asian Nations (ASEAN),2020,17.59738922119141,UIS_EST,
GGR.6T7.M,UNICEF: Association of South East Asian Nations (ASEAN),2021,18.51766967773438,UIS_EST,
GGR.6T7.M,UNICEF: Association of South East Asian Nations (ASEAN),2022,19.11916923522949,,
GGR.6T7.M,UNICEF: Association of South East Asian Nations (ASEAN),2023,18.23407936096191,UIS_EST,
GGR.6T7.M,UNICEF: Association of South East Asian Nations (ASEAN),2024,18.67683982849121,UIS_EST,
GGR.6T7.M,UNICEF: Central and Eastern Europe/Commonwealth of Independent States,2000,17.76952934265137,UIS_EST,
GGR.6T7.M,UNICEF: Central and Eastern Europe/Commonwealth of Independent States,2001,18.4769401550293,UIS_EST,
GGR.6T7.M,UNICEF: Central and Eastern Europe/Commonwealth of Independent States,2002,20.09556007385254,UIS_EST,
GGR.6T7.M,UNICEF: Central and Eastern Europe/Commonwealth of Independent States,2003,21.82958030700684,UIS_EST,
GGR.6T7.M,UNICEF: Central and Eastern Europe/Commonwealth of Independent States,2004,23.4878101348877,UIS_EST,
GGR.6T7.M,UNICEF: Central and Eastern Europe/Commonwealth of Independent States,2005,24.1142406463623,UIS_EST,
GGR.6T7.M,UNICEF: Central and Eastern Europe/Commonwealth of Independent States,2006,25.92708969116211,UIS_EST,
GGR.6T7.M,UNICEF: Central and Eastern Europe/Commonwealth of Independent States,2007,28.04023933410645,UIS_EST,
GGR.6T7.M,UNICEF: Central and Eastern Europe/Commonwealth of Independent States,2008,30.99126052856445,UIS_EST,
GGR.6T7.M,UNICEF: Central and Eastern Europe/Commonwealth of Independent States,2009,31.55060005187988,UIS_EST,
GGR.6T7.M,UNICEF: Central and Eastern Europe/Commonwealth of Independent States,2010,32.32337188720703,UIS_EST,
GGR.6T7.M,UNICEF: Central and Eastern Europe/Commonwealth of Independent States,2011,32.91664886474609,UIS_EST,
GGR.6T7.M,UNICEF: Central and Eastern Europe/Commonwealth of Independent States,2012,32.46731185913086,,
GGR.6T7.M,UNICEF: Central and Eastern Europe/Commonwealth of Independent States,2013,34.06042861938477,UIS_EST,
GGR.6T7.M,UNICEF: Central and Eastern Europe/Commonwealth of Independent States,2014,33.99919891357422,UIS_EST,
GGR.6T7.M,UNICEF: Central and Eastern Europe/Commonwealth of Independent States,2015,34.31208038330078,UIS_EST,
GGR.6T7.M,UNICEF: Central and Eastern Europe/Commonwealth of Independent States,2016,37.09402084350586,UIS_EST,
GGR.6T7.M,UNICEF: Central and Eastern Europe/Commonwealth of Independent States,2017,35.94274139404297,UIS_EST,
GGR.6T7.M,UNICEF: Central and Eastern Europe/Commonwealth of Independent States,2018,33.28237915039063,,
GGR.6T7.M,UNICEF: Central and Eastern Europe/Commonwealth of Independent States,2019,32.18807983398438,,
GGR.6T7.M,UNICEF: Central and Eastern Europe/Commonwealth of Independent States,2020,33.89432144165039,UIS_EST,
GGR.6T7.M,UNICEF: Central and Eastern Europe/Commonwealth of Independent States,2021,34.45257949829102,UIS_EST,
GGR.6T7.M,UNICEF: Central and Eastern Europe/Commonwealth of Independent States,2022,33.24942016601563,UIS_EST,
GGR.6T7.M,UNICEF: Central and Eastern Europe/Commonwealth of Independent States,2023,34.70333862304688,UIS_EST,
GGR.6T7.M,UNICEF: East Asia and Pacific,2004,12.49213981628418,UIS_EST,
GGR.6T7.M,UNICEF: East Asia and Pacific,2005,12.69766998291016,UIS_EST,
GGR.6T7.M,UNICEF: East Asia and Pacific,2006,13.30574035644531,UIS_EST,
GGR.6T7.M,UNICEF: East Asia and Pacific,2007,15.06896018981934,UIS_EST,
GGR.6T7.M,UNICEF: East Asia and Pacific,2008,15.70289993286133,UIS_EST,
GGR.6T7.M,UNICEF: East Asia and Pacific,2009,15.49485015869141,UIS_EST,
GGR.6T7.M,UNICEF: East Asia and Pacific,2010,15.55099010467529,UIS_EST,
GGR.6T7.M,UNICEF: East Asia and Pacific,2011,15.88451957702637,UIS_EST,
GGR.6T7.M,UNICEF: East Asia and Pacific,2012,16.85259056091309,UIS_EST,
GGR.6T7.M,UNICEF: East Asia and Pacific,2013,17.0620002746582,,
GGR.6T7.M,UNICEF: East Asia and Pacific,2014,21.58477973937988,,
GGR.6T7.M,UNICEF: East Asia and Pacific,2015,23.66431045532227,,
GGR.6T7.M,UNICEF: East Asia and Pacific,2016,24.90317916870117,,
GGR.6T7.M,UNICEF: East Asia and Pacific,2017,25.8824291229248,,
GGR.6T7.M,UNICEF: East Asia and Pacific,2018,26.32094955444336,,
GGR.6T7.M,UNICEF: East Asia and Pacific,2019,26.20033073425293,,
GGR.6T7.M,UNICEF: East Asia and Pacific,2020,27.1976203918457,,
GGR.6T7.M,UNICEF: East Asia and Pacific,2021,29.38649940490723,,
GGR.6T7.M,UNICEF: East Asia and Pacific,2022,31.16820907592773,,
GGR.6T7.M,UNICEF: East Asia and Pacific,2023,32.53327178955078,,
GGR.6T7.M,UNICEF: East Asia and Pacific,2024,35.77323913574219,UIS_EST,
GGR.6T7.M,UNICEF: East Asia and the Pacific Programme Countries,2004,9.807900428771973,UIS_EST,
GGR.6T7.M,UNICEF: East Asia and the Pacific Programme Countries,2005,10.14258003234863,UIS_EST,
GGR.6T7.M,UNICEF: East Asia and the Pacific Programme Countries,2006,10.63663959503174,UIS_EST,
GGR.6T7.M,UNICEF: East Asia and the Pacific Programme Countries,2007,12.5729398727417,UIS_EST,
GGR.6T7.M,UNICEF: East Asia and the Pacific Programme Countries,2008,13.2291202545166,UIS_EST,
GGR.6T7.M,UNICEF: East Asia and the Pacific Programme Countries,2009,13.15834045410156,UIS_EST,
GGR.6T7.M,UNICEF: East Asia and the Pacific Programme Countries,2010,13.33246040344238,UIS_EST,
GGR.6T7.M,UNICEF: East Asia and the Pacific Programme Countries,2011,13.63498973846436,UIS_EST,
GGR.6T7.M,UNICEF: East Asia and the Pacific Programme Countries,2012,14.71067047119141,UIS_EST,
GGR.6T7.M,UNICEF: East Asia and the Pacific Programme Countries,2013,15.00699043273926,,
GGR.6T7.M,UNICEF: East Asia and the Pacific Programme Countries,2014,19.55504989624023,,
GGR.6T7.M,UNICEF: East Asia and the Pacific Programme Countries,2015,21.82987976074219,,
GGR.6T7.M,UNICEF: East Asia and the Pacific Programme Countries,2016,23.06911087036133,,
GGR.6T7.M,UNICEF: East Asia and the Pacific Programme Countries,2017,24.08172035217285,,
GGR.6T7.M,UNICEF: East Asia and the Pacific Programme Countries,2018,24.58271980285645,,
GGR.6T7.M,UNICEF: East Asia and the Pacific Programme Countries,2019,24.3900203704834,UIS_EST,
GGR.6T7.M,UNICEF: East Asia and the Pacific Programme Countries,2020,25.44906044006348,,
GGR.6T7.M,UNICEF: East Asia and the Pacific Programme Countries,2021,27.63220977783203,,
GGR.6T7.M,UNICEF: East Asia and the Pacific Programme Countries,2022,29.50678062438965,,
GGR.6T7.M,UNICEF: East Asia and the Pacific Programme Countries,2023,31.12454986572266,,
GGR.6T7.M,UNICEF: East Asia and the Pacific Programme Countries,2024,34.58300018310547,,
GGR.6T7.M,UNICEF: Eastern Europe and Central Asia,2000,17.76952934265137,UIS_EST,
GGR.6T7.M,UNICEF: Eastern Europe and Central Asia,2001,18.4769401550293,UIS_EST,
GGR.6T7.M,UNICEF: Eastern Europe and Central Asia,2002,20.09556007385254,UIS_EST,
GGR.6T7.M,UNICEF: Eastern Europe and Central Asia,2003,21.82958030700684,UIS_EST,
GGR.6T7.M,UNICEF: Eastern Europe and Central Asia,2004,23.4878101348877,UIS_EST,
GGR.6T7.M,UNICEF: Eastern Europe and Central Asia,2005,24.1142406463623,UIS_EST,
GGR.6T7.M,UNICEF: Eastern Europe and Central Asia,2006,25.92708969116211,UIS_EST,
GGR.6T7.M,UNICEF: Eastern Europe and Central Asia,2007,28.04023933410645,UIS_EST,
GGR.6T7.M,UNICEF: Eastern Europe and Central Asia,2008,30.99126052856445,UIS_EST,
GGR.6T7.M,UNICEF: Eastern Europe and Central Asia,2009,31.55060005187988,UIS_EST,
GGR.6T7.M,UNICEF: Eastern Europe and Central Asia,2010,32.32337188720703,UIS_EST,
GGR.6T7.M,UNICEF: Eastern Europe and Central Asia,2011,32.91664886474609,UIS_EST,
GGR.6T7.M,UNICEF: Eastern Europe and Central Asia,2012,32.46731185913086,,
GGR.6T7.M,UNICEF: Eastern Europe and Central Asia,2013,34.06042861938477,UIS_EST,
GGR.6T7.M,UNICEF: Eastern Europe and Central Asia,2014,33.99919891357422,UIS_EST,
GGR.6T7.M,UNICEF: Eastern Europe and Central Asia,2015,34.31208038330078,UIS_EST,
GGR.6T7.M,UNICEF: Eastern Europe and Central Asia,2016,37.09402084350586,UIS_EST,
GGR.6T7.M,UNICEF: Eastern Europe and Central Asia,2017,35.94274139404297,UIS_EST,
GGR.6T7.M,UNICEF: Eastern Europe and Central Asia,2018,33.28237915039063,,
GGR.6T7.M,UNICEF: Eastern Europe and Central Asia,2019,32.18807983398438,,
GGR.6T7.M,UNICEF: Eastern Europe and Central Asia,2020,33.89432144165039,UIS_EST,
GGR.6T7.M,UNICEF: Eastern Europe and Central Asia,2021,34.45257949829102,UIS_EST,
GGR.6T7.M,UNICEF: Eastern Europe and Central Asia,2022,33.24942016601563,UIS_EST,
GGR.6T7.M,UNICEF: Eastern Europe and Central Asia,2023,34.70333862304688,UIS_EST,
GGR.6T7.M,UNICEF: Eastern and Southern Africa,2000,2.830399990081787,UIS_EST,
GGR.6T7.M,UNICEF: Eastern and Southern Africa,2001,3.104629993438721,UIS_EST,
GGR.6T7.M,UNICEF: Eastern and Southern Africa,2002,3.00587010383606,UIS_EST,
GGR.6T7.M,UNICEF: Eastern and Southern Africa,2003,3.210109949111938,UIS_EST,
GGR.6T7.M,UNICEF: Eastern and Southern Africa,2004,3.448960065841675,UIS_EST,
GGR.6T7.M,UNICEF: Eastern and Southern Africa,2005,3.247580051422119,UIS_EST,
GGR.6T7.M,UNICEF: Eastern and Southern Africa,2006,3.252670049667358,UIS_EST,
GGR.6T7.M,UNICEF: Eastern and Southern Africa,2007,3.391249895095825,UIS_EST,
GGR.6T7.M,UNICEF: Eastern and Southern Africa,2008,3.733319997787476,UIS_EST,
GGR.6T7.M,UNICEF: Eastern and Southern Africa,2009,3.67372989654541,UIS_EST,
GGR.6T7.M,UNICEF: Eastern and Southern Africa,2010,4.012199878692627,UIS_EST,
GGR.6T7.M,UNICEF: Eastern and Southern Africa,2011,3.801460027694702,UIS_EST,
GGR.6T7.M,UNICEF: Eastern and Southern Africa,2012,3.911740064620972,UIS_EST,
GGR.6T7.M,UNICEF: Eastern and Southern Africa,2013,3.981489896774292,UIS_EST,
GGR.6T7.M,UNICEF: Eastern and Southern Africa,2014,4.060860157012939,UIS_EST,
GGR.6T7.M,UNICEF: Eastern and Southern Africa,2015,4.218029975891113,UIS_EST,
GGR.6T7.M,UNICEF: Eastern and Southern Africa,2016,4.356210231781006,UIS_EST,
GGR.6T7.M,UNICEF: Eastern and Southern Africa,2017,4.414589881896973,UIS_EST,
GGR.6T7.M,UNICEF: Eastern and Southern Africa,2018,4.602320194244385,UIS_EST,
GGR.6T7.M,UNICEF: Eastern and Southern Africa,2019,4.577569961547852,UIS_EST,
GGR.6T7.M,UNICEF: Economic Community of Central African States (ECCAS),2015,5.010019779205322,UIS_EST,
GGR.6T7.M,UNICEF: Economic Community of Central African States (ECCAS),2016,5.123569965362549,UIS_EST,
GGR.6T7.M,UNICEF: Economic Community of Central African States (ECCAS),2017,5.241519927978516,UIS_EST,
GGR.6T7.M,UNICEF: Economic Community of West African States (ECOWAS),2000,3.059829950332642,UIS_EST,
GGR.6T7.M,UNICEF: Europe and Central Asia,2000,21.24617958068848,UIS_EST,
GGR.6T7.M,UNICEF: Europe and Central Asia,2001,22.03141021728516,UIS_EST,
GGR.6T7.M,UNICEF: Europe and Central Asia,2002,23.2067699432373,,
GGR.6T7.M,UNICEF: Europe and Central Asia,2003,24.62476921081543,,
GGR.6T7.M,UNICEF: Europe and Central Asia,2004,25.61935043334961,,
GGR.6T7.M,UNICEF: Europe and Central Asia,2005,26.43547058105469,,
GGR.6T7.M,UNICEF: Europe and Central Asia,2006,27.49987983703613,,
GGR.6T7.M,UNICEF: Europe and Central Asia,2007,28.87741088867188,UIS_EST,
GGR.6T7.M,UNICEF: Europe and Central Asia,2008,30.88528060913086,,
GGR.6T7.M,UNICEF: Europe and Central Asia,2009,31.49420928955078,,
GGR.6T7.M,UNICEF: Europe and Central Asia,2010,32.07411956787109,,
GGR.6T7.M,UNICEF: Europe and Central Asia,2011,32.81747817993164,,
GGR.6T7.M,UNICEF: Europe and Central Asia,2012,32.82649993896484,,
GGR.6T7.M,UNICEF: Europe and Central Asia,2013,33.73838043212891,UIS_EST,
GGR.6T7.M,UNICEF: Europe and Central Asia,2014,35.08327865600586,UIS_EST,
GGR.6T7.M,UNICEF: Europe and Central Asia,2015,35.57341003417969,,
GGR.6T7.M,UNICEF: Europe and Central Asia,2016,36.93325042724609,,
GGR.6T7.M,UNICEF: Europe and Central Asia,2017,36.54193878173828,UIS_EST,
GGR.6T7.M,UNICEF: Europe and Central Asia,2018,35.26578140258789,,
GGR.6T7.M,UNICEF: Europe and Central Asia,2019,35.70571899414063,,
GGR.6T7.M,UNICEF: Europe and Central Asia,2020,37.23368072509766,,
GGR.6T7.M,UNICEF: Europe and Central Asia,2021,37.93730163574219,,
GGR.6T7.M,UNICEF: Europe and Central Asia,2022,36.66296005249023,,
GGR.6T7.M,UNICEF: Europe and Central Asia,2023,37.83116912841797,,
GGR.6T7.M,UNICEF: Europe and Central Asia,2024,37.67947006225586,UIS_EST,
GGR.6T7.M,UNICEF: Europe and Central Asia Programme Countries,2000,14.76718997955322,UIS_EST,
GGR.6T7.M,UNICEF: Europe and Central Asia Programme Countries,2001,15.87854957580566,UIS_EST,
GGR.6T7.M,UNICEF: Europe and Central Asia Programme Countries,2002,17.32259941101074,UIS_EST,
GGR.6T7.M,UNICEF: Europe and Central Asia Programme Countries,2003,17.8103199005127,UIS_EST,
GGR.6T7.M,UNICEF: Europe and Central Asia Programme Countries,2004,17.80419921875,UIS_EST,
GGR.6T7.M,UNICEF: Europe and Central Asia Programme Countries,2005,17.71776962280273,UIS_EST,
GGR.6T7.M,UNICEF: Europe and Central Asia Programme Countries,2006,19.79789924621582,UIS_EST,
GGR.6T7.M,UNICEF: Europe and Central Asia Programme Countries,2007,20.89237022399902,UIS_EST,
GGR.6T7.M,UNICEF: Europe and Central Asia Programme Countries,2008,24.06299018859863,,
GGR.6T7.M,UNICEF: Europe and Central Asia Programme Countries,2009,25.15727043151855,,
GGR.6T7.M,UNICEF: Europe and Central Asia Programme Countries,2010,24.83296966552734,,
GGR.6T7.M,UNICEF: Europe and Central Asia Programme Countries,2011,24.50798034667969,,
GGR.6T7.M,UNICEF: Europe and Central Asia Programme Countries,2012,25.13957977294922,UIS_EST,
GGR.6T7.M,UNICEF: Europe and Central Asia Programme Countries,2013,25.50494003295898,UIS_EST,
GGR.6T7.M,UNICEF: Europe and Central Asia Programme Countries,2014,25.98650932312012,UIS_EST,
GGR.6T7.M,UNICEF: Europe and Central Asia Programme Countries,2015,26.43936920166016,UIS_EST,
GGR.6T7.M,UNICEF: Europe and Central Asia Programme Countries,2016,26.00536918640137,UIS_EST,
GGR.6T7.M,UNICEF: Europe and Central Asia Programme Countries,2017,26.66049003601074,UIS_EST,
GGR.6T7.M,UNICEF: Europe and Central Asia Programme Countries,2018,28.22825050354004,,
GGR.6T7.M,UNICEF: Europe and Central Asia Programme Countries,2019,27.75839042663574,,
GGR.6T7.M,UNICEF: Europe and Central Asia Programme Countries,2020,30.38898086547852,,
GGR.6T7.M,UNICEF: Europe and Central Asia Programme Countries,2021,30.94082069396973,UIS_EST,
GGR.6T7.M,UNICEF: Europe and Central Asia Programme Countries,2022,29.28148078918457,UIS_EST,
GGR.6T7.M,UNICEF: Europe and Central Asia Programme Countries,2023,31.08587074279785,UIS_EST,
GGR.6T7.M,UNICEF: Europe and Central Asia Programme Countries,2024,30.55739974975586,UIS_EST,
GGR.6T7.M,UNICEF: Gulf Area,2010,7.371349811553955,UIS_EST,
GGR.6T7.M,UNICEF: Gulf Area,2011,7.011159896850586,,
GGR.6T7.M,UNICEF: Gulf Area,2012,7.787779808044434,,
GGR.6T7.M,UNICEF: Gulf Area,2013,9.53262996673584,,
GGR.6T7.M,UNICEF: Gulf Area,2014,10.92282962799072,,
GGR.6T7.M,UNICEF: Gulf Area,2015,14.1276798248291,,
GGR.6T7.M,UNICEF: Gulf Area,2016,16.63430976867676,,
GGR.6T7.M,UNICEF: Gulf Area,2017,19.97384071350098,,
GGR.6T7.M,UNICEF: Gulf Area,2018,24.20108032226563,,
GGR.6T7.M,UNICEF: Gulf Area,2019,23.24134063720703,,
GGR.6T7.M,UNICEF: Gulf Area,2020,24.03405952453613,,
GGR.6T7.M,UNICEF: Gulf Area,2021,28.79063987731934,,
GGR.6T7.M,UNICEF: Gulf Area,2022,23.67042922973633,,
GGR.6T7.M,UNICEF: Gulf Area,2023,24.30418014526367,UIS_EST,
GGR.6T7.M,UNICEF: Latin America and Caribbean,2000,14.57104969024658,UIS_EST,
GGR.6T7.M,UNICEF: Latin America and Caribbean,2001,15.08265972137451,UIS_EST,
GGR.6T7.M,UNICEF: Latin America and Caribbean,2002,10.39171028137207,,
GGR.6T7.M,UNICEF: Latin America and Caribbean,2003,11.14278984069824,,
GGR.6T7.M,UNICEF: Latin America and Caribbean,2004,11.9383602142334,UIS_EST,
GGR.6T7.M,UNICEF: Latin America and Caribbean,2005,12.33765983581543,UIS_EST,
GGR.6T7.M,UNICEF: Latin America and Caribbean,2006,16.16548919677734,UIS_EST,
GGR.6T7.M,UNICEF: Latin America and Caribbean,2007,13.5347204208374,,
GGR.6T7.M,UNICEF: Latin America and Caribbean,2008,14.20586967468262,,
GGR.6T7.M,UNICEF: Latin America and Caribbean,2009,14.97673034667969,,
GGR.6T7.M,UNICEF: Latin America and Caribbean,2010,15.04084014892578,UIS_EST,
GGR.6T7.M,UNICEF: Latin America and Caribbean,2011,15.820969581604,,
GGR.6T7.M,UNICEF: Latin America and Caribbean,2012,16.04560089111328,UIS_EST,
GGR.6T7.M,UNICEF: Latin America and Caribbean,2013,17.94219970703125,UIS_EST,
GGR.6T7.M,UNICEF: Latin America and Caribbean,2014,17.63821029663086,UIS_EST,
GGR.6T7.M,UNICEF: Latin America and Caribbean,2015,18.11959075927734,UIS_EST,
GGR.6T7.M,UNICEF: Latin America and Caribbean,2016,18.98115921020508,UIS_EST,
GGR.6T7.M,UNICEF: Latin America and Caribbean,2017,19.28273963928223,UIS_EST,
GGR.6T7.M,UNICEF: Latin America and Caribbean,2018,18.20512008666992,UIS_EST,
GGR.6T7.M,UNICEF: Latin America and Caribbean,2019,20.10300064086914,UIS_EST,
GGR.6T7.M,UNICEF: Latin America and Caribbean,2020,19.63369941711426,UIS_EST,
GGR.6T7.M,UNICEF: Latin America and Caribbean,2021,20.8515796661377,UIS_EST,
GGR.6T7.M,UNICEF: Latin America and Caribbean,2022,21.28396034240723,UIS_EST,
GGR.6T7.M,UNICEF: Middle East and North Africa,2000,12.022780418396,UIS_EST,
GGR.6T7.M,UNICEF: Middle East and North Africa,2001,12.58876037597656,UIS_EST,
GGR.6T7.M,UNICEF: Middle East and North Africa,2002,12.54745960235596,UIS_EST,
GGR.6T7.M,UNICEF: Middle East and North Africa,2003,12.69402980804443,UIS_EST,
GGR.6T7.M,UNICEF: Middle East and North Africa,2004,13.07279014587402,,
GGR.6T7.M,UNICEF: Middle East and North Africa,2005,12.98062992095947,,
GGR.6T7.M,UNICEF: Middle East and North Africa,2006,13.37339019775391,,
GGR.6T7.M,UNICEF: Middle East and North Africa,2007,13.1872501373291,,
GGR.6T7.M,UNICEF: Middle East and North Africa,2008,13.85517978668213,UIS_EST,
GGR.6T7.M,UNICEF: Middle East and North Africa,2009,14.20125007629395,,
GGR.6T7.M,UNICEF: Middle East and North Africa,2010,15.32629013061523,,
GGR.6T7.M,UNICEF: Middle East and North Africa,2011,15.45993995666504,UIS_EST,
GGR.6T7.M,UNICEF: Middle East and North Africa,2012,15.95977020263672,UIS_EST,
GGR.6T7.M,UNICEF: Middle East and North Africa,2013,18.11801910400391,,
GGR.6T7.M,UNICEF: Middle East and North Africa,2014,17.6802806854248,UIS_EST,
GGR.6T7.M,UNICEF: Middle East and North Africa,2015,18.62426948547363,UIS_EST,
GGR.6T7.M,UNICEF: Middle East and North Africa,2016,19.38126945495605,,
GGR.6T7.M,UNICEF: Middle East and North Africa,2017,20.058349609375,UIS_EST,
GGR.6T7.M,UNICEF: Middle East and North Africa,2018,21.12324905395508,UIS_EST,
GGR.6T7.M,UNICEF: Middle East and North Africa,2019,20.09474945068359,UIS_EST,
GGR.6T7.M,UNICEF: Middle East and North Africa,2020,20.80471992492676,UIS_EST,
GGR.6T7.M,UNICEF: Middle East and North Africa,2021,21.94218063354492,UIS_EST,
GGR.6T7.M,UNICEF: Middle East and North Africa,2022,21.50114059448242,UIS_EST,
GGR.6T7.M,UNICEF: Middle East and North Africa,2023,22.77870941162109,UIS_EST,
GGR.6T7.M,UNICEF: Middle East and North Africa,2024,22.90078926086426,UIS_EST,
GGR.6T7.M,UNICEF: Middle East and North Africa Programme Countries,2000,11.65497970581055,UIS_EST,
GGR.6T7.M,UNICEF: Middle East and North Africa Programme Countries,2001,12.18498039245605,UIS_EST,
GGR.6T7.M,UNICEF: Middle East and North Africa Programme Countries,2002,12.13498973846436,UIS_EST,
GGR.6T7.M,UNICEF: Middle East and North Africa Programme Countries,2003,12.25140953063965,UIS_EST,
GGR.6T7.M,UNICEF: Middle East and North Africa Programme Countries,2004,12.61365032196045,,
GGR.6T7.M,UNICEF: Middle East and North Africa Programme Countries,2005,12.53020000457764,UIS_EST,
GGR.6T7.M,UNICEF: Middle East and North Africa Programme Countries,2006,12.89237976074219,,
GGR.6T7.M,UNICEF: Middle East and North Africa Programme Countries,2007,12.71247959136963,UIS_EST,
GGR.6T7.M,UNICEF: Middle East and North Africa Programme Countries,2008,13.33891010284424,UIS_EST,
GGR.6T7.M,UNICEF: Middle East and North Africa Programme Countries,2009,13.64068984985352,UIS_EST,
GGR.6T7.M,UNICEF: Middle East and North Africa Programme Countries,2010,14.67378044128418,UIS_EST,
GGR.6T7.M,UNICEF: Middle East and North Africa Programme Countries,2011,14.85066032409668,UIS_EST,
GGR.6T7.M,UNICEF: Middle East and North Africa Programme Countries,2012,15.28505992889404,UIS_EST,
GGR.6T7.M,UNICEF: Middle East and North Africa Programme Countries,2013,17.2049503326416,UIS_EST,
GGR.6T7.M,UNICEF: Middle East and North Africa Programme Countries,2014,16.73782920837402,UIS_EST,
GGR.6T7.M,UNICEF: Middle East and North Africa Programme Countries,2015,17.57723999023438,UIS_EST,
GGR.6T7.M,UNICEF: Middle East and North Africa Programme Countries,2016,18.21017074584961,UIS_EST,
GGR.6T7.M,UNICEF: Middle East and North Africa Programme Countries,2017,18.76684951782227,UIS_EST,
GGR.6T7.M,UNICEF: Middle East and North Africa Programme Countries,2018,19.66846084594727,UIS_EST,
GGR.6T7.M,UNICEF: Middle East and North Africa Programme Countries,2019,18.72505950927734,UIS_EST,
GGR.6T7.M,UNICEF: Middle East and North Africa Programme Countries,2020,19.36199951171875,UIS_EST,
GGR.6T7.M,UNICEF: Middle East and North Africa Programme Countries,2021,20.37726974487305,UIS_EST,
GGR.6T7.M,UNICEF: Middle East and North Africa Programme Countries,2022,19.93856048583984,UIS_EST,
GGR.6T7.M,UNICEF: Middle East and North Africa Programme Countries,2023,21.10870933532715,UIS_EST,
GGR.6T7.M,UNICEF: Middle East and North Africa Programme Countries,2024,21.2266902923584,UIS_EST,
GGR.6T7.M,UNICEF: North America,2000,27.82349014282227,UIS_EST,
GGR.6T7.M,UNICEF: North America,2001,28.83523941040039,UIS_EST,
GGR.6T7.M,UNICEF: North America,2002,27.25732040405273,UIS_EST,
GGR.6T7.M,UNICEF: North America,2003,29.00478935241699,UIS_EST,
GGR.6T7.M,UNICEF: North America,2004,27.8609790802002,UIS_EST,
GGR.6T7.M,UNICEF: North America,2005,30.28019905090332,UIS_EST,
GGR.6T7.M,UNICEF: North America,2006,29.34211921691895,UIS_EST,
GGR.6T7.M,UNICEF: North America,2007,31.11676025390625,UIS_EST,
GGR.6T7.M,UNICEF: North America,2008,30.52285003662109,UIS_EST,
GGR.6T7.M,UNICEF: North America,2009,31.29849052429199,UIS_EST,
GGR.6T7.M,UNICEF: North America,2010,31.59181022644043,UIS_EST,
GGR.6T7.M,UNICEF: South Asia,2012,25.57624053955078,UIS_EST,
GGR.6T7.M,UNICEF: South Asia,2013,26.02931022644043,,
GGR.6T7.M,UNICEF: South Asia,2014,21.72942924499512,,
GGR.6T7.M,UNICEF: South Asia,2015,23.40509986877441,,
GGR.6T7.M,UNICEF: South Asia,2016,24.0984001159668,,
GGR.6T7.M,UNICEF: South Asia,2017,22.69223022460938,,
GGR.6T7.M,UNICEF: South Asia,2018,22.146240234375,,
GGR.6T7.M,UNICEF: South Asia,2019,21.83791923522949,,
GGR.6T7.M,UNICEF: South Asia,2020,24.20536994934082,,
GGR.6T7.M,UNICEF: South Asia,2021,20.57695960998535,,
GGR.6T7.M,UNICEF: South Asia,2022,23.12636947631836,,
GGR.6T7.M,UNICEF: South Asia,2023,23.11820030212402,,
GGR.6T7.M,UNICEF: South Asia,2024,23.11409950256348,UIS_EST,
GGR.6T7.M,UNICEF: Sub-Saharan Africa,2000,3.151730060577393,UIS_EST,
GGR.6T7.M,UNICEF: Sub-Saharan Africa,2011,3.806710004806519,UIS_EST,
GGR.6T7.M,UNICEF: Sub-Saharan Africa,2012,3.867899894714355,UIS_EST,
GGR.6T7.M,UNICEF: Sub-Saharan Africa,2016,4.100460052490234,UIS_EST,
GGR.6T7.M,UNICEF: West and Central Africa,2000,3.495800018310547,UIS_EST,
GGR.6T7.M,UNICEF: West and Central Africa,2016,3.819329977035522,UIS_EST,
GGR.6T7.M,UNICEF: West and Central Africa,2017,3.834270000457764,UIS_EST,
GGR.6T7.M,UNICEF: Western Balkans,2006,18.4727897644043,UIS_EST,
GGR.6T7.M,UNICEF: Western Balkans,2007,19.6778392791748,UIS_EST,
GGR.6T7.M,UNICEF: Western Balkans,2008,21.83412933349609,UIS_EST,
GGR.6T7.M,UNICEF: Western Balkans,2009,22.89447021484375,UIS_EST,
GGR.6T7.M,UNICEF: Western Balkans,2010,23.46795082092285,UIS_EST,
GGR.6T7.M,UNICEF: Western Balkans,2011,21.45964050292969,,
GGR.6T7.M,UNICEF: Western Balkans,2012,23.10891914367676,,
GGR.6T7.M,UNICEF: Western Balkans,2013,23.38920021057129,UIS_EST,
GGR.6T7.M,UNICEF: Western Balkans,2014,23.03049087524414,UIS_EST,
GGR.6T7.M,UNICEF: Western Balkans,2015,23.45331954956055,UIS_EST,
GGR.6T7.M,UNICEF: Western Balkans,2016,23.37369918823242,UIS_EST,
GGR.6T7.M,UNICEF: Western Balkans,2017,24.17028999328613,UIS_EST,
GGR.6T7.M,UNICEF: Western Balkans,2018,24.96640968322754,UIS_EST,
GGR.6T7.M,UNICEF: Western Balkans,2019,23.63022994995117,UIS_EST,
GGR.6T7.M,UNICEF: Western Balkans,2020,22.42024040222168,UIS_EST,
GGR.6T7.M,UNICEF: Western Balkans,2021,22.57099914550781,,
GGR.6T7.M,UNICEF: Western Balkans,2022,23.66605949401855,UIS_EST,
GGR.6T7.M,UNICEF: Western Balkans,2023,23.87414932250977,UIS_EST,
GGR.6T7.M,UNICEF: Western Balkans,2024,25.38673973083496,UIS_EST,
GGR.6T7.M,UNICEF: Western Europe,2000,24.91741943359375,,
GGR.6T7.M,UNICEF: Western Europe,2001,25.80876922607422,,
GGR.6T7.M,UNICEF: Western Europe,2002,26.59001922607422,,
GGR.6T7.M,UNICEF: Western Europe,2003,27.66349983215332,,
GGR.6T7.M,UNICEF: Western Europe,2004,27.96025085449219,,
GGR.6T7.M,UNICEF: Western Europe,2005,29.07350921630859,,
GGR.6T7.M,UNICEF: Western Europe,2006,29.30998992919922,,
GGR.6T7.M,UNICEF: Western Europe,2007,29.83918952941895,,
GGR.6T7.M,UNICEF: Western Europe,2008,30.7623405456543,,
GGR.6T7.M,UNICEF: Western Europe,2009,31.42736053466797,,
GGR.6T7.M,UNICEF: Western Europe,2010,31.77931022644043,,
GGR.6T7.M,UNICEF: Western Europe,2011,32.70312881469727,,
GGR.6T7.M,UNICEF: Western Europe,2012,33.2333984375,,
GGR.6T7.M,UNICEF: Western Europe,2013,33.38446044921875,,
GGR.6T7.M,UNICEF: Western Europe,2014,36.22611999511719,,
GGR.6T7.M,UNICEF: Western Europe,2015,36.86851119995117,,
GGR.6T7.M,UNICEF: Western Europe,2016,36.77431106567383,,
GGR.6T7.M,UNICEF: Western Europe,2017,37.13731002807617,UIS_EST,
GGR.6T7.M,UNICEF: Western Europe,2018,37.20436096191406,,
GGR.6T7.M,UNICEF: Western Europe,2019,39.06742858886719,,
GGR.6T7.M,UNICEF: Western Europe,2020,40.32778930664063,,
GGR.6T7.M,UNICEF: Western Europe,2021,41.20111846923828,,
GGR.6T7.M,UNICEF: Western Europe,2022,39.82328033447266,,
GGR.6T7.M,UNICEF: Western Europe,2023,40.76670074462891,,
GGR.6T7.M,UNICEF: Western Europe,2024,40.78570175170898,UIS_EST,
GGR.6T7.M,UNICEF: World,2000,16.34910011291504,UIS_EST,
GGR.6T7.M,UNICEF: World,2001,16.64146995544434,UIS_EST,
GGR.6T7.M,UNICEF: World,2002,16.29771995544434,UIS_EST,
GGR.6T7.M,UNICEF: World,2003,16.72015953063965,UIS_EST,
GGR.6T7.M,UNICEF: World,2004,16.73921012878418,UIS_EST,
GGR.6T7.M,UNICEF: World,2005,16.95807075500488,UIS_EST,
GGR.6T7.M,UNICEF: World,2006,17.68322944641113,UIS_EST,
GGR.6T7.M,UNICEF: World,2007,18.16810035705566,UIS_EST,
GGR.6T7.M,UNICEF: World,2008,18.65755081176758,UIS_EST,
GGR.6T7.M,UNICEF: World,2009,18.69216918945313,UIS_EST,
GGR.6T7.M,UNICEF: World,2010,18.8290901184082,UIS_EST,
GGR.6T7.M,UNICEF: World,2011,19.14014053344727,UIS_EST,
GGR.6T7.M,UNICEF: World,2012,19.44775009155273,UIS_EST,
GGR.6T7.M,UNICEF: World,2013,19.94506072998047,UIS_EST,
GGR.6T7.M,UNICEF: World,2014,20.29586029052734,UIS_EST,
GGR.6T7.M,UNICEF: World,2015,21.38979911804199,UIS_EST,
GGR.6T7.M,UNICEF: World,2016,22.04343032836914,,
GGR.6T7.M,UNICEF: World,2017,21.86017036437988,UIS_EST,
GGR.6T7.M,UNICEF: World,2018,21.61602973937988,UIS_EST,
GGR.6T7.M,UNICEF: World,2019,21.52322006225586,UIS_EST,
GGR.6T7.M,UNICEF: World,2020,22.54829978942871,UIS_EST,
GGR.6T7.M,UNICEF: World,2021,22.18025016784668,UIS_EST,
GGR.6T7.M,UNICEF: World,2022,23.18721961975098,UIS_EST,
GGR.6T7.M,UNICEF: World,2023,23.66824913024902,UIS_EST,
GGR.6T7.M,UNICEF: World,2024,24.28167915344238,UIS_EST,
GGR.6T7.M,URY,2020,11.53396987915039,,
GGR.6T7.M,URY,2021,12.35396957397461,,
GGR.6T7.M,URY,2022,14.48791027069092,,
GGR.6T7.M,URY,2023,26.69877052307129,,
GGR.6T7.M,UZB,2006,11.65151977539063,,
GGR.6T7.M,UZB,2008,13.68585968017578,,
GGR.6T7.M,UZB,2009,13.8303804397583,,
GGR.6T7.M,UZB,2010,11.6038703918457,,
GGR.6T7.M,UZB,2011,12.36808013916016,,
GGR.6T7.M,VEN,2000,5.179140090942383,,
GGR.6T7.M,VEN,2002,8.68925952911377,,
GGR.6T7.M,VEN,2009,11.85916996002197,,
GGR.6T7.M,VGB,2002,8.536589622497559,,
GGR.6T7.M,VGB,2009,21.56863021850586,,
GGR.6T7.M,VNM,2012,17.59711074829102,,
GGR.6T7.M,VNM,2013,14.4211597442627,,
GGR.6T7.M,VNM,2014,14.61752986907959,,
GGR.6T7.M,VNM,2015,18.34127998352051,,
GGR.6T7.M,VNM,2016,18.5061092376709,,
GGR.6T7.M,VNM,2017,17.35707092285156,,
GGR.6T7.M,VNM,2018,24.87155914306641,,
GGR.6T7.M,VNM,2020,15.13189029693604,,
GGR.6T7.M,VNM,2021,16.05739974975586,,
GGR.6T7.M,VNM,2022,15.09955024719238,,
GGR.6T7.M,WB: Africa Eastern and Southern,2000,3.208810091018677,UIS_EST,
GGR.6T7.M,WB: Africa Eastern and Southern,2001,3.454629898071289,UIS_EST,
GGR.6T7.M,WB: Africa Eastern and Southern,2002,3.369549989700317,UIS_EST,
GGR.6T7.M,WB: Africa Eastern and Southern,2003,3.549139976501465,UIS_EST,
GGR.6T7.M,WB: Africa Eastern and Southern,2004,3.758519887924194,UIS_EST,
GGR.6T7.M,WB: Africa Eastern and Southern,2005,3.58201003074646,UIS_EST,
GGR.6T7.M,WB: Africa Eastern and Southern,2006,3.591880083084106,UIS_EST,
GGR.6T7.M,WB: Africa Eastern and Southern,2007,3.716559886932373,UIS_EST,
GGR.6T7.M,WB: Africa Eastern and Southern,2008,4.015659809112549,UIS_EST,
GGR.6T7.M,WB: Africa Eastern and Southern,2009,3.963259935379028,UIS_EST,
GGR.6T7.M,WB: Africa Eastern and Southern,2010,4.261670112609863,UIS_EST,
GGR.6T7.M,WB: Africa Eastern and Southern,2011,4.077449798583984,UIS_EST,
GGR.6T7.M,WB: Africa Eastern and Southern,2012,4.177549839019775,UIS_EST,
GGR.6T7.M,WB: Africa Eastern and Southern,2013,4.241320133209229,UIS_EST,
GGR.6T7.M,WB: Africa Eastern and Southern,2014,4.315770149230957,UIS_EST,
GGR.6T7.M,WB: Africa Eastern and Southern,2015,4.455470085144043,UIS_EST,
GGR.6T7.M,WB: Africa Eastern and Southern,2016,4.577149868011475,UIS_EST,
GGR.6T7.M,WB: Africa Eastern and Southern,2017,4.639140129089355,UIS_EST,
GGR.6T7.M,WB: Africa Eastern and Southern,2018,4.801660060882568,UIS_EST,
GGR.6T7.M,WB: Africa Western and Central,2000,3.080499887466431,UIS_EST,
GGR.6T7.M,WB: Arab World,2000,11.71179008483887,UIS_EST,
GGR.6T7.M,WB: Arab World,2001,12.34377002716064,UIS_EST,
GGR.6T7.M,WB: Arab World,2002,12.29092979431152,UIS_EST,
GGR.6T7.M,WB: Arab World,2003,12.41681957244873,UIS_EST,
GGR.6T7.M,WB: Arab World,2004,12.98762035369873,UIS_EST,
GGR.6T7.M,WB: Arab World,2005,13.21444034576416,UIS_EST,
GGR.6T7.M,WB: Arab World,2006,13.55828952789307,UIS_EST,
GGR.6T7.M,WB: Arab World,2007,13.58178997039795,UIS_EST,
GGR.6T7.M,WB: Arab World,2008,13.68659019470215,UIS_EST,
GGR.6T7.M,WB: Arab World,2009,13.72266960144043,UIS_EST,
GGR.6T7.M,WB: Arab World,2010,14.08199024200439,UIS_EST,
GGR.6T7.M,WB: Arab World,2011,14.18848037719727,UIS_EST,
GGR.6T7.M,WB: Arab World,2012,14.20532035827637,UIS_EST,
GGR.6T7.M,WB: Arab World,2013,14.81622982025146,UIS_EST,
GGR.6T7.M,WB: Arab World,2014,14.64358043670654,UIS_EST,
GGR.6T7.M,WB: Arab World,2015,14.54477024078369,UIS_EST,
GGR.6T7.M,WB: Arab World,2016,14.22237014770508,UIS_EST,
GGR.6T7.M,WB: Arab World,2017,15.04323959350586,UIS_EST,
GGR.6T7.M,WB: Arab World,2018,16.09330940246582,UIS_EST,
GGR.6T7.M,WB: Arab World,2019,17.11395072937012,UIS_EST,
GGR.6T7.M,WB: Arab World,2020,17.99547958374023,UIS_EST,
GGR.6T7.M,WB: Arab World,2021,19.10707092285156,UIS_EST,
GGR.6T7.M,WB: Arab World,2022,18.65802955627441,UIS_EST,
GGR.6T7.M,WB: Arab World,2023,19.93663024902344,UIS_EST,
GGR.6T7.M,WB: Arab World,2024,20.06036949157715,UIS_EST,
GGR.6T7.M,WB: Caribbean small states,2003,9.21183967590332,UIS_EST,
GGR.6T7.M,WB: Caribbean small states,2004,8.75905990600586,UIS_EST,
GGR.6T7.M,WB: Caribbean small states,2005,8.910289764404297,UIS_EST,
GGR.6T7.M,WB: Caribbean small states,2006,9.28477954864502,UIS_EST,
GGR.6T7.M,WB: Caribbean small states,2007,7.965169906616211,UIS_EST,
GGR.6T7.M,WB: Caribbean small states,2008,9.607239723205566,UIS_EST,
GGR.6T7.M,WB: Caribbean small states,2009,9.126440048217773,UIS_EST,
GGR.6T7.M,WB: Caribbean small states,2010,8.788979530334473,UIS_EST,
GGR.6T7.M,WB: Caribbean small states,2011,9.051830291748047,UIS_EST,
GGR.6T7.M,WB: Caribbean small states,2012,9.50094985961914,UIS_EST,
GGR.6T7.M,WB: Central Europe and the Baltics,2000,19.15863037109375,,
GGR.6T7.M,WB: Central Europe and the Baltics,2001,21.4135799407959,,
GGR.6T7.M,WB: Central Europe and the Baltics,2002,23.73142051696777,,
GGR.6T7.M,WB: Central Europe and the Baltics,2003,25.06451034545898,,
GGR.6T7.M,WB: Central Europe and the Baltics,2004,26.55849075317383,,
GGR.6T7.M,WB: Central Europe and the Baltics,2005,26.7284107208252,,
GGR.6T7.M,WB: Central Europe and the Baltics,2006,27.49052047729492,,
GGR.6T7.M,WB: Central Europe and the Baltics,2007,29.34774971008301,,
GGR.6T7.M,WB: Central Europe and the Baltics,2008,35.16300964355469,,
GGR.6T7.M,WB: Central Europe and the Baltics,2009,38.36075973510742,,
GGR.6T7.M,WB: Central Europe and the Baltics,2010,38.4339714050293,,
GGR.6T7.M,WB: Central Europe and the Baltics,2011,38.49296188354492,,
GGR.6T7.M,WB: Central Europe and the Baltics,2012,36.62223052978516,,
GGR.6T7.M,WB: Central Europe and the Baltics,2013,34.69844818115234,,
GGR.6T7.M,WB: Central Europe and the Baltics,2014,33.18000030517578,,
GGR.6T7.M,WB: Central Europe and the Baltics,2015,33.09360885620117,,
GGR.6T7.M,WB: Central Europe and the Baltics,2016,32.32180023193359,UIS_EST,
GGR.6T7.M,WB: Central Europe and the Baltics,2017,33.6750602722168,,
GGR.6T7.M,WB: Central Europe and the Baltics,2018,33.36307144165039,,
GGR.6T7.M,WB: Central Europe and the Baltics,2019,33.31742858886719,,
GGR.6T7.M,WB: Central Europe and the Baltics,2020,40.66622924804688,,
GGR.6T7.M,WB: Central Europe and the Baltics,2021,35.52399826049805,,
GGR.6T7.M,WB: Central Europe and the Baltics,2022,34.99198150634766,,
GGR.6T7.M,WB: Central Europe and the Baltics,2023,36.25939178466797,,
GGR.6T7.M,WB: Central Europe and the Baltics,2024,36.25939178466797,UIS_EST,
GGR.6T7.M,WB: Early-demographic dividend,2001,18.50921058654785,UIS_EST,
GGR.6T7.M,WB: Early-demographic dividend,2002,18.67008972167969,UIS_EST,
GGR.6T7.M,WB: Early-demographic dividend,2003,18.9157600402832,UIS_EST,
GGR.6T7.M,WB: Early-demographic dividend,2004,18.72109985351563,UIS_EST,
GGR.6T7.M,WB: Early-demographic dividend,2005,18.52611923217773,UIS_EST,
GGR.6T7.M,WB: Early-demographic dividend,2006,18.96235084533691,UIS_EST,
GGR.6T7.M,WB: Early-demographic dividend,2007,19.08230018615723,UIS_EST,
GGR.6T7.M,WB: Early-demographic dividend,2011,20.02988052368164,UIS_EST,
GGR.6T7.M,WB: Early-demographic dividend,2012,20.5231990814209,UIS_EST,
GGR.6T7.M,WB: Early-demographic dividend,2013,21.01516914367676,UIS_EST,
GGR.6T7.M,WB: Early-demographic dividend,2014,18.80377960205078,UIS_EST,
GGR.6T7.M,WB: Early-demographic dividend,2015,20.07291984558105,UIS_EST,
GGR.6T7.M,WB: Early-demographic dividend,2016,20.77706909179688,,
GGR.6T7.M,WB: Early-demographic dividend,2017,20.17697906494141,,
GGR.6T7.M,WB: Early-demographic dividend,2018,19.97296905517578,,
GGR.6T7.M,WB: Early-demographic dividend,2019,20.00345039367676,UIS_EST,
GGR.6T7.M,WB: Early-demographic dividend,2020,21.72427940368652,UIS_EST,
GGR.6T7.M,WB: Early-demographic dividend,2021,19.93643951416016,UIS_EST,
GGR.6T7.M,WB: Early-demographic dividend,2022,21.44261932373047,UIS_EST,
GGR.6T7.M,WB: Early-demographic dividend,2023,21.41607093811035,UIS_EST,
GGR.6T7.M,WB: Early-demographic dividend,2024,21.43552017211914,UIS_EST,
GGR.6T7.M,WB: East Asia & Pacific,2004,12.50710010528564,UIS_EST,
GGR.6T7.M,WB: East Asia & Pacific,2005,12.71113014221191,UIS_EST,
GGR.6T7.M,WB: East Asia & Pacific,2006,13.32087993621826,UIS_EST,
GGR.6T7.M,WB: East Asia & Pacific,2007,15.0780200958252,UIS_EST,
GGR.6T7.M,WB: East Asia & Pacific,2008,15.71033954620361,UIS_EST,
GGR.6T7.M,WB: East Asia & Pacific,2009,15.50275993347168,UIS_EST,
GGR.6T7.M,WB: East Asia & Pacific,2010,15.56017971038818,UIS_EST,
GGR.6T7.M,WB: East Asia & Pacific,2011,15.8925199508667,UIS_EST,
GGR.6T7.M,WB: East Asia & Pacific,2012,16.85820007324219,UIS_EST,
GGR.6T7.M,WB: East Asia & Pacific,2013,17.06668090820313,,
GGR.6T7.M,WB: East Asia & Pacific,2014,21.57825088500977,,
GGR.6T7.M,WB: East Asia & Pacific,2015,23.65226936340332,,
GGR.6T7.M,WB: East Asia & Pacific,2016,24.88998031616211,,
GGR.6T7.M,WB: East Asia & Pacific,2017,25.86615943908691,,
GGR.6T7.M,WB: East Asia & Pacific,2018,26.30178070068359,,
GGR.6T7.M,WB: East Asia & Pacific,2019,26.18449020385742,,
GGR.6T7.M,WB: East Asia & Pacific,2020,27.17874908447266,,
GGR.6T7.M,WB: East Asia & Pacific,2021,29.36713027954102,,
GGR.6T7.M,WB: East Asia & Pacific,2022,31.14690017700195,,
GGR.6T7.M,WB: East Asia & Pacific,2023,32.5092887878418,,
GGR.6T7.M,WB: East Asia & Pacific,2024,35.75297164916992,UIS_EST,
GGR.6T7.M,WB: East Asia & Pacific (IDA & IBRD),2004,9.716320037841797,UIS_EST,
GGR.6T7.M,WB: East Asia & Pacific (IDA & IBRD),2005,10.05928993225098,UIS_EST,
GGR.6T7.M,WB: East Asia & Pacific (IDA & IBRD),2006,10.55290985107422,UIS_EST,
GGR.6T7.M,WB: East Asia & Pacific (IDA & IBRD),2007,12.51455020904541,UIS_EST,
GGR.6T7.M,WB: East Asia & Pacific (IDA & IBRD),2008,13.17951011657715,UIS_EST,
GGR.6T7.M,WB: East Asia & Pacific (IDA & IBRD),2009,13.10964012145996,UIS_EST,
GGR.6T7.M,WB: East Asia & Pacific (IDA & IBRD),2010,13.28719997406006,UIS_EST,
GGR.6T7.M,WB: East Asia & Pacific (IDA & IBRD),2011,13.59136009216309,UIS_EST,
GGR.6T7.M,WB: East Asia & Pacific (IDA & IBRD),2012,14.67926025390625,UIS_EST,
GGR.6T7.M,WB: East Asia & Pacific (IDA & IBRD),2013,14.97844982147217,,
GGR.6T7.M,WB: East Asia & Pacific (IDA & IBRD),2014,19.5809497833252,,
GGR.6T7.M,WB: East Asia & Pacific (IDA & IBRD),2015,21.75974082946777,,
GGR.6T7.M,WB: East Asia & Pacific (IDA & IBRD),2016,23.14200973510742,,
GGR.6T7.M,WB: East Asia & Pacific (IDA & IBRD),2017,24.1665096282959,,
GGR.6T7.M,WB: East Asia & Pacific (IDA & IBRD),2018,24.53163909912109,,
GGR.6T7.M,WB: East Asia & Pacific (IDA & IBRD),2019,24.48020935058594,,
GGR.6T7.M,WB: East Asia & Pacific (IDA & IBRD),2020,25.55673980712891,,
GGR.6T7.M,WB: East Asia & Pacific (IDA & IBRD),2021,27.77080917358398,,
GGR.6T7.M,WB: East Asia & Pacific (IDA & IBRD),2022,29.67135047912598,,
GGR.6T7.M,WB: East Asia & Pacific (IDA & IBRD),2023,31.30322074890137,,
GGR.6T7.M,WB: East Asia & Pacific (IDA & IBRD),2024,34.8095817565918,,
GGR.6T7.M,WB: East Asia & Pacific (excluding high income),2004,9.808480262756348,UIS_EST,
GGR.6T7.M,WB: East Asia & Pacific (excluding high income),2005,10.14299011230469,UIS_EST,
GGR.6T7.M,WB: East Asia & Pacific (excluding high income),2006,10.63747978210449,UIS_EST,
GGR.6T7.M,WB: East Asia & Pacific (excluding high income),2007,12.57464981079102,UIS_EST,
GGR.6T7.M,WB: East Asia & Pacific (excluding high income),2008,13.23089981079102,UIS_EST,
GGR.6T7.M,WB: East Asia & Pacific (excluding high income),2009,13.16001033782959,UIS_EST,
GGR.6T7.M,WB: East Asia & Pacific (excluding high income),2010,13.33411026000977,UIS_EST,
GGR.6T7.M,WB: East Asia & Pacific (excluding high income),2011,13.63669013977051,UIS_EST,
GGR.6T7.M,WB: East Asia & Pacific (excluding high income),2012,14.71247005462646,UIS_EST,
GGR.6T7.M,WB: East Asia & Pacific (excluding high income),2013,15.00833034515381,,
GGR.6T7.M,WB: East Asia & Pacific (excluding high income),2014,19.55755996704102,,
GGR.6T7.M,WB: East Asia & Pacific (excluding high income),2015,21.83284950256348,,
GGR.6T7.M,WB: East Asia & Pacific (excluding high income),2016,23.07225036621094,,
GGR.6T7.M,WB: East Asia & Pacific (excluding high income),2017,24.08499908447266,,
GGR.6T7.M,WB: East Asia & Pacific (excluding high income),2018,24.58600044250488,,
GGR.6T7.M,WB: East Asia & Pacific (excluding high income),2019,24.39311027526855,UIS_EST,
GGR.6T7.M,WB: East Asia & Pacific (excluding high income),2020,25.45318031311035,,
GGR.6T7.M,WB: East Asia & Pacific (excluding high income),2021,27.63714981079102,,
GGR.6T7.M,WB: East Asia & Pacific (excluding high income),2022,29.51231002807617,,
GGR.6T7.M,WB: East Asia & Pacific (excluding high income),2023,31.13021087646484,,
GGR.6T7.M,WB: East Asia & Pacific (excluding high income),2024,34.58966827392578,,
GGR.6T7.M,WB: Euro area,2000,23.48101997375488,,
GGR.6T7.M,WB: Euro area,2001,24.21138000488281,,
GGR.6T7.M,WB: Euro area,2002,25.01610946655273,,
GGR.6T7.M,WB: Euro area,2003,26.10125923156738,,
GGR.6T7.M,WB: Euro area,2004,25.8680305480957,,
GGR.6T7.M,WB: Euro area,2005,27.51610946655273,,
GGR.6T7.M,WB: Euro area,2006,27.67989921569824,,
GGR.6T7.M,WB: Euro area,2007,28.02154922485352,,
GGR.6T7.M,WB: Euro area,2008,28.95583915710449,,
GGR.6T7.M,WB: Euro area,2009,29.66214942932129,,
GGR.6T7.M,WB: Euro area,2010,29.3738899230957,,
GGR.6T7.M,WB: Euro area,2011,30.53128051757813,,
GGR.6T7.M,WB: Euro area,2012,31.43157958984375,,
GGR.6T7.M,WB: Euro area,2013,31.63623046875,,
GGR.6T7.M,WB: Euro area,2014,34.97510147094727,,
GGR.6T7.M,WB: Euro area,2015,36.49465942382813,,
GGR.6T7.M,WB: Euro area,2016,36.0417594909668,,
GGR.6T7.M,WB: Euro area,2017,36.26995849609375,UIS_EST,
GGR.6T7.M,WB: Euro area,2018,36.49304962158203,,
GGR.6T7.M,WB: Euro area,2019,39.13433074951172,,
GGR.6T7.M,WB: Euro area,2020,38.75648880004883,,
GGR.6T7.M,WB: Euro area,2021,40.65752029418945,,
GGR.6T7.M,WB: Euro area,2022,38.94770050048828,,
GGR.6T7.M,WB: Euro area,2023,39.86779022216797,,
GGR.6T7.M,WB: Euro area,2024,39.8780517578125,UIS_EST,
GGR.6T7.M,WB: Europe & Central Asia,2000,21.24949073791504,UIS_EST,
GGR.6T7.M,WB: Europe & Central Asia,2001,22.03384017944336,UIS_EST,
GGR.6T7.M,WB: Europe & Central Asia,2002,23.20911026000977,,
GGR.6T7.M,WB: Europe & Central Asia,2003,24.62586975097656,,
GGR.6T7.M,WB: Europe & Central Asia,2004,25.62270927429199,,
GGR.6T7.M,WB: Europe & Central Asia,2005,26.43584060668945,,
GGR.6T7.M,WB: Europe & Central Asia,2006,27.5002498626709,,
GGR.6T7.M,WB: Europe & Central Asia,2007,28.87655067443848,UIS_EST,
GGR.6T7.M,WB: Europe & Central Asia,2008,30.88521957397461,,
GGR.6T7.M,WB: Europe & Central Asia,2009,31.49554061889648,,
GGR.6T7.M,WB: Europe & Central Asia,2010,32.07743072509766,,
GGR.6T7.M,WB: Europe & Central Asia,2011,32.82089996337891,,
GGR.6T7.M,WB: Europe & Central Asia,2012,32.83045959472656,,
GGR.6T7.M,WB: Europe & Central Asia,2013,33.73970031738281,UIS_EST,
GGR.6T7.M,WB: Europe & Central Asia,2014,35.08512878417969,UIS_EST,
GGR.6T7.M,WB: Europe & Central Asia,2015,35.57625961303711,,
GGR.6T7.M,WB: Europe & Central Asia,2016,36.93711090087891,,
GGR.6T7.M,WB: Europe & Central Asia,2017,36.54241180419922,UIS_EST,
GGR.6T7.M,WB: Europe & Central Asia,2018,35.26441955566406,,
GGR.6T7.M,WB: Europe & Central Asia,2019,35.70455169677734,,
GGR.6T7.M,WB: Europe & Central Asia,2020,37.2336311340332,,
GGR.6T7.M,WB: Europe & Central Asia,2021,37.93473052978516,,
GGR.6T7.M,WB: Europe & Central Asia,2022,36.65444946289063,,
GGR.6T7.M,WB: Europe & Central Asia,2023,37.82823181152344,,
GGR.6T7.M,WB: Europe & Central Asia,2024,37.67630004882813,UIS_EST,
GGR.6T7.M,WB: Europe & Central Asia (IDA & IBRD),2000,18.42620086669922,UIS_EST,
GGR.6T7.M,WB: Europe & Central Asia (IDA & IBRD),2001,19.43201065063477,UIS_EST,
GGR.6T7.M,WB: Europe & Central Asia (IDA & IBRD),2002,21.03718948364258,UIS_EST,
GGR.6T7.M,WB: Europe & Central Asia (IDA & IBRD),2003,22.75819969177246,UIS_EST,
GGR.6T7.M,WB: Europe & Central Asia (IDA & IBRD),2004,24.24435043334961,UIS_EST,
GGR.6T7.M,WB: Europe & Central Asia (IDA & IBRD),2005,24.75445938110352,UIS_EST,
GGR.6T7.M,WB: Europe & Central Asia (IDA & IBRD),2006,26.4011402130127,UIS_EST,
GGR.6T7.M,WB: Europe & Central Asia (IDA & IBRD),2007,28.53823089599609,UIS_EST,
GGR.6T7.M,WB: Europe & Central Asia (IDA & IBRD),2008,31.3930492401123,UIS_EST,
GGR.6T7.M,WB: Europe & Central Asia (IDA & IBRD),2009,32.14228057861328,UIS_EST,
GGR.6T7.M,WB: Europe & Central Asia (IDA & IBRD),2010,33.22761154174805,UIS_EST,
GGR.6T7.M,WB: Europe & Central Asia (IDA & IBRD),2011,33.8803596496582,UIS_EST,
GGR.6T7.M,WB: Europe & Central Asia (IDA & IBRD),2012,33.1992301940918,,
GGR.6T7.M,WB: Europe & Central Asia (IDA & IBRD),2013,34.28929901123047,UIS_EST,
GGR.6T7.M,WB: Europe & Central Asia (IDA & IBRD),2014,34.06940841674805,UIS_EST,
GGR.6T7.M,WB: Europe & Central Asia (IDA & IBRD),2015,34.35301971435547,,
GGR.6T7.M,WB: Europe & Central Asia (IDA & IBRD),2016,36.86481094360352,UIS_EST,
GGR.6T7.M,WB: Europe & Central Asia (IDA & IBRD),2017,36.01602935791016,UIS_EST,
GGR.6T7.M,WB: Europe & Central Asia (IDA & IBRD),2018,33.36577987670898,,
GGR.6T7.M,WB: Europe & Central Asia (IDA & IBRD),2019,32.31642150878906,,
GGR.6T7.M,WB: Europe & Central Asia (IDA & IBRD),2020,33.89984893798828,UIS_EST,
GGR.6T7.M,WB: Europe & Central Asia (IDA & IBRD),2021,34.60694885253906,UIS_EST,
GGR.6T7.M,WB: Europe & Central Asia (IDA & IBRD),2022,33.57543182373047,UIS_EST,
GGR.6T7.M,WB: Europe & Central Asia (IDA & IBRD),2023,35.00463104248047,UIS_EST,
GGR.6T7.M,WB: Europe & Central Asia (excluding high income),2000,15.01515960693359,UIS_EST,
GGR.6T7.M,WB: Europe & Central Asia (excluding high income),2001,16.23343086242676,UIS_EST,
GGR.6T7.M,WB: Europe & Central Asia (excluding high income),2002,17.14493942260742,UIS_EST,
GGR.6T7.M,WB: Europe & Central Asia (excluding high income),2003,17.42416954040527,UIS_EST,
GGR.6T7.M,WB: Europe & Central Asia (excluding high income),2004,17.27730941772461,UIS_EST,
GGR.6T7.M,WB: Europe & Central Asia (excluding high income),2005,17.20244026184082,UIS_EST,
GGR.6T7.M,WB: Europe & Central Asia (excluding high income),2006,19.43915939331055,UIS_EST,
GGR.6T7.M,WB: Europe & Central Asia (excluding high income),2007,20.41354942321777,UIS_EST,
GGR.6T7.M,WB: Europe & Central Asia (excluding high income),2008,22.0897102355957,UIS_EST,
GGR.6T7.M,WB: Europe & Central Asia (excluding high income),2009,22.85924911499023,,
GGR.6T7.M,WB: Europe & Central Asia (excluding high income),2010,23.11467933654785,,
GGR.6T7.M,WB: Europe & Central Asia (excluding high income),2011,22.83819961547852,,
GGR.6T7.M,WB: Europe & Central Asia (excluding high income),2012,23.81053924560547,UIS_EST,
GGR.6T7.M,WB: Europe & Central Asia (excluding high income),2013,24.56358909606934,UIS_EST,
GGR.6T7.M,WB: Europe & Central Asia (excluding high income),2014,25.21824073791504,UIS_EST,
GGR.6T7.M,WB: Europe & Central Asia (excluding high income),2015,25.6957893371582,UIS_EST,
GGR.6T7.M,WB: Europe & Central Asia (excluding high income),2016,25.31266021728516,UIS_EST,
GGR.6T7.M,WB: Europe & Central Asia (excluding high income),2017,25.92407989501953,UIS_EST,
GGR.6T7.M,WB: Europe & Central Asia (excluding high income),2018,27.55261993408203,,
GGR.6T7.M,WB: Europe & Central Asia (excluding high income),2019,26.97403907775879,,
GGR.6T7.M,WB: Europe & Central Asia (excluding high income),2020,29.86611938476563,,
GGR.6T7.M,WB: Europe & Central Asia (excluding high income),2021,30.42440032958984,UIS_EST,
GGR.6T7.M,WB: Europe & Central Asia (excluding high income),2022,28.68987083435059,UIS_EST,
GGR.6T7.M,WB: Europe & Central Asia (excluding high income),2023,30.65623092651367,UIS_EST,
GGR.6T7.M,WB: European Union,2000,22.59325981140137,,
GGR.6T7.M,WB: European Union,2001,23.57464981079102,,
GGR.6T7.M,WB: European Union,2002,24.95980072021484,,
GGR.6T7.M,WB: European Union,2003,26.20723915100098,,
GGR.6T7.M,WB: European Union,2004,26.57368087768555,,
GGR.6T7.M,WB: European Union,2005,27.73283958435059,,
GGR.6T7.M,WB: European Union,2006,28.04603004455566,,
GGR.6T7.M,WB: European Union,2007,28.79434967041016,,
GGR.6T7.M,WB: European Union,2008,30.92526054382324,,
GGR.6T7.M,WB: European Union,2009,32.05223846435547,,
GGR.6T7.M,WB: European Union,2010,31.80205917358398,,
GGR.6T7.M,WB: European Union,2011,32.63959121704102,,
GGR.6T7.M,WB: European Union,2012,32.61618041992188,,
GGR.6T7.M,WB: European Union,2013,32.08700180053711,,
GGR.6T7.M,WB: European Union,2014,34.27243041992188,,
GGR.6T7.M,WB: European Union,2015,35.29602813720703,,
GGR.6T7.M,WB: European Union,2016,35.18964004516602,,
GGR.6T7.M,WB: European Union,2017,35.62025833129883,,
GGR.6T7.M,WB: European Union,2018,35.76837921142578,,
GGR.6T7.M,WB: European Union,2019,37.92987823486328,,
GGR.6T7.M,WB: European Union,2020,39.35105133056641,,
GGR.6T7.M,WB: European Union,2021,39.74763107299805,,
GGR.6T7.M,WB: European Union,2022,38.22835922241211,,
GGR.6T7.M,WB: European Union,2023,39.24610137939453,,
GGR.6T7.M,WB: European Union,2024,39.25419998168945,UIS_EST,
GGR.6T7.M,WB: FY23 IDA & IBRD countries classified as fragile situations,2000,5.946990013122559,UIS_EST,
GGR.6T7.M,WB: FY23 IDA & IBRD countries classified as fragile situations,2009,6.90487003326416,UIS_EST,
GGR.6T7.M,WB: FY23 IDA countries classified as fragile situations,2000,4.538440227508545,UIS_EST,
GGR.6T7.M,WB: FY23 IDA countries classified as fragile situations,2009,5.499330043792725,UIS_EST,
GGR.6T7.M,WB: FY23 IDA countries classified as fragile situations,2010,5.877739906311035,UIS_EST,
GGR.6T7.M,WB: FY23 IDA countries classified as fragile situations,2011,5.480559825897217,UIS_EST,
GGR.6T7.M,WB: Fragile and conflict affected situations,2000,5.987229824066162,UIS_EST,
GGR.6T7.M,WB: Fragile and conflict affected situations,2009,6.984250068664551,UIS_EST,
GGR.6T7.M,WB: Heavily Indebted Poor Countries (HIPC),2000,4.098410129547119,UIS_EST,
GGR.6T7.M,WB: Heavily Indebted Poor Countries (HIPC),2001,4.227550029754639,UIS_EST,
GGR.6T7.M,WB: Heavily Indebted Poor Countries (HIPC),2002,4.213930130004883,UIS_EST,
GGR.6T7.M,WB: Heavily Indebted Poor Countries (HIPC),2003,4.452939987182617,UIS_EST,
GGR.6T7.M,WB: Heavily Indebted Poor Countries (HIPC),2004,4.662489891052246,UIS_EST,
GGR.6T7.M,WB: Heavily Indebted Poor Countries (HIPC),2005,4.520699977874756,UIS_EST,
GGR.6T7.M,WB: Heavily Indebted Poor Countries (HIPC),2008,5.031949996948242,UIS_EST,
GGR.6T7.M,WB: Heavily Indebted Poor Countries (HIPC),2009,5.029510021209717,UIS_EST,
GGR.6T7.M,WB: Heavily Indebted Poor Countries (HIPC),2010,5.302249908447266,UIS_EST,
GGR.6T7.M,WB: Heavily Indebted Poor Countries (HIPC),2011,5.153610229492188,UIS_EST,
GGR.6T7.M,WB: Heavily Indebted Poor Countries (HIPC),2012,5.27878999710083,UIS_EST,
GGR.6T7.M,WB: Heavily Indebted Poor Countries (HIPC),2016,5.504590034484863,UIS_EST,
GGR.6T7.M,WB: Heavily Indebted Poor Countries (HIPC),2017,5.529170036315918,UIS_EST,
GGR.6T7.M,WB: High income (July 2025),2000,26.2509708404541,UIS_EST,
GGR.6T7.M,WB: High income (July 2025),2001,26.88919067382813,UIS_EST,
GGR.6T7.M,WB: High income (July 2025),2002,27.13540077209473,UIS_EST,
GGR.6T7.M,WB: High income (July 2025),2003,28.44827079772949,UIS_EST,
GGR.6T7.M,WB: High income (July 2025),2004,28.98617935180664,UIS_EST,
GGR.6T7.M,WB: High income (July 2025),2005,30.30377006530762,UIS_EST,
GGR.6T7.M,WB: High income (July 2025),2006,30.35602951049805,UIS_EST,
GGR.6T7.M,WB: High income (July 2025),2007,31.75795936584473,UIS_EST,
GGR.6T7.M,WB: High income (July 2025),2008,32.90102005004883,UIS_EST,
GGR.6T7.M,WB: High income (July 2025),2009,33.36428833007813,UIS_EST,
GGR.6T7.M,WB: High income (July 2025),2010,33.79793930053711,UIS_EST,
GGR.6T7.M,WB: High income (July 2025),2011,34.72241973876953,UIS_EST,
GGR.6T7.M,WB: High income (July 2025),2012,34.52841949462891,UIS_EST,
GGR.6T7.M,WB: High income (July 2025),2013,35.15251922607422,UIS_EST,
GGR.6T7.M,WB: High income (July 2025),2014,36.16616821289063,UIS_EST,
GGR.6T7.M,WB: High income (July 2025),2015,36.40591049194336,UIS_EST,
GGR.6T7.M,WB: High income (July 2025),2016,37.58348083496094,UIS_EST,
GGR.6T7.M,WB: High income (July 2025),2017,37.52637100219727,UIS_EST,
GGR.6T7.M,WB: High income (July 2025),2018,36.38647842407227,UIS_EST,
GGR.6T7.M,WB: High income (July 2025),2019,36.98556137084961,,
GGR.6T7.M,WB: High income (July 2025),2020,37.70706939697266,,
GGR.6T7.M,WB: High income (July 2025),2021,38.76171112060547,UIS_EST,
GGR.6T7.M,WB: High income (July 2025),2022,38.02120971679688,UIS_EST,
GGR.6T7.M,WB: High income (July 2025),2023,38.21638107299805,UIS_EST,
GGR.6T7.M,WB: High income (July 2025),2024,38.37469863891602,UIS_EST,
GGR.6T7.M,WB: IBRD only,2004,17.78656005859375,UIS_EST,
GGR.6T7.M,WB: IBRD only,2005,17.8955192565918,UIS_EST,
GGR.6T7.M,WB: IBRD only,2006,19.07373046875,UIS_EST,
GGR.6T7.M,WB: IBRD only,2007,19.70171928405762,UIS_EST,
GGR.6T7.M,WB: IBRD only,2008,20.25320053100586,UIS_EST,
GGR.6T7.M,WB: IBRD only,2009,20.24954986572266,UIS_EST,
GGR.6T7.M,WB: IBRD only,2010,20.40494918823242,UIS_EST,
GGR.6T7.M,WB: IBRD only,2011,20.88905906677246,UIS_EST,
GGR.6T7.M,WB: IBRD only,2012,21.26691055297852,UIS_EST,
GGR.6T7.M,WB: IBRD only,2013,21.83132934570313,,
GGR.6T7.M,WB: IBRD only,2014,22.41017913818359,,
GGR.6T7.M,WB: IBRD only,2015,24.09258079528809,,
GGR.6T7.M,WB: IBRD only,2016,25.27865982055664,,
GGR.6T7.M,WB: IBRD only,2017,25.14191055297852,,
GGR.6T7.M,WB: IBRD only,2018,24.70886993408203,,
GGR.6T7.M,WB: IBRD only,2019,24.79262924194336,,
GGR.6T7.M,WB: IBRD only,2020,26.39126968383789,,
GGR.6T7.M,WB: IBRD only,2021,25.85080909729004,,
GGR.6T7.M,WB: IBRD only,2022,27.64926910400391,,
GGR.6T7.M,WB: IBRD only,2023,28.54829025268555,,
GGR.6T7.M,WB: IBRD only,2024,29.63936042785645,UIS_EST,
GGR.6T7.M,WB: IDA & IBRD total,2004,14.96595001220703,UIS_EST,
GGR.6T7.M,WB: IDA & IBRD total,2005,15.08201026916504,UIS_EST,
GGR.6T7.M,WB: IDA & IBRD total,2006,15.91751956939697,UIS_EST,
GGR.6T7.M,WB: IDA & IBRD total,2007,16.39102935791016,UIS_EST,
GGR.6T7.M,WB: IDA & IBRD total,2008,16.91776084899902,UIS_EST,
GGR.6T7.M,WB: IDA & IBRD total,2009,16.9466495513916,UIS_EST,
GGR.6T7.M,WB: IDA & IBRD total,2010,17.11413955688477,UIS_EST,
GGR.6T7.M,WB: IDA & IBRD total,2011,17.35931968688965,UIS_EST,
GGR.6T7.M,WB: IDA & IBRD total,2012,17.66350936889648,UIS_EST,
GGR.6T7.M,WB: IDA & IBRD total,2013,18.16530990600586,UIS_EST,
GGR.6T7.M,WB: IDA & IBRD total,2014,18.31743049621582,UIS_EST,
GGR.6T7.M,WB: IDA & IBRD total,2015,19.48760986328125,UIS_EST,
GGR.6T7.M,WB: IDA & IBRD total,2016,20.27434921264648,,
GGR.6T7.M,WB: IDA & IBRD total,2017,20.03948974609375,UIS_EST,
GGR.6T7.M,WB: IDA & IBRD total,2018,19.69543075561523,UIS_EST,
GGR.6T7.M,WB: IDA & IBRD total,2019,19.54626083374023,UIS_EST,
GGR.6T7.M,WB: IDA & IBRD total,2020,20.57308959960938,UIS_EST,
GGR.6T7.M,WB: IDA & IBRD total,2021,20.06900024414063,UIS_EST,
GGR.6T7.M,WB: IDA & IBRD total,2022,21.30236053466797,UIS_EST,
GGR.6T7.M,WB: IDA & IBRD total,2023,21.87084007263184,UIS_EST,
GGR.6T7.M,WB: IDA & IBRD total,2024,22.53092002868652,UIS_EST,
GGR.6T7.M,WB: IDA blend,2000,6.13808012008667,UIS_EST,
GGR.6T7.M,WB: IDA only,2001,4.875199794769287,UIS_EST,
GGR.6T7.M,WB: IDA only,2002,5.146999835968018,UIS_EST,
GGR.6T7.M,WB: IDA only,2003,5.347599983215332,UIS_EST,
GGR.6T7.M,WB: IDA only,2004,5.517789840698242,UIS_EST,
GGR.6T7.M,WB: IDA only,2007,5.595339775085449,UIS_EST,
GGR.6T7.M,WB: IDA only,2009,6.005189895629883,UIS_EST,
GGR.6T7.M,WB: IDA only,2010,6.297810077667236,UIS_EST,
GGR.6T7.M,WB: IDA only,2011,6.068220138549805,UIS_EST,
GGR.6T7.M,WB: IDA total,2000,5.262179851531982,UIS_EST,
GGR.6T7.M,WB: IDA total,2001,5.385270118713379,UIS_EST,
GGR.6T7.M,WB: IDA total,2002,5.56859016418457,UIS_EST,
GGR.6T7.M,WB: Late-demographic dividend,2004,12.61007976531982,UIS_EST,
GGR.6T7.M,WB: Late-demographic dividend,2005,13.37469959259033,UIS_EST,
GGR.6T7.M,WB: Late-demographic dividend,2006,15.00152015686035,UIS_EST,
GGR.6T7.M,WB: Late-demographic dividend,2007,16.18440055847168,UIS_EST,
GGR.6T7.M,WB: Late-demographic dividend,2008,17.13257026672363,UIS_EST,
GGR.6T7.M,WB: Late-demographic dividend,2009,17.01962089538574,UIS_EST,
GGR.6T7.M,WB: Late-demographic dividend,2010,16.97160911560059,UIS_EST,
GGR.6T7.M,WB: Late-demographic dividend,2011,17.67939949035645,UIS_EST,
GGR.6T7.M,WB: Late-demographic dividend,2012,17.90744972229004,UIS_EST,
GGR.6T7.M,WB: Late-demographic dividend,2013,18.64558982849121,,
GGR.6T7.M,WB: Late-demographic dividend,2014,22.94729995727539,,
GGR.6T7.M,WB: Late-demographic dividend,2015,25.04040908813477,,
GGR.6T7.M,WB: Late-demographic dividend,2016,26.60434913635254,,
GGR.6T7.M,WB: Late-demographic dividend,2017,27.44618988037109,,
GGR.6T7.M,WB: Late-demographic dividend,2018,27.11099052429199,,
GGR.6T7.M,WB: Late-demographic dividend,2019,26.78772926330566,,
GGR.6T7.M,WB: Late-demographic dividend,2020,27.48377990722656,,
GGR.6T7.M,WB: Late-demographic dividend,2021,29.8848991394043,,
GGR.6T7.M,WB: Late-demographic dividend,2022,31.39641952514648,,
GGR.6T7.M,WB: Late-demographic dividend,2023,33.40417098999023,,
GGR.6T7.M,WB: Late-demographic dividend,2024,36.42248153686523,,
GGR.6T7.M,WB: Latin America & Caribbean,2000,14.53520011901855,UIS_EST,
GGR.6T7.M,WB: Latin America & Caribbean,2001,15.04251956939697,UIS_EST,
GGR.6T7.M,WB: Latin America & Caribbean,2002,10.38360023498535,,
GGR.6T7.M,WB: Latin America & Caribbean,2003,11.14214992523193,,
GGR.6T7.M,WB: Latin America & Caribbean,2004,11.92992973327637,UIS_EST,
GGR.6T7.M,WB: Latin America & Caribbean,2005,12.33016014099121,UIS_EST,
GGR.6T7.M,WB: Latin America & Caribbean,2006,16.14042091369629,UIS_EST,
GGR.6T7.M,WB: Latin America & Caribbean,2007,13.51780033111572,,
GGR.6T7.M,WB: Latin America & Caribbean,2008,14.19554996490479,,
GGR.6T7.M,WB: Latin America & Caribbean,2009,14.96212005615234,,
GGR.6T7.M,WB: Latin America & Caribbean,2010,15.023850440979,UIS_EST,
GGR.6T7.M,WB: Latin America & Caribbean,2011,15.80020999908447,,
GGR.6T7.M,WB: Latin America & Caribbean,2012,16.0227108001709,UIS_EST,
GGR.6T7.M,WB: Latin America & Caribbean,2013,17.90582084655762,UIS_EST,
GGR.6T7.M,WB: Latin America & Caribbean,2014,17.60139083862305,UIS_EST,
GGR.6T7.M,WB: Latin America & Caribbean,2015,18.08111000061035,UIS_EST,
GGR.6T7.M,WB: Latin America & Caribbean,2016,18.94733047485352,UIS_EST,
GGR.6T7.M,WB: Latin America & Caribbean,2017,19.24914932250977,UIS_EST,
GGR.6T7.M,WB: Latin America & Caribbean,2018,18.17733955383301,UIS_EST,
GGR.6T7.M,WB: Latin America & Caribbean,2019,20.06913948059082,UIS_EST,
GGR.6T7.M,WB: Latin America & Caribbean,2020,19.59980010986328,UIS_EST,
GGR.6T7.M,WB: Latin America & Caribbean,2021,20.81027030944824,UIS_EST,
GGR.6T7.M,WB: Latin America & Caribbean,2022,21.24345016479492,UIS_EST,
GGR.6T7.M,WB: Latin America & Caribbean (IDA & IBRD),2000,14.70411968231201,UIS_EST,
GGR.6T7.M,WB: Latin America & Caribbean (IDA & IBRD),2001,15.21317958831787,UIS_EST,
GGR.6T7.M,WB: Latin America & Caribbean (IDA & IBRD),2002,10.41353988647461,,
GGR.6T7.M,WB: Latin America & Caribbean (IDA & IBRD),2003,11.16571044921875,,
GGR.6T7.M,WB: Latin America & Caribbean (IDA & IBRD),2004,11.96300029754639,UIS_EST,
GGR.6T7.M,WB: Latin America & Caribbean (IDA & IBRD),2005,12.35906028747559,UIS_EST,
GGR.6T7.M,WB: Latin America & Caribbean (IDA & IBRD),2006,16.2318000793457,UIS_EST,
GGR.6T7.M,WB: Latin America & Caribbean (IDA & IBRD),2007,13.53219985961914,,
GGR.6T7.M,WB: Latin America & Caribbean (IDA & IBRD),2008,14.11765956878662,,
GGR.6T7.M,WB: Latin America & Caribbean (IDA & IBRD),2009,14.76858043670654,,
GGR.6T7.M,WB: Latin America & Caribbean (IDA & IBRD),2010,14.6941499710083,UIS_EST,
GGR.6T7.M,WB: Latin America & Caribbean (IDA & IBRD),2011,15.47509002685547,,
GGR.6T7.M,WB: Latin America & Caribbean (IDA & IBRD),2012,15.70491027832031,UIS_EST,
GGR.6T7.M,WB: Latin America & Caribbean (IDA & IBRD),2013,17.63552093505859,UIS_EST,
GGR.6T7.M,WB: Latin America & Caribbean (IDA & IBRD),2014,17.47223091125488,UIS_EST,
GGR.6T7.M,WB: Latin America & Caribbean (IDA & IBRD),2015,18.00411033630371,UIS_EST,
GGR.6T7.M,WB: Latin America & Caribbean (IDA & IBRD),2016,18.95926094055176,UIS_EST,
GGR.6T7.M,WB: Latin America & Caribbean (IDA & IBRD),2017,19.37191963195801,UIS_EST,
GGR.6T7.M,WB: Latin America & Caribbean (IDA & IBRD),2018,18.28833961486816,UIS_EST,
GGR.6T7.M,WB: Latin America & Caribbean (IDA & IBRD),2019,20.36531066894531,UIS_EST,
GGR.6T7.M,WB: Latin America & Caribbean (IDA & IBRD),2020,19.89472961425781,UIS_EST,
GGR.6T7.M,WB: Latin America & Caribbean (IDA & IBRD),2021,21.1358699798584,UIS_EST,
GGR.6T7.M,WB: Latin America & Caribbean (IDA & IBRD),2022,21.56740951538086,UIS_EST,
GGR.6T7.M,WB: Latin America & Caribbean (excluding high income),2001,15.63967990875244,UIS_EST,
GGR.6T7.M,WB: Latin America & Caribbean (excluding high income),2002,10.4366397857666,,
GGR.6T7.M,WB: Latin America & Caribbean (excluding high income),2003,11.09545993804932,,
GGR.6T7.M,WB: Latin America & Caribbean (excluding high income),2004,12.02785968780518,UIS_EST,
GGR.6T7.M,WB: Latin America & Caribbean (excluding high income),2005,12.40672016143799,,
GGR.6T7.M,WB: Latin America & Caribbean (excluding high income),2006,16.62453079223633,UIS_EST,
GGR.6T7.M,WB: Latin America & Caribbean (excluding high income),2007,13.66880035400391,,
GGR.6T7.M,WB: Latin America & Caribbean (excluding high income),2008,14.30941009521484,,
GGR.6T7.M,WB: Latin America & Caribbean (excluding high income),2009,15.23029041290283,,
GGR.6T7.M,WB: Latin America & Caribbean (excluding high income),2010,15.06330013275146,,
GGR.6T7.M,WB: Latin America & Caribbean (excluding high income),2011,15.78915977478027,,
GGR.6T7.M,WB: Latin America & Caribbean (excluding high income),2012,16.17066955566406,UIS_EST,
GGR.6T7.M,WB: Latin America & Caribbean (excluding high income),2013,18.1838207244873,UIS_EST,
GGR.6T7.M,WB: Latin America & Caribbean (excluding high income),2014,17.86096954345703,UIS_EST,
GGR.6T7.M,WB: Latin America & Caribbean (excluding high income),2015,18.40973091125488,UIS_EST,
GGR.6T7.M,WB: Latin America & Caribbean (excluding high income),2016,19.36729049682617,UIS_EST,
GGR.6T7.M,WB: Latin America & Caribbean (excluding high income),2017,19.69688987731934,UIS_EST,
GGR.6T7.M,WB: Latin America & Caribbean (excluding high income),2018,18.66728019714355,UIS_EST,
GGR.6T7.M,WB: Latin America & Caribbean (excluding high income),2019,20.59489059448242,UIS_EST,
GGR.6T7.M,WB: Latin America & Caribbean (excluding high income),2020,20.24404907226563,UIS_EST,
GGR.6T7.M,WB: Latin America & Caribbean (excluding high income),2021,21.31134986877441,UIS_EST,
GGR.6T7.M,WB: Latin America & Caribbean (excluding high income),2022,21.79088020324707,UIS_EST,
GGR.6T7.M,WB: Least developed countries: UN classification,2001,4.66834020614624,UIS_EST,
GGR.6T7.M,WB: Least developed countries: UN classification,2002,4.908520221710205,UIS_EST,
GGR.6T7.M,WB: Least developed countries: UN classification,2003,5.106780052185059,UIS_EST,
GGR.6T7.M,WB: Least developed countries: UN classification,2004,5.24882984161377,UIS_EST,
GGR.6T7.M,WB: Least developed countries: UN classification,2007,5.257390022277832,UIS_EST,
GGR.6T7.M,WB: Least developed countries: UN classification,2009,5.653429985046387,UIS_EST,
GGR.6T7.M,WB: Least developed countries: UN classification,2010,5.906400203704834,UIS_EST,
GGR.6T7.M,WB: Low & middle income (July 2025),2004,14.86161994934082,UIS_EST,
GGR.6T7.M,WB: Low & middle income (July 2025),2005,14.97749996185303,UIS_EST,
GGR.6T7.M,WB: Low & middle income (July 2025),2006,15.81906032562256,UIS_EST,
GGR.6T7.M,WB: Low & middle income (July 2025),2007,16.27787971496582,UIS_EST,
GGR.6T7.M,WB: Low & middle income (July 2025),2008,16.73502922058105,UIS_EST,
GGR.6T7.M,WB: Low & middle income (July 2025),2009,16.76160049438477,UIS_EST,
GGR.6T7.M,WB: Low & middle income (July 2025),2010,16.93239974975586,UIS_EST,
GGR.6T7.M,WB: Low & middle income (July 2025),2011,17.17293930053711,UIS_EST,
GGR.6T7.M,WB: Low & middle income (July 2025),2012,17.52831077575684,UIS_EST,
GGR.6T7.M,WB: Low & middle income (July 2025),2013,18.08193969726563,UIS_EST,
GGR.6T7.M,WB: Low & middle income (July 2025),2014,18.23896980285645,UIS_EST,
GGR.6T7.M,WB: Low & middle income (July 2025),2015,19.46492958068848,UIS_EST,
GGR.6T7.M,WB: Low & middle income (July 2025),2016,20.22707939147949,,
GGR.6T7.M,WB: Low & middle income (July 2025),2017,19.9673900604248,UIS_EST,
GGR.6T7.M,WB: Low & middle income (July 2025),2018,19.69067001342773,UIS_EST,
GGR.6T7.M,WB: Low & middle income (July 2025),2019,19.46846961975098,UIS_EST,
GGR.6T7.M,WB: Low & middle income (July 2025),2020,20.51874923706055,UIS_EST,
GGR.6T7.M,WB: Low & middle income (July 2025),2021,19.97835922241211,UIS_EST,
GGR.6T7.M,WB: Low & middle income (July 2025),2022,21.2259407043457,UIS_EST,
GGR.6T7.M,WB: Low & middle income (July 2025),2023,21.78399085998535,UIS_EST,
GGR.6T7.M,WB: Low & middle income (July 2025),2024,22.45892906188965,UIS_EST,
GGR.6T7.M,WB: Low income (July 2025),2000,5.042620182037354,UIS_EST,
GGR.6T7.M,WB: Low income (July 2025),2001,5.155779838562012,UIS_EST,
GGR.6T7.M,WB: Low income (July 2025),2002,5.197360038757324,UIS_EST,
GGR.6T7.M,WB: Low income (July 2025),2003,5.422790050506592,UIS_EST,
GGR.6T7.M,WB: Low income (July 2025),2004,5.681399822235107,UIS_EST,
GGR.6T7.M,WB: Low income (July 2025),2005,5.532509803771973,UIS_EST,
GGR.6T7.M,WB: Low income (July 2025),2007,5.730700016021729,UIS_EST,
GGR.6T7.M,WB: Low income (July 2025),2008,6.128699779510498,UIS_EST,
GGR.6T7.M,WB: Low income (July 2025),2009,6.069330215454102,UIS_EST,
GGR.6T7.M,WB: Low income (July 2025),2010,6.461460113525391,UIS_EST,
GGR.6T7.M,WB: Low income (July 2025),2011,6.153279781341553,UIS_EST,
GGR.6T7.M,WB: Low income (July 2025),2016,6.425099849700928,UIS_EST,
GGR.6T7.M,WB: Low income (July 2025),2017,6.431859970092773,UIS_EST,
GGR.6T7.M,WB: Lower middle income (July 2025),2012,20.11788940429688,UIS_EST,
GGR.6T7.M,WB: Lower middle income (July 2025),2013,20.19821929931641,UIS_EST,
GGR.6T7.M,WB: Lower middle income (July 2025),2014,17.40176010131836,UIS_EST,
GGR.6T7.M,WB: Lower middle income (July 2025),2015,18.55600929260254,UIS_EST,
GGR.6T7.M,WB: Lower middle income (July 2025),2016,18.93482971191406,UIS_EST,
GGR.6T7.M,WB: Lower middle income (July 2025),2017,18.04743957519531,UIS_EST,
GGR.6T7.M,WB: Lower middle income (July 2025),2018,18.03564071655273,UIS_EST,
GGR.6T7.M,WB: Lower middle income (July 2025),2019,17.65358924865723,UIS_EST,
GGR.6T7.M,WB: Lower middle income (July 2025),2020,19.11827087402344,UIS_EST,
GGR.6T7.M,WB: Lower middle income (July 2025),2021,16.80838012695313,UIS_EST,
GGR.6T7.M,WB: Lower middle income (July 2025),2022,18.51491928100586,UIS_EST,
GGR.6T7.M,WB: Lower middle income (July 2025),2023,18.7049503326416,UIS_EST,
GGR.6T7.M,WB: Lower middle income (July 2025),2024,18.74032020568848,UIS_EST,
GGR.6T7.M,WB: Middle East & North Africa (IDA & IBRD),2003,13.04537010192871,UIS_EST,
GGR.6T7.M,WB: Middle East & North Africa (IDA & IBRD),2004,13.23666000366211,UIS_EST,
GGR.6T7.M,WB: Middle East & North Africa (IDA & IBRD),2005,13.22640991210938,UIS_EST,
GGR.6T7.M,WB: Middle East & North Africa (IDA & IBRD),2006,13.52075958251953,UIS_EST,
GGR.6T7.M,WB: Middle East & North Africa (IDA & IBRD),2007,13.35087966918945,UIS_EST,
GGR.6T7.M,WB: Middle East & North Africa (IDA & IBRD),2008,13.96887969970703,UIS_EST,
GGR.6T7.M,WB: Middle East & North Africa (IDA & IBRD),2009,14.40565013885498,UIS_EST,
GGR.6T7.M,WB: Middle East & North Africa (IDA & IBRD),2010,15.29115009307861,UIS_EST,
GGR.6T7.M,WB: Middle East & North Africa (IDA & IBRD),2011,15.45316028594971,UIS_EST,
GGR.6T7.M,WB: Middle East & North Africa (IDA & IBRD),2012,15.77554035186768,UIS_EST,
GGR.6T7.M,WB: Middle East & North Africa (IDA & IBRD),2013,17.85671997070313,UIS_EST,
GGR.6T7.M,WB: Middle East & North Africa (IDA & IBRD),2014,16.84152984619141,UIS_EST,
GGR.6T7.M,WB: Middle East & North Africa (IDA & IBRD),2015,17.57819938659668,UIS_EST,
GGR.6T7.M,WB: Middle East & North Africa (IDA & IBRD),2016,18.15969085693359,UIS_EST,
GGR.6T7.M,WB: Middle East & North Africa (IDA & IBRD),2017,18.29853057861328,UIS_EST,
GGR.6T7.M,WB: Middle East & North Africa (IDA & IBRD),2018,18.5943603515625,UIS_EST,
GGR.6T7.M,WB: Middle East & North Africa (IDA & IBRD),2019,17.40180015563965,UIS_EST,
GGR.6T7.M,WB: Middle East & North Africa (IDA & IBRD),2020,17.92963981628418,UIS_EST,
GGR.6T7.M,WB: Middle East & North Africa (IDA & IBRD),2021,18.10861015319824,UIS_EST,
GGR.6T7.M,WB: Middle East & North Africa (excluding high income),2003,13.05496025085449,UIS_EST,
GGR.6T7.M,WB: Middle East & North Africa (excluding high income),2004,13.24026966094971,UIS_EST,
GGR.6T7.M,WB: Middle East & North Africa (excluding high income),2005,13.2288703918457,UIS_EST,
GGR.6T7.M,WB: Middle East & North Africa (excluding high income),2006,13.53398990631104,UIS_EST,
GGR.6T7.M,WB: Middle East & North Africa (excluding high income),2007,13.38597011566162,UIS_EST,
GGR.6T7.M,WB: Middle East & North Africa (excluding high income),2008,14.01089954376221,UIS_EST,
GGR.6T7.M,WB: Middle East & North Africa (excluding high income),2009,14.45232009887695,UIS_EST,
GGR.6T7.M,WB: Middle East & North Africa (excluding high income),2010,15.33152008056641,UIS_EST,
GGR.6T7.M,WB: Middle East & North Africa (excluding high income),2011,15.49880027770996,UIS_EST,
GGR.6T7.M,WB: Middle East & North Africa (excluding high income),2012,15.82234001159668,UIS_EST,
GGR.6T7.M,WB: Middle East & North Africa (excluding high income),2013,17.89497947692871,UIS_EST,
GGR.6T7.M,WB: Middle East & North Africa (excluding high income),2014,16.8890495300293,UIS_EST,
GGR.6T7.M,WB: Middle East & North Africa (excluding high income),2015,17.63121032714844,UIS_EST,
GGR.6T7.M,WB: Middle East & North Africa (excluding high income),2016,18.2257194519043,UIS_EST,
GGR.6T7.M,WB: Middle East & North Africa (excluding high income),2017,18.36809921264648,UIS_EST,
GGR.6T7.M,WB: Middle East & North Africa (excluding high income),2018,18.68215942382813,UIS_EST,
GGR.6T7.M,WB: Middle East & North Africa (excluding high income),2019,17.46913909912109,UIS_EST,
GGR.6T7.M,WB: Middle East & North Africa (excluding high income),2020,17.97827911376953,UIS_EST,
GGR.6T7.M,WB: Middle East & North Africa (excluding high income),2021,18.15237998962402,UIS_EST,
GGR.6T7.M,"WB: Middle East & North Africa, Afghanistan, Pakistan",2001,12.26086044311523,UIS_EST,
GGR.6T7.M,"WB: Middle East & North Africa, Afghanistan, Pakistan",2003,12.3779296875,UIS_EST,
GGR.6T7.M,"WB: Middle East & North Africa, Afghanistan, Pakistan",2004,12.58469009399414,UIS_EST,
GGR.6T7.M,"WB: Middle East & North Africa, Afghanistan, Pakistan",2005,12.54810047149658,UIS_EST,
GGR.6T7.M,"WB: Middle East & North Africa, Afghanistan, Pakistan",2006,12.87499046325684,UIS_EST,
GGR.6T7.M,"WB: Middle East & North Africa, Afghanistan, Pakistan",2007,12.78314971923828,UIS_EST,
GGR.6T7.M,"WB: Middle East & North Africa, Afghanistan, Pakistan",2008,13.35776996612549,UIS_EST,
GGR.6T7.M,"WB: Middle East & North Africa, Afghanistan, Pakistan",2009,13.7847204208374,UIS_EST,
GGR.6T7.M,"WB: Middle East & North Africa, Afghanistan, Pakistan",2010,14.66654968261719,UIS_EST,
GGR.6T7.M,"WB: Middle East & North Africa, Afghanistan, Pakistan",2011,14.74265003204346,UIS_EST,
GGR.6T7.M,"WB: Middle East & North Africa, Afghanistan, Pakistan",2012,15.18474960327148,UIS_EST,
GGR.6T7.M,"WB: Middle East & North Africa, Afghanistan, Pakistan",2013,17.20005035400391,UIS_EST,
GGR.6T7.M,"WB: Middle East & North Africa, Afghanistan, Pakistan",2014,16.49835014343262,UIS_EST,
GGR.6T7.M,"WB: Middle East & North Africa, Afghanistan, Pakistan",2015,17.45214080810547,UIS_EST,
GGR.6T7.M,"WB: Middle East & North Africa, Afghanistan, Pakistan",2016,18.17305946350098,UIS_EST,
GGR.6T7.M,"WB: Middle East & North Africa, Afghanistan, Pakistan",2017,18.552490234375,UIS_EST,
GGR.6T7.M,"WB: Middle East & North Africa, Afghanistan, Pakistan",2018,19.13421058654785,UIS_EST,
GGR.6T7.M,"WB: Middle East & North Africa, Afghanistan, Pakistan",2019,17.95041084289551,UIS_EST,
GGR.6T7.M,"WB: Middle East & North Africa, Afghanistan, Pakistan",2020,18.49069976806641,UIS_EST,
GGR.6T7.M,"WB: Middle East & North Africa, Afghanistan, Pakistan",2021,18.91336059570313,UIS_EST,
GGR.6T7.M,WB: Middle income (July 2025),2004,15.63434982299805,UIS_EST,
GGR.6T7.M,WB: Middle income (July 2025),2005,15.7665901184082,UIS_EST,
GGR.6T7.M,WB: Middle income (July 2025),2006,16.71397018432617,UIS_EST,
GGR.6T7.M,WB: Middle income (July 2025),2007,17.21036911010742,UIS_EST,
GGR.6T7.M,WB: Middle income (July 2025),2008,17.68667030334473,UIS_EST,
GGR.6T7.M,WB: Middle income (July 2025),2009,17.72934913635254,UIS_EST,
GGR.6T7.M,WB: Middle income (July 2025),2010,17.8941707611084,UIS_EST,
GGR.6T7.M,WB: Middle income (July 2025),2011,18.22509002685547,UIS_EST,
GGR.6T7.M,WB: Middle income (July 2025),2012,18.61532974243164,UIS_EST,
GGR.6T7.M,WB: Middle income (July 2025),2013,19.23317909240723,,
GGR.6T7.M,WB: Middle income (July 2025),2014,19.4979305267334,UIS_EST,
GGR.6T7.M,WB: Middle income (July 2025),2015,20.86322021484375,,
GGR.6T7.M,WB: Middle income (July 2025),2016,21.80665016174316,,
GGR.6T7.M,WB: Middle income (July 2025),2017,21.58723068237305,,
GGR.6T7.M,WB: Middle income (July 2025),2018,21.24324035644531,,
GGR.6T7.M,WB: Middle income (July 2025),2019,21.09144973754883,UIS_EST,
GGR.6T7.M,WB: Middle income (July 2025),2020,22.32000923156738,UIS_EST,
GGR.6T7.M,WB: Middle income (July 2025),2021,21.76503944396973,UIS_EST,
GGR.6T7.M,WB: Middle income (July 2025),2022,23.23148918151855,UIS_EST,
GGR.6T7.M,WB: Middle income (July 2025),2023,23.89345932006836,UIS_EST,
GGR.6T7.M,WB: Middle income (July 2025),2024,24.69887924194336,UIS_EST,
GGR.6T7.M,WB: North America,2000,27.82349014282227,UIS_EST,
GGR.6T7.M,WB: North America,2001,28.83523941040039,UIS_EST,
GGR.6T7.M,WB: North America,2002,27.25732040405273,UIS_EST,
GGR.6T7.M,WB: North America,2003,29.00478935241699,UIS_EST,
GGR.6T7.M,WB: North America,2004,27.8609790802002,UIS_EST,
GGR.6T7.M,WB: North America,2005,30.28019905090332,UIS_EST,
GGR.6T7.M,WB: North America,2006,29.34211921691895,UIS_EST,
GGR.6T7.M,WB: North America,2007,31.11676025390625,UIS_EST,
GGR.6T7.M,WB: North America,2008,30.52285003662109,UIS_EST,
GGR.6T7.M,WB: North America,2009,31.29849052429199,UIS_EST,
GGR.6T7.M,WB: North America,2010,31.59181022644043,UIS_EST,
GGR.6T7.M,WB: OECD members,2000,25.73650932312012,UIS_EST,
GGR.6T7.M,WB: OECD members,2001,26.53203010559082,UIS_EST,
GGR.6T7.M,WB: OECD members,2002,26.4088191986084,UIS_EST,
GGR.6T7.M,WB: OECD members,2003,27.09785079956055,UIS_EST,
GGR.6T7.M,WB: OECD members,2004,26.77478981018066,UIS_EST,
GGR.6T7.M,WB: OECD members,2005,27.9593391418457,UIS_EST,
GGR.6T7.M,WB: OECD members,2006,28.37771987915039,,
GGR.6T7.M,WB: OECD members,2007,29.35877990722656,UIS_EST,
GGR.6T7.M,WB: OECD members,2008,29.85500907897949,UIS_EST,
GGR.6T7.M,WB: OECD members,2009,30.52622032165527,UIS_EST,
GGR.6T7.M,WB: OECD members,2010,30.84316062927246,UIS_EST,
GGR.6T7.M,WB: OECD members,2011,31.63401031494141,UIS_EST,
GGR.6T7.M,WB: OECD members,2012,32.14421081542969,UIS_EST,
GGR.6T7.M,WB: OECD members,2013,32.55870819091797,UIS_EST,
GGR.6T7.M,WB: OECD members,2014,33.69895935058594,,
GGR.6T7.M,WB: OECD members,2015,33.76161956787109,UIS_EST,
GGR.6T7.M,WB: OECD members,2016,34.16104888916016,UIS_EST,
GGR.6T7.M,WB: OECD members,2017,34.49174118041992,UIS_EST,
GGR.6T7.M,WB: OECD members,2018,34.49401092529297,UIS_EST,
GGR.6T7.M,WB: OECD members,2019,35.37149810791016,UIS_EST,
GGR.6T7.M,WB: OECD members,2020,36.5235481262207,,
GGR.6T7.M,WB: OECD members,2021,37.44131088256836,,
GGR.6T7.M,WB: OECD members,2022,36.58330154418945,UIS_EST,
GGR.6T7.M,WB: OECD members,2023,36.72563934326172,UIS_EST,
GGR.6T7.M,WB: OECD members,2024,36.82577896118164,UIS_EST,
GGR.6T7.M,WB: Other small states,2000,7.038750171661377,UIS_EST,
GGR.6T7.M,WB: Other small states,2001,7.363580226898193,UIS_EST,
GGR.6T7.M,WB: Other small states,2002,7.732200145721436,UIS_EST,
GGR.6T7.M,WB: Other small states,2003,7.205150127410889,UIS_EST,
GGR.6T7.M,WB: Other small states,2004,7.069699764251709,UIS_EST,
GGR.6T7.M,WB: Other small states,2005,7.300730228424072,UIS_EST,
GGR.6T7.M,WB: Other small states,2006,7.072979927062988,UIS_EST,
GGR.6T7.M,WB: Other small states,2008,7.424129962921143,UIS_EST,
GGR.6T7.M,WB: Other small states,2009,7.662569999694824,UIS_EST,
GGR.6T7.M,WB: Other small states,2010,7.367630004882813,UIS_EST,
GGR.6T7.M,WB: Other small states,2011,7.727479934692383,UIS_EST,
GGR.6T7.M,WB: Other small states,2012,7.846250057220459,UIS_EST,
GGR.6T7.M,WB: Other small states,2013,8.4231595993042,UIS_EST,
GGR.6T7.M,WB: Other small states,2014,8.263540267944336,UIS_EST,
GGR.6T7.M,WB: Other small states,2015,8.179459571838379,UIS_EST,
GGR.6T7.M,WB: Other small states,2016,8.279290199279785,UIS_EST,
GGR.6T7.M,WB: Other small states,2017,8.285460472106934,UIS_EST,
GGR.6T7.M,WB: Other small states,2018,8.36340045928955,UIS_EST,
GGR.6T7.M,WB: Other small states,2019,8.601699829101562,UIS_EST,
GGR.6T7.M,WB: Post-demographic dividend,2000,28.96937942504883,UIS_EST,
GGR.6T7.M,WB: Post-demographic dividend,2001,29.50819969177246,UIS_EST,
GGR.6T7.M,WB: Post-demographic dividend,2002,29.40024948120117,UIS_EST,
GGR.6T7.M,WB: Post-demographic dividend,2003,30.20410919189453,UIS_EST,
GGR.6T7.M,WB: Post-demographic dividend,2004,30.05269050598145,UIS_EST,
GGR.6T7.M,WB: Post-demographic dividend,2005,31.47088050842285,UIS_EST,
GGR.6T7.M,WB: Post-demographic dividend,2006,31.3963794708252,UIS_EST,
GGR.6T7.M,WB: Post-demographic dividend,2007,32.36787033081055,UIS_EST,
GGR.6T7.M,WB: Post-demographic dividend,2008,32.92586135864258,UIS_EST,
GGR.6T7.M,WB: Post-demographic dividend,2009,33.48920822143555,UIS_EST,
GGR.6T7.M,WB: Post-demographic dividend,2010,33.72320938110352,UIS_EST,
GGR.6T7.M,WB: Post-demographic dividend,2011,34.63418960571289,UIS_EST,
GGR.6T7.M,WB: Post-demographic dividend,2012,34.97652816772461,UIS_EST,
GGR.6T7.M,WB: Post-demographic dividend,2013,35.29584884643555,UIS_EST,
GGR.6T7.M,WB: Post-demographic dividend,2014,36.69245910644531,UIS_EST,
GGR.6T7.M,WB: Post-demographic dividend,2015,36.77957153320313,UIS_EST,
GGR.6T7.M,WB: Post-demographic dividend,2016,36.7990608215332,UIS_EST,
GGR.6T7.M,WB: Post-demographic dividend,2017,36.94174957275391,UIS_EST,
GGR.6T7.M,WB: Post-demographic dividend,2018,37.12736892700195,UIS_EST,
GGR.6T7.M,WB: Post-demographic dividend,2019,38.0465087890625,,
GGR.6T7.M,WB: Post-demographic dividend,2020,38.96899032592773,,
GGR.6T7.M,WB: Post-demographic dividend,2021,39.66115951538086,,
GGR.6T7.M,WB: Post-demographic dividend,2022,39.19366836547852,UIS_EST,
GGR.6T7.M,WB: Post-demographic dividend,2023,39.74771881103516,,
GGR.6T7.M,WB: Post-demographic dividend,2024,39.78781890869141,UIS_EST,
GGR.6T7.M,WB: Pre-demographic dividend,2000,3.592250108718872,UIS_EST,
GGR.6T7.M,WB: Small states,2003,7.849400043487549,UIS_EST,
GGR.6T7.M,WB: Small states,2004,7.657269954681396,UIS_EST,
GGR.6T7.M,WB: Small states,2005,7.895309925079346,UIS_EST,
GGR.6T7.M,WB: Small states,2006,7.796969890594482,UIS_EST,
GGR.6T7.M,WB: Small states,2009,8.071419715881348,UIS_EST,
GGR.6T7.M,WB: Small states,2011,8.051569938659668,UIS_EST,
GGR.6T7.M,WB: Small states,2012,8.228899955749512,UIS_EST,
GGR.6T7.M,WB: Small states,2013,8.58749008178711,UIS_EST,
GGR.6T7.M,WB: Small states,2014,8.356539726257324,UIS_EST,
GGR.6T7.M,WB: Small states,2015,8.247489929199219,UIS_EST,
GGR.6T7.M,WB: Small states,2016,8.51261043548584,UIS_EST,
GGR.6T7.M,WB: Small states,2017,8.53203010559082,UIS_EST,
GGR.6T7.M,WB: South Asia,2012,27.62796020507813,UIS_EST,
GGR.6T7.M,WB: South Asia,2013,27.68571090698242,,
GGR.6T7.M,WB: South Asia,2014,23.00357055664063,,
GGR.6T7.M,WB: South Asia,2015,24.7911491394043,,
GGR.6T7.M,WB: South Asia,2016,25.47706031799316,,
GGR.6T7.M,WB: South Asia,2017,23.82912063598633,,
GGR.6T7.M,WB: South Asia,2018,23.21199989318848,,
GGR.6T7.M,WB: South Asia,2019,23.10322952270508,,
GGR.6T7.M,WB: South Asia,2020,25.85861968994141,,
GGR.6T7.M,WB: South Asia,2021,21.69647026062012,,
GGR.6T7.M,WB: South Asia,2022,24.62299919128418,,
GGR.6T7.M,WB: South Asia,2023,24.63125991821289,,
GGR.6T7.M,WB: South Asia,2024,24.60379981994629,UIS_EST,
GGR.6T7.M,WB: South Asia (IDA & IBRD),2012,27.62796020507813,UIS_EST,
GGR.6T7.M,WB: South Asia (IDA & IBRD),2013,27.68571090698242,,
GGR.6T7.M,WB: South Asia (IDA & IBRD),2014,23.00357055664063,,
GGR.6T7.M,WB: South Asia (IDA & IBRD),2015,24.7911491394043,,
GGR.6T7.M,WB: South Asia (IDA & IBRD),2016,25.47706031799316,,
GGR.6T7.M,WB: South Asia (IDA & IBRD),2017,23.82912063598633,,
GGR.6T7.M,WB: South Asia (IDA & IBRD),2018,23.21199989318848,,
GGR.6T7.M,WB: South Asia (IDA & IBRD),2019,23.10322952270508,,
GGR.6T7.M,WB: South Asia (IDA & IBRD),2020,25.85861968994141,,
GGR.6T7.M,WB: South Asia (IDA & IBRD),2021,21.69647026062012,,
GGR.6T7.M,WB: South Asia (IDA & IBRD),2022,24.62299919128418,,
GGR.6T7.M,WB: South Asia (IDA & IBRD),2023,24.63125991821289,,
GGR.6T7.M,WB: South Asia (IDA & IBRD),2024,24.60379981994629,UIS_EST,
GGR.6T7.M,WB: Sub-Saharan Africa,2000,3.155529975891113,UIS_EST,
GGR.6T7.M,WB: Sub-Saharan Africa,2011,3.808439970016479,UIS_EST,
GGR.6T7.M,WB: Sub-Saharan Africa,2012,3.869709968566895,UIS_EST,
GGR.6T7.M,WB: Sub-Saharan Africa,2016,4.102479934692383,UIS_EST,
GGR.6T7.M,WB: Sub-Saharan Africa (IDA & IBRD),2000,3.155529975891113,UIS_EST,
GGR.6T7.M,WB: Sub-Saharan Africa (IDA & IBRD),2011,3.808439970016479,UIS_EST,
GGR.6T7.M,WB: Sub-Saharan Africa (IDA & IBRD),2012,3.869709968566895,UIS_EST,
GGR.6T7.M,WB: Sub-Saharan Africa (IDA & IBRD),2016,4.102479934692383,UIS_EST,
GGR.6T7.M,WB: Sub-Saharan Africa (excluding high income),2000,3.155529975891113,UIS_EST,
GGR.6T7.M,WB: Sub-Saharan Africa (excluding high income),2011,3.808769941329956,UIS_EST,
GGR.6T7.M,WB: Sub-Saharan Africa (excluding high income),2012,3.870069980621338,UIS_EST,
GGR.6T7.M,WB: Sub-Saharan Africa (excluding high income),2016,4.102680206298828,UIS_EST,
GGR.6T7.M,WB: Upper middle income (July 2025),2001,11.22237014770508,UIS_EST,
GGR.6T7.M,WB: Upper middle income (July 2025),2002,10.25002956390381,UIS_EST,
GGR.6T7.M,WB: Upper middle income (July 2025),2003,10.66755962371826,UIS_EST,
GGR.6T7.M,WB: Upper middle income (July 2025),2004,10.69561004638672,UIS_EST,
GGR.6T7.M,WB: Upper middle income (July 2025),2005,10.97235012054443,UIS_EST,
GGR.6T7.M,WB: Upper middle income (July 2025),2006,12.433030128479,UIS_EST,
GGR.6T7.M,WB: Upper middle income (July 2025),2007,13.26626014709473,UIS_EST,
GGR.6T7.M,WB: Upper middle income (July 2025),2008,14.00895023345947,UIS_EST,
GGR.6T7.M,WB: Upper middle income (July 2025),2009,14.18410968780518,UIS_EST,
GGR.6T7.M,WB: Upper middle income (July 2025),2010,14.43167018890381,UIS_EST,
GGR.6T7.M,WB: Upper middle income (July 2025),2011,14.82684993743896,UIS_EST,
GGR.6T7.M,WB: Upper middle income (July 2025),2012,15.71006965637207,UIS_EST,
GGR.6T7.M,WB: Upper middle income (July 2025),2013,16.7613697052002,,
GGR.6T7.M,WB: Upper middle income (July 2025),2014,20.39813041687012,,
GGR.6T7.M,WB: Upper middle income (July 2025),2015,22.2153491973877,,
GGR.6T7.M,WB: Upper middle income (July 2025),2016,23.60519981384277,,
GGR.6T7.M,WB: Upper middle income (July 2025),2017,24.4988899230957,,
GGR.6T7.M,WB: Upper middle income (July 2025),2018,24.33852958679199,,
GGR.6T7.M,WB: Upper middle income (July 2025),2019,24.67338943481445,,
GGR.6T7.M,WB: Upper middle income (July 2025),2020,25.80801963806152,,
GGR.6T7.M,WB: Upper middle income (July 2025),2021,27.69083976745605,,
GGR.6T7.M,WB: Upper middle income (July 2025),2022,28.96656036376953,,
GGR.6T7.M,WB: Upper middle income (July 2025),2023,30.27458000183105,,
GGR.6T7.M,WB: Upper middle income (July 2025),2024,32.4284782409668,UIS_EST,
GGR.6T7.M,WB: World,2000,16.34515953063965,UIS_EST,
GGR.6T7.M,WB: World,2001,16.63726997375488,UIS_EST,
GGR.6T7.M,WB: World,2002,16.2938404083252,UIS_EST,
GGR.6T7.M,WB: World,2003,16.71696090698242,UIS_EST,
GGR.6T7.M,WB: World,2004,16.73714065551758,UIS_EST,
GGR.6T7.M,WB: World,2005,16.95593070983887,UIS_EST,
GGR.6T7.M,WB: World,2006,17.68123054504395,UIS_EST,
GGR.6T7.M,WB: World,2007,18.16477012634277,UIS_EST,
GGR.6T7.M,WB: World,2008,18.65464019775391,UIS_EST,
GGR.6T7.M,WB: World,2009,18.6893196105957,UIS_EST,
GGR.6T7.M,WB: World,2010,18.82665061950684,UIS_EST,
GGR.6T7.M,WB: World,2011,19.13685989379883,UIS_EST,
GGR.6T7.M,WB: World,2012,19.44411087036133,UIS_EST,
GGR.6T7.M,WB: World,2013,19.94025993347168,UIS_EST,
GGR.6T7.M,WB: World,2014,20.29043960571289,UIS_EST,
GGR.6T7.M,WB: World,2015,21.38324928283691,UIS_EST,
GGR.6T7.M,WB: World,2016,22.03746032714844,UIS_EST,
GGR.6T7.M,WB: World,2017,21.85466003417969,UIS_EST,
GGR.6T7.M,WB: World,2018,21.61063957214355,UIS_EST,
GGR.6T7.M,WB: World,2019,21.51861953735352,UIS_EST,
GGR.6T7.M,WB: World,2020,22.54227066040039,UIS_EST,
GGR.6T7.M,WB: World,2021,22.17522048950195,UIS_EST,
GGR.6T7.M,WB: World,2022,23.18190002441406,UIS_EST,
GGR.6T7.M,WB: World,2023,23.6623706817627,UIS_EST,
GGR.6T7.M,WB: World,2024,24.2765998840332,UIS_EST,
GGR.6T7.M,WSM,2000,1.756510019302368,,
GGR.6T7.M,WSM,2017,7.359549999237061,,
GGR.6T7.M,WSM,2018,8.279569625854492,,
GGR.6T7.M,WSM,2019,7.86106014251709,,
GGR.6T7.M,WSM,2020,8.225110054016113,,
GGR.6T7.M,WSM,2021,3.385730028152466,,
GGR.6T7.M,ZAF,2012,5.00521993637085,,
GGR.6T7.M,ZAF,2013,5.598820209503174,,
GGR.6T7.M,ZAF,2014,5.867080211639404,,
GGR.6T7.M,ZAF,2015,6.298890113830566,,
GGR.6T7.M,ZAF,2016,6.658160209655762,,
GGR.6T7.M,ZAF,2017,7.298900127410889,,
GGR.6T7.M,ZAF,2018,7.792719841003418,,
GGR.6T7.M,ZAF,2019,7.739669799804688,,
GGR.6T7.M,ZAF,2020,8.533040046691895,,
GGR.6T7.M,ZAF,2021,8.027549743652344,,
GGR.6T7.M,ZAF,2022,8.816060066223145,,
GGR.6T7.M,ZAF,2023,8.326539993286133,,
GGR.6T7.M,ZWE,2013,1.534450054168701,,