indicatorId,geoUnit,year,value,qualifier,magnitude
MOGER.5T8.40510.F,ABW,2012,1.308060050010681,UIS_EST,
MOGER.5T8.40510.F,ABW,2013,1.773440003395081,UIS_EST,
MOGER.5T8.40510.F,ABW,2014,1.375270009040833,UIS_EST,
MOGER.5T8.40510.F,ABW,2015,1.787799954414368,UIS_EST,
MOGER.5T8.40510.F,ABW,2016,1.964460015296936,UIS_EST,
MOGER.5T8.40510.F,ABW,2017,2.326109886169434,UIS_EST,
MOGER.5T8.40510.F,ABW,2018,3.079999923706055,UIS_EST,
MOGER.5T8.40510.F,ABW,2019,3.147739887237549,UIS_EST,
MOGER.5T8.40510.F,ABW,2020,6.999209880828857,UIS_EST,
MOGER.5T8.40510.F,ABW,2021,3.3404700756073,UIS_EST,
MOGER.5T8.40510.F,ABW,2022,3.596050024032593,UIS_EST,
MOGER.5T8.40510.F,ABW,2023,3.633480072021484,UIS_EST,
MOGER.5T8.40510.F,AFG,2012,0.2068199962377548,UIS_EST,
MOGER.5T8.40510.F,AFG,2013,0.2874700129032135,UIS_EST,
MOGER.5T8.40510.F,AFG,2014,0.4301599860191345,UIS_EST,
MOGER.5T8.40510.F,AFG,2015,0.48403000831604,UIS_EST,
MOGER.5T8.40510.F,AFG,2016,0.5635700225830078,UIS_EST,
MOGER.5T8.40510.F,AFG,2017,0.5528600215911865,UIS_EST,
MOGER.5T8.40510.F,AFG,2018,0.5491300225257874,UIS_EST,
MOGER.5T8.40510.F,AFG,2019,0.5509899854660034,UIS_EST,
MOGER.5T8.40510.F,AFG,2020,0.5145099759101868,UIS_EST,
MOGER.5T8.40510.F,AFG,2021,0.5227299928665161,UIS_EST,
MOGER.5T8.40510.F,AFG,2022,0.5304999947547913,UIS_EST,
MOGER.5T8.40510.F,AFG,2023,0.5435799956321716,UIS_EST,
MOGER.5T8.40510.F,AGO,2012,0.3125500082969666,UIS_EST,
MOGER.5T8.40510.F,AGO,2013,0.333950012922287,UIS_EST,
MOGER.5T8.40510.F,AGO,2014,0.3667599856853485,UIS_EST,
MOGER.5T8.40510.F,AGO,2015,0.3886300027370453,UIS_EST,
MOGER.5T8.40510.F,AGO,2016,0.4386000037193298,UIS_EST,
MOGER.5T8.40510.F,AGO,2017,0.4402199983596802,UIS_EST,
MOGER.5T8.40510.F,AGO,2018,0.3911600112915039,UIS_EST,
MOGER.5T8.40510.F,AGO,2019,0.3413200080394745,UIS_EST,
MOGER.5T8.40510.F,AGO,2020,0.3191600143909454,UIS_EST,
MOGER.5T8.40510.F,AGO,2021,0.2770699858665466,UIS_EST,
MOGER.5T8.40510.F,AGO,2022,0.2600399851799011,UIS_EST,
MOGER.5T8.40510.F,AGO,2023,0.2871499955654144,UIS_EST,
MOGER.5T8.40510.F,AIA,2012,10.33815002441406,UIS_EST,
MOGER.5T8.40510.F,AIA,2013,18.32031059265137,UIS_EST,
MOGER.5T8.40510.F,AIA,2014,7.631360054016113,UIS_EST,
MOGER.5T8.40510.F,AIA,2015,8.427419662475586,UIS_EST,
MOGER.5T8.40510.F,AIA,2016,11.07431030273438,UIS_EST,
MOGER.5T8.40510.F,AIA,2017,15.92381000518799,UIS_EST,
MOGER.5T8.40510.F,AIA,2018,7.987599849700928,UIS_EST,
MOGER.5T8.40510.F,AIA,2019,10.23845958709717,UIS_EST,
MOGER.5T8.40510.F,AIA,2020,12.62061977386475,UIS_EST,
MOGER.5T8.40510.F,AIA,2021,12.53089046478271,UIS_EST,
MOGER.5T8.40510.F,AIA,2022,10.97229957580566,UIS_EST,
MOGER.5T8.40510.F,AIA,2023,9.51416015625,UIS_EST,
MOGER.5T8.40510.F,AIMS: Asia and the Pacific,2012,0.3918600082397461,,
MOGER.5T8.40510.F,AIMS: Asia and the Pacific,2013,0.4276300072669983,,
MOGER.5T8.40510.F,AIMS: Asia and the Pacific,2014,0.468639999628067,,
MOGER.5T8.40510.F,AIMS: Asia and the Pacific,2015,0.5144699811935425,,
MOGER.5T8.40510.F,AIMS: Asia and the Pacific,2016,0.5665799975395203,,
MOGER.5T8.40510.F,AIMS: Asia and the Pacific,2017,0.6142399907112122,,
MOGER.5T8.40510.F,AIMS: Asia and the Pacific,2018,0.663070023059845,,
MOGER.5T8.40510.F,AIMS: Asia and the Pacific,2019,0.7249699831008911,,
MOGER.5T8.40510.F,AIMS: Asia and the Pacific,2020,0.792639970779419,,
MOGER.5T8.40510.F,AIMS: Asia and the Pacific,2021,0.7597100138664246,,
MOGER.5T8.40510.F,AIMS: Asia and the Pacific,2022,0.798520028591156,,
MOGER.5T8.40510.F,AIMS: Asia and the Pacific,2023,0.895359992980957,,
MOGER.5T8.40510.F,AIMS: Central Asia,2012,0.5722399950027466,,
MOGER.5T8.40510.F,AIMS: Central Asia,2013,0.6698600053787231,,
MOGER.5T8.40510.F,AIMS: Central Asia,2014,0.8566200137138367,,
MOGER.5T8.40510.F,AIMS: Central Asia,2015,0.9018300175666809,,
MOGER.5T8.40510.F,AIMS: Central Asia,2016,0.962149977684021,,
MOGER.5T8.40510.F,AIMS: Central Asia,2017,0.9675599932670593,,
MOGER.5T8.40510.F,AIMS: Central Asia,2018,0.9807299971580505,,
MOGER.5T8.40510.F,AIMS: Central Asia,2019,1.23471999168396,,
MOGER.5T8.40510.F,AIMS: Central Asia,2020,1.812600016593933,,
MOGER.5T8.40510.F,AIMS: Central Asia,2021,2.271219968795776,,
MOGER.5T8.40510.F,AIMS: Central Asia,2022,2.444350004196167,,
MOGER.5T8.40510.F,AIMS: Central Asia,2023,2.169159889221191,,
MOGER.5T8.40510.F,AIMS: East Asia,2012,0.6233400106430054,,
MOGER.5T8.40510.F,AIMS: East Asia,2013,0.6962800025939941,,
MOGER.5T8.40510.F,AIMS: East Asia,2014,0.7754499912261963,,
MOGER.5T8.40510.F,AIMS: East Asia,2015,0.8561999797821045,,
MOGER.5T8.40510.F,AIMS: East Asia,2016,0.9384099841117859,,
MOGER.5T8.40510.F,AIMS: East Asia,2017,1.028579950332642,,
MOGER.5T8.40510.F,AIMS: East Asia,2018,1.111780047416687,,
MOGER.5T8.40510.F,AIMS: East Asia,2019,1.185610055923462,,
MOGER.5T8.40510.F,AIMS: East Asia,2020,1.267789959907532,,
MOGER.5T8.40510.F,AIMS: East Asia,2021,1.180649995803833,,
MOGER.5T8.40510.F,AIMS: East Asia,2022,1.184730052947998,,
MOGER.5T8.40510.F,AIMS: East Asia,2023,1.242630004882813,,
MOGER.5T8.40510.F,AIMS: East Asia and the Pacific,2012,0.6261799931526184,,
MOGER.5T8.40510.F,AIMS: East Asia and the Pacific,2013,0.698889970779419,,
MOGER.5T8.40510.F,AIMS: East Asia and the Pacific,2014,0.7768499851226807,,
MOGER.5T8.40510.F,AIMS: East Asia and the Pacific,2015,0.8562099933624268,,
MOGER.5T8.40510.F,AIMS: East Asia and the Pacific,2016,0.9378499984741211,,
MOGER.5T8.40510.F,AIMS: East Asia and the Pacific,2017,1.025529980659485,,
MOGER.5T8.40510.F,AIMS: East Asia and the Pacific,2018,1.106950044631958,,
MOGER.5T8.40510.F,AIMS: East Asia and the Pacific,2019,1.179630041122437,,
MOGER.5T8.40510.F,AIMS: East Asia and the Pacific,2020,1.260820031166077,,
MOGER.5T8.40510.F,AIMS: East Asia and the Pacific,2021,1.17428994178772,,
MOGER.5T8.40510.F,AIMS: East Asia and the Pacific,2022,1.17739999294281,,
MOGER.5T8.40510.F,AIMS: East Asia and the Pacific,2023,1.23471999168396,,
MOGER.5T8.40510.F,AIMS: Pacific,2012,0.7993000149726868,,
MOGER.5T8.40510.F,AIMS: Pacific,2013,0.8501099944114685,,
MOGER.5T8.40510.F,AIMS: Pacific,2014,0.8537899851799011,,
MOGER.5T8.40510.F,AIMS: Pacific,2015,0.8567399978637695,,
MOGER.5T8.40510.F,AIMS: Pacific,2016,0.9092699885368347,,
MOGER.5T8.40510.F,AIMS: Pacific,2017,0.8747699856758118,,
MOGER.5T8.40510.F,AIMS: Pacific,2018,0.874750018119812,,
MOGER.5T8.40510.F,AIMS: Pacific,2019,0.8966699838638306,,
MOGER.5T8.40510.F,AIMS: Pacific,2020,0.9331600069999695,,
MOGER.5T8.40510.F,AIMS: Pacific,2021,0.872730016708374,,
MOGER.5T8.40510.F,AIMS: Pacific,2022,0.8364700078964233,,
MOGER.5T8.40510.F,AIMS: Pacific,2023,0.8792200088500977,,
MOGER.5T8.40510.F,AIMS: South and West Asia,2012,0.1287699937820435,,
MOGER.5T8.40510.F,AIMS: South and West Asia,2013,0.1354600042104721,,
MOGER.5T8.40510.F,AIMS: South and West Asia,2014,0.1492899954319,,
MOGER.5T8.40510.F,AIMS: South and West Asia,2015,0.1725299954414368,,
MOGER.5T8.40510.F,AIMS: South and West Asia,2016,0.205939993262291,,
MOGER.5T8.40510.F,AIMS: South and West Asia,2017,0.2283599972724915,,
MOGER.5T8.40510.F,AIMS: South and West Asia,2018,0.2595199942588806,,
MOGER.5T8.40510.F,AIMS: South and West Asia,2019,0.3122900128364563,,
MOGER.5T8.40510.F,AIMS: South and West Asia,2020,0.359389990568161,,
MOGER.5T8.40510.F,AIMS: South and West Asia,2021,0.362960010766983,,
MOGER.5T8.40510.F,AIMS: South and West Asia,2022,0.4321300089359283,,
MOGER.5T8.40510.F,AIMS: South and West Asia,2023,0.5748299956321716,,
MOGER.5T8.40510.F,ALB,2012,10.82590007781982,UIS_EST,
MOGER.5T8.40510.F,ALB,2013,9.936849594116211,UIS_EST,
MOGER.5T8.40510.F,ALB,2014,9.596810340881348,UIS_EST,
MOGER.5T8.40510.F,ALB,2015,9.409899711608887,UIS_EST,
MOGER.5T8.40510.F,ALB,2016,8.846019744873047,UIS_EST,
MOGER.5T8.40510.F,ALB,2017,9.153209686279297,UIS_EST,
MOGER.5T8.40510.F,ALB,2018,9.568269729614258,UIS_EST,
MOGER.5T8.40510.F,ALB,2019,5.527440071105957,UIS_EST,
MOGER.5T8.40510.F,ALB,2020,6.400139808654785,UIS_EST,
MOGER.5T8.40510.F,ALB,2021,8.277449607849121,UIS_EST,
MOGER.5T8.40510.F,ALB,2022,9.093600273132324,UIS_EST,
MOGER.5T8.40510.F,ALB,2023,9.988349914550781,UIS_EST,
MOGER.5T8.40510.F,ALECSO: Gulf countries,2012,1.662490010261536,,
MOGER.5T8.40510.F,ALECSO: Gulf countries,2013,2.016829967498779,,
MOGER.5T8.40510.F,ALECSO: Gulf countries,2014,2.419939994812012,,
MOGER.5T8.40510.F,ALECSO: Gulf countries,2015,2.807909965515137,,
MOGER.5T8.40510.F,ALECSO: Gulf countries,2016,3.049319982528687,,
MOGER.5T8.40510.F,ALECSO: Gulf countries,2017,3.357239961624146,,
MOGER.5T8.40510.F,ALECSO: Gulf countries,2018,3.2707200050354,,
MOGER.5T8.40510.F,ALECSO: Gulf countries,2019,3.101099967956543,,
MOGER.5T8.40510.F,ALECSO: Gulf countries,2020,3.05443000793457,,
MOGER.5T8.40510.F,ALECSO: Gulf countries,2021,2.972670078277588,,
MOGER.5T8.40510.F,ALECSO: Gulf countries,2022,2.943979978561401,,
MOGER.5T8.40510.F,ALECSO: Gulf countries,2023,2.921619892120361,UIS_EST,
MOGER.5T8.40510.F,ALECSO: Least developed countries,2012,0.2676500082015991,,
MOGER.5T8.40510.F,ALECSO: Least developed countries,2013,0.3034200072288513,,
MOGER.5T8.40510.F,ALECSO: Least developed countries,2014,0.3325000107288361,,
MOGER.5T8.40510.F,ALECSO: Least developed countries,2015,0.3388800024986267,,
MOGER.5T8.40510.F,ALECSO: Least developed countries,2016,0.3550499975681305,,
MOGER.5T8.40510.F,ALECSO: Least developed countries,2017,0.3433899879455566,,
MOGER.5T8.40510.F,ALECSO: Least developed countries,2018,0.3469600081443787,,
MOGER.5T8.40510.F,ALECSO: Least developed countries,2019,0.5316299796104431,,
MOGER.5T8.40510.F,ALECSO: Least developed countries,2020,0.518339991569519,,
MOGER.5T8.40510.F,ALECSO: Least developed countries,2021,0.4763199985027313,,
MOGER.5T8.40510.F,ALECSO: Least developed countries,2022,0.507099986076355,,
MOGER.5T8.40510.F,ALECSO: Least developed countries,2023,0.5324699878692627,,
MOGER.5T8.40510.F,ALECSO: Maghreb countries,2012,0.8982399702072144,,
MOGER.5T8.40510.F,ALECSO: Maghreb countries,2013,0.8114299774169922,,
MOGER.5T8.40510.F,ALECSO: Maghreb countries,2014,0.8815699815750122,,
MOGER.5T8.40510.F,ALECSO: Maghreb countries,2015,0.9449700117111206,,
MOGER.5T8.40510.F,ALECSO: Maghreb countries,2016,1.039440035820007,,
MOGER.5T8.40510.F,ALECSO: Maghreb countries,2017,1.168290019035339,,
MOGER.5T8.40510.F,ALECSO: Maghreb countries,2018,1.255669951438904,,
MOGER.5T8.40510.F,ALECSO: Maghreb countries,2019,1.342170000076294,,
MOGER.5T8.40510.F,ALECSO: Maghreb countries,2020,1.459259986877441,,
MOGER.5T8.40510.F,ALECSO: Maghreb countries,2021,1.597470045089722,,
MOGER.5T8.40510.F,ALECSO: Maghreb countries,2022,1.730329990386963,,
MOGER.5T8.40510.F,ALECSO: Maghreb countries,2023,1.824069976806641,,
MOGER.5T8.40510.F,ALECSO: Mashriq countries,2012,0.4107399880886078,,
MOGER.5T8.40510.F,ALECSO: Mashriq countries,2013,0.5077800154685974,,
MOGER.5T8.40510.F,ALECSO: Mashriq countries,2014,0.5894299745559692,,
MOGER.5T8.40510.F,ALECSO: Mashriq countries,2015,0.656000018119812,,
MOGER.5T8.40510.F,ALECSO: Mashriq countries,2016,0.7489500045776367,,
MOGER.5T8.40510.F,ALECSO: Mashriq countries,2017,0.7595099806785583,,
MOGER.5T8.40510.F,ALECSO: Mashriq countries,2018,0.82218998670578,,
MOGER.5T8.40510.F,ALECSO: Mashriq countries,2019,0.8921399712562561,,
MOGER.5T8.40510.F,ALECSO: Mashriq countries,2020,0.9679999947547913,,
MOGER.5T8.40510.F,ALECSO: Mashriq countries,2021,1.075430035591125,,
MOGER.5T8.40510.F,ALECSO: Mashriq countries,2022,1.169929981231689,,
MOGER.5T8.40510.F,ALECSO: Mashriq countries,2023,1.188459992408752,,
MOGER.5T8.40510.F,ALECSO: Member countries,2012,0.6179500222206116,,
MOGER.5T8.40510.F,ALECSO: Member countries,2013,0.677869975566864,,
MOGER.5T8.40510.F,ALECSO: Member countries,2014,0.7685199975967407,,
MOGER.5T8.40510.F,ALECSO: Member countries,2015,0.8425899744033813,,
MOGER.5T8.40510.F,ALECSO: Member countries,2016,0.9227799773216248,,
MOGER.5T8.40510.F,ALECSO: Member countries,2017,0.9636399745941162,,
MOGER.5T8.40510.F,ALECSO: Member countries,2018,0.9935200214385986,,
MOGER.5T8.40510.F,ALECSO: Member countries,2019,1.069509983062744,,
MOGER.5T8.40510.F,ALECSO: Member countries,2020,1.11598002910614,,
MOGER.5T8.40510.F,ALECSO: Member countries,2021,1.1700199842453,,
MOGER.5T8.40510.F,ALECSO: Member countries,2022,1.242540001869202,,
MOGER.5T8.40510.F,ALECSO: Member countries,2023,1.271110057830811,,
MOGER.5T8.40510.F,AND,2012,36.85340118408203,UIS_EST,
MOGER.5T8.40510.F,AND,2013,35.46910858154297,UIS_EST,
MOGER.5T8.40510.F,AND,2014,41.53644943237305,UIS_EST,
MOGER.5T8.40510.F,AND,2015,41.47370147705078,UIS_EST,
MOGER.5T8.40510.F,AND,2016,44.54737854003906,UIS_EST,
MOGER.5T8.40510.F,AND,2017,45.1325798034668,UIS_EST,
MOGER.5T8.40510.F,AND,2018,44.08283996582031,UIS_EST,
MOGER.5T8.40510.F,AND,2019,41.87176132202148,UIS_EST,
MOGER.5T8.40510.F,AND,2020,41.70856094360352,UIS_EST,
MOGER.5T8.40510.F,AND,2021,42.51945114135742,UIS_EST,
MOGER.5T8.40510.F,AND,2022,44.18796920776367,UIS_EST,
MOGER.5T8.40510.F,AND,2023,44.7203483581543,UIS_EST,
MOGER.5T8.40510.F,ARE,2012,1.304900050163269,UIS_EST,
MOGER.5T8.40510.F,ARE,2013,1.320250034332275,UIS_EST,
MOGER.5T8.40510.F,ARE,2014,1.417840003967285,UIS_EST,
MOGER.5T8.40510.F,ARE,2015,1.707399964332581,UIS_EST,
MOGER.5T8.40510.F,ARE,2016,1.730069994926453,UIS_EST,
MOGER.5T8.40510.F,ARE,2017,1.999979972839355,UIS_EST,
MOGER.5T8.40510.F,ARE,2018,2.064229965209961,UIS_EST,
MOGER.5T8.40510.F,ARE,2019,2.260590076446533,UIS_EST,
MOGER.5T8.40510.F,ARE,2020,2.533809900283813,UIS_EST,
MOGER.5T8.40510.F,ARE,2021,3.045860052108765,UIS_EST,
MOGER.5T8.40510.F,ARE,2022,3.408629894256592,UIS_EST,
MOGER.5T8.40510.F,ARE,2023,3.486520051956177,UIS_EST,
MOGER.5T8.40510.F,ARG,2012,0.2602500021457672,UIS_EST,
MOGER.5T8.40510.F,ARG,2013,0.2305999994277954,UIS_EST,
MOGER.5T8.40510.F,ARG,2014,0.2225500047206879,UIS_EST,
MOGER.5T8.40510.F,ARG,2015,0.2251099944114685,UIS_EST,
MOGER.5T8.40510.F,ARG,2016,0.2240100055932999,UIS_EST,
MOGER.5T8.40510.F,ARG,2017,0.2550100088119507,UIS_EST,
MOGER.5T8.40510.F,ARG,2018,0.2612000107765198,UIS_EST,
MOGER.5T8.40510.F,ARG,2019,0.2797099947929382,UIS_EST,
MOGER.5T8.40510.F,ARG,2020,0.3079400062561035,UIS_EST,
MOGER.5T8.40510.F,ARG,2021,0.3119199872016907,UIS_EST,
MOGER.5T8.40510.F,ARG,2022,0.3563500046730042,UIS_EST,
MOGER.5T8.40510.F,ARG,2023,0.3854599893093109,UIS_EST,
MOGER.5T8.40510.F,ARM,2012,1.316349983215332,UIS_EST,
MOGER.5T8.40510.F,ARM,2013,1.436480045318604,UIS_EST,
MOGER.5T8.40510.F,ARM,2014,1.658409953117371,UIS_EST,
MOGER.5T8.40510.F,ARM,2015,1.811789989471436,UIS_EST,
MOGER.5T8.40510.F,ARM,2016,1.910279989242554,UIS_EST,
MOGER.5T8.40510.F,ARM,2017,2.173820018768311,UIS_EST,
MOGER.5T8.40510.F,ARM,2018,1.879570007324219,UIS_EST,
MOGER.5T8.40510.F,ARM,2019,2.004169940948486,UIS_EST,
MOGER.5T8.40510.F,ARM,2020,2.068259954452515,UIS_EST,
MOGER.5T8.40510.F,ARM,2021,2.174959897994995,UIS_EST,
MOGER.5T8.40510.F,ARM,2022,2.334140062332153,UIS_EST,
MOGER.5T8.40510.F,ARM,2023,2.30105996131897,UIS_EST,
MOGER.5T8.40510.F,ATG,2012,4.412290096282959,UIS_EST,
MOGER.5T8.40510.F,ATG,2013,5.408679962158203,UIS_EST,
MOGER.5T8.40510.F,ATG,2014,4.945350170135498,UIS_EST,
MOGER.5T8.40510.F,ATG,2015,4.588359832763672,UIS_EST,
MOGER.5T8.40510.F,ATG,2016,5.442959785461426,UIS_EST,
MOGER.5T8.40510.F,ATG,2017,6.723179817199707,UIS_EST,
MOGER.5T8.40510.F,ATG,2018,7.135980129241943,UIS_EST,
MOGER.5T8.40510.F,ATG,2019,6.831049919128418,UIS_EST,
MOGER.5T8.40510.F,ATG,2020,9.502400398254395,UIS_EST,
MOGER.5T8.40510.F,ATG,2021,8.742239952087402,UIS_EST,
MOGER.5T8.40510.F,ATG,2022,8.729339599609375,UIS_EST,
MOGER.5T8.40510.F,ATG,2023,10.06186962127686,UIS_EST,
MOGER.5T8.40510.F,AUS,2012,0.7490800023078918,UIS_EST,
MOGER.5T8.40510.F,AUS,2013,0.8151599764823914,UIS_EST,
MOGER.5T8.40510.F,AUS,2014,0.8103700280189514,UIS_EST,
MOGER.5T8.40510.F,AUS,2015,0.8297500014305115,UIS_EST,
MOGER.5T8.40510.F,AUS,2016,0.8754100203514099,UIS_EST,
MOGER.5T8.40510.F,AUS,2017,0.8775500059127808,UIS_EST,
MOGER.5T8.40510.F,AUS,2018,0.877020001411438,UIS_EST,
MOGER.5T8.40510.F,AUS,2019,0.8867800235748291,UIS_EST,
MOGER.5T8.40510.F,AUS,2020,0.9768199920654297,UIS_EST,
MOGER.5T8.40510.F,AUS,2021,0.9527599811553955,UIS_EST,
MOGER.5T8.40510.F,AUS,2022,0.9038599729537964,UIS_EST,
MOGER.5T8.40510.F,AUS,2023,0.8572199940681458,UIS_EST,
MOGER.5T8.40510.F,AUT,2012,2.911740064620972,UIS_EST,
MOGER.5T8.40510.F,AUT,2013,2.969490051269531,UIS_EST,
MOGER.5T8.40510.F,AUT,2014,3.177150011062622,UIS_EST,
MOGER.5T8.40510.F,AUT,2015,3.38087010383606,UIS_EST,
MOGER.5T8.40510.F,AUT,2016,3.617949962615967,UIS_EST,
MOGER.5T8.40510.F,AUT,2017,3.936980009078979,UIS_EST,
MOGER.5T8.40510.F,AUT,2018,4.556529998779297,UIS_EST,
MOGER.5T8.40510.F,AUT,2019,4.790709972381592,UIS_EST,
MOGER.5T8.40510.F,AUT,2020,5.438300132751465,UIS_EST,
MOGER.5T8.40510.F,AUT,2021,6.023519992828369,UIS_EST,
MOGER.5T8.40510.F,AUT,2022,6.42002010345459,UIS_EST,
MOGER.5T8.40510.F,AUT,2023,6.463459968566895,UIS_EST,
MOGER.5T8.40510.F,AZE,2012,0.5247099995613098,UIS_EST,
MOGER.5T8.40510.F,AZE,2013,0.766569972038269,UIS_EST,
MOGER.5T8.40510.F,AZE,2014,1.120790004730225,UIS_EST,
MOGER.5T8.40510.F,AZE,2015,1.535949945449829,UIS_EST,
MOGER.5T8.40510.F,AZE,2016,1.885759949684143,UIS_EST,
MOGER.5T8.40510.F,AZE,2017,2.115859985351563,UIS_EST,
MOGER.5T8.40510.F,AZE,2018,2.425240039825439,UIS_EST,
MOGER.5T8.40510.F,AZE,2019,2.721859931945801,UIS_EST,
MOGER.5T8.40510.F,AZE,2020,3.076169967651367,UIS_EST,
MOGER.5T8.40510.F,AZE,2021,3.569149971008301,UIS_EST,
MOGER.5T8.40510.F,AZE,2022,4.384610176086426,UIS_EST,
MOGER.5T8.40510.F,AZE,2023,4.393929958343506,UIS_EST,
MOGER.5T8.40510.F,BDI,2012,0.180759996175766,UIS_EST,
MOGER.5T8.40510.F,BDI,2013,0.192110002040863,UIS_EST,
MOGER.5T8.40510.F,BDI,2014,0.1985200047492981,UIS_EST,
MOGER.5T8.40510.F,BDI,2015,0.2089399993419647,UIS_EST,
MOGER.5T8.40510.F,BDI,2016,0.2471500039100647,UIS_EST,
MOGER.5T8.40510.F,BDI,2017,0.2814599871635437,UIS_EST,
MOGER.5T8.40510.F,BDI,2018,0.3544900119304657,UIS_EST,
MOGER.5T8.40510.F,BDI,2019,0.2213599979877472,UIS_EST,
MOGER.5T8.40510.F,BDI,2020,0.2338300049304962,UIS_EST,
MOGER.5T8.40510.F,BDI,2021,0.2351299971342087,UIS_EST,
MOGER.5T8.40510.F,BDI,2022,0.2641299962997437,UIS_EST,
MOGER.5T8.40510.F,BDI,2023,0.2764599919319153,UIS_EST,
MOGER.5T8.40510.F,BEL,2012,1.975720047950745,UIS_EST,
MOGER.5T8.40510.F,BEL,2013,1.879670023918152,UIS_EST,
MOGER.5T8.40510.F,BEL,2014,1.931110024452209,UIS_EST,
MOGER.5T8.40510.F,BEL,2015,2.070689916610718,UIS_EST,
MOGER.5T8.40510.F,BEL,2016,2.19884991645813,UIS_EST,
MOGER.5T8.40510.F,BEL,2017,2.384160041809082,UIS_EST,
MOGER.5T8.40510.F,BEL,2018,2.510730028152466,UIS_EST,
MOGER.5T8.40510.F,BEL,2019,2.641069889068604,UIS_EST,
MOGER.5T8.40510.F,BEL,2020,2.785409927368164,UIS_EST,
MOGER.5T8.40510.F,BEL,2021,2.785939931869507,UIS_EST,
MOGER.5T8.40510.F,BEL,2022,2.860009908676147,UIS_EST,
MOGER.5T8.40510.F,BEL,2023,2.871370077133179,UIS_EST,
MOGER.5T8.40510.F,BEN,2012,0.3488799929618835,UIS_EST,
MOGER.5T8.40510.F,BEN,2013,0.360590010881424,UIS_EST,
MOGER.5T8.40510.F,BEN,2014,0.3886100053787231,UIS_EST,
MOGER.5T8.40510.F,BEN,2015,0.4107500016689301,UIS_EST,
MOGER.5T8.40510.F,BEN,2016,0.4393399953842163,UIS_EST,
MOGER.5T8.40510.F,BEN,2017,0.4648700058460236,UIS_EST,
MOGER.5T8.40510.F,BEN,2018,0.4590499997138977,UIS_EST,
MOGER.5T8.40510.F,BEN,2019,0.4640400111675262,UIS_EST,
MOGER.5T8.40510.F,BEN,2020,0.4885300099849701,UIS_EST,
MOGER.5T8.40510.F,BEN,2021,0.5229099988937378,UIS_EST,
MOGER.5T8.40510.F,BEN,2022,0.5557699799537659,UIS_EST,
MOGER.5T8.40510.F,BEN,2023,0.6246799826622009,UIS_EST,
MOGER.5T8.40510.F,BFA,2012,0.1510300040245056,UIS_EST,
MOGER.5T8.40510.F,BFA,2013,0.167590007185936,UIS_EST,
MOGER.5T8.40510.F,BFA,2014,0.1871400028467178,UIS_EST,
MOGER.5T8.40510.F,BFA,2015,0.2018900066614151,UIS_EST,
MOGER.5T8.40510.F,BFA,2016,0.213359996676445,UIS_EST,
MOGER.5T8.40510.F,BFA,2017,0.231670007109642,UIS_EST,
MOGER.5T8.40510.F,BFA,2018,0.2285300046205521,UIS_EST,
MOGER.5T8.40510.F,BFA,2019,0.2408600002527237,UIS_EST,
MOGER.5T8.40510.F,BFA,2020,0.2535299956798553,UIS_EST,
MOGER.5T8.40510.F,BFA,2021,0.2578699886798859,UIS_EST,
MOGER.5T8.40510.F,BFA,2022,0.2592000067234039,UIS_EST,
MOGER.5T8.40510.F,BFA,2023,0.2679199874401093,UIS_EST,
MOGER.5T8.40510.F,BGD,2012,0.0545799992978573,UIS_EST,
MOGER.5T8.40510.F,BGD,2013,0.0681999996304512,UIS_EST,
MOGER.5T8.40510.F,BGD,2014,0.0818699970841408,UIS_EST,
MOGER.5T8.40510.F,BGD,2015,0.0897499993443489,UIS_EST,
MOGER.5T8.40510.F,BGD,2016,0.1075600013136864,UIS_EST,
MOGER.5T8.40510.F,BGD,2017,0.1104699969291687,UIS_EST,
MOGER.5T8.40510.F,BGD,2018,0.1204700022935867,UIS_EST,
MOGER.5T8.40510.F,BGD,2019,0.1258800029754639,UIS_EST,
MOGER.5T8.40510.F,BGD,2020,0.1440899968147278,UIS_EST,
MOGER.5T8.40510.F,BGD,2021,0.1619099974632263,UIS_EST,
MOGER.5T8.40510.F,BGD,2022,0.2047899961471558,UIS_EST,
MOGER.5T8.40510.F,BGD,2023,0.2592499852180481,UIS_EST,
MOGER.5T8.40510.F,BGR,2012,6.458250045776367,UIS_EST,
MOGER.5T8.40510.F,BGR,2013,7.06721019744873,UIS_EST,
MOGER.5T8.40510.F,BGR,2014,7.419740200042725,UIS_EST,
MOGER.5T8.40510.F,BGR,2015,8.113499641418457,UIS_EST,
MOGER.5T8.40510.F,BGR,2016,8.627050399780273,UIS_EST,
MOGER.5T8.40510.F,BGR,2017,9.642319679260254,UIS_EST,
MOGER.5T8.40510.F,BGR,2018,10.38088989257813,UIS_EST,
MOGER.5T8.40510.F,BGR,2019,10.74785041809082,UIS_EST,
MOGER.5T8.40510.F,BGR,2020,11.14756965637207,UIS_EST,
MOGER.5T8.40510.F,BGR,2021,11.22395992279053,UIS_EST,
MOGER.5T8.40510.F,BGR,2022,8.838589668273926,UIS_EST,
MOGER.5T8.40510.F,BGR,2023,7.808159828186035,UIS_EST,
MOGER.5T8.40510.F,BHR,2012,4.537350177764893,UIS_EST,
MOGER.5T8.40510.F,BHR,2013,5.160449981689453,UIS_EST,
MOGER.5T8.40510.F,BHR,2014,5.140100002288818,UIS_EST,
MOGER.5T8.40510.F,BHR,2015,5.703090190887451,UIS_EST,
MOGER.5T8.40510.F,BHR,2016,5.997270107269287,UIS_EST,
MOGER.5T8.40510.F,BHR,2017,5.914010047912598,UIS_EST,
MOGER.5T8.40510.F,BHR,2018,5.638169765472412,UIS_EST,
MOGER.5T8.40510.F,BHR,2019,5.147170066833496,UIS_EST,
MOGER.5T8.40510.F,BHR,2020,5.519340038299561,UIS_EST,
MOGER.5T8.40510.F,BHR,2021,4.656449794769287,UIS_EST,
MOGER.5T8.40510.F,BHR,2022,4.555349826812744,UIS_EST,
MOGER.5T8.40510.F,BHR,2023,5.530089855194092,UIS_EST,
MOGER.5T8.40510.F,BHS,2012,4.257460117340088,UIS_EST,
MOGER.5T8.40510.F,BHS,2013,5.976230144500732,UIS_EST,
MOGER.5T8.40510.F,BHS,2014,7.327040195465088,UIS_EST,
MOGER.5T8.40510.F,BHS,2015,9.673600196838379,UIS_EST,
MOGER.5T8.40510.F,BHS,2016,11.95629978179932,UIS_EST,
MOGER.5T8.40510.F,BHS,2017,14.16067981719971,UIS_EST,
MOGER.5T8.40510.F,BHS,2018,12.54135990142822,UIS_EST,
MOGER.5T8.40510.F,BHS,2019,14.47721004486084,UIS_EST,
MOGER.5T8.40510.F,BHS,2020,15.5164098739624,UIS_EST,
MOGER.5T8.40510.F,BHS,2021,13.18583965301514,UIS_EST,
MOGER.5T8.40510.F,BHS,2022,13.50255012512207,UIS_EST,
MOGER.5T8.40510.F,BHS,2023,14.13331031799316,UIS_EST,
MOGER.5T8.40510.F,BIH,2012,4.831429958343506,UIS_EST,
MOGER.5T8.40510.F,BIH,2013,5.208360195159912,UIS_EST,
MOGER.5T8.40510.F,BIH,2014,5.453289985656738,UIS_EST,
MOGER.5T8.40510.F,BIH,2015,6.297110080718994,UIS_EST,
MOGER.5T8.40510.F,BIH,2016,7.234379768371582,UIS_EST,
MOGER.5T8.40510.F,BIH,2017,9.350520133972168,UIS_EST,
MOGER.5T8.40510.F,BIH,2018,9.219499588012695,UIS_EST,
MOGER.5T8.40510.F,BIH,2019,9.145350456237793,UIS_EST,
MOGER.5T8.40510.F,BIH,2020,9.219249725341797,UIS_EST,
MOGER.5T8.40510.F,BIH,2021,9.592550277709961,UIS_EST,
MOGER.5T8.40510.F,BIH,2022,10.30025959014893,UIS_EST,
MOGER.5T8.40510.F,BIH,2023,10.78477001190186,UIS_EST,
MOGER.5T8.40510.F,BLR,2012,2.163589954376221,UIS_EST,
MOGER.5T8.40510.F,BLR,2013,2.361340045928955,UIS_EST,
MOGER.5T8.40510.F,BLR,2014,2.599940061569214,UIS_EST,
MOGER.5T8.40510.F,BLR,2015,2.759079933166504,UIS_EST,
MOGER.5T8.40510.F,BLR,2016,2.944210052490234,UIS_EST,
MOGER.5T8.40510.F,BLR,2017,3.186389923095703,UIS_EST,
MOGER.5T8.40510.F,BLR,2018,3.23484992980957,UIS_EST,
MOGER.5T8.40510.F,BLR,2019,3.334409952163696,UIS_EST,
MOGER.5T8.40510.F,BLR,2020,3.77711009979248,UIS_EST,
MOGER.5T8.40510.F,BLR,2021,4.409719944000244,UIS_EST,
MOGER.5T8.40510.F,BLR,2022,5.122439861297607,UIS_EST,
MOGER.5T8.40510.F,BLR,2023,5.353869915008545,UIS_EST,
MOGER.5T8.40510.F,BLZ,2012,1.296599984169006,UIS_EST,
MOGER.5T8.40510.F,BLZ,2013,1.656469941139221,UIS_EST,
MOGER.5T8.40510.F,BLZ,2014,1.467710018157959,UIS_EST,
MOGER.5T8.40510.F,BLZ,2015,1.564020037651062,UIS_EST,
MOGER.5T8.40510.F,BLZ,2016,1.665889978408813,UIS_EST,
MOGER.5T8.40510.F,BLZ,2017,1.615149974822998,UIS_EST,
MOGER.5T8.40510.F,BLZ,2018,1.892529964447021,UIS_EST,
MOGER.5T8.40510.F,BLZ,2019,2.162760019302368,UIS_EST,
MOGER.5T8.40510.F,BLZ,2020,2.408790111541748,UIS_EST,
MOGER.5T8.40510.F,BLZ,2021,2.07738995552063,UIS_EST,
MOGER.5T8.40510.F,BLZ,2022,1.999240040779114,UIS_EST,
MOGER.5T8.40510.F,BLZ,2023,1.800230026245117,UIS_EST,
MOGER.5T8.40510.F,BMU,2012,36.3189697265625,UIS_EST,
MOGER.5T8.40510.F,BMU,2013,43.37741088867188,UIS_EST,
MOGER.5T8.40510.F,BMU,2014,44.76047897338867,UIS_EST,
MOGER.5T8.40510.F,BMU,2015,47.99562835693359,UIS_EST,
MOGER.5T8.40510.F,BMU,2016,53.59585952758789,UIS_EST,
MOGER.5T8.40510.F,BMU,2017,52.91909027099609,UIS_EST,
MOGER.5T8.40510.F,BMU,2018,53.35797119140625,UIS_EST,
MOGER.5T8.40510.F,BMU,2019,42.88663101196289,UIS_EST,
MOGER.5T8.40510.F,BMU,2020,37.89022064208984,UIS_EST,
MOGER.5T8.40510.F,BMU,2021,34.59568023681641,UIS_EST,
MOGER.5T8.40510.F,BMU,2022,30.55234909057617,UIS_EST,
MOGER.5T8.40510.F,BMU,2023,29.90484046936035,UIS_EST,
MOGER.5T8.40510.F,BOL,2012,1.809139966964722,UIS_EST,
MOGER.5T8.40510.F,BOL,2013,1.714169979095459,UIS_EST,
MOGER.5T8.40510.F,BOL,2014,1.632969975471497,UIS_EST,
MOGER.5T8.40510.F,BOL,2015,1.696859955787659,UIS_EST,
MOGER.5T8.40510.F,BOL,2016,1.721629977226257,UIS_EST,
MOGER.5T8.40510.F,BOL,2017,1.768749952316284,UIS_EST,
MOGER.5T8.40510.F,BOL,2018,1.953799962997437,UIS_EST,
MOGER.5T8.40510.F,BOL,2019,2.111939907073975,UIS_EST,
MOGER.5T8.40510.F,BOL,2020,2.302220106124878,UIS_EST,
MOGER.5T8.40510.F,BOL,2021,2.033240079879761,UIS_EST,
MOGER.5T8.40510.F,BOL,2022,2.647449970245361,UIS_EST,
MOGER.5T8.40510.F,BOL,2023,2.251940011978149,UIS_EST,
MOGER.5T8.40510.F,BRA,2012,0.2322500050067902,UIS_EST,
MOGER.5T8.40510.F,BRA,2013,0.240009993314743,UIS_EST,
MOGER.5T8.40510.F,BRA,2014,0.2736600041389465,UIS_EST,
MOGER.5T8.40510.F,BRA,2015,0.299450010061264,UIS_EST,
MOGER.5T8.40510.F,BRA,2016,0.3193100094795227,UIS_EST,
MOGER.5T8.40510.F,BRA,2017,0.3689599931240082,UIS_EST,
MOGER.5T8.40510.F,BRA,2018,0.4488799870014191,UIS_EST,
MOGER.5T8.40510.F,BRA,2019,0.5418199896812439,UIS_EST,
MOGER.5T8.40510.F,BRA,2020,0.62295001745224,UIS_EST,
MOGER.5T8.40510.F,BRA,2021,0.6160600185394287,UIS_EST,
MOGER.5T8.40510.F,BRA,2022,0.6234400272369385,UIS_EST,
MOGER.5T8.40510.F,BRB,2012,5.155340194702148,UIS_EST,
MOGER.5T8.40510.F,BRB,2013,5.902599811553955,UIS_EST,
MOGER.5T8.40510.F,BRB,2014,5.415410041809082,UIS_EST,
MOGER.5T8.40510.F,BRB,2015,5.826590061187744,UIS_EST,
MOGER.5T8.40510.F,BRB,2016,5.983590126037598,UIS_EST,
MOGER.5T8.40510.F,BRB,2017,5.978320121765137,UIS_EST,
MOGER.5T8.40510.F,BRB,2018,6.039219856262207,UIS_EST,
MOGER.5T8.40510.F,BRB,2019,6.59089994430542,UIS_EST,
MOGER.5T8.40510.F,BRB,2020,6.969399929046631,UIS_EST,
MOGER.5T8.40510.F,BRB,2021,6.288179874420166,UIS_EST,
MOGER.5T8.40510.F,BRB,2022,6.255370140075684,UIS_EST,
MOGER.5T8.40510.F,BRB,2023,6.867390155792236,UIS_EST,
MOGER.5T8.40510.F,BRN,2012,11.41380977630615,UIS_EST,
MOGER.5T8.40510.F,BRN,2013,11.46702003479004,UIS_EST,
MOGER.5T8.40510.F,BRN,2014,11.3528003692627,UIS_EST,
MOGER.5T8.40510.F,BRN,2015,11.06659984588623,UIS_EST,
MOGER.5T8.40510.F,BRN,2016,11.1569995880127,UIS_EST,
MOGER.5T8.40510.F,BRN,2017,10.68430042266846,UIS_EST,
MOGER.5T8.40510.F,BRN,2018,8.664239883422852,UIS_EST,
MOGER.5T8.40510.F,BRN,2019,6.62444019317627,UIS_EST,
MOGER.5T8.40510.F,BRN,2020,8.22311019897461,UIS_EST,
MOGER.5T8.40510.F,BRN,2021,6.915830135345459,UIS_EST,
MOGER.5T8.40510.F,BRN,2022,6.580820083618164,UIS_EST,
MOGER.5T8.40510.F,BRN,2023,6.825240135192871,UIS_EST,
MOGER.5T8.40510.F,BTN,2012,3.850549936294556,UIS_EST,
MOGER.5T8.40510.F,BTN,2013,4.107079982757568,UIS_EST,
MOGER.5T8.40510.F,BTN,2014,4.155920028686523,UIS_EST,
MOGER.5T8.40510.F,BTN,2015,4.621059894561768,UIS_EST,
MOGER.5T8.40510.F,BTN,2016,5.711559772491455,UIS_EST,
MOGER.5T8.40510.F,BTN,2017,5.649580001831055,UIS_EST,
MOGER.5T8.40510.F,BTN,2018,6.269820213317871,UIS_EST,
MOGER.5T8.40510.F,BTN,2019,7.291009902954102,UIS_EST,
MOGER.5T8.40510.F,BTN,2020,8.083279609680176,UIS_EST,
MOGER.5T8.40510.F,BTN,2021,7.231870174407959,UIS_EST,
MOGER.5T8.40510.F,BTN,2022,7.145349979400635,UIS_EST,
MOGER.5T8.40510.F,BTN,2023,15.53147029876709,UIS_EST,
MOGER.5T8.40510.F,BWA,2012,1.964229941368103,UIS_EST,
MOGER.5T8.40510.F,BWA,2013,1.751500010490417,UIS_EST,
MOGER.5T8.40510.F,BWA,2014,1.431280016899109,UIS_EST,
MOGER.5T8.40510.F,BWA,2015,1.346510052680969,UIS_EST,
MOGER.5T8.40510.F,BWA,2016,1.357470035552979,UIS_EST,
MOGER.5T8.40510.F,BWA,2017,1.088840007781982,UIS_EST,
MOGER.5T8.40510.F,BWA,2018,1.084259986877441,UIS_EST,
MOGER.5T8.40510.F,BWA,2019,1.148699998855591,UIS_EST,
MOGER.5T8.40510.F,BWA,2020,1.012910008430481,UIS_EST,
MOGER.5T8.40510.F,BWA,2021,0.9373700022697449,UIS_EST,
MOGER.5T8.40510.F,BWA,2022,0.9267100095748901,UIS_EST,
MOGER.5T8.40510.F,BWA,2023,1.05675995349884,UIS_EST,
MOGER.5T8.40510.F,CAF,2012,0.3384200036525726,UIS_EST,
MOGER.5T8.40510.F,CAF,2013,0.3371599912643433,UIS_EST,
MOGER.5T8.40510.F,CAF,2014,0.3688400089740753,UIS_EST,
MOGER.5T8.40510.F,CAF,2015,0.4014399945735931,UIS_EST,
MOGER.5T8.40510.F,CAF,2016,0.4147199988365173,UIS_EST,
MOGER.5T8.40510.F,CAF,2017,0.3947800099849701,UIS_EST,
MOGER.5T8.40510.F,CAF,2018,0.3663400113582611,UIS_EST,
MOGER.5T8.40510.F,CAF,2019,0.3938300013542175,UIS_EST,
MOGER.5T8.40510.F,CAF,2020,0.3336099982261658,UIS_EST,
MOGER.5T8.40510.F,CAF,2021,0.323199987411499,UIS_EST,
MOGER.5T8.40510.F,CAF,2022,0.3495000004768372,UIS_EST,
MOGER.5T8.40510.F,CAF,2023,0.3468799889087677,UIS_EST,
MOGER.5T8.40510.F,CAN,2012,1.977280020713806,UIS_EST,
MOGER.5T8.40510.F,CAN,2013,2.00738000869751,UIS_EST,
MOGER.5T8.40510.F,CAN,2014,2.075890064239502,UIS_EST,
MOGER.5T8.40510.F,CAN,2015,2.353760004043579,UIS_EST,
MOGER.5T8.40510.F,CAN,2016,2.3923499584198,UIS_EST,
MOGER.5T8.40510.F,CAN,2017,2.247720003128052,UIS_EST,
MOGER.5T8.40510.F,CAN,2018,2.181469917297363,UIS_EST,
MOGER.5T8.40510.F,CAN,2019,2.327150106430054,UIS_EST,
MOGER.5T8.40510.F,CAN,2020,2.513079881668091,UIS_EST,
MOGER.5T8.40510.F,CAN,2021,2.367089986801147,UIS_EST,
MOGER.5T8.40510.F,CAN,2022,2.418450117111206,UIS_EST,
MOGER.5T8.40510.F,CAN,2023,2.429450035095215,UIS_EST,
MOGER.5T8.40510.F,CECC-SICA,2012,0.4259499907493591,,
MOGER.5T8.40510.F,CECC-SICA,2013,0.4457400143146515,,
MOGER.5T8.40510.F,CECC-SICA,2014,0.4232800006866455,,
MOGER.5T8.40510.F,CECC-SICA,2015,0.454340010881424,,
MOGER.5T8.40510.F,CECC-SICA,2016,0.4726499915122986,,
MOGER.5T8.40510.F,CECC-SICA,2017,0.4820599853992462,,
MOGER.5T8.40510.F,CECC-SICA,2018,0.526419997215271,,
MOGER.5T8.40510.F,CECC-SICA,2019,0.537339985370636,,
MOGER.5T8.40510.F,CECC-SICA,2020,0.5654500126838684,,
MOGER.5T8.40510.F,CECC-SICA,2021,0.5714600086212158,,
MOGER.5T8.40510.F,CECC-SICA,2022,0.6233699917793274,,
MOGER.5T8.40510.F,CECC-SICA,2023,0.6518200039863586,,
MOGER.5T8.40510.F,CHE,2012,2.452939987182617,UIS_EST,
MOGER.5T8.40510.F,CHE,2013,2.51449990272522,UIS_EST,
MOGER.5T8.40510.F,CHE,2014,2.541369915008545,UIS_EST,
MOGER.5T8.40510.F,CHE,2015,2.742660045623779,UIS_EST,
MOGER.5T8.40510.F,CHE,2016,2.860780000686646,UIS_EST,
MOGER.5T8.40510.F,CHE,2017,3.172660112380981,UIS_EST,
MOGER.5T8.40510.F,CHE,2018,3.645159959793091,UIS_EST,
MOGER.5T8.40510.F,CHE,2019,4.019400119781494,UIS_EST,
MOGER.5T8.40510.F,CHE,2020,4.350500106811523,UIS_EST,
MOGER.5T8.40510.F,CHE,2021,4.455470085144043,UIS_EST,
MOGER.5T8.40510.F,CHE,2022,4.670929908752441,UIS_EST,
MOGER.5T8.40510.F,CHE,2023,4.846610069274902,UIS_EST,
MOGER.5T8.40510.F,CHL,2012,0.8047800064086914,UIS_EST,
MOGER.5T8.40510.F,CHL,2013,0.8478599786758423,UIS_EST,
MOGER.5T8.40510.F,CHL,2014,0.8896200060844421,UIS_EST,
MOGER.5T8.40510.F,CHL,2015,0.9236099720001221,UIS_EST,
MOGER.5T8.40510.F,CHL,2016,0.9588900208473206,UIS_EST,
MOGER.5T8.40510.F,CHL,2017,1.088220000267029,UIS_EST,
MOGER.5T8.40510.F,CHL,2018,1.16592001914978,UIS_EST,
MOGER.5T8.40510.F,CHL,2019,1.21603000164032,UIS_EST,
MOGER.5T8.40510.F,CHL,2020,1.318150043487549,UIS_EST,
MOGER.5T8.40510.F,CHL,2021,1.376189947128296,UIS_EST,
MOGER.5T8.40510.F,CHL,2022,1.580160021781921,UIS_EST,
MOGER.5T8.40510.F,CHL,2023,1.585569977760315,UIS_EST,
MOGER.5T8.40510.F,CHN,2012,0.651639997959137,UIS_EST,
MOGER.5T8.40510.F,CHN,2013,0.7491099834442139,UIS_EST,
MOGER.5T8.40510.F,CHN,2014,0.8797500133514404,UIS_EST,
MOGER.5T8.40510.F,CHN,2015,1.00820004940033,,
MOGER.5T8.40510.F,CHN,2016,1.114560008049011,,
MOGER.5T8.40510.F,CHN,2017,1.253900051116943,,
MOGER.5T8.40510.F,CHN,2018,1.384629964828491,,
MOGER.5T8.40510.F,CHN,2019,1.475720047950745,,
MOGER.5T8.40510.F,CHN,2020,1.590489983558655,,
MOGER.5T8.40510.F,CHN,2021,1.485380053520203,,
MOGER.5T8.40510.F,CHN,2022,1.485460042953491,,
MOGER.5T8.40510.F,CHN,2023,1.530949950218201,,
MOGER.5T8.40510.F,CIV,2012,0.3259499967098236,UIS_EST,
MOGER.5T8.40510.F,CIV,2013,0.3068700134754181,UIS_EST,
MOGER.5T8.40510.F,CIV,2014,0.3515999913215637,UIS_EST,
MOGER.5T8.40510.F,CIV,2015,0.3818100094795227,UIS_EST,
MOGER.5T8.40510.F,CIV,2016,0.4484699964523315,UIS_EST,
MOGER.5T8.40510.F,CIV,2017,0.461650013923645,UIS_EST,
MOGER.5T8.40510.F,CIV,2018,0.4765399992465973,UIS_EST,
MOGER.5T8.40510.F,CIV,2019,0.5155100226402283,UIS_EST,
MOGER.5T8.40510.F,CIV,2020,0.5513799786567688,UIS_EST,
MOGER.5T8.40510.F,CIV,2021,0.5849499702453613,UIS_EST,
MOGER.5T8.40510.F,CIV,2022,0.5906199812889099,UIS_EST,
MOGER.5T8.40510.F,CIV,2023,0.5835599899291992,UIS_EST,
MOGER.5T8.40510.F,CMR,2012,0.942799985408783,UIS_EST,
MOGER.5T8.40510.F,CMR,2013,0.8876500129699707,UIS_EST,
MOGER.5T8.40510.F,CMR,2014,0.9634199738502502,UIS_EST,
MOGER.5T8.40510.F,CMR,2015,0.9680500030517578,UIS_EST,
MOGER.5T8.40510.F,CMR,2016,1.006219983100891,UIS_EST,
MOGER.5T8.40510.F,CMR,2017,1.004879951477051,UIS_EST,
MOGER.5T8.40510.F,CMR,2018,0.971560001373291,UIS_EST,
MOGER.5T8.40510.F,CMR,2019,0.9303100109100342,UIS_EST,
MOGER.5T8.40510.F,CMR,2020,0.9717100262641907,UIS_EST,
MOGER.5T8.40510.F,CMR,2021,1.092350006103516,UIS_EST,
MOGER.5T8.40510.F,CMR,2022,1.101150035858154,UIS_EST,
MOGER.5T8.40510.F,CMR,2023,1.107540011405945,UIS_EST,
MOGER.5T8.40510.F,COD,2012,0.0518600009381771,UIS_EST,
MOGER.5T8.40510.F,COD,2013,0.0648399963974953,UIS_EST,
MOGER.5T8.40510.F,COD,2014,0.0737200006842613,UIS_EST,
MOGER.5T8.40510.F,COD,2015,0.0757400020956993,UIS_EST,
MOGER.5T8.40510.F,COD,2016,0.0770900025963783,UIS_EST,
MOGER.5T8.40510.F,COD,2017,0.0849599987268448,UIS_EST,
MOGER.5T8.40510.F,COD,2018,0.0872199982404709,UIS_EST,
MOGER.5T8.40510.F,COD,2019,0.1001299992203712,UIS_EST,
MOGER.5T8.40510.F,COD,2020,0.118369996547699,UIS_EST,
MOGER.5T8.40510.F,COD,2021,0.1321599930524826,UIS_EST,
MOGER.5T8.40510.F,COD,2022,0.1332499980926514,UIS_EST,
MOGER.5T8.40510.F,COD,2023,0.1462399959564209,UIS_EST,
MOGER.5T8.40510.F,COG,2012,1.92510998249054,UIS_EST,
MOGER.5T8.40510.F,COG,2013,1.824769973754883,UIS_EST,
MOGER.5T8.40510.F,COG,2014,2.039489984512329,UIS_EST,
MOGER.5T8.40510.F,COG,2015,2.144360065460205,UIS_EST,
MOGER.5T8.40510.F,COG,2016,2.423069953918457,UIS_EST,
MOGER.5T8.40510.F,COG,2017,2.596060037612915,UIS_EST,
MOGER.5T8.40510.F,COG,2018,2.549639940261841,UIS_EST,
MOGER.5T8.40510.F,COG,2019,2.474390029907227,UIS_EST,
MOGER.5T8.40510.F,COG,2020,2.465150117874146,UIS_EST,
MOGER.5T8.40510.F,COG,2021,2.401230096817017,UIS_EST,
MOGER.5T8.40510.F,COG,2022,2.178009986877441,UIS_EST,
MOGER.5T8.40510.F,COG,2023,2.145639896392822,UIS_EST,
MOGER.5T8.40510.F,COK,2012,2.757790088653564,UIS_EST,
MOGER.5T8.40510.F,COK,2013,3.424170017242432,UIS_EST,
MOGER.5T8.40510.F,COK,2014,1.304350018501282,UIS_EST,
MOGER.5T8.40510.F,COK,2015,0.2919700145721436,UIS_EST,
MOGER.5T8.40510.F,COK,2016,0.1466300040483475,UIS_EST,
MOGER.5T8.40510.F,COK,2017,0.3751800060272217,UIS_EST,
MOGER.5T8.40510.F,COK,2018,1.971779942512512,UIS_EST,
MOGER.5T8.40510.F,COK,2019,4.249279975891113,UIS_EST,
MOGER.5T8.40510.F,COK,2020,8.764129638671875,UIS_EST,
MOGER.5T8.40510.F,COK,2021,2.029700040817261,UIS_EST,
MOGER.5T8.40510.F,COK,2022,1.707499980926514,UIS_EST,
MOGER.5T8.40510.F,COK,2023,2.231499910354614,UIS_EST,
MOGER.5T8.40510.F,COL,2012,0.801069974899292,UIS_EST,
MOGER.5T8.40510.F,COL,2013,0.82573002576828,UIS_EST,
MOGER.5T8.40510.F,COL,2014,0.8491100072860718,UIS_EST,
MOGER.5T8.40510.F,COL,2015,0.896399974822998,UIS_EST,
MOGER.5T8.40510.F,COL,2016,0.9360600113868713,UIS_EST,
MOGER.5T8.40510.F,COL,2017,1.142830014228821,UIS_EST,
MOGER.5T8.40510.F,COL,2018,1.263649940490723,UIS_EST,
MOGER.5T8.40510.F,COL,2019,1.317999958992004,UIS_EST,
MOGER.5T8.40510.F,COL,2020,1.422369956970215,UIS_EST,
MOGER.5T8.40510.F,COL,2021,1.45661997795105,UIS_EST,
MOGER.5T8.40510.F,COL,2022,1.566400051116943,UIS_EST,
MOGER.5T8.40510.F,COM,2012,6.479569911956787,UIS_EST,
MOGER.5T8.40510.F,COM,2013,6.073100090026855,UIS_EST,
MOGER.5T8.40510.F,COM,2014,6.818280220031738,UIS_EST,
MOGER.5T8.40510.F,COM,2015,6.812479972839355,UIS_EST,
MOGER.5T8.40510.F,COM,2016,7.246190071105957,UIS_EST,
MOGER.5T8.40510.F,COM,2017,7.291880130767822,UIS_EST,
MOGER.5T8.40510.F,COM,2018,6.959799766540527,UIS_EST,
MOGER.5T8.40510.F,COM,2019,6.540629863739014,UIS_EST,
MOGER.5T8.40510.F,COM,2020,6.308189868927002,UIS_EST,
MOGER.5T8.40510.F,COM,2021,6.067299842834473,UIS_EST,
MOGER.5T8.40510.F,COM,2022,6.084090232849121,UIS_EST,
MOGER.5T8.40510.F,COM,2023,6.189680099487305,UIS_EST,
MOGER.5T8.40510.F,CPV,2012,6.60138988494873,UIS_EST,
MOGER.5T8.40510.F,CPV,2013,6.964200019836426,UIS_EST,
MOGER.5T8.40510.F,CPV,2014,5.897510051727295,UIS_EST,
MOGER.5T8.40510.F,CPV,2015,6.091710090637207,UIS_EST,
MOGER.5T8.40510.F,CPV,2016,7.026090145111084,UIS_EST,
MOGER.5T8.40510.F,CPV,2017,7.591619968414307,UIS_EST,
MOGER.5T8.40510.F,CPV,2018,8.726409912109375,UIS_EST,
MOGER.5T8.40510.F,CPV,2019,11.18548011779785,UIS_EST,
MOGER.5T8.40510.F,CPV,2020,16.45749092102051,UIS_EST,
MOGER.5T8.40510.F,CPV,2021,18.70190048217773,UIS_EST,
MOGER.5T8.40510.F,CPV,2022,18.05347061157227,UIS_EST,
MOGER.5T8.40510.F,CPV,2023,21.53215026855469,UIS_EST,
MOGER.5T8.40510.F,CRI,2012,0.5522099733352661,UIS_EST,
MOGER.5T8.40510.F,CRI,2013,0.5914300084114075,UIS_EST,
MOGER.5T8.40510.F,CRI,2014,0.604170024394989,UIS_EST,
MOGER.5T8.40510.F,CRI,2015,0.6834099888801575,UIS_EST,
MOGER.5T8.40510.F,CRI,2016,0.7333599925041199,UIS_EST,
MOGER.5T8.40510.F,CRI,2017,0.7744799852371216,UIS_EST,
MOGER.5T8.40510.F,CRI,2018,0.8294900059700012,UIS_EST,
MOGER.5T8.40510.F,CRI,2019,0.9039499759674072,UIS_EST,
MOGER.5T8.40510.F,CRI,2020,1.010349988937378,UIS_EST,
MOGER.5T8.40510.F,CRI,2021,0.9863200187683105,UIS_EST,
MOGER.5T8.40510.F,CRI,2022,1.130730032920837,UIS_EST,
MOGER.5T8.40510.F,CRI,2023,1.203060030937195,UIS_EST,
MOGER.5T8.40510.F,CUB,2012,0.291269987821579,UIS_EST,
MOGER.5T8.40510.F,CUB,2013,0.2981700003147125,UIS_EST,
MOGER.5T8.40510.F,CUB,2014,0.3198199868202209,UIS_EST,
MOGER.5T8.40510.F,CUB,2015,0.3329899907112122,UIS_EST,
MOGER.5T8.40510.F,CUB,2016,0.3487100005149841,UIS_EST,
MOGER.5T8.40510.F,CUB,2017,0.3840999901294708,UIS_EST,
MOGER.5T8.40510.F,CUB,2018,0.3723199963569641,UIS_EST,
MOGER.5T8.40510.F,CUB,2019,0.4060100018978119,UIS_EST,
MOGER.5T8.40510.F,CUB,2020,0.4919399917125702,UIS_EST,
MOGER.5T8.40510.F,CUB,2021,0.5372700095176697,UIS_EST,
MOGER.5T8.40510.F,CUB,2022,0.6492599844932556,UIS_EST,
MOGER.5T8.40510.F,CUB,2023,0.787060022354126,UIS_EST,
MOGER.5T8.40510.F,CUW,2012,0.2728999853134155,UIS_EST,
MOGER.5T8.40510.F,CUW,2013,0.5583599805831909,UIS_EST,
MOGER.5T8.40510.F,CUW,2014,0.5271099805831909,UIS_EST,
MOGER.5T8.40510.F,CUW,2015,1.007850050926208,UIS_EST,
MOGER.5T8.40510.F,CUW,2016,1.460790038108826,UIS_EST,
MOGER.5T8.40510.F,CUW,2017,1.744709968566895,UIS_EST,
MOGER.5T8.40510.F,CUW,2018,2.054359912872314,UIS_EST,
MOGER.5T8.40510.F,CUW,2019,2.431030035018921,UIS_EST,
MOGER.5T8.40510.F,CUW,2020,1.893219947814941,UIS_EST,
MOGER.5T8.40510.F,CUW,2021,1.516049981117249,UIS_EST,
MOGER.5T8.40510.F,CUW,2022,1.549520015716553,UIS_EST,
MOGER.5T8.40510.F,CUW,2023,1.276219964027405,UIS_EST,
MOGER.5T8.40510.F,CYM,2012,7.984720230102539,UIS_EST,
MOGER.5T8.40510.F,CYM,2013,10.51325035095215,UIS_EST,
MOGER.5T8.40510.F,CYM,2014,42.625,UIS_EST,
MOGER.5T8.40510.F,CYM,2015,11.23649978637695,UIS_EST,
MOGER.5T8.40510.F,CYM,2016,13.61658954620361,UIS_EST,
MOGER.5T8.40510.F,CYM,2017,14.75920963287354,UIS_EST,
MOGER.5T8.40510.F,CYM,2018,15.06616020202637,UIS_EST,
MOGER.5T8.40510.F,CYM,2019,18.15875053405762,UIS_EST,
MOGER.5T8.40510.F,CYM,2020,22.09539985656738,UIS_EST,
MOGER.5T8.40510.F,CYM,2021,21.71343040466309,UIS_EST,
MOGER.5T8.40510.F,CYM,2022,19.06093978881836,UIS_EST,
MOGER.5T8.40510.F,CYM,2023,20.93156051635742,UIS_EST,
MOGER.5T8.40510.F,CYP,2012,40.612060546875,UIS_EST,
MOGER.5T8.40510.F,CYP,2013,40.99813842773438,UIS_EST,
MOGER.5T8.40510.F,CYP,2014,43.67190933227539,UIS_EST,
MOGER.5T8.40510.F,CYP,2015,43.43510818481445,UIS_EST,
MOGER.5T8.40510.F,CYP,2016,43.73817825317383,UIS_EST,
MOGER.5T8.40510.F,CYP,2017,42.55202102661133,UIS_EST,
MOGER.5T8.40510.F,CYP,2018,44.27756881713867,UIS_EST,
MOGER.5T8.40510.F,CYP,2019,45.70811080932617,UIS_EST,
MOGER.5T8.40510.F,CYP,2020,46.07954025268555,UIS_EST,
MOGER.5T8.40510.F,CYP,2021,48.96849060058594,UIS_EST,
MOGER.5T8.40510.F,CYP,2022,50.37421035766602,UIS_EST,
MOGER.5T8.40510.F,CYP,2023,46.36410903930664,UIS_EST,
MOGER.5T8.40510.F,CZE,2012,2.401269912719727,UIS_EST,
MOGER.5T8.40510.F,CZE,2013,2.539789915084839,UIS_EST,
MOGER.5T8.40510.F,CZE,2014,2.635489940643311,UIS_EST,
MOGER.5T8.40510.F,CZE,2015,2.825860023498535,UIS_EST,
MOGER.5T8.40510.F,CZE,2016,2.950799942016602,UIS_EST,
MOGER.5T8.40510.F,CZE,2017,3.299020051956177,UIS_EST,
MOGER.5T8.40510.F,CZE,2018,3.193150043487549,UIS_EST,
MOGER.5T8.40510.F,CZE,2019,3.120759963989258,UIS_EST,
MOGER.5T8.40510.F,CZE,2020,3.2605299949646,UIS_EST,
MOGER.5T8.40510.F,CZE,2021,3.345400094985962,UIS_EST,
MOGER.5T8.40510.F,CZE,2022,3.077009916305542,UIS_EST,
MOGER.5T8.40510.F,CZE,2023,2.610640048980713,UIS_EST,
MOGER.5T8.40510.F,DEU,2012,2.758349895477295,UIS_EST,
MOGER.5T8.40510.F,DEU,2013,2.873389959335327,UIS_EST,
MOGER.5T8.40510.F,DEU,2014,2.875070095062256,UIS_EST,
MOGER.5T8.40510.F,DEU,2015,2.926539897918701,UIS_EST,
MOGER.5T8.40510.F,DEU,2016,2.919780015945435,UIS_EST,
MOGER.5T8.40510.F,DEU,2017,3.029279947280884,UIS_EST,
MOGER.5T8.40510.F,DEU,2018,2.998879909515381,UIS_EST,
MOGER.5T8.40510.F,DEU,2019,3.02361011505127,UIS_EST,
MOGER.5T8.40510.F,DEU,2020,3.073100090026855,UIS_EST,
MOGER.5T8.40510.F,DEU,2021,3.21153998374939,UIS_EST,
MOGER.5T8.40510.F,DEU,2022,3.260270118713379,UIS_EST,
MOGER.5T8.40510.F,DEU,2023,3.362629890441895,UIS_EST,
MOGER.5T8.40510.F,DJI,2012,2.200730085372925,UIS_EST,
MOGER.5T8.40510.F,DJI,2013,2.232830047607422,UIS_EST,
MOGER.5T8.40510.F,DJI,2014,2.592920064926147,UIS_EST,
MOGER.5T8.40510.F,DJI,2015,2.487839937210083,UIS_EST,
MOGER.5T8.40510.F,DJI,2016,2.478950023651123,UIS_EST,
MOGER.5T8.40510.F,DJI,2017,2.561860084533691,UIS_EST,
MOGER.5T8.40510.F,DJI,2018,2.541739940643311,UIS_EST,
MOGER.5T8.40510.F,DJI,2019,2.487080097198486,UIS_EST,
MOGER.5T8.40510.F,DJI,2020,2.446130037307739,UIS_EST,
MOGER.5T8.40510.F,DJI,2021,2.54790997505188,UIS_EST,
MOGER.5T8.40510.F,DJI,2022,2.635989904403687,UIS_EST,
MOGER.5T8.40510.F,DJI,2023,2.586879968643188,UIS_EST,
MOGER.5T8.40510.F,DMA,2012,8.232789993286133,UIS_EST,
MOGER.5T8.40510.F,DMA,2013,8.680609703063965,UIS_EST,
MOGER.5T8.40510.F,DMA,2014,7.285220146179199,UIS_EST,
MOGER.5T8.40510.F,DMA,2015,7.998260021209717,UIS_EST,
MOGER.5T8.40510.F,DMA,2016,10.20635986328125,UIS_EST,
MOGER.5T8.40510.F,DMA,2017,12.53660011291504,UIS_EST,
MOGER.5T8.40510.F,DMA,2018,16.39608001708984,UIS_EST,
MOGER.5T8.40510.F,DMA,2019,16.87883949279785,UIS_EST,
MOGER.5T8.40510.F,DMA,2020,26.52066993713379,UIS_EST,
MOGER.5T8.40510.F,DMA,2021,31.15431022644043,UIS_EST,
MOGER.5T8.40510.F,DMA,2022,28.05456924438477,UIS_EST,
MOGER.5T8.40510.F,DMA,2023,25.55701065063477,UIS_EST,
MOGER.5T8.40510.F,DNK,2012,1.747760057449341,UIS_EST,
MOGER.5T8.40510.F,DNK,2013,1.565840005874634,UIS_EST,
MOGER.5T8.40510.F,DNK,2014,1.60259997844696,UIS_EST,
MOGER.5T8.40510.F,DNK,2015,1.429710030555725,UIS_EST,
MOGER.5T8.40510.F,DNK,2016,1.4373699426651,UIS_EST,
MOGER.5T8.40510.F,DNK,2017,1.542770028114319,UIS_EST,
MOGER.5T8.40510.F,DNK,2018,1.750030040740967,UIS_EST,
MOGER.5T8.40510.F,DNK,2019,1.711290001869202,UIS_EST,
MOGER.5T8.40510.F,DNK,2020,1.790740013122559,UIS_EST,
MOGER.5T8.40510.F,DNK,2021,1.754619956016541,UIS_EST,
MOGER.5T8.40510.F,DNK,2022,1.832620024681091,UIS_EST,
MOGER.5T8.40510.F,DNK,2023,1.856680035591125,UIS_EST,
MOGER.5T8.40510.F,DOM,2012,0.4096800088882446,UIS_EST,
MOGER.5T8.40510.F,DOM,2013,0.533079981803894,UIS_EST,
MOGER.5T8.40510.F,DOM,2014,0.5062500238418579,UIS_EST,
MOGER.5T8.40510.F,DOM,2015,0.4946900010108948,UIS_EST,
MOGER.5T8.40510.F,DOM,2016,0.4692299962043762,UIS_EST,
MOGER.5T8.40510.F,DOM,2017,0.5386599898338318,UIS_EST,
MOGER.5T8.40510.F,DOM,2018,0.5448600053787231,UIS_EST,
MOGER.5T8.40510.F,DOM,2019,0.4765999913215637,UIS_EST,
MOGER.5T8.40510.F,DOM,2020,0.4808900058269501,UIS_EST,
MOGER.5T8.40510.F,DOM,2021,0.4641700088977814,UIS_EST,
MOGER.5T8.40510.F,DOM,2022,0.6023499965667725,UIS_EST,
MOGER.5T8.40510.F,DOM,2023,0.6761199831962585,UIS_EST,
MOGER.5T8.40510.F,DZA,2012,0.6015200018882751,UIS_EST,
MOGER.5T8.40510.F,DZA,2013,0.5169000029563904,UIS_EST,
MOGER.5T8.40510.F,DZA,2014,0.5253700017929077,UIS_EST,
MOGER.5T8.40510.F,DZA,2015,0.5383700132369995,UIS_EST,
MOGER.5T8.40510.F,DZA,2016,0.6002600193023682,UIS_EST,
MOGER.5T8.40510.F,DZA,2017,0.7515299916267395,UIS_EST,
MOGER.5T8.40510.F,DZA,2018,0.9014800190925598,UIS_EST,
MOGER.5T8.40510.F,DZA,2019,0.9907000064849854,UIS_EST,
MOGER.5T8.40510.F,DZA,2020,1.043650031089783,UIS_EST,
MOGER.5T8.40510.F,DZA,2021,1.128509998321533,UIS_EST,
MOGER.5T8.40510.F,DZA,2022,1.221140027046204,UIS_EST,
MOGER.5T8.40510.F,DZA,2023,1.288579940795898,UIS_EST,
MOGER.5T8.40510.F,ECA: AMU (UNSDCode:98111),2012,0.8982399702072144,,
MOGER.5T8.40510.F,ECA: AMU (UNSDCode:98111),2013,0.8114299774169922,,
MOGER.5T8.40510.F,ECA: AMU (UNSDCode:98111),2014,0.8815699815750122,,
MOGER.5T8.40510.F,ECA: AMU (UNSDCode:98111),2015,0.9449700117111206,,
MOGER.5T8.40510.F,ECA: AMU (UNSDCode:98111),2016,1.039440035820007,,
MOGER.5T8.40510.F,ECA: AMU (UNSDCode:98111),2017,1.168290019035339,,
MOGER.5T8.40510.F,ECA: AMU (UNSDCode:98111),2018,1.255669951438904,,
MOGER.5T8.40510.F,ECA: AMU (UNSDCode:98111),2019,1.342170000076294,,
MOGER.5T8.40510.F,ECA: AMU (UNSDCode:98111),2020,1.459259986877441,,
MOGER.5T8.40510.F,ECA: AMU (UNSDCode:98111),2021,1.597470045089722,,
MOGER.5T8.40510.F,ECA: AMU (UNSDCode:98111),2022,1.730329990386963,,
MOGER.5T8.40510.F,ECA: AMU (UNSDCode:98111),2023,1.824069976806641,,
MOGER.5T8.40510.F,ECA: African Union Commission (UNSDCode:98106),2012,0.3048999905586243,,
MOGER.5T8.40510.F,ECA: African Union Commission (UNSDCode:98106),2013,0.3018699884414673,,
MOGER.5T8.40510.F,ECA: African Union Commission (UNSDCode:98106),2014,0.3272899985313416,,
MOGER.5T8.40510.F,ECA: African Union Commission (UNSDCode:98106),2015,0.3394500017166138,,
MOGER.5T8.40510.F,ECA: African Union Commission (UNSDCode:98106),2016,0.3542900085449219,,
MOGER.5T8.40510.F,ECA: African Union Commission (UNSDCode:98106),2017,0.3603500127792358,,
MOGER.5T8.40510.F,ECA: African Union Commission (UNSDCode:98106),2018,0.3574700057506561,,
MOGER.5T8.40510.F,ECA: African Union Commission (UNSDCode:98106),2019,0.3615599870681763,,
MOGER.5T8.40510.F,ECA: African Union Commission (UNSDCode:98106),2020,0.3793100118637085,,
MOGER.5T8.40510.F,ECA: African Union Commission (UNSDCode:98106),2021,0.3985399901866913,,
MOGER.5T8.40510.F,ECA: African Union Commission (UNSDCode:98106),2022,0.4348799884319305,,
MOGER.5T8.40510.F,ECA: African Union Commission (UNSDCode:98106),2023,0.4845199882984161,,
MOGER.5T8.40510.F,ECA: All countries (UNSDCode:98100),2012,0.3048999905586243,,
MOGER.5T8.40510.F,ECA: All countries (UNSDCode:98100),2013,0.3018699884414673,,
MOGER.5T8.40510.F,ECA: All countries (UNSDCode:98100),2014,0.3272899985313416,,
MOGER.5T8.40510.F,ECA: All countries (UNSDCode:98100),2015,0.3394500017166138,,
MOGER.5T8.40510.F,ECA: All countries (UNSDCode:98100),2016,0.3542900085449219,,
MOGER.5T8.40510.F,ECA: All countries (UNSDCode:98100),2017,0.3603500127792358,,
MOGER.5T8.40510.F,ECA: All countries (UNSDCode:98100),2018,0.3574700057506561,,
MOGER.5T8.40510.F,ECA: All countries (UNSDCode:98100),2019,0.3615599870681763,,
MOGER.5T8.40510.F,ECA: All countries (UNSDCode:98100),2020,0.3793100118637085,,
MOGER.5T8.40510.F,ECA: All countries (UNSDCode:98100),2021,0.3985399901866913,,
MOGER.5T8.40510.F,ECA: All countries (UNSDCode:98100),2022,0.4348799884319305,,
MOGER.5T8.40510.F,ECA: All countries (UNSDCode:98100),2023,0.4845199882984161,,
MOGER.5T8.40510.F,ECA: CEN-SAD (UNSDCode:98112),2012,0.333050012588501,,
MOGER.5T8.40510.F,ECA: CEN-SAD (UNSDCode:98112),2013,0.3371599912643433,,
MOGER.5T8.40510.F,ECA: CEN-SAD (UNSDCode:98112),2014,0.3823199868202209,,
MOGER.5T8.40510.F,ECA: CEN-SAD (UNSDCode:98112),2015,0.4082100093364716,,
MOGER.5T8.40510.F,ECA: CEN-SAD (UNSDCode:98112),2016,0.4253999888896942,,
MOGER.5T8.40510.F,ECA: CEN-SAD (UNSDCode:98112),2017,0.4241000115871429,,
MOGER.5T8.40510.F,ECA: CEN-SAD (UNSDCode:98112),2018,0.4107399880886078,,
MOGER.5T8.40510.F,ECA: CEN-SAD (UNSDCode:98112),2019,0.4227499961853027,,
MOGER.5T8.40510.F,ECA: CEN-SAD (UNSDCode:98112),2020,0.4493800103664398,,
MOGER.5T8.40510.F,ECA: CEN-SAD (UNSDCode:98112),2021,0.4845699965953827,,
MOGER.5T8.40510.F,ECA: CEN-SAD (UNSDCode:98112),2022,0.5542600154876709,,
MOGER.5T8.40510.F,ECA: CEN-SAD (UNSDCode:98112),2023,0.6241199970245361,,
MOGER.5T8.40510.F,ECA: COMESA (UNSDCode:98113),2012,0.2250699996948242,,
MOGER.5T8.40510.F,ECA: COMESA (UNSDCode:98113),2013,0.2300100028514862,,
MOGER.5T8.40510.F,ECA: COMESA (UNSDCode:98113),2014,0.2422599941492081,,
MOGER.5T8.40510.F,ECA: COMESA (UNSDCode:98113),2015,0.2449000030755997,,
MOGER.5T8.40510.F,ECA: COMESA (UNSDCode:98113),2016,0.2579100131988525,,
MOGER.5T8.40510.F,ECA: COMESA (UNSDCode:98113),2017,0.2634600102901459,,
MOGER.5T8.40510.F,ECA: COMESA (UNSDCode:98113),2018,0.267439991235733,,
MOGER.5T8.40510.F,ECA: COMESA (UNSDCode:98113),2019,0.2690199911594391,,
MOGER.5T8.40510.F,ECA: COMESA (UNSDCode:98113),2020,0.2796599864959717,,
MOGER.5T8.40510.F,ECA: COMESA (UNSDCode:98113),2021,0.2855800092220306,,
MOGER.5T8.40510.F,ECA: COMESA (UNSDCode:98113),2022,0.3037999868392944,,
MOGER.5T8.40510.F,ECA: COMESA (UNSDCode:98113),2023,0.3281799852848053,,
MOGER.5T8.40510.F,ECA: Central Africa (UNSDCode:98101),2012,0.9330000281333923,,
MOGER.5T8.40510.F,ECA: Central Africa (UNSDCode:98101),2013,0.8747100234031677,,
MOGER.5T8.40510.F,ECA: Central Africa (UNSDCode:98101),2014,0.9426299929618835,,
MOGER.5T8.40510.F,ECA: Central Africa (UNSDCode:98101),2015,0.9531099796295166,,
MOGER.5T8.40510.F,ECA: Central Africa (UNSDCode:98101),2016,1.000759959220886,,
MOGER.5T8.40510.F,ECA: Central Africa (UNSDCode:98101),2017,1.030110001564026,,
MOGER.5T8.40510.F,ECA: Central Africa (UNSDCode:98101),2018,0.9603899717330933,,
MOGER.5T8.40510.F,ECA: Central Africa (UNSDCode:98101),2019,1.067710041999817,,
MOGER.5T8.40510.F,ECA: Central Africa (UNSDCode:98101),2020,1.08667004108429,,
MOGER.5T8.40510.F,ECA: Central Africa (UNSDCode:98101),2021,1.183879971504211,,
MOGER.5T8.40510.F,ECA: Central Africa (UNSDCode:98101),2022,1.198349952697754,,
MOGER.5T8.40510.F,ECA: Central Africa (UNSDCode:98101),2023,1.223999977111816,,
MOGER.5T8.40510.F,ECA: EAC (UNSDCode:98114),2012,0.1367699950933456,,
MOGER.5T8.40510.F,ECA: EAC (UNSDCode:98114),2013,0.1421200037002563,,
MOGER.5T8.40510.F,ECA: EAC (UNSDCode:98114),2014,0.1474799960851669,,
MOGER.5T8.40510.F,ECA: EAC (UNSDCode:98114),2015,0.1441799998283386,,
MOGER.5T8.40510.F,ECA: EAC (UNSDCode:98114),2016,0.1489800065755844,,
MOGER.5T8.40510.F,ECA: EAC (UNSDCode:98114),2017,0.1532499939203262,,
MOGER.5T8.40510.F,ECA: EAC (UNSDCode:98114),2018,0.1612599939107895,,
MOGER.5T8.40510.F,ECA: EAC (UNSDCode:98114),2019,0.1596899926662445,,
MOGER.5T8.40510.F,ECA: EAC (UNSDCode:98114),2020,0.1714500039815903,,
MOGER.5T8.40510.F,ECA: EAC (UNSDCode:98114),2021,0.1709000021219254,,
MOGER.5T8.40510.F,ECA: EAC (UNSDCode:98114),2022,0.1794900000095367,,
MOGER.5T8.40510.F,ECA: EAC (UNSDCode:98114),2023,0.2021400034427643,,
MOGER.5T8.40510.F,ECA: ECA: Oil LDCs (UNSDCode:98122),2012,0.1325599998235703,,
MOGER.5T8.40510.F,ECA: ECA: Oil LDCs (UNSDCode:98122),2013,0.148719996213913,,
MOGER.5T8.40510.F,ECA: ECA: Oil LDCs (UNSDCode:98122),2014,0.1622200012207031,,
MOGER.5T8.40510.F,ECA: ECA: Oil LDCs (UNSDCode:98122),2015,0.1690800040960312,,
MOGER.5T8.40510.F,ECA: ECA: Oil LDCs (UNSDCode:98122),2016,0.1785299926996231,,
MOGER.5T8.40510.F,ECA: ECA: Oil LDCs (UNSDCode:98122),2017,0.1819799989461899,,
MOGER.5T8.40510.F,ECA: ECA: Oil LDCs (UNSDCode:98122),2018,0.1633899956941605,,
MOGER.5T8.40510.F,ECA: ECA: Oil LDCs (UNSDCode:98122),2019,0.1960700005292892,,
MOGER.5T8.40510.F,ECA: ECA: Oil LDCs (UNSDCode:98122),2020,0.1967500001192093,,
MOGER.5T8.40510.F,ECA: ECA: Oil LDCs (UNSDCode:98122),2021,0.1976899951696396,,
MOGER.5T8.40510.F,ECA: ECA: Oil LDCs (UNSDCode:98122),2022,0.2034599930047989,,
MOGER.5T8.40510.F,ECA: ECA: Oil LDCs (UNSDCode:98122),2023,0.22257000207901,,
MOGER.5T8.40510.F,ECA: ECCAS (UNSDCode:98107),2012,0.371969997882843,,
MOGER.5T8.40510.F,ECA: ECCAS (UNSDCode:98107),2013,0.3621900081634521,,
MOGER.5T8.40510.F,ECA: ECCAS (UNSDCode:98107),2014,0.3892500102519989,,
MOGER.5T8.40510.F,ECA: ECCAS (UNSDCode:98107),2015,0.3890399932861328,,
MOGER.5T8.40510.F,ECA: ECCAS (UNSDCode:98107),2016,0.4089100062847137,,
MOGER.5T8.40510.F,ECA: ECCAS (UNSDCode:98107),2017,0.4210799932479858,,
MOGER.5T8.40510.F,ECA: ECCAS (UNSDCode:98107),2018,0.3997699916362762,,
MOGER.5T8.40510.F,ECA: ECCAS (UNSDCode:98107),2019,0.4247100055217743,,
MOGER.5T8.40510.F,ECA: ECCAS (UNSDCode:98107),2020,0.4381299912929535,,
MOGER.5T8.40510.F,ECA: ECCAS (UNSDCode:98107),2021,0.4641700088977814,,
MOGER.5T8.40510.F,ECA: ECCAS (UNSDCode:98107),2022,0.4672600030899048,,
MOGER.5T8.40510.F,ECA: ECCAS (UNSDCode:98107),2023,0.4845199882984161,,
MOGER.5T8.40510.F,ECA: ECOWAS (UNSDCode:98108),2012,0.2839699983596802,,
MOGER.5T8.40510.F,ECA: ECOWAS (UNSDCode:98108),2013,0.2937400043010712,,
MOGER.5T8.40510.F,ECA: ECOWAS (UNSDCode:98108),2014,0.3388699889183044,,
MOGER.5T8.40510.F,ECA: ECOWAS (UNSDCode:98108),2015,0.3654800057411194,,
MOGER.5T8.40510.F,ECA: ECOWAS (UNSDCode:98108),2016,0.3704400062561035,,
MOGER.5T8.40510.F,ECA: ECOWAS (UNSDCode:98108),2017,0.35521000623703,,
MOGER.5T8.40510.F,ECA: ECOWAS (UNSDCode:98108),2018,0.3364999890327454,,
MOGER.5T8.40510.F,ECA: ECOWAS (UNSDCode:98108),2019,0.3259199857711792,,
MOGER.5T8.40510.F,ECA: ECOWAS (UNSDCode:98108),2020,0.3528099954128265,,
MOGER.5T8.40510.F,ECA: ECOWAS (UNSDCode:98108),2021,0.3822599947452545,,
MOGER.5T8.40510.F,ECA: ECOWAS (UNSDCode:98108),2022,0.4542799890041351,,
MOGER.5T8.40510.F,ECA: ECOWAS (UNSDCode:98108),2023,0.5551499724388123,,
MOGER.5T8.40510.F,ECA: East Africa (UNSDCode:98102),2012,0.1379799991846085,,
MOGER.5T8.40510.F,ECA: East Africa (UNSDCode:98102),2013,0.1395300030708313,,
MOGER.5T8.40510.F,ECA: East Africa (UNSDCode:98102),2014,0.1437499970197678,,
MOGER.5T8.40510.F,ECA: East Africa (UNSDCode:98102),2015,0.1410000026226044,,
MOGER.5T8.40510.F,ECA: East Africa (UNSDCode:98102),2016,0.145579993724823,,
MOGER.5T8.40510.F,ECA: East Africa (UNSDCode:98102),2017,0.1478800028562546,,
MOGER.5T8.40510.F,ECA: East Africa (UNSDCode:98102),2018,0.1539199948310852,,
MOGER.5T8.40510.F,ECA: East Africa (UNSDCode:98102),2019,0.1534599959850311,,
MOGER.5T8.40510.F,ECA: East Africa (UNSDCode:98102),2020,0.1642400026321411,,
MOGER.5T8.40510.F,ECA: East Africa (UNSDCode:98102),2021,0.1658599972724915,,
MOGER.5T8.40510.F,ECA: East Africa (UNSDCode:98102),2022,0.177049994468689,,
MOGER.5T8.40510.F,ECA: East Africa (UNSDCode:98102),2023,0.1939200013875961,,
MOGER.5T8.40510.F,ECA: IGAD (UNSDCode:98109),2012,0.1222900003194809,,
MOGER.5T8.40510.F,ECA: IGAD (UNSDCode:98109),2013,0.1293500065803528,,
MOGER.5T8.40510.F,ECA: IGAD (UNSDCode:98109),2014,0.1347399950027466,,
MOGER.5T8.40510.F,ECA: IGAD (UNSDCode:98109),2015,0.1362700015306473,,
MOGER.5T8.40510.F,ECA: IGAD (UNSDCode:98109),2016,0.1433600038290024,,
MOGER.5T8.40510.F,ECA: IGAD (UNSDCode:98109),2017,0.1428399980068207,,
MOGER.5T8.40510.F,ECA: IGAD (UNSDCode:98109),2018,0.1499799937009811,,
MOGER.5T8.40510.F,ECA: IGAD (UNSDCode:98109),2019,0.1514399945735931,,
MOGER.5T8.40510.F,ECA: IGAD (UNSDCode:98109),2020,0.1596399992704391,,
MOGER.5T8.40510.F,ECA: IGAD (UNSDCode:98109),2021,0.1595800071954727,,
MOGER.5T8.40510.F,ECA: IGAD (UNSDCode:98109),2022,0.178069993853569,,
MOGER.5T8.40510.F,ECA: IGAD (UNSDCode:98109),2023,0.2011599987745285,,
MOGER.5T8.40510.F,ECA: Island economies (UNSDCode:98115),2012,0.8503000140190125,,
MOGER.5T8.40510.F,ECA: Island economies (UNSDCode:98115),2013,0.7961999773979187,,
MOGER.5T8.40510.F,ECA: Island economies (UNSDCode:98115),2014,0.7726699709892273,,
MOGER.5T8.40510.F,ECA: Island economies (UNSDCode:98115),2015,0.7508699893951416,,
MOGER.5T8.40510.F,ECA: Island economies (UNSDCode:98115),2016,0.7679200172424316,,
MOGER.5T8.40510.F,ECA: Island economies (UNSDCode:98115),2017,0.7836800217628479,,
MOGER.5T8.40510.F,ECA: Island economies (UNSDCode:98115),2018,0.7659299969673157,,
MOGER.5T8.40510.F,ECA: Island economies (UNSDCode:98115),2019,0.773140013217926,,
MOGER.5T8.40510.F,ECA: Island economies (UNSDCode:98115),2020,0.8186900019645691,,
MOGER.5T8.40510.F,ECA: Island economies (UNSDCode:98115),2021,0.812279999256134,,
MOGER.5T8.40510.F,ECA: Island economies (UNSDCode:98115),2022,0.7819300293922424,,
MOGER.5T8.40510.F,ECA: Island economies (UNSDCode:98115),2023,0.880299985408783,,
MOGER.5T8.40510.F,ECA: Land-locked LDCs (UNSDCode:98117),2012,0.1479900032281876,,
MOGER.5T8.40510.F,ECA: Land-locked LDCs (UNSDCode:98117),2013,0.1541900038719177,,
MOGER.5T8.40510.F,ECA: Land-locked LDCs (UNSDCode:98117),2014,0.159170001745224,,
MOGER.5T8.40510.F,ECA: Land-locked LDCs (UNSDCode:98117),2015,0.1541800051927567,,
MOGER.5T8.40510.F,ECA: Land-locked LDCs (UNSDCode:98117),2016,0.1563699990510941,,
MOGER.5T8.40510.F,ECA: Land-locked LDCs (UNSDCode:98117),2017,0.1600099951028824,,
MOGER.5T8.40510.F,ECA: Land-locked LDCs (UNSDCode:98117),2018,0.1565099954605103,,
MOGER.5T8.40510.F,ECA: Land-locked LDCs (UNSDCode:98117),2019,0.1704200059175491,,
MOGER.5T8.40510.F,ECA: Land-locked LDCs (UNSDCode:98117),2020,0.1684300005435944,,
MOGER.5T8.40510.F,ECA: Land-locked LDCs (UNSDCode:98117),2021,0.16423000395298,,
MOGER.5T8.40510.F,ECA: Land-locked LDCs (UNSDCode:98117),2022,0.1701900064945221,,
MOGER.5T8.40510.F,ECA: Land-locked LDCs (UNSDCode:98117),2023,0.1753599941730499,,
MOGER.5T8.40510.F,ECA: Land-locked countries (UNSDCode:98116),2012,0.21841000020504,,
MOGER.5T8.40510.F,ECA: Land-locked countries (UNSDCode:98116),2013,0.2215999960899353,,
MOGER.5T8.40510.F,ECA: Land-locked countries (UNSDCode:98116),2014,0.2226199954748154,,
MOGER.5T8.40510.F,ECA: Land-locked countries (UNSDCode:98116),2015,0.2174299955368042,,
MOGER.5T8.40510.F,ECA: Land-locked countries (UNSDCode:98116),2016,0.2208999991416931,,
MOGER.5T8.40510.F,ECA: Land-locked countries (UNSDCode:98116),2017,0.2251600027084351,,
MOGER.5T8.40510.F,ECA: Land-locked countries (UNSDCode:98116),2018,0.220880001783371,,
MOGER.5T8.40510.F,ECA: Land-locked countries (UNSDCode:98116),2019,0.2331099957227707,,
MOGER.5T8.40510.F,ECA: Land-locked countries (UNSDCode:98116),2020,0.2278999984264374,,
MOGER.5T8.40510.F,ECA: Land-locked countries (UNSDCode:98116),2021,0.2240200042724609,,
MOGER.5T8.40510.F,ECA: Land-locked countries (UNSDCode:98116),2022,0.2313600033521652,,
MOGER.5T8.40510.F,ECA: Land-locked countries (UNSDCode:98116),2023,0.2463099956512451,,
MOGER.5T8.40510.F,ECA: Least developed countries (UNSDCode:98118),2012,0.180419996380806,,
MOGER.5T8.40510.F,ECA: Least developed countries (UNSDCode:98118),2013,0.1864999979734421,,
MOGER.5T8.40510.F,ECA: Least developed countries (UNSDCode:98118),2014,0.1969799995422363,,
MOGER.5T8.40510.F,ECA: Least developed countries (UNSDCode:98118),2015,0.1980399936437607,,
MOGER.5T8.40510.F,ECA: Least developed countries (UNSDCode:98118),2016,0.2040700018405914,,
MOGER.5T8.40510.F,ECA: Least developed countries (UNSDCode:98118),2017,0.2071299999952316,,
MOGER.5T8.40510.F,ECA: Least developed countries (UNSDCode:98118),2018,0.2026800066232681,,
MOGER.5T8.40510.F,ECA: Least developed countries (UNSDCode:98118),2019,0.2083200067281723,,
MOGER.5T8.40510.F,ECA: Least developed countries (UNSDCode:98118),2020,0.2171099931001663,,
MOGER.5T8.40510.F,ECA: Least developed countries (UNSDCode:98118),2021,0.2196300029754639,,
MOGER.5T8.40510.F,ECA: Least developed countries (UNSDCode:98118),2022,0.2302300035953522,,
MOGER.5T8.40510.F,ECA: Least developed countries (UNSDCode:98118),2023,0.2471700012683868,,
MOGER.5T8.40510.F,ECA: Mineral-rich countries (UNSDCode:98119),2012,0.2520799934864044,,
MOGER.5T8.40510.F,ECA: Mineral-rich countries (UNSDCode:98119),2013,0.2510400116443634,,
MOGER.5T8.40510.F,ECA: Mineral-rich countries (UNSDCode:98119),2014,0.2627100050449371,,
MOGER.5T8.40510.F,ECA: Mineral-rich countries (UNSDCode:98119),2015,0.2689799964427948,,
MOGER.5T8.40510.F,ECA: Mineral-rich countries (UNSDCode:98119),2016,0.2764900028705597,,
MOGER.5T8.40510.F,ECA: Mineral-rich countries (UNSDCode:98119),2017,0.2906500101089478,,
MOGER.5T8.40510.F,ECA: Mineral-rich countries (UNSDCode:98119),2018,0.2983799874782562,,
MOGER.5T8.40510.F,ECA: Mineral-rich countries (UNSDCode:98119),2019,0.3039999902248383,,
MOGER.5T8.40510.F,ECA: Mineral-rich countries (UNSDCode:98119),2020,0.3139699995517731,,
MOGER.5T8.40510.F,ECA: Mineral-rich countries (UNSDCode:98119),2021,0.3185200095176697,,
MOGER.5T8.40510.F,ECA: Mineral-rich countries (UNSDCode:98119),2022,0.3303200006484985,,
MOGER.5T8.40510.F,ECA: Mineral-rich countries (UNSDCode:98119),2023,0.35971999168396,,
MOGER.5T8.40510.F,ECA: Non-Oil LDCs (UNSDCode:98120),2012,0.2013600021600723,,
MOGER.5T8.40510.F,ECA: Non-Oil LDCs (UNSDCode:98120),2013,0.2030400037765503,,
MOGER.5T8.40510.F,ECA: Non-Oil LDCs (UNSDCode:98120),2014,0.2123699933290482,,
MOGER.5T8.40510.F,ECA: Non-Oil LDCs (UNSDCode:98120),2015,0.2108599990606308,,
MOGER.5T8.40510.F,ECA: Non-Oil LDCs (UNSDCode:98120),2016,0.2153699994087219,,
MOGER.5T8.40510.F,ECA: Non-Oil LDCs (UNSDCode:98120),2017,0.2182299941778183,,
MOGER.5T8.40510.F,ECA: Non-Oil LDCs (UNSDCode:98120),2018,0.2200299948453903,,
MOGER.5T8.40510.F,ECA: Non-Oil LDCs (UNSDCode:98120),2019,0.213699996471405,,
MOGER.5T8.40510.F,ECA: Non-Oil LDCs (UNSDCode:98120),2020,0.2260800004005432,,
MOGER.5T8.40510.F,ECA: Non-Oil LDCs (UNSDCode:98120),2021,0.2293400019407272,,
MOGER.5T8.40510.F,ECA: Non-Oil LDCs (UNSDCode:98120),2022,0.2421299964189529,,
MOGER.5T8.40510.F,ECA: Non-Oil LDCs (UNSDCode:98120),2023,0.2581799924373627,,
MOGER.5T8.40510.F,ECA: Non-Oil Producing (UNSDCode:98121),2012,0.310699999332428,,
MOGER.5T8.40510.F,ECA: Non-Oil Producing (UNSDCode:98121),2013,0.3042100071907043,,
MOGER.5T8.40510.F,ECA: Non-Oil Producing (UNSDCode:98121),2014,0.3153199851512909,,
MOGER.5T8.40510.F,ECA: Non-Oil Producing (UNSDCode:98121),2015,0.3193599879741669,,
MOGER.5T8.40510.F,ECA: Non-Oil Producing (UNSDCode:98121),2016,0.3285700082778931,,
MOGER.5T8.40510.F,ECA: Non-Oil Producing (UNSDCode:98121),2017,0.3402000069618225,,
MOGER.5T8.40510.F,ECA: Non-Oil Producing (UNSDCode:98121),2018,0.3450599908828735,,
MOGER.5T8.40510.F,ECA: Non-Oil Producing (UNSDCode:98121),2019,0.3444400131702423,,
MOGER.5T8.40510.F,ECA: Non-Oil Producing (UNSDCode:98121),2020,0.3632600009441376,,
MOGER.5T8.40510.F,ECA: Non-Oil Producing (UNSDCode:98121),2021,0.3710199892520905,,
MOGER.5T8.40510.F,ECA: Non-Oil Producing (UNSDCode:98121),2022,0.3882800042629242,,
MOGER.5T8.40510.F,ECA: Non-Oil Producing (UNSDCode:98121),2023,0.420630007982254,,
MOGER.5T8.40510.F,ECA: North Africa (UNSDCode:98103),2012,0.4433900117874146,,
MOGER.5T8.40510.F,ECA: North Africa (UNSDCode:98103),2013,0.4243699908256531,,
MOGER.5T8.40510.F,ECA: North Africa (UNSDCode:98103),2014,0.4643599987030029,,
MOGER.5T8.40510.F,ECA: North Africa (UNSDCode:98103),2015,0.4916099905967712,,
MOGER.5T8.40510.F,ECA: North Africa (UNSDCode:98103),2016,0.537060022354126,,
MOGER.5T8.40510.F,ECA: North Africa (UNSDCode:98103),2017,0.5797899961471558,,
MOGER.5T8.40510.F,ECA: North Africa (UNSDCode:98103),2018,0.6066100001335144,,
MOGER.5T8.40510.F,ECA: North Africa (UNSDCode:98103),2019,0.6409299969673157,,
MOGER.5T8.40510.F,ECA: North Africa (UNSDCode:98103),2020,0.6872400045394897,,
MOGER.5T8.40510.F,ECA: North Africa (UNSDCode:98103),2021,0.7435700297355652,,
MOGER.5T8.40510.F,ECA: North Africa (UNSDCode:98103),2022,0.8111199736595154,,
MOGER.5T8.40510.F,ECA: North Africa (UNSDCode:98103),2023,0.8520200252532959,,
MOGER.5T8.40510.F,ECA: Oil producing economies (UNSDCode:98123),2012,0.2991900146007538,,
MOGER.5T8.40510.F,ECA: Oil producing economies (UNSDCode:98123),2013,0.2995400130748749,,
MOGER.5T8.40510.F,ECA: Oil producing economies (UNSDCode:98123),2014,0.3391599953174591,,
MOGER.5T8.40510.F,ECA: Oil producing economies (UNSDCode:98123),2015,0.3594500124454498,,
MOGER.5T8.40510.F,ECA: Oil producing economies (UNSDCode:98123),2016,0.3800599873065948,,
MOGER.5T8.40510.F,ECA: Oil producing economies (UNSDCode:98123),2017,0.3806099891662598,,
MOGER.5T8.40510.F,ECA: Oil producing economies (UNSDCode:98123),2018,0.3699800074100494,,
MOGER.5T8.40510.F,ECA: Oil producing economies (UNSDCode:98123),2019,0.3788799941539764,,
MOGER.5T8.40510.F,ECA: Oil producing economies (UNSDCode:98123),2020,0.3955399990081787,,
MOGER.5T8.40510.F,ECA: Oil producing economies (UNSDCode:98123),2021,0.4262700080871582,,
MOGER.5T8.40510.F,ECA: Oil producing economies (UNSDCode:98123),2022,0.4816100001335144,,
MOGER.5T8.40510.F,ECA: Oil producing economies (UNSDCode:98123),2023,0.5481899976730347,,
MOGER.5T8.40510.F,ECA: SADC (UNSDCode:98110),2012,0.2546499967575073,,
MOGER.5T8.40510.F,ECA: SADC (UNSDCode:98110),2013,0.2573800086975098,,
MOGER.5T8.40510.F,ECA: SADC (UNSDCode:98110),2014,0.2648400068283081,,
MOGER.5T8.40510.F,ECA: SADC (UNSDCode:98110),2015,0.2668499946594238,,
MOGER.5T8.40510.F,ECA: SADC (UNSDCode:98110),2016,0.2777900099754333,,
MOGER.5T8.40510.F,ECA: SADC (UNSDCode:98110),2017,0.2838200032711029,,
MOGER.5T8.40510.F,ECA: SADC (UNSDCode:98110),2018,0.2803899943828583,,
MOGER.5T8.40510.F,ECA: SADC (UNSDCode:98110),2019,0.2756899893283844,,
MOGER.5T8.40510.F,ECA: SADC (UNSDCode:98110),2020,0.275160014629364,,
MOGER.5T8.40510.F,ECA: SADC (UNSDCode:98110),2021,0.2686899900436401,,
MOGER.5T8.40510.F,ECA: SADC (UNSDCode:98110),2022,0.2671500146389008,,
MOGER.5T8.40510.F,ECA: SADC (UNSDCode:98110),2023,0.2940700054168701,,
MOGER.5T8.40510.F,ECA: Sahel (UNSDCode:98124),2012,0.3257299959659576,,
MOGER.5T8.40510.F,ECA: Sahel (UNSDCode:98124),2013,0.3325999975204468,,
MOGER.5T8.40510.F,ECA: Sahel (UNSDCode:98124),2014,0.3829300105571747,,
MOGER.5T8.40510.F,ECA: Sahel (UNSDCode:98124),2015,0.4038800001144409,,
MOGER.5T8.40510.F,ECA: Sahel (UNSDCode:98124),2016,0.4051100015640259,,
MOGER.5T8.40510.F,ECA: Sahel (UNSDCode:98124),2017,0.3861500024795532,,
MOGER.5T8.40510.F,ECA: Sahel (UNSDCode:98124),2018,0.3497099876403809,,
MOGER.5T8.40510.F,ECA: Sahel (UNSDCode:98124),2019,0.3466199934482574,,
MOGER.5T8.40510.F,ECA: Sahel (UNSDCode:98124),2020,0.3577199876308441,,
MOGER.5T8.40510.F,ECA: Sahel (UNSDCode:98124),2021,0.3912099897861481,,
MOGER.5T8.40510.F,ECA: Sahel (UNSDCode:98124),2022,0.4695500135421753,,
MOGER.5T8.40510.F,ECA: Sahel (UNSDCode:98124),2023,0.5704500079154968,,
MOGER.5T8.40510.F,ECA: Small Island states (UNSDCode:98125),2012,6.298689842224121,,
MOGER.5T8.40510.F,ECA: Small Island states (UNSDCode:98125),2013,6.26347017288208,,
MOGER.5T8.40510.F,ECA: Small Island states (UNSDCode:98125),2014,6.324610233306885,,
MOGER.5T8.40510.F,ECA: Small Island states (UNSDCode:98125),2015,6.400030136108398,,
MOGER.5T8.40510.F,ECA: Small Island states (UNSDCode:98125),2016,6.902369976043701,,
MOGER.5T8.40510.F,ECA: Small Island states (UNSDCode:98125),2017,7.472330093383789,,
MOGER.5T8.40510.F,ECA: Small Island states (UNSDCode:98125),2018,7.634610176086426,,
MOGER.5T8.40510.F,ECA: Small Island states (UNSDCode:98125),2019,7.983520030975342,,
MOGER.5T8.40510.F,ECA: Small Island states (UNSDCode:98125),2020,8.661149978637695,,
MOGER.5T8.40510.F,ECA: Small Island states (UNSDCode:98125),2021,8.583040237426758,,
MOGER.5T8.40510.F,ECA: Small Island states (UNSDCode:98125),2022,8.153160095214844,,
MOGER.5T8.40510.F,ECA: Small Island states (UNSDCode:98125),2023,9.224849700927734,,
MOGER.5T8.40510.F,ECA: Southern Africa (UNSDCode:98104),2012,0.3549799919128418,,
MOGER.5T8.40510.F,ECA: Southern Africa (UNSDCode:98104),2013,0.3639200031757355,,
MOGER.5T8.40510.F,ECA: Southern Africa (UNSDCode:98104),2014,0.3756600022315979,,
MOGER.5T8.40510.F,ECA: Southern Africa (UNSDCode:98104),2015,0.3834699988365173,,
MOGER.5T8.40510.F,ECA: Southern Africa (UNSDCode:98104),2016,0.4035199880599976,,
MOGER.5T8.40510.F,ECA: Southern Africa (UNSDCode:98104),2017,0.4194900095462799,,
MOGER.5T8.40510.F,ECA: Southern Africa (UNSDCode:98104),2018,0.4179799854755402,,
MOGER.5T8.40510.F,ECA: Southern Africa (UNSDCode:98104),2019,0.4063999950885773,,
MOGER.5T8.40510.F,ECA: Southern Africa (UNSDCode:98104),2020,0.3947600126266479,,
MOGER.5T8.40510.F,ECA: Southern Africa (UNSDCode:98104),2021,0.3762699961662292,,
MOGER.5T8.40510.F,ECA: Southern Africa (UNSDCode:98104),2022,0.3747499883174896,,
MOGER.5T8.40510.F,ECA: Southern Africa (UNSDCode:98104),2023,0.4173400104045868,,
MOGER.5T8.40510.F,ECA: Sub-Saharan Africa (UNSDCode:98126),2012,0.264820009469986,,
MOGER.5T8.40510.F,ECA: Sub-Saharan Africa (UNSDCode:98126),2013,0.2677299976348877,,
MOGER.5T8.40510.F,ECA: Sub-Saharan Africa (UNSDCode:98126),2014,0.2901299893856049,,
MOGER.5T8.40510.F,ECA: Sub-Saharan Africa (UNSDCode:98126),2015,0.2995100021362305,,
MOGER.5T8.40510.F,ECA: Sub-Saharan Africa (UNSDCode:98126),2016,0.3085100054740906,,
MOGER.5T8.40510.F,ECA: Sub-Saharan Africa (UNSDCode:98126),2017,0.3067600131034851,,
MOGER.5T8.40510.F,ECA: Sub-Saharan Africa (UNSDCode:98126),2018,0.2985000014305115,,
MOGER.5T8.40510.F,ECA: Sub-Saharan Africa (UNSDCode:98126),2019,0.2983399927616119,,
MOGER.5T8.40510.F,ECA: Sub-Saharan Africa (UNSDCode:98126),2020,0.3108899891376495,,
MOGER.5T8.40510.F,ECA: Sub-Saharan Africa (UNSDCode:98126),2021,0.3236599862575531,,
MOGER.5T8.40510.F,ECA: Sub-Saharan Africa (UNSDCode:98126),2022,0.3544099926948547,,
MOGER.5T8.40510.F,ECA: Sub-Saharan Africa (UNSDCode:98126),2023,0.4059500098228455,,
MOGER.5T8.40510.F,ECA: West Africa (UNSDCode:98105),2012,0.2839699983596802,,
MOGER.5T8.40510.F,ECA: West Africa (UNSDCode:98105),2013,0.2937400043010712,,
MOGER.5T8.40510.F,ECA: West Africa (UNSDCode:98105),2014,0.3388699889183044,,
MOGER.5T8.40510.F,ECA: West Africa (UNSDCode:98105),2015,0.3654800057411194,,
MOGER.5T8.40510.F,ECA: West Africa (UNSDCode:98105),2016,0.3704400062561035,,
MOGER.5T8.40510.F,ECA: West Africa (UNSDCode:98105),2017,0.35521000623703,,
MOGER.5T8.40510.F,ECA: West Africa (UNSDCode:98105),2018,0.3364999890327454,,
MOGER.5T8.40510.F,ECA: West Africa (UNSDCode:98105),2019,0.3259199857711792,,
MOGER.5T8.40510.F,ECA: West Africa (UNSDCode:98105),2020,0.3528099954128265,,
MOGER.5T8.40510.F,ECA: West Africa (UNSDCode:98105),2021,0.3822599947452545,,
MOGER.5T8.40510.F,ECA: West Africa (UNSDCode:98105),2022,0.4542799890041351,,
MOGER.5T8.40510.F,ECA: West Africa (UNSDCode:98105),2023,0.5551499724388123,,
MOGER.5T8.40510.F,ECE: All countries (UNSDCode:98200),2012,1.345370054244995,,
MOGER.5T8.40510.F,ECE: All countries (UNSDCode:98200),2013,1.411440014839172,,
MOGER.5T8.40510.F,ECE: All countries (UNSDCode:98200),2014,1.510480046272278,,
MOGER.5T8.40510.F,ECE: All countries (UNSDCode:98200),2015,1.60044002532959,,
MOGER.5T8.40510.F,ECE: All countries (UNSDCode:98200),2016,1.686609983444214,,
MOGER.5T8.40510.F,ECE: All countries (UNSDCode:98200),2017,1.780089974403381,,
MOGER.5T8.40510.F,ECE: All countries (UNSDCode:98200),2018,1.818560004234314,,
MOGER.5T8.40510.F,ECE: All countries (UNSDCode:98200),2019,1.870380043983459,,
MOGER.5T8.40510.F,ECE: All countries (UNSDCode:98200),2020,2.003259897232056,,
MOGER.5T8.40510.F,ECE: All countries (UNSDCode:98200),2021,2.073750019073486,,
MOGER.5T8.40510.F,ECE: All countries (UNSDCode:98200),2022,2.117150068283081,,
MOGER.5T8.40510.F,ECE: All countries (UNSDCode:98200),2023,2.132940053939819,,
MOGER.5T8.40510.F,ECE: CIS (CWG) (UNSDCode:98201),2012,0.8371999859809875,,
MOGER.5T8.40510.F,ECE: CIS (CWG) (UNSDCode:98201),2013,0.9615799784660339,,
MOGER.5T8.40510.F,ECE: CIS (CWG) (UNSDCode:98201),2014,1.173259973526001,,
MOGER.5T8.40510.F,ECE: CIS (CWG) (UNSDCode:98201),2015,1.311139941215515,,
MOGER.5T8.40510.F,ECE: CIS (CWG) (UNSDCode:98201),2016,1.442759990692139,,
MOGER.5T8.40510.F,ECE: CIS (CWG) (UNSDCode:98201),2017,1.537150025367737,,
MOGER.5T8.40510.F,ECE: CIS (CWG) (UNSDCode:98201),2018,1.543079972267151,,
MOGER.5T8.40510.F,ECE: CIS (CWG) (UNSDCode:98201),2019,1.625630021095276,,
MOGER.5T8.40510.F,ECE: CIS (CWG) (UNSDCode:98201),2020,1.918990015983582,,
MOGER.5T8.40510.F,ECE: CIS (CWG) (UNSDCode:98201),2021,2.182940006256104,,
MOGER.5T8.40510.F,ECE: CIS (CWG) (UNSDCode:98201),2022,2.310770034790039,,
MOGER.5T8.40510.F,ECE: CIS (CWG) (UNSDCode:98201),2023,2.304790019989014,,
MOGER.5T8.40510.F,"ECE: Eastern Europe, Caucasus and Central Asia (CIS) (UNSDCode:98202)",2012,0.864799976348877,,
MOGER.5T8.40510.F,"ECE: Eastern Europe, Caucasus and Central Asia (CIS) (UNSDCode:98202)",2013,0.9819999933242798,,
MOGER.5T8.40510.F,"ECE: Eastern Europe, Caucasus and Central Asia (CIS) (UNSDCode:98202)",2014,1.202010035514832,,
MOGER.5T8.40510.F,"ECE: Eastern Europe, Caucasus and Central Asia (CIS) (UNSDCode:98202)",2015,1.340409994125366,,
MOGER.5T8.40510.F,"ECE: Eastern Europe, Caucasus and Central Asia (CIS) (UNSDCode:98202)",2016,1.472910046577454,,
MOGER.5T8.40510.F,"ECE: Eastern Europe, Caucasus and Central Asia (CIS) (UNSDCode:98202)",2017,1.574200034141541,,
MOGER.5T8.40510.F,"ECE: Eastern Europe, Caucasus and Central Asia (CIS) (UNSDCode:98202)",2018,1.57915997505188,,
MOGER.5T8.40510.F,"ECE: Eastern Europe, Caucasus and Central Asia (CIS) (UNSDCode:98202)",2019,1.662109971046448,,
MOGER.5T8.40510.F,"ECE: Eastern Europe, Caucasus and Central Asia (CIS) (UNSDCode:98202)",2020,1.95195996761322,,
MOGER.5T8.40510.F,"ECE: Eastern Europe, Caucasus and Central Asia (CIS) (UNSDCode:98202)",2021,2.20986008644104,,
MOGER.5T8.40510.F,"ECE: Eastern Europe, Caucasus and Central Asia (CIS) (UNSDCode:98202)",2022,2.337069988250732,,
MOGER.5T8.40510.F,"ECE: Eastern Europe, Caucasus and Central Asia (CIS) (UNSDCode:98202)",2023,2.332410097122192,,
MOGER.5T8.40510.F,ECE: Eurasian Economic Union (EAEU) (UNSDCode:98206),2012,0.7906299829483032,,
MOGER.5T8.40510.F,ECE: Eurasian Economic Union (EAEU) (UNSDCode:98206),2013,0.8836899995803833,,
MOGER.5T8.40510.F,ECE: Eurasian Economic Union (EAEU) (UNSDCode:98206),2014,1.048589944839478,,
MOGER.5T8.40510.F,ECE: Eurasian Economic Union (EAEU) (UNSDCode:98206),2015,1.146999955177307,,
MOGER.5T8.40510.F,ECE: Eurasian Economic Union (EAEU) (UNSDCode:98206),2016,1.236590027809143,,
MOGER.5T8.40510.F,ECE: Eurasian Economic Union (EAEU) (UNSDCode:98206),2017,1.267799973487854,,
MOGER.5T8.40510.F,ECE: Eurasian Economic Union (EAEU) (UNSDCode:98206),2018,1.260699987411499,,
MOGER.5T8.40510.F,ECE: Eurasian Economic Union (EAEU) (UNSDCode:98206),2019,1.214419960975647,,
MOGER.5T8.40510.F,ECE: Eurasian Economic Union (EAEU) (UNSDCode:98206),2020,1.327710032463074,,
MOGER.5T8.40510.F,ECE: Eurasian Economic Union (EAEU) (UNSDCode:98206),2021,1.399160027503967,,
MOGER.5T8.40510.F,ECE: Eurasian Economic Union (EAEU) (UNSDCode:98206),2022,1.481160044670105,,
MOGER.5T8.40510.F,ECE: Eurasian Economic Union (EAEU) (UNSDCode:98206),2023,1.500480055809021,,
MOGER.5T8.40510.F,ECE: Euro area (E25) (UNSDCode:98204),2012,2.624890089035034,,
MOGER.5T8.40510.F,ECE: Euro area (E25) (UNSDCode:98204),2013,2.744410037994385,,
MOGER.5T8.40510.F,ECE: Euro area (E25) (UNSDCode:98204),2014,2.86624002456665,,
MOGER.5T8.40510.F,ECE: Euro area (E25) (UNSDCode:98204),2015,3.006419897079468,,
MOGER.5T8.40510.F,ECE: Euro area (E25) (UNSDCode:98204),2016,3.141779899597168,,
MOGER.5T8.40510.F,ECE: Euro area (E25) (UNSDCode:98204),2017,3.319299936294556,,
MOGER.5T8.40510.F,ECE: Euro area (E25) (UNSDCode:98204),2018,3.38683009147644,,
MOGER.5T8.40510.F,ECE: Euro area (E25) (UNSDCode:98204),2019,3.41975998878479,,
MOGER.5T8.40510.F,ECE: Euro area (E25) (UNSDCode:98204),2020,3.605700016021729,,
MOGER.5T8.40510.F,ECE: Euro area (E25) (UNSDCode:98204),2021,3.659940004348755,,
MOGER.5T8.40510.F,ECE: Euro area (E25) (UNSDCode:98204),2022,3.735599994659424,,
MOGER.5T8.40510.F,ECE: Euro area (E25) (UNSDCode:98204),2023,3.705600023269653,,
MOGER.5T8.40510.F,ECE: European Union (EMU) (UNSDCode:98203),2012,2.572819948196411,,
MOGER.5T8.40510.F,ECE: European Union (EMU) (UNSDCode:98203),2013,2.675430059432983,,
MOGER.5T8.40510.F,ECE: European Union (EMU) (UNSDCode:98203),2014,2.788259983062744,,
MOGER.5T8.40510.F,ECE: European Union (EMU) (UNSDCode:98203),2015,2.920030117034912,,
MOGER.5T8.40510.F,ECE: European Union (EMU) (UNSDCode:98203),2016,3.058029890060425,,
MOGER.5T8.40510.F,ECE: European Union (EMU) (UNSDCode:98203),2017,3.245539903640747,,
MOGER.5T8.40510.F,ECE: European Union (EMU) (UNSDCode:98203),2018,3.335220098495483,,
MOGER.5T8.40510.F,ECE: European Union (EMU) (UNSDCode:98203),2019,3.342259883880615,,
MOGER.5T8.40510.F,ECE: European Union (EMU) (UNSDCode:98203),2020,3.512409925460815,,
MOGER.5T8.40510.F,ECE: European Union (EMU) (UNSDCode:98203),2021,3.594579935073853,,
MOGER.5T8.40510.F,ECE: European Union (EMU) (UNSDCode:98203),2022,3.615089893341064,,
MOGER.5T8.40510.F,ECE: European Union (EMU) (UNSDCode:98203),2023,3.538660049438477,,
MOGER.5T8.40510.F,ECE: West Balkans (ST7) (UNSDCode:98205),2012,5.29571008682251,,
MOGER.5T8.40510.F,ECE: West Balkans (ST7) (UNSDCode:98205),2013,5.206029891967773,,
MOGER.5T8.40510.F,ECE: West Balkans (ST7) (UNSDCode:98205),2014,5.327960014343262,,
MOGER.5T8.40510.F,ECE: West Balkans (ST7) (UNSDCode:98205),2015,5.527810096740723,,
MOGER.5T8.40510.F,ECE: West Balkans (ST7) (UNSDCode:98205),2016,5.756070137023926,,
MOGER.5T8.40510.F,ECE: West Balkans (ST7) (UNSDCode:98205),2017,6.452310085296631,,
MOGER.5T8.40510.F,ECE: West Balkans (ST7) (UNSDCode:98205),2018,6.629990100860596,,
MOGER.5T8.40510.F,ECE: West Balkans (ST7) (UNSDCode:98205),2019,5.829299926757813,,
MOGER.5T8.40510.F,ECE: West Balkans (ST7) (UNSDCode:98205),2020,6.322979927062988,,
MOGER.5T8.40510.F,ECE: West Balkans (ST7) (UNSDCode:98205),2021,6.988100051879883,,
MOGER.5T8.40510.F,ECE: West Balkans (ST7) (UNSDCode:98205),2022,7.331130027770996,,
MOGER.5T8.40510.F,ECE: West Balkans (ST7) (UNSDCode:98205),2023,7.634829998016357,,
MOGER.5T8.40510.F,ECLAC: All countries (UNSDCode:98300),2012,0.4920699894428253,,
MOGER.5T8.40510.F,ECLAC: All countries (UNSDCode:98300),2013,0.5020700097084045,,
MOGER.5T8.40510.F,ECLAC: All countries (UNSDCode:98300),2014,0.5215200185775757,,
MOGER.5T8.40510.F,ECLAC: All countries (UNSDCode:98300),2015,0.5530400276184082,,
MOGER.5T8.40510.F,ECLAC: All countries (UNSDCode:98300),2016,0.5816699862480164,,
MOGER.5T8.40510.F,ECLAC: All countries (UNSDCode:98300),2017,0.6402999758720398,,
MOGER.5T8.40510.F,ECLAC: All countries (UNSDCode:98300),2018,0.7063400149345398,,
MOGER.5T8.40510.F,ECLAC: All countries (UNSDCode:98300),2019,0.7654100060462952,,
MOGER.5T8.40510.F,ECLAC: All countries (UNSDCode:98300),2020,0.8407899737358093,,
MOGER.5T8.40510.F,ECLAC: All countries (UNSDCode:98300),2021,0.8415600061416626,,
MOGER.5T8.40510.F,ECLAC: All countries (UNSDCode:98300),2022,0.9125400185585022,,
MOGER.5T8.40510.F,ECLAC: All countries (UNSDCode:98300),2023,0.9376999735832214,,
MOGER.5T8.40510.F,ECLAC: Carribean (UNSDCode:98301),2012,1.985299944877625,,
MOGER.5T8.40510.F,ECLAC: Carribean (UNSDCode:98301),2013,2.091360092163086,,
MOGER.5T8.40510.F,ECLAC: Carribean (UNSDCode:98301),2014,2.152270078659058,,
MOGER.5T8.40510.F,ECLAC: Carribean (UNSDCode:98301),2015,2.171799898147583,,
MOGER.5T8.40510.F,ECLAC: Carribean (UNSDCode:98301),2016,2.494319915771484,,
MOGER.5T8.40510.F,ECLAC: Carribean (UNSDCode:98301),2017,2.553260087966919,,
MOGER.5T8.40510.F,ECLAC: Carribean (UNSDCode:98301),2018,2.69963002204895,,
MOGER.5T8.40510.F,ECLAC: Carribean (UNSDCode:98301),2019,2.858659982681274,,
MOGER.5T8.40510.F,ECLAC: Carribean (UNSDCode:98301),2020,3.247129917144775,,
MOGER.5T8.40510.F,ECLAC: Carribean (UNSDCode:98301),2021,3.009089946746826,,
MOGER.5T8.40510.F,ECLAC: Carribean (UNSDCode:98301),2022,2.859060049057007,,
MOGER.5T8.40510.F,ECLAC: Carribean (UNSDCode:98301),2023,3.01764988899231,,
MOGER.5T8.40510.F,ECLAC: Latin America (UNSDCode:98302),2012,0.465149998664856,,
MOGER.5T8.40510.F,ECLAC: Latin America (UNSDCode:98302),2013,0.4738700091838837,,
MOGER.5T8.40510.F,ECLAC: Latin America (UNSDCode:98302),2014,0.4930300116539001,,
MOGER.5T8.40510.F,ECLAC: Latin America (UNSDCode:98302),2015,0.5252900123596191,,
MOGER.5T8.40510.F,ECLAC: Latin America (UNSDCode:98302),2016,0.5494400262832642,,
MOGER.5T8.40510.F,ECLAC: Latin America (UNSDCode:98302),2017,0.6086400151252747,,
MOGER.5T8.40510.F,ECLAC: Latin America (UNSDCode:98302),2018,0.6746000051498413,,
MOGER.5T8.40510.F,ECLAC: Latin America (UNSDCode:98302),2019,0.7318500280380249,,
MOGER.5T8.40510.F,ECLAC: Latin America (UNSDCode:98302),2020,0.8022000193595886,,
MOGER.5T8.40510.F,ECLAC: Latin America (UNSDCode:98302),2021,0.8071900010108948,,
MOGER.5T8.40510.F,ECLAC: Latin America (UNSDCode:98302),2022,0.8821099996566772,,
MOGER.5T8.40510.F,ECLAC: Latin America (UNSDCode:98302),2023,0.9050899744033813,,
MOGER.5T8.40510.F,ECU,2012,0.9085000157356262,UIS_EST,
MOGER.5T8.40510.F,ECU,2013,0.9178500175476074,UIS_EST,
MOGER.5T8.40510.F,ECU,2014,1.010149955749512,UIS_EST,
MOGER.5T8.40510.F,ECU,2015,1.108739972114563,UIS_EST,
MOGER.5T8.40510.F,ECU,2016,1.194609999656677,UIS_EST,
MOGER.5T8.40510.F,ECU,2017,1.378610014915466,UIS_EST,
MOGER.5T8.40510.F,ECU,2018,1.441020011901855,UIS_EST,
MOGER.5T8.40510.F,ECU,2019,1.435479998588562,UIS_EST,
MOGER.5T8.40510.F,ECU,2020,1.450340032577515,UIS_EST,
MOGER.5T8.40510.F,ECU,2021,1.636899948120117,UIS_EST,
MOGER.5T8.40510.F,ECU,2022,1.9339200258255,UIS_EST,
MOGER.5T8.40510.F,ECU,2023,2.316250085830688,UIS_EST,
MOGER.5T8.40510.F,EGY,2012,0.135450005531311,UIS_EST,
MOGER.5T8.40510.F,EGY,2013,0.1675799936056137,UIS_EST,
MOGER.5T8.40510.F,EGY,2014,0.1975699961185455,UIS_EST,
MOGER.5T8.40510.F,EGY,2015,0.2105800062417984,UIS_EST,
MOGER.5T8.40510.F,EGY,2016,0.2399400025606155,UIS_EST,
MOGER.5T8.40510.F,EGY,2017,0.2528899908065796,UIS_EST,
MOGER.5T8.40510.F,EGY,2018,0.2665799856185913,UIS_EST,
MOGER.5T8.40510.F,EGY,2019,0.2834100127220154,UIS_EST,
MOGER.5T8.40510.F,EGY,2020,0.312169998884201,UIS_EST,
MOGER.5T8.40510.F,EGY,2021,0.3434700071811676,UIS_EST,
MOGER.5T8.40510.F,EGY,2022,0.3926999866962433,UIS_EST,
MOGER.5T8.40510.F,EGY,2023,0.3959299921989441,UIS_EST,
MOGER.5T8.40510.F,ERI,2012,0.304500013589859,UIS_EST,
MOGER.5T8.40510.F,ERI,2013,0.4630599915981293,UIS_EST,
MOGER.5T8.40510.F,ERI,2014,0.3934600055217743,UIS_EST,
MOGER.5T8.40510.F,ERI,2015,0.4196000099182129,UIS_EST,
MOGER.5T8.40510.F,ERI,2016,0.4679299890995026,UIS_EST,
MOGER.5T8.40510.F,ERI,2017,0.4176400005817413,UIS_EST,
MOGER.5T8.40510.F,ERI,2018,0.400189995765686,UIS_EST,
MOGER.5T8.40510.F,ERI,2019,0.4178799986839294,UIS_EST,
MOGER.5T8.40510.F,ERI,2020,0.3908900022506714,UIS_EST,
MOGER.5T8.40510.F,ERI,2021,0.3542700111865997,UIS_EST,
MOGER.5T8.40510.F,ERI,2022,0.3477300107479095,UIS_EST,
MOGER.5T8.40510.F,ERI,2023,0.3442499935626984,UIS_EST,
MOGER.5T8.40510.F,ESCAP: ASEAN (ASEAN) (UNSDCode:98406),2012,0.3930999934673309,,
MOGER.5T8.40510.F,ESCAP: ASEAN (ASEAN) (UNSDCode:98406),2013,0.4168800115585327,,
MOGER.5T8.40510.F,ESCAP: ASEAN (ASEAN) (UNSDCode:98406),2014,0.4376400113105774,,
MOGER.5T8.40510.F,ESCAP: ASEAN (ASEAN) (UNSDCode:98406),2015,0.4762499928474426,,
MOGER.5T8.40510.F,ESCAP: ASEAN (ASEAN) (UNSDCode:98406),2016,0.5314000248908997,,
MOGER.5T8.40510.F,ESCAP: ASEAN (ASEAN) (UNSDCode:98406),2017,0.5622199773788452,,
MOGER.5T8.40510.F,ESCAP: ASEAN (ASEAN) (UNSDCode:98406),2018,0.6089000105857849,,
MOGER.5T8.40510.F,ESCAP: ASEAN (ASEAN) (UNSDCode:98406),2019,0.6713500022888184,,
MOGER.5T8.40510.F,ESCAP: ASEAN (ASEAN) (UNSDCode:98406),2020,0.7148799896240234,,
MOGER.5T8.40510.F,ESCAP: ASEAN (ASEAN) (UNSDCode:98406),2021,0.6804599761962891,,
MOGER.5T8.40510.F,ESCAP: ASEAN (ASEAN) (UNSDCode:98406),2022,0.6888300180435181,,
MOGER.5T8.40510.F,ESCAP: ASEAN (ASEAN) (UNSDCode:98406),2023,0.7441200017929077,,
MOGER.5T8.40510.F,ESCAP: Africa (AFR) (UNSDCode:98405),2012,0.3048999905586243,,
MOGER.5T8.40510.F,ESCAP: Africa (AFR) (UNSDCode:98405),2013,0.3018699884414673,,
MOGER.5T8.40510.F,ESCAP: Africa (AFR) (UNSDCode:98405),2014,0.3272899985313416,,
MOGER.5T8.40510.F,ESCAP: Africa (AFR) (UNSDCode:98405),2015,0.3394500017166138,,
MOGER.5T8.40510.F,ESCAP: Africa (AFR) (UNSDCode:98405),2016,0.3542900085449219,,
MOGER.5T8.40510.F,ESCAP: Africa (AFR) (UNSDCode:98405),2017,0.3603500127792358,,
MOGER.5T8.40510.F,ESCAP: Africa (AFR) (UNSDCode:98405),2018,0.3574700057506561,,
MOGER.5T8.40510.F,ESCAP: Africa (AFR) (UNSDCode:98405),2019,0.3615599870681763,,
MOGER.5T8.40510.F,ESCAP: Africa (AFR) (UNSDCode:98405),2020,0.3793100118637085,,
MOGER.5T8.40510.F,ESCAP: Africa (AFR) (UNSDCode:98405),2021,0.3985399901866913,,
MOGER.5T8.40510.F,ESCAP: Africa (AFR) (UNSDCode:98405),2022,0.4348799884319305,,
MOGER.5T8.40510.F,ESCAP: Africa (AFR) (UNSDCode:98405),2023,0.4845199882984161,,
MOGER.5T8.40510.F,ESCAP: All countries (UNSDCode:98400),2012,0.4051400125026703,,
MOGER.5T8.40510.F,ESCAP: All countries (UNSDCode:98400),2013,0.4406000077724457,,
MOGER.5T8.40510.F,ESCAP: All countries (UNSDCode:98400),2014,0.4839499890804291,,
MOGER.5T8.40510.F,ESCAP: All countries (UNSDCode:98400),2015,0.5302199721336365,,
MOGER.5T8.40510.F,ESCAP: All countries (UNSDCode:98400),2016,0.5813500285148621,,
MOGER.5T8.40510.F,ESCAP: All countries (UNSDCode:98400),2017,0.6283900141716003,,
MOGER.5T8.40510.F,ESCAP: All countries (UNSDCode:98400),2018,0.6758800148963928,,
MOGER.5T8.40510.F,ESCAP: All countries (UNSDCode:98400),2019,0.7342100143432617,,
MOGER.5T8.40510.F,ESCAP: All countries (UNSDCode:98400),2020,0.8028299808502197,,
MOGER.5T8.40510.F,ESCAP: All countries (UNSDCode:98400),2021,0.7734900116920471,,
MOGER.5T8.40510.F,ESCAP: All countries (UNSDCode:98400),2022,0.8144599795341492,,
MOGER.5T8.40510.F,ESCAP: All countries (UNSDCode:98400),2023,0.9097399711608887,,
MOGER.5T8.40510.F,ESCAP: Countries with Special Needs (CSN) (UNSDCode:98434),2012,0.3021700084209442,,
MOGER.5T8.40510.F,ESCAP: Countries with Special Needs (CSN) (UNSDCode:98434),2013,0.3467999994754791,,
MOGER.5T8.40510.F,ESCAP: Countries with Special Needs (CSN) (UNSDCode:98434),2014,0.4099699854850769,,
MOGER.5T8.40510.F,ESCAP: Countries with Special Needs (CSN) (UNSDCode:98434),2015,0.4405600130558014,,
MOGER.5T8.40510.F,ESCAP: Countries with Special Needs (CSN) (UNSDCode:98434),2016,0.4987199902534485,,
MOGER.5T8.40510.F,ESCAP: Countries with Special Needs (CSN) (UNSDCode:98434),2017,0.5330399870872498,,
MOGER.5T8.40510.F,ESCAP: Countries with Special Needs (CSN) (UNSDCode:98434),2018,0.5890799760818481,,
MOGER.5T8.40510.F,ESCAP: Countries with Special Needs (CSN) (UNSDCode:98434),2019,0.6797000169754028,,
MOGER.5T8.40510.F,ESCAP: Countries with Special Needs (CSN) (UNSDCode:98434),2020,0.8072999715805054,,
MOGER.5T8.40510.F,ESCAP: Countries with Special Needs (CSN) (UNSDCode:98434),2021,0.8613100051879883,,
MOGER.5T8.40510.F,ESCAP: Countries with Special Needs (CSN) (UNSDCode:98434),2022,0.9300500154495239,,
MOGER.5T8.40510.F,ESCAP: Countries with Special Needs (CSN) (UNSDCode:98434),2023,0.9920899868011475,,
MOGER.5T8.40510.F,ESCAP: ECO (ECO) (UNSDCode:98407),2012,0.3049100041389465,,
MOGER.5T8.40510.F,ESCAP: ECO (ECO) (UNSDCode:98407),2013,0.3320299983024597,,
MOGER.5T8.40510.F,ESCAP: ECO (ECO) (UNSDCode:98407),2014,0.3853000104427338,,
MOGER.5T8.40510.F,ESCAP: ECO (ECO) (UNSDCode:98407),2015,0.4124599993228912,,
MOGER.5T8.40510.F,ESCAP: ECO (ECO) (UNSDCode:98407),2016,0.4447700083255768,,
MOGER.5T8.40510.F,ESCAP: ECO (ECO) (UNSDCode:98407),2017,0.4517900049686432,,
MOGER.5T8.40510.F,ESCAP: ECO (ECO) (UNSDCode:98407),2018,0.4696699976921082,,
MOGER.5T8.40510.F,ESCAP: ECO (ECO) (UNSDCode:98407),2019,0.5150600075721741,,
MOGER.5T8.40510.F,ESCAP: ECO (ECO) (UNSDCode:98407),2020,0.623740017414093,,
MOGER.5T8.40510.F,ESCAP: ECO (ECO) (UNSDCode:98407),2021,0.7064800262451172,,
MOGER.5T8.40510.F,ESCAP: ECO (ECO) (UNSDCode:98407),2022,0.7855499982833862,,
MOGER.5T8.40510.F,ESCAP: ECO (ECO) (UNSDCode:98407),2023,0.8225499987602234,,
MOGER.5T8.40510.F,ESCAP: East and North-East Asia (ENEA) (UNSDCode:98408),2012,0.7373600006103516,,
MOGER.5T8.40510.F,ESCAP: East and North-East Asia (ENEA) (UNSDCode:98408),2013,0.8417199850082397,,
MOGER.5T8.40510.F,ESCAP: East and North-East Asia (ENEA) (UNSDCode:98408),2014,0.9636399745941162,,
MOGER.5T8.40510.F,ESCAP: East and North-East Asia (ENEA) (UNSDCode:98408),2015,1.075000047683716,,
MOGER.5T8.40510.F,ESCAP: East and North-East Asia (ENEA) (UNSDCode:98408),2016,1.179909944534302,,
MOGER.5T8.40510.F,ESCAP: East and North-East Asia (ENEA) (UNSDCode:98408),2017,1.310310006141663,,
MOGER.5T8.40510.F,ESCAP: East and North-East Asia (ENEA) (UNSDCode:98408),2018,1.422309994697571,,
MOGER.5T8.40510.F,ESCAP: East and North-East Asia (ENEA) (UNSDCode:98408),2019,1.508820056915283,,
MOGER.5T8.40510.F,ESCAP: East and North-East Asia (ENEA) (UNSDCode:98408),2020,1.622730016708374,,
MOGER.5T8.40510.F,ESCAP: East and North-East Asia (ENEA) (UNSDCode:98408),2021,1.507490038871765,,
MOGER.5T8.40510.F,ESCAP: East and North-East Asia (ENEA) (UNSDCode:98408),2022,1.51321005821228,,
MOGER.5T8.40510.F,ESCAP: East and North-East Asia (ENEA) (UNSDCode:98408),2023,1.576760053634644,,
MOGER.5T8.40510.F,ESCAP: Europe (Europe) (UNSDCode:98423),2012,2.396759986877441,,
MOGER.5T8.40510.F,ESCAP: Europe (Europe) (UNSDCode:98423),2013,2.511240005493164,,
MOGER.5T8.40510.F,ESCAP: Europe (Europe) (UNSDCode:98423),2014,2.645479917526245,,
MOGER.5T8.40510.F,ESCAP: Europe (Europe) (UNSDCode:98423),2015,2.803989887237549,,
MOGER.5T8.40510.F,ESCAP: Europe (Europe) (UNSDCode:98423),2016,2.961289882659912,,
MOGER.5T8.40510.F,ESCAP: Europe (Europe) (UNSDCode:98423),2017,3.169529914855957,,
MOGER.5T8.40510.F,ESCAP: Europe (Europe) (UNSDCode:98423),2018,3.255630016326904,,
MOGER.5T8.40510.F,ESCAP: Europe (Europe) (UNSDCode:98423),2019,3.27485990524292,,
MOGER.5T8.40510.F,ESCAP: Europe (Europe) (UNSDCode:98423),2020,3.407840013504028,,
MOGER.5T8.40510.F,ESCAP: Europe (Europe) (UNSDCode:98423),2021,3.519049882888794,,
MOGER.5T8.40510.F,ESCAP: Europe (Europe) (UNSDCode:98423),2022,3.575690031051636,,
MOGER.5T8.40510.F,ESCAP: Europe (Europe) (UNSDCode:98423),2023,3.570879936218262,,
MOGER.5T8.40510.F,ESCAP: LDC (LDC_E) (UNSDCode:98411),2012,0.1648299992084503,,
MOGER.5T8.40510.F,ESCAP: LDC (LDC_E) (UNSDCode:98411),2013,0.195470005273819,,
MOGER.5T8.40510.F,ESCAP: LDC (LDC_E) (UNSDCode:98411),2014,0.2234800010919571,,
MOGER.5T8.40510.F,ESCAP: LDC (LDC_E) (UNSDCode:98411),2015,0.2446500062942505,,
MOGER.5T8.40510.F,ESCAP: LDC (LDC_E) (UNSDCode:98411),2016,0.2970899939537048,,
MOGER.5T8.40510.F,ESCAP: LDC (LDC_E) (UNSDCode:98411),2017,0.3368799984455109,,
MOGER.5T8.40510.F,ESCAP: LDC (LDC_E) (UNSDCode:98411),2018,0.4011000096797943,,
MOGER.5T8.40510.F,ESCAP: LDC (LDC_E) (UNSDCode:98411),2019,0.4571599960327148,,
MOGER.5T8.40510.F,ESCAP: LDC (LDC_E) (UNSDCode:98411),2020,0.4988000094890594,,
MOGER.5T8.40510.F,ESCAP: LDC (LDC_E) (UNSDCode:98411),2021,0.485619992017746,,
MOGER.5T8.40510.F,ESCAP: LDC (LDC_E) (UNSDCode:98411),2022,0.5282700061798096,,
MOGER.5T8.40510.F,ESCAP: LDC (LDC_E) (UNSDCode:98411),2023,0.6226000189781189,,
MOGER.5T8.40510.F,ESCAP: LLDC (LLDC_E) (UNSDCode:98412),2012,0.5755000114440918,,
MOGER.5T8.40510.F,ESCAP: LLDC (LLDC_E) (UNSDCode:98412),2013,0.6630799770355225,,
MOGER.5T8.40510.F,ESCAP: LLDC (LLDC_E) (UNSDCode:98412),2014,0.7990900278091431,,
MOGER.5T8.40510.F,ESCAP: LLDC (LLDC_E) (UNSDCode:98412),2015,0.8646399974822998,,
MOGER.5T8.40510.F,ESCAP: LLDC (LLDC_E) (UNSDCode:98412),2016,0.9823300242424011,,
MOGER.5T8.40510.F,ESCAP: LLDC (LLDC_E) (UNSDCode:98412),2017,1.064509987831116,,
MOGER.5T8.40510.F,ESCAP: LLDC (LLDC_E) (UNSDCode:98412),2018,1.200180053710938,,
MOGER.5T8.40510.F,ESCAP: LLDC (LLDC_E) (UNSDCode:98412),2019,1.427000045776367,,
MOGER.5T8.40510.F,ESCAP: LLDC (LLDC_E) (UNSDCode:98412),2020,1.749130010604858,,
MOGER.5T8.40510.F,ESCAP: LLDC (LLDC_E) (UNSDCode:98412),2021,1.890509963035583,,
MOGER.5T8.40510.F,ESCAP: LLDC (LLDC_E) (UNSDCode:98412),2022,2.026119947433472,,
MOGER.5T8.40510.F,ESCAP: LLDC (LLDC_E) (UNSDCode:98412),2023,2.082590103149414,,
MOGER.5T8.40510.F,ESCAP: Latin America (LAC) (UNSDCode:98424),2012,0.4920699894428253,,
MOGER.5T8.40510.F,ESCAP: Latin America (LAC) (UNSDCode:98424),2013,0.5020700097084045,,
MOGER.5T8.40510.F,ESCAP: Latin America (LAC) (UNSDCode:98424),2014,0.5215200185775757,,
MOGER.5T8.40510.F,ESCAP: Latin America (LAC) (UNSDCode:98424),2015,0.5530400276184082,,
MOGER.5T8.40510.F,ESCAP: Latin America (LAC) (UNSDCode:98424),2016,0.5816699862480164,,
MOGER.5T8.40510.F,ESCAP: Latin America (LAC) (UNSDCode:98424),2017,0.6402999758720398,,
MOGER.5T8.40510.F,ESCAP: Latin America (LAC) (UNSDCode:98424),2018,0.7063400149345398,,
MOGER.5T8.40510.F,ESCAP: Latin America (LAC) (UNSDCode:98424),2019,0.7654100060462952,,
MOGER.5T8.40510.F,ESCAP: Latin America (LAC) (UNSDCode:98424),2020,0.8407899737358093,,
MOGER.5T8.40510.F,ESCAP: Latin America (LAC) (UNSDCode:98424),2021,0.8415600061416626,,
MOGER.5T8.40510.F,ESCAP: Latin America (LAC) (UNSDCode:98424),2022,0.9125400185585022,,
MOGER.5T8.40510.F,ESCAP: Latin America (LAC) (UNSDCode:98424),2023,0.9376999735832214,,
MOGER.5T8.40510.F,ESCAP: North America (NAM) (UNSDCode:98425),2012,0.5185800194740295,,
MOGER.5T8.40510.F,ESCAP: North America (NAM) (UNSDCode:98425),2013,0.5362499952316284,,
MOGER.5T8.40510.F,ESCAP: North America (NAM) (UNSDCode:98425),2014,0.5590400099754333,,
MOGER.5T8.40510.F,ESCAP: North America (NAM) (UNSDCode:98425),2015,0.6019899845123291,,
MOGER.5T8.40510.F,ESCAP: North America (NAM) (UNSDCode:98425),2016,0.629010021686554,,
MOGER.5T8.40510.F,ESCAP: North America (NAM) (UNSDCode:98425),2017,0.6354900002479553,,
MOGER.5T8.40510.F,ESCAP: North America (NAM) (UNSDCode:98425),2018,0.6318699717521667,,
MOGER.5T8.40510.F,ESCAP: North America (NAM) (UNSDCode:98425),2019,0.7272999882698059,,
MOGER.5T8.40510.F,ESCAP: North America (NAM) (UNSDCode:98425),2020,0.7752000093460083,,
MOGER.5T8.40510.F,ESCAP: North America (NAM) (UNSDCode:98425),2021,0.7204800248146057,,
MOGER.5T8.40510.F,ESCAP: North America (NAM) (UNSDCode:98425),2022,0.7693799734115601,,
MOGER.5T8.40510.F,ESCAP: North America (NAM) (UNSDCode:98425),2023,0.8180000185966492,,
MOGER.5T8.40510.F,ESCAP: North and Central Asia (NCA) (UNSDCode:98417),2012,0.680620014667511,,
MOGER.5T8.40510.F,ESCAP: North and Central Asia (NCA) (UNSDCode:98417),2013,0.7610499858856201,,
MOGER.5T8.40510.F,ESCAP: North and Central Asia (NCA) (UNSDCode:98417),2014,0.9368199706077576,,
MOGER.5T8.40510.F,ESCAP: North and Central Asia (NCA) (UNSDCode:98417),2015,1.021610021591187,,
MOGER.5T8.40510.F,ESCAP: North and Central Asia (NCA) (UNSDCode:98417),2016,1.092059969902039,,
MOGER.5T8.40510.F,ESCAP: North and Central Asia (NCA) (UNSDCode:98417),2017,1.125030040740967,,
MOGER.5T8.40510.F,ESCAP: North and Central Asia (NCA) (UNSDCode:98417),2018,1.143360018730164,,
MOGER.5T8.40510.F,ESCAP: North and Central Asia (NCA) (UNSDCode:98417),2019,1.225749969482422,,
MOGER.5T8.40510.F,ESCAP: North and Central Asia (NCA) (UNSDCode:98417),2020,1.537879943847656,,
MOGER.5T8.40510.F,ESCAP: North and Central Asia (NCA) (UNSDCode:98417),2021,1.762869954109192,,
MOGER.5T8.40510.F,ESCAP: North and Central Asia (NCA) (UNSDCode:98417),2022,1.865640044212341,,
MOGER.5T8.40510.F,ESCAP: North and Central Asia (NCA) (UNSDCode:98417),2023,1.75314998626709,,
MOGER.5T8.40510.F,ESCAP: Other Area (OTH_REGION) (UNSDCode:98426),2012,0.8929499983787537,,
MOGER.5T8.40510.F,ESCAP: Other Area (OTH_REGION) (UNSDCode:98426),2013,1.066529989242554,,
MOGER.5T8.40510.F,ESCAP: Other Area (OTH_REGION) (UNSDCode:98426),2014,1.239349961280823,,
MOGER.5T8.40510.F,ESCAP: Other Area (OTH_REGION) (UNSDCode:98426),2015,1.392289996147156,,
MOGER.5T8.40510.F,ESCAP: Other Area (OTH_REGION) (UNSDCode:98426),2016,1.530120015144348,,
MOGER.5T8.40510.F,ESCAP: Other Area (OTH_REGION) (UNSDCode:98426),2017,1.575850009918213,,
MOGER.5T8.40510.F,ESCAP: Other Area (OTH_REGION) (UNSDCode:98426),2018,1.617540001869202,,
MOGER.5T8.40510.F,ESCAP: Other Area (OTH_REGION) (UNSDCode:98426),2019,1.745450019836426,,
MOGER.5T8.40510.F,ESCAP: Other Area (OTH_REGION) (UNSDCode:98426),2020,1.791730046272278,,
MOGER.5T8.40510.F,ESCAP: Other Area (OTH_REGION) (UNSDCode:98426),2021,1.840800046920776,,
MOGER.5T8.40510.F,ESCAP: Other Area (OTH_REGION) (UNSDCode:98426),2022,1.910869956016541,,
MOGER.5T8.40510.F,ESCAP: Other Area (OTH_REGION) (UNSDCode:98426),2023,1.919749975204468,,
MOGER.5T8.40510.F,ESCAP: PACIFIC (PAC) (UNSDCode:98418),2012,0.7988399863243103,,
MOGER.5T8.40510.F,ESCAP: PACIFIC (PAC) (UNSDCode:98418),2013,0.8499500155448914,,
MOGER.5T8.40510.F,ESCAP: PACIFIC (PAC) (UNSDCode:98418),2014,0.853630006313324,,
MOGER.5T8.40510.F,ESCAP: PACIFIC (PAC) (UNSDCode:98418),2015,0.8565099835395813,,
MOGER.5T8.40510.F,ESCAP: PACIFIC (PAC) (UNSDCode:98418),2016,0.9091699719429016,,
MOGER.5T8.40510.F,ESCAP: PACIFIC (PAC) (UNSDCode:98418),2017,0.8746700286865234,,
MOGER.5T8.40510.F,ESCAP: PACIFIC (PAC) (UNSDCode:98418),2018,0.8739200234413147,,
MOGER.5T8.40510.F,ESCAP: PACIFIC (PAC) (UNSDCode:98418),2019,0.8959900140762329,,
MOGER.5T8.40510.F,ESCAP: PACIFIC (PAC) (UNSDCode:98418),2020,0.9329400062561035,,
MOGER.5T8.40510.F,ESCAP: PACIFIC (PAC) (UNSDCode:98418),2021,0.8725799918174744,,
MOGER.5T8.40510.F,ESCAP: PACIFIC (PAC) (UNSDCode:98418),2022,0.8363900184631348,,
MOGER.5T8.40510.F,ESCAP: PACIFIC (PAC) (UNSDCode:98418),2023,0.8782899975776672,,
MOGER.5T8.40510.F,ESCAP: Pacific island developing economies (PIDE) (UNSDCode:98427),2012,0.6232900023460388,,
MOGER.5T8.40510.F,ESCAP: Pacific island developing economies (PIDE) (UNSDCode:98427),2013,0.661080002784729,,
MOGER.5T8.40510.F,ESCAP: Pacific island developing economies (PIDE) (UNSDCode:98427),2014,0.7099300026893616,,
MOGER.5T8.40510.F,ESCAP: Pacific island developing economies (PIDE) (UNSDCode:98427),2015,0.67399001121521,,
MOGER.5T8.40510.F,ESCAP: Pacific island developing economies (PIDE) (UNSDCode:98427),2016,0.730400025844574,,
MOGER.5T8.40510.F,ESCAP: Pacific island developing economies (PIDE) (UNSDCode:98427),2017,0.712660014629364,,
MOGER.5T8.40510.F,ESCAP: Pacific island developing economies (PIDE) (UNSDCode:98427),2018,0.7056699991226196,,
MOGER.5T8.40510.F,ESCAP: Pacific island developing economies (PIDE) (UNSDCode:98427),2019,0.7554600238800049,,
MOGER.5T8.40510.F,ESCAP: Pacific island developing economies (PIDE) (UNSDCode:98427),2020,0.7186099886894226,,
MOGER.5T8.40510.F,ESCAP: Pacific island developing economies (PIDE) (UNSDCode:98427),2021,0.6189500093460083,,
MOGER.5T8.40510.F,ESCAP: Pacific island developing economies (PIDE) (UNSDCode:98427),2022,0.5970100164413452,,
MOGER.5T8.40510.F,ESCAP: Pacific island developing economies (PIDE) (UNSDCode:98427),2023,0.7521100044250488,,
MOGER.5T8.40510.F,ESCAP: SAARC (SAARC) (UNSDCode:98428),2012,0.1079299971461296,,
MOGER.5T8.40510.F,ESCAP: SAARC (SAARC) (UNSDCode:98428),2013,0.1150600016117096,,
MOGER.5T8.40510.F,ESCAP: SAARC (SAARC) (UNSDCode:98428),2014,0.1282700002193451,,
MOGER.5T8.40510.F,ESCAP: SAARC (SAARC) (UNSDCode:98428),2015,0.1511400043964386,,
MOGER.5T8.40510.F,ESCAP: SAARC (SAARC) (UNSDCode:98428),2016,0.1837099939584732,,
MOGER.5T8.40510.F,ESCAP: SAARC (SAARC) (UNSDCode:98428),2017,0.2065799981355667,,
MOGER.5T8.40510.F,ESCAP: SAARC (SAARC) (UNSDCode:98428),2018,0.2367099970579147,,
MOGER.5T8.40510.F,ESCAP: SAARC (SAARC) (UNSDCode:98428),2019,0.289790004491806,,
MOGER.5T8.40510.F,ESCAP: SAARC (SAARC) (UNSDCode:98428),2020,0.3333100080490112,,
MOGER.5T8.40510.F,ESCAP: SAARC (SAARC) (UNSDCode:98428),2021,0.3331499993801117,,
MOGER.5T8.40510.F,ESCAP: SAARC (SAARC) (UNSDCode:98428),2022,0.3996399939060211,,
MOGER.5T8.40510.F,ESCAP: SAARC (SAARC) (UNSDCode:98428),2023,0.5397999882698059,,
MOGER.5T8.40510.F,ESCAP: Small Islands Developing States (SIDS) (UNSDCode:98435),2012,2.521939992904663,,
MOGER.5T8.40510.F,ESCAP: Small Islands Developing States (SIDS) (UNSDCode:98435),2013,2.603149890899658,,
MOGER.5T8.40510.F,ESCAP: Small Islands Developing States (SIDS) (UNSDCode:98435),2014,2.660150051116943,,
MOGER.5T8.40510.F,ESCAP: Small Islands Developing States (SIDS) (UNSDCode:98435),2015,2.670409917831421,,
MOGER.5T8.40510.F,ESCAP: Small Islands Developing States (SIDS) (UNSDCode:98435),2016,2.821120023727417,,
MOGER.5T8.40510.F,ESCAP: Small Islands Developing States (SIDS) (UNSDCode:98435),2017,2.685709953308105,,
MOGER.5T8.40510.F,ESCAP: Small Islands Developing States (SIDS) (UNSDCode:98435),2018,2.667229890823364,,
MOGER.5T8.40510.F,ESCAP: Small Islands Developing States (SIDS) (UNSDCode:98435),2019,2.636729955673218,,
MOGER.5T8.40510.F,ESCAP: Small Islands Developing States (SIDS) (UNSDCode:98435),2020,2.483119964599609,,
MOGER.5T8.40510.F,ESCAP: Small Islands Developing States (SIDS) (UNSDCode:98435),2021,2.223619937896729,,
MOGER.5T8.40510.F,ESCAP: Small Islands Developing States (SIDS) (UNSDCode:98435),2022,2.214020013809204,,
MOGER.5T8.40510.F,ESCAP: Small Islands Developing States (SIDS) (UNSDCode:98435),2023,2.396349906921387,,
MOGER.5T8.40510.F,ESCAP: South and South-West Asia (SSWA) (UNSDCode:98420),2012,0.1430999934673309,,
MOGER.5T8.40510.F,ESCAP: South and South-West Asia (SSWA) (UNSDCode:98420),2013,0.1491599977016449,,
MOGER.5T8.40510.F,ESCAP: South and South-West Asia (SSWA) (UNSDCode:98420),2014,0.1627999991178513,,
MOGER.5T8.40510.F,ESCAP: South and South-West Asia (SSWA) (UNSDCode:98420),2015,0.1853500008583069,,
MOGER.5T8.40510.F,ESCAP: South and South-West Asia (SSWA) (UNSDCode:98420),2016,0.2176900058984756,,
MOGER.5T8.40510.F,ESCAP: South and South-West Asia (SSWA) (UNSDCode:98420),2017,0.2401800006628036,,
MOGER.5T8.40510.F,ESCAP: South and South-West Asia (SSWA) (UNSDCode:98420),2018,0.2712000012397766,,
MOGER.5T8.40510.F,ESCAP: South and South-West Asia (SSWA) (UNSDCode:98420),2019,0.3230400085449219,,
MOGER.5T8.40510.F,ESCAP: South and South-West Asia (SSWA) (UNSDCode:98420),2020,0.3709000051021576,,
MOGER.5T8.40510.F,ESCAP: South and South-West Asia (SSWA) (UNSDCode:98420),2021,0.3747900128364563,,
MOGER.5T8.40510.F,ESCAP: South and South-West Asia (SSWA) (UNSDCode:98420),2022,0.4448699951171875,,
MOGER.5T8.40510.F,ESCAP: South and South-West Asia (SSWA) (UNSDCode:98420),2023,0.5867699980735779,,
MOGER.5T8.40510.F,ESCAP: South-East Asia (SEA) (UNSDCode:98419),2012,0.3930999934673309,,
MOGER.5T8.40510.F,ESCAP: South-East Asia (SEA) (UNSDCode:98419),2013,0.4168800115585327,,
MOGER.5T8.40510.F,ESCAP: South-East Asia (SEA) (UNSDCode:98419),2014,0.4376400113105774,,
MOGER.5T8.40510.F,ESCAP: South-East Asia (SEA) (UNSDCode:98419),2015,0.4762499928474426,,
MOGER.5T8.40510.F,ESCAP: South-East Asia (SEA) (UNSDCode:98419),2016,0.5314000248908997,,
MOGER.5T8.40510.F,ESCAP: South-East Asia (SEA) (UNSDCode:98419),2017,0.5622199773788452,,
MOGER.5T8.40510.F,ESCAP: South-East Asia (SEA) (UNSDCode:98419),2018,0.6089000105857849,,
MOGER.5T8.40510.F,ESCAP: South-East Asia (SEA) (UNSDCode:98419),2019,0.6713500022888184,,
MOGER.5T8.40510.F,ESCAP: South-East Asia (SEA) (UNSDCode:98419),2020,0.7148799896240234,,
MOGER.5T8.40510.F,ESCAP: South-East Asia (SEA) (UNSDCode:98419),2021,0.6804599761962891,,
MOGER.5T8.40510.F,ESCAP: South-East Asia (SEA) (UNSDCode:98419),2022,0.6888300180435181,,
MOGER.5T8.40510.F,ESCAP: South-East Asia (SEA) (UNSDCode:98419),2023,0.7441200017929077,,
MOGER.5T8.40510.F,ESCAP: WB High Income Economies (WB_HIGH) (UNSDCode:98436),2012,1.784739971160889,,
MOGER.5T8.40510.F,ESCAP: WB High Income Economies (WB_HIGH) (UNSDCode:98436),2013,1.918110013008118,,
MOGER.5T8.40510.F,ESCAP: WB High Income Economies (WB_HIGH) (UNSDCode:98436),2014,1.905769944190979,,
MOGER.5T8.40510.F,ESCAP: WB High Income Economies (WB_HIGH) (UNSDCode:98436),2015,1.877179980278015,,
MOGER.5T8.40510.F,ESCAP: WB High Income Economies (WB_HIGH) (UNSDCode:98436),2016,1.976840019226074,,
MOGER.5T8.40510.F,ESCAP: WB High Income Economies (WB_HIGH) (UNSDCode:98436),2017,1.999670028686523,,
MOGER.5T8.40510.F,ESCAP: WB High Income Economies (WB_HIGH) (UNSDCode:98436),2018,1.952119946479797,,
MOGER.5T8.40510.F,ESCAP: WB High Income Economies (WB_HIGH) (UNSDCode:98436),2019,1.977859973907471,,
MOGER.5T8.40510.F,ESCAP: WB High Income Economies (WB_HIGH) (UNSDCode:98436),2020,2.069819927215576,,
MOGER.5T8.40510.F,ESCAP: WB High Income Economies (WB_HIGH) (UNSDCode:98436),2021,1.871749997138977,,
MOGER.5T8.40510.F,ESCAP: WB High Income Economies (WB_HIGH) (UNSDCode:98436),2022,1.913269996643066,,
MOGER.5T8.40510.F,ESCAP: WB High Income Economies (WB_HIGH) (UNSDCode:98436),2023,2.077630043029785,,
MOGER.5T8.40510.F,ESCAP: WB Low Income Economies (WB_LOW) (UNSDCode:98439),2012,0.1607200056314468,,
MOGER.5T8.40510.F,ESCAP: WB Low Income Economies (WB_LOW) (UNSDCode:98439),2013,0.1848399937152863,,
MOGER.5T8.40510.F,ESCAP: WB Low Income Economies (WB_LOW) (UNSDCode:98439),2014,0.2085900008678436,,
MOGER.5T8.40510.F,ESCAP: WB Low Income Economies (WB_LOW) (UNSDCode:98439),2015,0.2205100059509277,,
MOGER.5T8.40510.F,ESCAP: WB Low Income Economies (WB_LOW) (UNSDCode:98439),2016,0.2381599992513657,,
MOGER.5T8.40510.F,ESCAP: WB Low Income Economies (WB_LOW) (UNSDCode:98439),2017,0.2453700006008148,,
MOGER.5T8.40510.F,ESCAP: WB Low Income Economies (WB_LOW) (UNSDCode:98439),2018,0.2530399858951569,,
MOGER.5T8.40510.F,ESCAP: WB Low Income Economies (WB_LOW) (UNSDCode:98439),2019,0.2982699871063232,,
MOGER.5T8.40510.F,ESCAP: WB Low Income Economies (WB_LOW) (UNSDCode:98439),2020,0.3110400140285492,,
MOGER.5T8.40510.F,ESCAP: WB Low Income Economies (WB_LOW) (UNSDCode:98439),2021,0.3205899894237518,,
MOGER.5T8.40510.F,ESCAP: WB Low Income Economies (WB_LOW) (UNSDCode:98439),2022,0.3385300040245056,,
MOGER.5T8.40510.F,ESCAP: WB Low Income Economies (WB_LOW) (UNSDCode:98439),2023,0.3520700037479401,,
MOGER.5T8.40510.F,ESCAP: WB Lower Middle Income Economies (WB_LOWER_MID) (UNSDCode:98438),2012,0.2458200007677078,,
MOGER.5T8.40510.F,ESCAP: WB Lower Middle Income Economies (WB_LOWER_MID) (UNSDCode:98438),2013,0.2533200085163116,,
MOGER.5T8.40510.F,ESCAP: WB Lower Middle Income Economies (WB_LOWER_MID) (UNSDCode:98438),2014,0.2780399918556213,,
MOGER.5T8.40510.F,ESCAP: WB Lower Middle Income Economies (WB_LOWER_MID) (UNSDCode:98438),2015,0.3062300086021423,,
MOGER.5T8.40510.F,ESCAP: WB Lower Middle Income Economies (WB_LOWER_MID) (UNSDCode:98438),2016,0.345990002155304,,
MOGER.5T8.40510.F,ESCAP: WB Lower Middle Income Economies (WB_LOWER_MID) (UNSDCode:98438),2017,0.3726199865341187,,
MOGER.5T8.40510.F,ESCAP: WB Lower Middle Income Economies (WB_LOWER_MID) (UNSDCode:98438),2018,0.4021300077438354,,
MOGER.5T8.40510.F,ESCAP: WB Lower Middle Income Economies (WB_LOWER_MID) (UNSDCode:98438),2019,0.4523299932479858,,
MOGER.5T8.40510.F,ESCAP: WB Lower Middle Income Economies (WB_LOWER_MID) (UNSDCode:98438),2020,0.5103200078010559,,
MOGER.5T8.40510.F,ESCAP: WB Lower Middle Income Economies (WB_LOWER_MID) (UNSDCode:98438),2021,0.5325899720191956,,
MOGER.5T8.40510.F,ESCAP: WB Lower Middle Income Economies (WB_LOWER_MID) (UNSDCode:98438),2022,0.6002399921417236,,
MOGER.5T8.40510.F,ESCAP: WB Lower Middle Income Economies (WB_LOWER_MID) (UNSDCode:98438),2023,0.71697998046875,,
MOGER.5T8.40510.F,ESCAP: WB Upper Middle Income Economies (WB_UPPER_MID) (UNSDCode:98437),2012,0.6179100275039673,,
MOGER.5T8.40510.F,ESCAP: WB Upper Middle Income Economies (WB_UPPER_MID) (UNSDCode:98437),2013,0.6935799717903137,,
MOGER.5T8.40510.F,ESCAP: WB Upper Middle Income Economies (WB_UPPER_MID) (UNSDCode:98437),2014,0.7972000241279602,,
MOGER.5T8.40510.F,ESCAP: WB Upper Middle Income Economies (WB_UPPER_MID) (UNSDCode:98437),2015,0.8949599862098694,,
MOGER.5T8.40510.F,ESCAP: WB Upper Middle Income Economies (WB_UPPER_MID) (UNSDCode:98437),2016,0.9720100164413452,,
MOGER.5T8.40510.F,ESCAP: WB Upper Middle Income Economies (WB_UPPER_MID) (UNSDCode:98437),2017,1.060920000076294,,
MOGER.5T8.40510.F,ESCAP: WB Upper Middle Income Economies (WB_UPPER_MID) (UNSDCode:98437),2018,1.142709970474243,,
MOGER.5T8.40510.F,ESCAP: WB Upper Middle Income Economies (WB_UPPER_MID) (UNSDCode:98437),2019,1.202929973602295,,
MOGER.5T8.40510.F,ESCAP: WB Upper Middle Income Economies (WB_UPPER_MID) (UNSDCode:98437),2020,1.289109945297241,,
MOGER.5T8.40510.F,ESCAP: WB Upper Middle Income Economies (WB_UPPER_MID) (UNSDCode:98437),2021,1.216380000114441,,
MOGER.5T8.40510.F,ESCAP: WB Upper Middle Income Economies (WB_UPPER_MID) (UNSDCode:98437),2022,1.228019952774048,,
MOGER.5T8.40510.F,ESCAP: WB Upper Middle Income Economies (WB_UPPER_MID) (UNSDCode:98437),2023,1.272629976272583,,
MOGER.5T8.40510.F,ESCWA: All countries (UNSDCode:98500),2012,0.6166999936103821,,
MOGER.5T8.40510.F,ESCWA: All countries (UNSDCode:98500),2013,0.6957499980926514,,
MOGER.5T8.40510.F,ESCWA: All countries (UNSDCode:98500),2014,0.7973099946975708,,
MOGER.5T8.40510.F,ESCWA: All countries (UNSDCode:98500),2015,0.8821499943733215,,
MOGER.5T8.40510.F,ESCWA: All countries (UNSDCode:98500),2016,0.9665700197219849,,
MOGER.5T8.40510.F,ESCWA: All countries (UNSDCode:98500),2017,0.9975200295448303,,
MOGER.5T8.40510.F,ESCWA: All countries (UNSDCode:98500),2018,1.016989946365356,,
MOGER.5T8.40510.F,ESCWA: All countries (UNSDCode:98500),2019,1.094499945640564,,
MOGER.5T8.40510.F,ESCWA: All countries (UNSDCode:98500),2020,1.140329957008362,,
MOGER.5T8.40510.F,ESCWA: All countries (UNSDCode:98500),2021,1.193210005760193,,
MOGER.5T8.40510.F,ESCWA: All countries (UNSDCode:98500),2022,1.262979984283447,,
MOGER.5T8.40510.F,ESCWA: All countries (UNSDCode:98500),2023,1.289860010147095,,
MOGER.5T8.40510.F,ESCWA: Arab LDCs subregion (UNSDCode:98505),2012,0.2796500027179718,,
MOGER.5T8.40510.F,ESCWA: Arab LDCs subregion (UNSDCode:98505),2013,0.3157100081443787,,
MOGER.5T8.40510.F,ESCWA: Arab LDCs subregion (UNSDCode:98505),2014,0.3474499881267548,,
MOGER.5T8.40510.F,ESCWA: Arab LDCs subregion (UNSDCode:98505),2015,0.3529500067234039,,
MOGER.5T8.40510.F,ESCWA: Arab LDCs subregion (UNSDCode:98505),2016,0.3681899905204773,,
MOGER.5T8.40510.F,ESCWA: Arab LDCs subregion (UNSDCode:98505),2017,0.3582200109958649,,
MOGER.5T8.40510.F,ESCWA: Arab LDCs subregion (UNSDCode:98505),2018,0.3627800047397614,,
MOGER.5T8.40510.F,ESCWA: Arab LDCs subregion (UNSDCode:98505),2019,0.5393000245094299,,
MOGER.5T8.40510.F,ESCWA: Arab LDCs subregion (UNSDCode:98505),2020,0.5291500091552734,,
MOGER.5T8.40510.F,ESCWA: Arab LDCs subregion (UNSDCode:98505),2021,0.4871299862861633,,
MOGER.5T8.40510.F,ESCWA: Arab LDCs subregion (UNSDCode:98505),2022,0.5223600268363953,,
MOGER.5T8.40510.F,ESCWA: Arab LDCs subregion (UNSDCode:98505),2023,0.5501499772071838,,
MOGER.5T8.40510.F,ESCWA: Arab Low-Income Countries (LICs) (UNSDCode:98509),2012,0.2573600113391876,,
MOGER.5T8.40510.F,ESCWA: Arab Low-Income Countries (LICs) (UNSDCode:98509),2013,0.3424499928951263,,
MOGER.5T8.40510.F,ESCWA: Arab Low-Income Countries (LICs) (UNSDCode:98509),2014,0.4101999998092651,,
MOGER.5T8.40510.F,ESCWA: Arab Low-Income Countries (LICs) (UNSDCode:98509),2015,0.4617699980735779,,
MOGER.5T8.40510.F,ESCWA: Arab Low-Income Countries (LICs) (UNSDCode:98509),2016,0.5327799916267395,,
MOGER.5T8.40510.F,ESCWA: Arab Low-Income Countries (LICs) (UNSDCode:98509),2017,0.5544499754905701,,
MOGER.5T8.40510.F,ESCWA: Arab Low-Income Countries (LICs) (UNSDCode:98509),2018,0.6108999848365784,,
MOGER.5T8.40510.F,ESCWA: Arab Low-Income Countries (LICs) (UNSDCode:98509),2019,0.8289399743080139,,
MOGER.5T8.40510.F,ESCWA: Arab Low-Income Countries (LICs) (UNSDCode:98509),2020,0.8651700019836426,,
MOGER.5T8.40510.F,ESCWA: Arab Low-Income Countries (LICs) (UNSDCode:98509),2021,0.904229998588562,,
MOGER.5T8.40510.F,ESCWA: Arab Low-Income Countries (LICs) (UNSDCode:98509),2022,0.9722899794578552,,
MOGER.5T8.40510.F,ESCWA: Arab Low-Income Countries (LICs) (UNSDCode:98509),2023,0.9851700067520142,,
MOGER.5T8.40510.F,ESCWA: Arab Middle-Income Countries (MICs) (UNSDCode:98508),2012,0.6160600185394287,,
MOGER.5T8.40510.F,ESCWA: Arab Middle-Income Countries (MICs) (UNSDCode:98508),2013,0.6222100257873535,,
MOGER.5T8.40510.F,ESCWA: Arab Middle-Income Countries (MICs) (UNSDCode:98508),2014,0.6806300282478333,,
MOGER.5T8.40510.F,ESCWA: Arab Middle-Income Countries (MICs) (UNSDCode:98508),2015,0.7249199748039246,,
MOGER.5T8.40510.F,ESCWA: Arab Middle-Income Countries (MICs) (UNSDCode:98508),2016,0.7941799759864807,,
MOGER.5T8.40510.F,ESCWA: Arab Middle-Income Countries (MICs) (UNSDCode:98508),2017,0.8288800120353699,,
MOGER.5T8.40510.F,ESCWA: Arab Middle-Income Countries (MICs) (UNSDCode:98508),2018,0.8732200264930725,,
MOGER.5T8.40510.F,ESCWA: Arab Middle-Income Countries (MICs) (UNSDCode:98508),2019,0.9209100008010864,,
MOGER.5T8.40510.F,ESCWA: Arab Middle-Income Countries (MICs) (UNSDCode:98508),2020,0.9880499839782715,,
MOGER.5T8.40510.F,ESCWA: Arab Middle-Income Countries (MICs) (UNSDCode:98508),2021,1.072399973869324,,
MOGER.5T8.40510.F,ESCWA: Arab Middle-Income Countries (MICs) (UNSDCode:98508),2022,1.162449955940247,,
MOGER.5T8.40510.F,ESCWA: Arab Middle-Income Countries (MICs) (UNSDCode:98508),2023,1.210960030555725,,
MOGER.5T8.40510.F,ESCWA: Arab countries (UNSDCode:98501),2012,0.6179500222206116,,
MOGER.5T8.40510.F,ESCWA: Arab countries (UNSDCode:98501),2013,0.677869975566864,,
MOGER.5T8.40510.F,ESCWA: Arab countries (UNSDCode:98501),2014,0.7685199975967407,,
MOGER.5T8.40510.F,ESCWA: Arab countries (UNSDCode:98501),2015,0.8425899744033813,,
MOGER.5T8.40510.F,ESCWA: Arab countries (UNSDCode:98501),2016,0.9227799773216248,,
MOGER.5T8.40510.F,ESCWA: Arab countries (UNSDCode:98501),2017,0.9636399745941162,,
MOGER.5T8.40510.F,ESCWA: Arab countries (UNSDCode:98501),2018,0.9935200214385986,,
MOGER.5T8.40510.F,ESCWA: Arab countries (UNSDCode:98501),2019,1.069509983062744,,
MOGER.5T8.40510.F,ESCWA: Arab countries (UNSDCode:98501),2020,1.11598002910614,,
MOGER.5T8.40510.F,ESCWA: Arab countries (UNSDCode:98501),2021,1.1700199842453,,
MOGER.5T8.40510.F,ESCWA: Arab countries (UNSDCode:98501),2022,1.242540001869202,,
MOGER.5T8.40510.F,ESCWA: Arab countries (UNSDCode:98501),2023,1.271110057830811,,
MOGER.5T8.40510.F,ESCWA: Arab countries in-conflict (UNSDCode:98506),2012,0.3649699985980988,,
MOGER.5T8.40510.F,ESCWA: Arab countries in-conflict (UNSDCode:98506),2013,0.4546599984169006,,
MOGER.5T8.40510.F,ESCWA: Arab countries in-conflict (UNSDCode:98506),2014,0.5383899807929993,,
MOGER.5T8.40510.F,ESCWA: Arab countries in-conflict (UNSDCode:98506),2015,0.5953500270843506,,
MOGER.5T8.40510.F,ESCWA: Arab countries in-conflict (UNSDCode:98506),2016,0.6710600256919861,,
MOGER.5T8.40510.F,ESCWA: Arab countries in-conflict (UNSDCode:98506),2017,0.6538100242614746,,
MOGER.5T8.40510.F,ESCWA: Arab countries in-conflict (UNSDCode:98506),2018,0.7018600106239319,,
MOGER.5T8.40510.F,ESCWA: Arab countries in-conflict (UNSDCode:98506),2019,0.866349995136261,,
MOGER.5T8.40510.F,ESCWA: Arab countries in-conflict (UNSDCode:98506),2020,0.902180016040802,,
MOGER.5T8.40510.F,ESCWA: Arab countries in-conflict (UNSDCode:98506),2021,0.950760006904602,,
MOGER.5T8.40510.F,ESCWA: Arab countries in-conflict (UNSDCode:98506),2022,1.008769989013672,,
MOGER.5T8.40510.F,ESCWA: Arab countries in-conflict (UNSDCode:98506),2023,1.016430020332336,,
MOGER.5T8.40510.F,ESCWA: Arab non-conflict and non-LDC middle income countries (UNSDCode:98507),2012,0.5840499997138977,,
MOGER.5T8.40510.F,ESCWA: Arab non-conflict and non-LDC middle income countries (UNSDCode:98507),2013,0.5683599710464478,,
MOGER.5T8.40510.F,ESCWA: Arab non-conflict and non-LDC middle income countries (UNSDCode:98507),2014,0.6070500016212463,,
MOGER.5T8.40510.F,ESCWA: Arab non-conflict and non-LDC middle income countries (UNSDCode:98507),2015,0.6466699838638306,,
MOGER.5T8.40510.F,ESCWA: Arab non-conflict and non-LDC middle income countries (UNSDCode:98507),2016,0.710919976234436,,
MOGER.5T8.40510.F,ESCWA: Arab non-conflict and non-LDC middle income countries (UNSDCode:98507),2017,0.7825899720191956,,
MOGER.5T8.40510.F,ESCWA: Arab non-conflict and non-LDC middle income countries (UNSDCode:98507),2018,0.8313500285148621,,
MOGER.5T8.40510.F,ESCWA: Arab non-conflict and non-LDC middle income countries (UNSDCode:98507),2019,0.8834900259971619,,
MOGER.5T8.40510.F,ESCWA: Arab non-conflict and non-LDC middle income countries (UNSDCode:98507),2020,0.9607800245285034,,
MOGER.5T8.40510.F,ESCWA: Arab non-conflict and non-LDC middle income countries (UNSDCode:98507),2021,1.052449941635132,,
MOGER.5T8.40510.F,ESCWA: Arab non-conflict and non-LDC middle income countries (UNSDCode:98507),2022,1.157940030097961,,
MOGER.5T8.40510.F,ESCWA: Arab non-conflict and non-LDC middle income countries (UNSDCode:98507),2023,1.222129940986633,,
MOGER.5T8.40510.F,ESCWA: Gulf Cooperation Council (GCC) (UNSDCode:98502),2012,1.662490010261536,,
MOGER.5T8.40510.F,ESCWA: Gulf Cooperation Council (GCC) (UNSDCode:98502),2013,2.016829967498779,,
MOGER.5T8.40510.F,ESCWA: Gulf Cooperation Council (GCC) (UNSDCode:98502),2014,2.419939994812012,,
MOGER.5T8.40510.F,ESCWA: Gulf Cooperation Council (GCC) (UNSDCode:98502),2015,2.807909965515137,,
MOGER.5T8.40510.F,ESCWA: Gulf Cooperation Council (GCC) (UNSDCode:98502),2016,3.049319982528687,,
MOGER.5T8.40510.F,ESCWA: Gulf Cooperation Council (GCC) (UNSDCode:98502),2017,3.357239961624146,,
MOGER.5T8.40510.F,ESCWA: Gulf Cooperation Council (GCC) (UNSDCode:98502),2018,3.2707200050354,,
MOGER.5T8.40510.F,ESCWA: Gulf Cooperation Council (GCC) (UNSDCode:98502),2019,3.101099967956543,,
MOGER.5T8.40510.F,ESCWA: Gulf Cooperation Council (GCC) (UNSDCode:98502),2020,3.05443000793457,,
MOGER.5T8.40510.F,ESCWA: Gulf Cooperation Council (GCC) (UNSDCode:98502),2021,2.972670078277588,,
MOGER.5T8.40510.F,ESCWA: Gulf Cooperation Council (GCC) (UNSDCode:98502),2022,2.943979978561401,,
MOGER.5T8.40510.F,ESCWA: Gulf Cooperation Council (GCC) (UNSDCode:98502),2023,2.921619892120361,UIS_EST,
MOGER.5T8.40510.F,ESCWA: Maghreb subregion (UNSDCode:98504),2012,0.9122300148010254,,
MOGER.5T8.40510.F,ESCWA: Maghreb subregion (UNSDCode:98504),2013,0.8203099966049194,,
MOGER.5T8.40510.F,ESCWA: Maghreb subregion (UNSDCode:98504),2014,0.889680027961731,,
MOGER.5T8.40510.F,ESCWA: Maghreb subregion (UNSDCode:98504),2015,0.9572100043296814,,
MOGER.5T8.40510.F,ESCWA: Maghreb subregion (UNSDCode:98504),2016,1.057420015335083,,
MOGER.5T8.40510.F,ESCWA: Maghreb subregion (UNSDCode:98504),2017,1.192450046539307,,
MOGER.5T8.40510.F,ESCWA: Maghreb subregion (UNSDCode:98504),2018,1.284190058708191,,
MOGER.5T8.40510.F,ESCWA: Maghreb subregion (UNSDCode:98504),2019,1.378049969673157,,
MOGER.5T8.40510.F,ESCWA: Maghreb subregion (UNSDCode:98504),2020,1.499750018119812,,
MOGER.5T8.40510.F,ESCWA: Maghreb subregion (UNSDCode:98504),2021,1.650619983673096,,
MOGER.5T8.40510.F,ESCWA: Maghreb subregion (UNSDCode:98504),2022,1.784469962120056,,
MOGER.5T8.40510.F,ESCWA: Maghreb subregion (UNSDCode:98504),2023,1.880169987678528,,
MOGER.5T8.40510.F,ESCWA: Mashreq subregion (UNSDCode:98503),2012,0.4107399880886078,,
MOGER.5T8.40510.F,ESCWA: Mashreq subregion (UNSDCode:98503),2013,0.5077800154685974,,
MOGER.5T8.40510.F,ESCWA: Mashreq subregion (UNSDCode:98503),2014,0.5894299745559692,,
MOGER.5T8.40510.F,ESCWA: Mashreq subregion (UNSDCode:98503),2015,0.656000018119812,,
MOGER.5T8.40510.F,ESCWA: Mashreq subregion (UNSDCode:98503),2016,0.7489500045776367,,
MOGER.5T8.40510.F,ESCWA: Mashreq subregion (UNSDCode:98503),2017,0.7595099806785583,,
MOGER.5T8.40510.F,ESCWA: Mashreq subregion (UNSDCode:98503),2018,0.82218998670578,,
MOGER.5T8.40510.F,ESCWA: Mashreq subregion (UNSDCode:98503),2019,0.8921399712562561,,
MOGER.5T8.40510.F,ESCWA: Mashreq subregion (UNSDCode:98503),2020,0.9679999947547913,,
MOGER.5T8.40510.F,ESCWA: Mashreq subregion (UNSDCode:98503),2021,1.075430035591125,,
MOGER.5T8.40510.F,ESCWA: Mashreq subregion (UNSDCode:98503),2022,1.169929981231689,,
MOGER.5T8.40510.F,ESCWA: Mashreq subregion (UNSDCode:98503),2023,1.188459992408752,,
MOGER.5T8.40510.F,ESP,2012,1.354879975318909,UIS_EST,
MOGER.5T8.40510.F,ESP,2013,1.359200000762939,UIS_EST,
MOGER.5T8.40510.F,ESP,2014,1.519279956817627,UIS_EST,
MOGER.5T8.40510.F,ESP,2015,1.637069940567017,UIS_EST,
MOGER.5T8.40510.F,ESP,2016,1.818130016326904,UIS_EST,
MOGER.5T8.40510.F,ESP,2017,2.010169982910156,UIS_EST,
MOGER.5T8.40510.F,ESP,2018,2.025700092315674,UIS_EST,
MOGER.5T8.40510.F,ESP,2019,2.026609897613525,UIS_EST,
MOGER.5T8.40510.F,ESP,2020,2.182679891586304,UIS_EST,
MOGER.5T8.40510.F,ESP,2021,2.169290065765381,UIS_EST,
MOGER.5T8.40510.F,ESP,2022,2.312570095062256,UIS_EST,
MOGER.5T8.40510.F,ESP,2023,2.230669975280762,UIS_EST,
MOGER.5T8.40510.F,EST,2012,5.902279853820801,UIS_EST,
MOGER.5T8.40510.F,EST,2013,6.026080131530762,UIS_EST,
MOGER.5T8.40510.F,EST,2014,6.638289928436279,UIS_EST,
MOGER.5T8.40510.F,EST,2015,6.985469818115234,UIS_EST,
MOGER.5T8.40510.F,EST,2016,7.021259784698486,UIS_EST,
MOGER.5T8.40510.F,EST,2017,7.152349948883057,UIS_EST,
MOGER.5T8.40510.F,EST,2018,6.936789989471436,UIS_EST,
MOGER.5T8.40510.F,EST,2019,6.672719955444336,UIS_EST,
MOGER.5T8.40510.F,EST,2020,6.6981201171875,UIS_EST,
MOGER.5T8.40510.F,EST,2021,6.778429985046387,UIS_EST,
MOGER.5T8.40510.F,EST,2022,6.251349925994873,UIS_EST,
MOGER.5T8.40510.F,EST,2023,5.585470199584961,UIS_EST,
MOGER.5T8.40510.F,ETH,2012,0.0290399994701147,UIS_EST,
MOGER.5T8.40510.F,ETH,2013,0.0292600002139807,UIS_EST,
MOGER.5T8.40510.F,ETH,2014,0.0311099998652935,UIS_EST,
MOGER.5T8.40510.F,ETH,2015,0.031530000269413,UIS_EST,
MOGER.5T8.40510.F,ETH,2016,0.0314499996602535,UIS_EST,
MOGER.5T8.40510.F,ETH,2017,0.0320199988782406,UIS_EST,
MOGER.5T8.40510.F,ETH,2018,0.0370300002396107,UIS_EST,
MOGER.5T8.40510.F,ETH,2019,0.0345599986612797,UIS_EST,
MOGER.5T8.40510.F,ETH,2020,0.0389499999582767,UIS_EST,
MOGER.5T8.40510.F,ETH,2021,0.0400700010359287,UIS_EST,
MOGER.5T8.40510.F,ETH,2022,0.0464700013399124,UIS_EST,
MOGER.5T8.40510.F,ETH,2023,0.0500399991869926,UIS_EST,
MOGER.5T8.40510.F,FIN,2012,3.170730113983154,UIS_EST,
MOGER.5T8.40510.F,FIN,2013,3.181329965591431,UIS_EST,
MOGER.5T8.40510.F,FIN,2014,3.383640050888062,UIS_EST,
MOGER.5T8.40510.F,FIN,2015,3.623729944229126,UIS_EST,
MOGER.5T8.40510.F,FIN,2016,3.999949932098389,UIS_EST,
MOGER.5T8.40510.F,FIN,2017,4.408810138702393,UIS_EST,
MOGER.5T8.40510.F,FIN,2018,4.68986988067627,UIS_EST,
MOGER.5T8.40510.F,FIN,2019,4.812449932098389,UIS_EST,
MOGER.5T8.40510.F,FIN,2020,4.745800018310547,UIS_EST,
MOGER.5T8.40510.F,FIN,2021,4.500720024108887,UIS_EST,
MOGER.5T8.40510.F,FIN,2022,4.203710079193115,UIS_EST,
MOGER.5T8.40510.F,FIN,2023,3.79325008392334,UIS_EST,
MOGER.5T8.40510.F,FJI,2012,1.379549980163574,UIS_EST,
MOGER.5T8.40510.F,FJI,2013,1.345939993858337,UIS_EST,
MOGER.5T8.40510.F,FJI,2014,1.716599941253662,UIS_EST,
MOGER.5T8.40510.F,FJI,2015,1.396510004997253,UIS_EST,
MOGER.5T8.40510.F,FJI,2016,1.386150002479553,UIS_EST,
MOGER.5T8.40510.F,FJI,2017,1.730209946632385,UIS_EST,
MOGER.5T8.40510.F,FJI,2018,1.503100037574768,UIS_EST,
MOGER.5T8.40510.F,FJI,2019,1.675430059432983,UIS_EST,
MOGER.5T8.40510.F,FJI,2020,1.58502995967865,UIS_EST,
MOGER.5T8.40510.F,FJI,2021,1.480270028114319,UIS_EST,
MOGER.5T8.40510.F,FJI,2022,1.929270029067993,UIS_EST,
MOGER.5T8.40510.F,FJI,2023,3.594710111618042,UIS_EST,
MOGER.5T8.40510.F,FRA,2012,1.678719997406006,UIS_EST,
MOGER.5T8.40510.F,FRA,2013,2.1143798828125,UIS_EST,
MOGER.5T8.40510.F,FRA,2014,2.27891993522644,UIS_EST,
MOGER.5T8.40510.F,FRA,2015,2.456409931182861,UIS_EST,
MOGER.5T8.40510.F,FRA,2016,2.586829900741577,UIS_EST,
MOGER.5T8.40510.F,FRA,2017,2.670140027999878,UIS_EST,
MOGER.5T8.40510.F,FRA,2018,2.816740036010742,UIS_EST,
MOGER.5T8.40510.F,FRA,2019,2.880670070648193,UIS_EST,
MOGER.5T8.40510.F,FRA,2020,3.07790994644165,UIS_EST,
MOGER.5T8.40510.F,FRA,2021,3.002949953079224,UIS_EST,
MOGER.5T8.40510.F,FRA,2022,3.227740049362183,UIS_EST,
MOGER.5T8.40510.F,FRA,2023,3.258059978485107,UIS_EST,
MOGER.5T8.40510.F,FSM,2012,0.5899099707603455,UIS_EST,
MOGER.5T8.40510.F,FSM,2013,1.08636999130249,UIS_EST,
MOGER.5T8.40510.F,FSM,2014,1.228670001029968,UIS_EST,
MOGER.5T8.40510.F,FSM,2015,1.210129976272583,UIS_EST,
MOGER.5T8.40510.F,FSM,2016,1.184309959411621,UIS_EST,
MOGER.5T8.40510.F,FSM,2017,1.121209979057312,UIS_EST,
MOGER.5T8.40510.F,FSM,2018,1.074769973754883,UIS_EST,
MOGER.5T8.40510.F,FSM,2019,0.2869699895381927,UIS_EST,
MOGER.5T8.40510.F,FSM,2020,0.45414999127388,UIS_EST,
MOGER.5T8.40510.F,FSM,2021,0.653410017490387,UIS_EST,
MOGER.5T8.40510.F,FSM,2022,0.7139300107955933,UIS_EST,
MOGER.5T8.40510.F,FSM,2023,0.5045599937438965,UIS_EST,
MOGER.5T8.40510.F,GAB,2012,3.509939908981323,UIS_EST,
MOGER.5T8.40510.F,GAB,2013,3.162630081176758,UIS_EST,
MOGER.5T8.40510.F,GAB,2014,3.455950021743774,UIS_EST,
MOGER.5T8.40510.F,GAB,2015,3.452749967575073,UIS_EST,
MOGER.5T8.40510.F,GAB,2016,3.537209987640381,UIS_EST,
MOGER.5T8.40510.F,GAB,2017,3.538860082626343,UIS_EST,
MOGER.5T8.40510.F,GAB,2018,3.600970029830933,UIS_EST,
MOGER.5T8.40510.F,GAB,2019,4.40132999420166,UIS_EST,
MOGER.5T8.40510.F,GAB,2020,5.205979824066162,UIS_EST,
MOGER.5T8.40510.F,GAB,2021,6.444139957427979,UIS_EST,
MOGER.5T8.40510.F,GAB,2022,7.050260066986084,UIS_EST,
MOGER.5T8.40510.F,GAB,2023,8.020719528198242,UIS_EST,
MOGER.5T8.40510.F,GBR,2012,0.5681599974632263,UIS_EST,
MOGER.5T8.40510.F,GBR,2013,0.6152700185775757,UIS_EST,
MOGER.5T8.40510.F,GBR,2014,0.653219997882843,UIS_EST,
MOGER.5T8.40510.F,GBR,2015,0.7129899859428406,UIS_EST,
MOGER.5T8.40510.F,GBR,2016,0.7820799946784973,UIS_EST,
MOGER.5T8.40510.F,GBR,2017,0.824940025806427,UIS_EST,
MOGER.5T8.40510.F,GBR,2018,0.8969399929046631,UIS_EST,
MOGER.5T8.40510.F,GBR,2019,0.9254299998283386,UIS_EST,
MOGER.5T8.40510.F,GBR,2020,0.9813899993896484,UIS_EST,
MOGER.5T8.40510.F,GBR,2021,0.9755799770355225,UIS_EST,
MOGER.5T8.40510.F,GBR,2022,1.037039995193481,UIS_EST,
MOGER.5T8.40510.F,GBR,2023,1.021319985389709,UIS_EST,
MOGER.5T8.40510.F,GEO,2012,2.845010042190552,UIS_EST,
MOGER.5T8.40510.F,GEO,2013,2.465029954910278,UIS_EST,
MOGER.5T8.40510.F,GEO,2014,3.306750059127808,UIS_EST,
MOGER.5T8.40510.F,GEO,2015,3.521830081939697,UIS_EST,
MOGER.5T8.40510.F,GEO,2016,3.738889932632446,UIS_EST,
MOGER.5T8.40510.F,GEO,2017,4.387239933013916,UIS_EST,
MOGER.5T8.40510.F,GEO,2018,4.327380180358887,UIS_EST,
MOGER.5T8.40510.F,GEO,2019,4.44605016708374,UIS_EST,
MOGER.5T8.40510.F,GEO,2020,4.484739780426025,UIS_EST,
MOGER.5T8.40510.F,GEO,2021,4.319079875946045,UIS_EST,
MOGER.5T8.40510.F,GEO,2022,4.447420120239258,UIS_EST,
MOGER.5T8.40510.F,GEO,2023,4.509600162506104,UIS_EST,
MOGER.5T8.40510.F,GHA,2012,0.2371000051498413,UIS_EST,
MOGER.5T8.40510.F,GHA,2013,0.239439994096756,UIS_EST,
MOGER.5T8.40510.F,GHA,2014,0.2736899852752686,UIS_EST,
MOGER.5T8.40510.F,GHA,2015,0.3121300041675568,UIS_EST,
MOGER.5T8.40510.F,GHA,2016,0.3214200139045715,UIS_EST,
MOGER.5T8.40510.F,GHA,2017,0.3411099910736084,UIS_EST,
MOGER.5T8.40510.F,GHA,2018,0.3574199974536896,UIS_EST,
MOGER.5T8.40510.F,GHA,2019,0.3632000088691711,UIS_EST,
MOGER.5T8.40510.F,GHA,2020,0.4050999879837036,UIS_EST,
MOGER.5T8.40510.F,GHA,2021,0.4176500141620636,UIS_EST,
MOGER.5T8.40510.F,GHA,2022,0.4481399953365326,UIS_EST,
MOGER.5T8.40510.F,GHA,2023,0.4757199883460999,UIS_EST,
MOGER.5T8.40510.F,GIB,2012,38.34339904785156,UIS_EST,
MOGER.5T8.40510.F,GIB,2013,41.77186965942383,UIS_EST,
MOGER.5T8.40510.F,GIB,2014,47.28786087036133,UIS_EST,
MOGER.5T8.40510.F,GIB,2015,43.88008880615234,UIS_EST,
MOGER.5T8.40510.F,GIB,2016,45.97259902954102,UIS_EST,
MOGER.5T8.40510.F,GIB,2017,48.44438934326172,UIS_EST,
MOGER.5T8.40510.F,GIB,2018,47.0436897277832,UIS_EST,
MOGER.5T8.40510.F,GIB,2019,46.35892868041992,UIS_EST,
MOGER.5T8.40510.F,GIB,2020,50.39112854003906,UIS_EST,
MOGER.5T8.40510.F,GIB,2021,47.81195831298828,UIS_EST,
MOGER.5T8.40510.F,GIB,2022,49.18159103393555,UIS_EST,
MOGER.5T8.40510.F,GIB,2023,42.75037002563477,UIS_EST,
MOGER.5T8.40510.F,GIN,2012,0.3885299861431122,UIS_EST,
MOGER.5T8.40510.F,GIN,2013,0.3717699944972992,UIS_EST,
MOGER.5T8.40510.F,GIN,2014,0.4057100117206573,UIS_EST,
MOGER.5T8.40510.F,GIN,2015,0.4083600044250488,UIS_EST,
MOGER.5T8.40510.F,GIN,2016,0.428380012512207,UIS_EST,
MOGER.5T8.40510.F,GIN,2017,0.4527300000190735,UIS_EST,
MOGER.5T8.40510.F,GIN,2018,0.3808999955654144,UIS_EST,
MOGER.5T8.40510.F,GIN,2019,0.3331300020217896,UIS_EST,
MOGER.5T8.40510.F,GIN,2020,0.3543800115585327,UIS_EST,
MOGER.5T8.40510.F,GIN,2021,0.3361899852752686,UIS_EST,
MOGER.5T8.40510.F,GIN,2022,0.336080014705658,UIS_EST,
MOGER.5T8.40510.F,GIN,2023,0.4325799942016602,UIS_EST,
MOGER.5T8.40510.F,GMB,2012,0.3910700082778931,UIS_EST,
MOGER.5T8.40510.F,GMB,2013,0.455839991569519,UIS_EST,
MOGER.5T8.40510.F,GMB,2014,0.4827300012111664,UIS_EST,
MOGER.5T8.40510.F,GMB,2015,0.4498899877071381,UIS_EST,
MOGER.5T8.40510.F,GMB,2016,0.4660600125789642,UIS_EST,
MOGER.5T8.40510.F,GMB,2017,0.48853999376297,UIS_EST,
MOGER.5T8.40510.F,GMB,2018,0.4856500029563904,UIS_EST,
MOGER.5T8.40510.F,GMB,2019,0.4283599853515625,UIS_EST,
MOGER.5T8.40510.F,GMB,2020,0.4838500022888184,UIS_EST,
MOGER.5T8.40510.F,GMB,2021,0.5049200057983398,UIS_EST,
MOGER.5T8.40510.F,GMB,2022,0.5301600098609924,UIS_EST,
MOGER.5T8.40510.F,GMB,2023,0.597320020198822,UIS_EST,
MOGER.5T8.40510.F,GNB,2012,0.8091599941253662,UIS_EST,
MOGER.5T8.40510.F,GNB,2013,0.863349974155426,UIS_EST,
MOGER.5T8.40510.F,GNB,2014,1.023200035095215,UIS_EST,
MOGER.5T8.40510.F,GNB,2015,0.9388300180435181,UIS_EST,
MOGER.5T8.40510.F,GNB,2016,1.055080056190491,UIS_EST,
MOGER.5T8.40510.F,GNB,2017,1.099390029907227,UIS_EST,
MOGER.5T8.40510.F,GNB,2018,1.219580054283142,UIS_EST,
MOGER.5T8.40510.F,GNB,2019,1.416049957275391,UIS_EST,
MOGER.5T8.40510.F,GNB,2020,2.312030076980591,UIS_EST,
MOGER.5T8.40510.F,GNB,2021,2.615639925003052,UIS_EST,
MOGER.5T8.40510.F,GNB,2022,3.099930047988892,UIS_EST,
MOGER.5T8.40510.F,GNB,2023,3.297389984130859,UIS_EST,
MOGER.5T8.40510.F,GNQ,2012,1.056300044059753,UIS_EST,
MOGER.5T8.40510.F,GNQ,2013,0.8836600184440613,UIS_EST,
MOGER.5T8.40510.F,GNQ,2014,0.9395400285720825,UIS_EST,
MOGER.5T8.40510.F,GNQ,2015,0.9933500289916992,UIS_EST,
MOGER.5T8.40510.F,GNQ,2016,1.047330021858215,UIS_EST,
MOGER.5T8.40510.F,GNQ,2017,1.068060040473938,UIS_EST,
MOGER.5T8.40510.F,GNQ,2018,1.039630055427551,UIS_EST,
MOGER.5T8.40510.F,GNQ,2019,0.8336399793624878,UIS_EST,
MOGER.5T8.40510.F,GNQ,2020,0.7959700226783752,UIS_EST,
MOGER.5T8.40510.F,GNQ,2021,0.874779999256134,UIS_EST,
MOGER.5T8.40510.F,GNQ,2022,0.8847200274467468,UIS_EST,
MOGER.5T8.40510.F,GNQ,2023,0.9063400030136108,UIS_EST,
MOGER.5T8.40510.F,"GPE: East Asia & Pacific WB FY24, December 2024",2012,0.252130001783371,,
MOGER.5T8.40510.F,"GPE: East Asia & Pacific WB FY24, December 2024",2013,0.2725799977779388,,
MOGER.5T8.40510.F,"GPE: East Asia & Pacific WB FY24, December 2024",2014,0.2882499992847443,,
MOGER.5T8.40510.F,"GPE: East Asia & Pacific WB FY24, December 2024",2015,0.318699985742569,,
MOGER.5T8.40510.F,"GPE: East Asia & Pacific WB FY24, December 2024",2016,0.3719600141048431,,
MOGER.5T8.40510.F,"GPE: East Asia & Pacific WB FY24, December 2024",2017,0.4087899923324585,,
MOGER.5T8.40510.F,"GPE: East Asia & Pacific WB FY24, December 2024",2018,0.4670799970626831,,
MOGER.5T8.40510.F,"GPE: East Asia & Pacific WB FY24, December 2024",2019,0.5503799915313721,,
MOGER.5T8.40510.F,"GPE: East Asia & Pacific WB FY24, December 2024",2020,0.6109099984169006,,
MOGER.5T8.40510.F,"GPE: East Asia & Pacific WB FY24, December 2024",2021,0.6098700165748596,,
MOGER.5T8.40510.F,"GPE: East Asia & Pacific WB FY24, December 2024",2022,0.6178500056266785,,
MOGER.5T8.40510.F,"GPE: East Asia & Pacific WB FY24, December 2024",2023,0.6722999811172485,,
MOGER.5T8.40510.F,"GPE: Europe & Central Asia WB FY24, December 2024",2012,1.225710034370422,,
MOGER.5T8.40510.F,"GPE: Europe & Central Asia WB FY24, December 2024",2013,1.288480043411255,,
MOGER.5T8.40510.F,"GPE: Europe & Central Asia WB FY24, December 2024",2014,1.515089988708496,,
MOGER.5T8.40510.F,"GPE: Europe & Central Asia WB FY24, December 2024",2015,1.644950032234192,,
MOGER.5T8.40510.F,"GPE: Europe & Central Asia WB FY24, December 2024",2016,1.807260036468506,,
MOGER.5T8.40510.F,"GPE: Europe & Central Asia WB FY24, December 2024",2017,2.007369995117188,,
MOGER.5T8.40510.F,"GPE: Europe & Central Asia WB FY24, December 2024",2018,2.009769916534424,,
MOGER.5T8.40510.F,"GPE: Europe & Central Asia WB FY24, December 2024",2019,2.002929925918579,,
MOGER.5T8.40510.F,"GPE: Europe & Central Asia WB FY24, December 2024",2020,2.463779926300049,,
MOGER.5T8.40510.F,"GPE: Europe & Central Asia WB FY24, December 2024",2021,3.033240079879761,,
MOGER.5T8.40510.F,"GPE: Europe & Central Asia WB FY24, December 2024",2022,3.300790071487427,,
MOGER.5T8.40510.F,"GPE: Europe & Central Asia WB FY24, December 2024",2023,3.376349925994873,,
MOGER.5T8.40510.F,"GPE: Fragile or Conflict-affected countries (FCAC) FY24, December 2024",2012,0.2205699980258942,,
MOGER.5T8.40510.F,"GPE: Fragile or Conflict-affected countries (FCAC) FY24, December 2024",2013,0.239669993519783,,
MOGER.5T8.40510.F,"GPE: Fragile or Conflict-affected countries (FCAC) FY24, December 2024",2014,0.2715699970722198,,
MOGER.5T8.40510.F,"GPE: Fragile or Conflict-affected countries (FCAC) FY24, December 2024",2015,0.2932200133800507,,
MOGER.5T8.40510.F,"GPE: Fragile or Conflict-affected countries (FCAC) FY24, December 2024",2016,0.3146100044250488,,
MOGER.5T8.40510.F,"GPE: Fragile or Conflict-affected countries (FCAC) FY24, December 2024",2017,0.3202100098133087,,
MOGER.5T8.40510.F,"GPE: Fragile or Conflict-affected countries (FCAC) FY24, December 2024",2018,0.3126299977302551,,
MOGER.5T8.40510.F,"GPE: Fragile or Conflict-affected countries (FCAC) FY24, December 2024",2019,0.332610011100769,,
MOGER.5T8.40510.F,"GPE: Fragile or Conflict-affected countries (FCAC) FY24, December 2024",2020,0.3468399941921234,,
MOGER.5T8.40510.F,"GPE: Fragile or Conflict-affected countries (FCAC) FY24, December 2024",2021,0.3674300014972687,,
MOGER.5T8.40510.F,"GPE: Fragile or Conflict-affected countries (FCAC) FY24, December 2024",2022,0.4097200036048889,,
MOGER.5T8.40510.F,"GPE: Fragile or Conflict-affected countries (FCAC) FY24, December 2024",2023,0.4797300100326538,,
MOGER.5T8.40510.F,"GPE: High income WB FY24, December 2024",2012,2.270989894866943,,
MOGER.5T8.40510.F,"GPE: High income WB FY24, December 2024",2013,1.905230045318604,,
MOGER.5T8.40510.F,"GPE: High income WB FY24, December 2024",2014,1.719720005989075,,
MOGER.5T8.40510.F,"GPE: High income WB FY24, December 2024",2015,1.432510018348694,,
MOGER.5T8.40510.F,"GPE: High income WB FY24, December 2024",2016,1.355700016021729,,
MOGER.5T8.40510.F,"GPE: High income WB FY24, December 2024",2017,1.356600046157837,,
MOGER.5T8.40510.F,"GPE: High income WB FY24, December 2024",2018,1.381970047950745,,
MOGER.5T8.40510.F,"GPE: High income WB FY24, December 2024",2019,1.525079965591431,,
MOGER.5T8.40510.F,"GPE: High income WB FY24, December 2024",2020,1.576650023460388,,
MOGER.5T8.40510.F,"GPE: High income WB FY24, December 2024",2021,1.511420011520386,,
MOGER.5T8.40510.F,"GPE: High income WB FY24, December 2024",2022,1.812620043754578,,
MOGER.5T8.40510.F,"GPE: High income WB FY24, December 2024",2023,1.636819958686829,,
MOGER.5T8.40510.F,"GPE: Latin America & Caribbean WB FY24, December 2024",2012,0.5491600036621094,,
MOGER.5T8.40510.F,"GPE: Latin America & Caribbean WB FY24, December 2024",2013,0.5500699877738953,,
MOGER.5T8.40510.F,"GPE: Latin America & Caribbean WB FY24, December 2024",2014,0.5256500244140625,,
MOGER.5T8.40510.F,"GPE: Latin America & Caribbean WB FY24, December 2024",2015,0.5288599729537964,,
MOGER.5T8.40510.F,"GPE: Latin America & Caribbean WB FY24, December 2024",2016,0.5464100241661072,,
MOGER.5T8.40510.F,"GPE: Latin America & Caribbean WB FY24, December 2024",2017,0.535539984703064,,
MOGER.5T8.40510.F,"GPE: Latin America & Caribbean WB FY24, December 2024",2018,0.5720900297164917,,
MOGER.5T8.40510.F,"GPE: Latin America & Caribbean WB FY24, December 2024",2019,0.5822299718856812,,
MOGER.5T8.40510.F,"GPE: Latin America & Caribbean WB FY24, December 2024",2020,0.6123300194740295,,
MOGER.5T8.40510.F,"GPE: Latin America & Caribbean WB FY24, December 2024",2021,0.6969199776649475,,
MOGER.5T8.40510.F,"GPE: Latin America & Caribbean WB FY24, December 2024",2022,0.6485199928283691,,
MOGER.5T8.40510.F,"GPE: Latin America & Caribbean WB FY24, December 2024",2023,0.6560500264167786,,
MOGER.5T8.40510.F,"GPE: Low income WB FY24, December 2024",2012,0.1414600014686584,,
MOGER.5T8.40510.F,"GPE: Low income WB FY24, December 2024",2013,0.1582899987697601,,
MOGER.5T8.40510.F,"GPE: Low income WB FY24, December 2024",2014,0.1747100055217743,,
MOGER.5T8.40510.F,"GPE: Low income WB FY24, December 2024",2015,0.1807900071144104,,
MOGER.5T8.40510.F,"GPE: Low income WB FY24, December 2024",2016,0.1895100027322769,,
MOGER.5T8.40510.F,"GPE: Low income WB FY24, December 2024",2017,0.190870001912117,,
MOGER.5T8.40510.F,"GPE: Low income WB FY24, December 2024",2018,0.1907999962568283,,
MOGER.5T8.40510.F,"GPE: Low income WB FY24, December 2024",2019,0.230880007147789,,
MOGER.5T8.40510.F,"GPE: Low income WB FY24, December 2024",2020,0.2340900003910065,,
MOGER.5T8.40510.F,"GPE: Low income WB FY24, December 2024",2021,0.230660006403923,,
MOGER.5T8.40510.F,"GPE: Low income WB FY24, December 2024",2022,0.2422299981117249,,
MOGER.5T8.40510.F,"GPE: Low income WB FY24, December 2024",2023,0.2558600008487701,,
MOGER.5T8.40510.F,"GPE: Lower middle Income WB FY24, December 2024",2012,0.3137699961662292,,
MOGER.5T8.40510.F,"GPE: Lower middle Income WB FY24, December 2024",2013,0.3318600058555603,,
MOGER.5T8.40510.F,"GPE: Lower middle Income WB FY24, December 2024",2014,0.3676599860191345,,
MOGER.5T8.40510.F,"GPE: Lower middle Income WB FY24, December 2024",2015,0.3972600102424622,,
MOGER.5T8.40510.F,"GPE: Lower middle Income WB FY24, December 2024",2016,0.4409799873828888,,
MOGER.5T8.40510.F,"GPE: Lower middle Income WB FY24, December 2024",2017,0.4695599973201752,,
MOGER.5T8.40510.F,"GPE: Lower middle Income WB FY24, December 2024",2018,0.4949299991130829,,
MOGER.5T8.40510.F,"GPE: Lower middle Income WB FY24, December 2024",2019,0.5321099758148193,,
MOGER.5T8.40510.F,"GPE: Lower middle Income WB FY24, December 2024",2020,0.5902400016784668,,
MOGER.5T8.40510.F,"GPE: Lower middle Income WB FY24, December 2024",2021,0.6210700273513794,,
MOGER.5T8.40510.F,"GPE: Lower middle Income WB FY24, December 2024",2022,0.6704699993133545,,
MOGER.5T8.40510.F,"GPE: Lower middle Income WB FY24, December 2024",2023,0.7572600245475769,,
MOGER.5T8.40510.F,"GPE: Middle East & North Africa WB FY24, December 2024",2012,0.4026800096035004,,
MOGER.5T8.40510.F,"GPE: Middle East & North Africa WB FY24, December 2024",2013,0.4423100054264069,,
MOGER.5T8.40510.F,"GPE: Middle East & North Africa WB FY24, December 2024",2014,0.479420006275177,,
MOGER.5T8.40510.F,"GPE: Middle East & North Africa WB FY24, December 2024",2015,0.5109699964523315,,
MOGER.5T8.40510.F,"GPE: Middle East & North Africa WB FY24, December 2024",2016,0.5613800287246704,,
MOGER.5T8.40510.F,"GPE: Middle East & North Africa WB FY24, December 2024",2017,0.5868399739265442,,
MOGER.5T8.40510.F,"GPE: Middle East & North Africa WB FY24, December 2024",2018,0.6102799773216248,,
MOGER.5T8.40510.F,"GPE: Middle East & North Africa WB FY24, December 2024",2019,0.7475699782371521,,
MOGER.5T8.40510.F,"GPE: Middle East & North Africa WB FY24, December 2024",2020,0.77565997838974,,
MOGER.5T8.40510.F,"GPE: Middle East & North Africa WB FY24, December 2024",2021,0.7882099747657776,,
MOGER.5T8.40510.F,"GPE: Middle East & North Africa WB FY24, December 2024",2022,0.8605499863624573,,
MOGER.5T8.40510.F,"GPE: Middle East & North Africa WB FY24, December 2024",2023,0.9069100022315979,,
MOGER.5T8.40510.F,"GPE: Non Fragile & non Conflict-affected countries (NON-FCAC) FY24, December 2024",2012,0.3589099943637848,,
MOGER.5T8.40510.F,"GPE: Non Fragile & non Conflict-affected countries (NON-FCAC) FY24, December 2024",2013,0.3685199916362762,,
MOGER.5T8.40510.F,"GPE: Non Fragile & non Conflict-affected countries (NON-FCAC) FY24, December 2024",2014,0.3906300067901611,,
MOGER.5T8.40510.F,"GPE: Non Fragile & non Conflict-affected countries (NON-FCAC) FY24, December 2024",2015,0.4088999927043915,,
MOGER.5T8.40510.F,"GPE: Non Fragile & non Conflict-affected countries (NON-FCAC) FY24, December 2024",2016,0.4496699869632721,,
MOGER.5T8.40510.F,"GPE: Non Fragile & non Conflict-affected countries (NON-FCAC) FY24, December 2024",2017,0.4833199977874756,,
MOGER.5T8.40510.F,"GPE: Non Fragile & non Conflict-affected countries (NON-FCAC) FY24, December 2024",2018,0.5291600227355957,,
MOGER.5T8.40510.F,"GPE: Non Fragile & non Conflict-affected countries (NON-FCAC) FY24, December 2024",2019,0.5730000138282776,,
MOGER.5T8.40510.F,"GPE: Non Fragile & non Conflict-affected countries (NON-FCAC) FY24, December 2024",2020,0.6412299871444702,,
MOGER.5T8.40510.F,"GPE: Non Fragile & non Conflict-affected countries (NON-FCAC) FY24, December 2024",2021,0.6616700291633606,,
MOGER.5T8.40510.F,"GPE: Non Fragile & non Conflict-affected countries (NON-FCAC) FY24, December 2024",2022,0.6883000135421753,,
MOGER.5T8.40510.F,"GPE: Non Fragile & non Conflict-affected countries (NON-FCAC) FY24, December 2024",2023,0.7367900013923645,,
MOGER.5T8.40510.F,"GPE: Overall FY24, all 90 countries, December 2024",2012,0.2858699858188629,,
MOGER.5T8.40510.F,"GPE: Overall FY24, all 90 countries, December 2024",2013,0.3002699911594391,,
MOGER.5T8.40510.F,"GPE: Overall FY24, all 90 countries, December 2024",2014,0.3271400034427643,,
MOGER.5T8.40510.F,"GPE: Overall FY24, all 90 countries, December 2024",2015,0.3469800055027008,,
MOGER.5T8.40510.F,"GPE: Overall FY24, all 90 countries, December 2024",2016,0.3770900070667267,,
MOGER.5T8.40510.F,"GPE: Overall FY24, all 90 countries, December 2024",2017,0.395249992609024,,
MOGER.5T8.40510.F,"GPE: Overall FY24, all 90 countries, December 2024",2018,0.4117299914360046,,
MOGER.5T8.40510.F,"GPE: Overall FY24, all 90 countries, December 2024",2019,0.4419699907302856,,
MOGER.5T8.40510.F,"GPE: Overall FY24, all 90 countries, December 2024",2020,0.4798200130462646,,
MOGER.5T8.40510.F,"GPE: Overall FY24, all 90 countries, December 2024",2021,0.4993399977684021,,
MOGER.5T8.40510.F,"GPE: Overall FY24, all 90 countries, December 2024",2022,0.5339900255203247,,
MOGER.5T8.40510.F,"GPE: Overall FY24, all 90 countries, December 2024",2023,0.5938199758529663,,
MOGER.5T8.40510.F,GPE: Region 1,2012,0.1913699954748154,,
MOGER.5T8.40510.F,GPE: Region 1,2013,0.2000599950551987,,
MOGER.5T8.40510.F,GPE: Region 1,2014,0.2097200006246567,,
MOGER.5T8.40510.F,GPE: Region 1,2015,0.2103099972009659,,
MOGER.5T8.40510.F,GPE: Region 1,2016,0.2221399992704391,,
MOGER.5T8.40510.F,GPE: Region 1,2017,0.2243400067090988,,
MOGER.5T8.40510.F,GPE: Region 1,2018,0.2260800004005432,,
MOGER.5T8.40510.F,GPE: Region 1,2019,0.22537000477314,,
MOGER.5T8.40510.F,GPE: Region 1,2020,0.2316000014543533,,
MOGER.5T8.40510.F,GPE: Region 1,2021,0.2333800047636032,,
MOGER.5T8.40510.F,GPE: Region 1,2022,0.250900000333786,,
MOGER.5T8.40510.F,GPE: Region 1,2023,0.272460013628006,,
MOGER.5T8.40510.F,GPE: Region 2,2012,0.3260000050067902,,
MOGER.5T8.40510.F,GPE: Region 2,2013,0.3262600004673004,,
MOGER.5T8.40510.F,GPE: Region 2,2014,0.3664799928665161,,
MOGER.5T8.40510.F,GPE: Region 2,2015,0.3875299990177155,,
MOGER.5T8.40510.F,GPE: Region 2,2016,0.3990899920463562,,
MOGER.5T8.40510.F,GPE: Region 2,2017,0.3959400057792664,,
MOGER.5T8.40510.F,GPE: Region 2,2018,0.3791700005531311,,
MOGER.5T8.40510.F,GPE: Region 2,2019,0.3807399868965149,,
MOGER.5T8.40510.F,GPE: Region 2,2020,0.4038600027561188,,
MOGER.5T8.40510.F,GPE: Region 2,2021,0.4327000081539154,,
MOGER.5T8.40510.F,GPE: Region 2,2022,0.4857400059700012,,
MOGER.5T8.40510.F,GPE: Region 2,2023,0.562030017375946,,
MOGER.5T8.40510.F,GPE: Region 3,2012,0.3118999898433685,,
MOGER.5T8.40510.F,GPE: Region 3,2013,0.3352400064468384,,
MOGER.5T8.40510.F,GPE: Region 3,2014,0.3651100099086761,,
MOGER.5T8.40510.F,GPE: Region 3,2015,0.3943800032138824,,
MOGER.5T8.40510.F,GPE: Region 3,2016,0.4426699876785278,,
MOGER.5T8.40510.F,GPE: Region 3,2017,0.4801400005817413,,
MOGER.5T8.40510.F,GPE: Region 3,2018,0.5214200019836426,,
MOGER.5T8.40510.F,GPE: Region 3,2019,0.5835999846458435,,
MOGER.5T8.40510.F,GPE: Region 3,2020,0.6487600207328796,,
MOGER.5T8.40510.F,GPE: Region 3,2021,0.6774700284004211,,
MOGER.5T8.40510.F,GPE: Region 3,2022,0.7166100144386292,,
MOGER.5T8.40510.F,GPE: Region 3,2023,0.7943699955940247,,
MOGER.5T8.40510.F,"GPE: Small island and landlocked developing states, December 2024",2012,1.435819983482361,,
MOGER.5T8.40510.F,"GPE: Small island and landlocked developing states, December 2024",2013,1.430209994316101,,
MOGER.5T8.40510.F,"GPE: Small island and landlocked developing states, December 2024",2014,1.440879940986633,,
MOGER.5T8.40510.F,"GPE: Small island and landlocked developing states, December 2024",2015,1.479439973831177,,
MOGER.5T8.40510.F,"GPE: Small island and landlocked developing states, December 2024",2016,1.627249956130981,,
MOGER.5T8.40510.F,"GPE: Small island and landlocked developing states, December 2024",2017,1.711060047149658,,
MOGER.5T8.40510.F,"GPE: Small island and landlocked developing states, December 2024",2018,1.905869960784912,,
MOGER.5T8.40510.F,"GPE: Small island and landlocked developing states, December 2024",2019,2.176049947738647,,
MOGER.5T8.40510.F,"GPE: Small island and landlocked developing states, December 2024",2020,2.400870084762573,,
MOGER.5T8.40510.F,"GPE: Small island and landlocked developing states, December 2024",2021,2.335870027542114,,
MOGER.5T8.40510.F,"GPE: Small island and landlocked developing states, December 2024",2022,2.412489891052246,,
MOGER.5T8.40510.F,"GPE: Small island and landlocked developing states, December 2024",2023,3.296080112457275,,
MOGER.5T8.40510.F,"GPE: South Asia WB FY24, December 2024",2012,0.1459500044584274,,
MOGER.5T8.40510.F,"GPE: South Asia WB FY24, December 2024",2013,0.1648200005292892,,
MOGER.5T8.40510.F,"GPE: South Asia WB FY24, December 2024",2014,0.1872999966144562,,
MOGER.5T8.40510.F,"GPE: South Asia WB FY24, December 2024",2015,0.2074300050735474,,
MOGER.5T8.40510.F,"GPE: South Asia WB FY24, December 2024",2016,0.241569995880127,,
MOGER.5T8.40510.F,"GPE: South Asia WB FY24, December 2024",2017,0.269430011510849,,
MOGER.5T8.40510.F,"GPE: South Asia WB FY24, December 2024",2018,0.3129799962043762,,
MOGER.5T8.40510.F,"GPE: South Asia WB FY24, December 2024",2019,0.3486000001430511,,
MOGER.5T8.40510.F,"GPE: South Asia WB FY24, December 2024",2020,0.3825800120830536,,
MOGER.5T8.40510.F,"GPE: South Asia WB FY24, December 2024",2021,0.3789199888706207,,
MOGER.5T8.40510.F,"GPE: South Asia WB FY24, December 2024",2022,0.4265600144863129,,
MOGER.5T8.40510.F,"GPE: South Asia WB FY24, December 2024",2023,0.5359299778938293,,
MOGER.5T8.40510.F,"GPE: Sub-Saharan Africa WB FY24, December 2024",2012,0.2500100135803223,,
MOGER.5T8.40510.F,"GPE: Sub-Saharan Africa WB FY24, December 2024",2013,0.2540299892425537,,
MOGER.5T8.40510.F,"GPE: Sub-Saharan Africa WB FY24, December 2024",2014,0.2764300107955933,,
MOGER.5T8.40510.F,"GPE: Sub-Saharan Africa WB FY24, December 2024",2015,0.2856400012969971,,
MOGER.5T8.40510.F,"GPE: Sub-Saharan Africa WB FY24, December 2024",2016,0.2940300107002258,,
MOGER.5T8.40510.F,"GPE: Sub-Saharan Africa WB FY24, December 2024",2017,0.2908700108528137,,
MOGER.5T8.40510.F,"GPE: Sub-Saharan Africa WB FY24, December 2024",2018,0.2810600101947784,,
MOGER.5T8.40510.F,"GPE: Sub-Saharan Africa WB FY24, December 2024",2019,0.2796100080013275,,
MOGER.5T8.40510.F,"GPE: Sub-Saharan Africa WB FY24, December 2024",2020,0.2920899987220764,,
MOGER.5T8.40510.F,"GPE: Sub-Saharan Africa WB FY24, December 2024",2021,0.3047800064086914,,
MOGER.5T8.40510.F,"GPE: Sub-Saharan Africa WB FY24, December 2024",2022,0.3376500010490417,,
MOGER.5T8.40510.F,"GPE: Sub-Saharan Africa WB FY24, December 2024",2023,0.3882000148296356,,
MOGER.5T8.40510.F,"GPE: Upper middle Income WB FY24, December 2024",2012,0.4127300083637238,,
MOGER.5T8.40510.F,"GPE: Upper middle Income WB FY24, December 2024",2013,0.4125699996948242,,
MOGER.5T8.40510.F,"GPE: Upper middle Income WB FY24, December 2024",2014,0.4213800132274628,,
MOGER.5T8.40510.F,"GPE: Upper middle Income WB FY24, December 2024",2015,0.4273200035095215,,
MOGER.5T8.40510.F,"GPE: Upper middle Income WB FY24, December 2024",2016,0.4394200146198273,,
MOGER.5T8.40510.F,"GPE: Upper middle Income WB FY24, December 2024",2017,0.4490000009536743,,
MOGER.5T8.40510.F,"GPE: Upper middle Income WB FY24, December 2024",2018,0.4641599953174591,,
MOGER.5T8.40510.F,"GPE: Upper middle Income WB FY24, December 2024",2019,0.4402700066566467,,
MOGER.5T8.40510.F,"GPE: Upper middle Income WB FY24, December 2024",2020,0.456059992313385,,
MOGER.5T8.40510.F,"GPE: Upper middle Income WB FY24, December 2024",2021,0.477429986000061,,
MOGER.5T8.40510.F,"GPE: Upper middle Income WB FY24, December 2024",2022,0.4935199916362762,,
MOGER.5T8.40510.F,"GPE: Upper middle Income WB FY24, December 2024",2023,0.5280900001525879,,
MOGER.5T8.40510.F,GRC,2012,5.51731014251709,UIS_EST,
MOGER.5T8.40510.F,GRC,2013,5.605010032653809,UIS_EST,
MOGER.5T8.40510.F,GRC,2014,6.271959781646729,UIS_EST,
MOGER.5T8.40510.F,GRC,2015,6.710559844970703,UIS_EST,
MOGER.5T8.40510.F,GRC,2016,6.666580200195313,UIS_EST,
MOGER.5T8.40510.F,GRC,2017,7.016379833221436,UIS_EST,
MOGER.5T8.40510.F,GRC,2018,7.3231201171875,UIS_EST,
MOGER.5T8.40510.F,GRC,2019,7.353169918060303,UIS_EST,
MOGER.5T8.40510.F,GRC,2020,7.625740051269531,UIS_EST,
MOGER.5T8.40510.F,GRC,2021,7.97691011428833,UIS_EST,
MOGER.5T8.40510.F,GRC,2022,7.912909984588623,UIS_EST,
MOGER.5T8.40510.F,GRC,2023,7.859710216522217,UIS_EST,
MOGER.5T8.40510.F,GRD,2012,3.85142993927002,UIS_EST,
MOGER.5T8.40510.F,GRD,2013,4.510200023651123,UIS_EST,
MOGER.5T8.40510.F,GRD,2014,4.464930057525635,UIS_EST,
MOGER.5T8.40510.F,GRD,2015,3.893850088119507,UIS_EST,
MOGER.5T8.40510.F,GRD,2016,4.646500110626221,UIS_EST,
MOGER.5T8.40510.F,GRD,2017,5.292240142822266,UIS_EST,
MOGER.5T8.40510.F,GRD,2018,4.843130111694336,UIS_EST,
MOGER.5T8.40510.F,GRD,2019,5.218939781188965,UIS_EST,
MOGER.5T8.40510.F,GRD,2020,5.284520149230957,UIS_EST,
MOGER.5T8.40510.F,GRD,2021,5.299019813537598,UIS_EST,
MOGER.5T8.40510.F,GRD,2022,4.835020065307617,UIS_EST,
MOGER.5T8.40510.F,GRD,2023,4.840350151062012,UIS_EST,
MOGER.5T8.40510.F,GTM,2012,0.175479993224144,UIS_EST,
MOGER.5T8.40510.F,GTM,2013,0.1688400059938431,UIS_EST,
MOGER.5T8.40510.F,GTM,2014,0.1457599997520447,UIS_EST,
MOGER.5T8.40510.F,GTM,2015,0.1446499973535538,UIS_EST,
MOGER.5T8.40510.F,GTM,2016,0.1440300047397614,UIS_EST,
MOGER.5T8.40510.F,GTM,2017,0.1515900045633316,UIS_EST,
MOGER.5T8.40510.F,GTM,2018,0.1696099936962128,UIS_EST,
MOGER.5T8.40510.F,GTM,2019,0.1712899953126907,UIS_EST,
MOGER.5T8.40510.F,GTM,2020,0.193790003657341,UIS_EST,
MOGER.5T8.40510.F,GTM,2021,0.1972299963235855,UIS_EST,
MOGER.5T8.40510.F,GTM,2022,0.1975599974393845,UIS_EST,
MOGER.5T8.40510.F,GTM,2023,0.1982599943876266,UIS_EST,
MOGER.5T8.40510.F,GUY,2012,2.2708899974823,UIS_EST,
MOGER.5T8.40510.F,GUY,2013,1.904119968414307,UIS_EST,
MOGER.5T8.40510.F,GUY,2014,1.719300031661987,UIS_EST,
MOGER.5T8.40510.F,GUY,2015,1.431519985198975,UIS_EST,
MOGER.5T8.40510.F,GUY,2016,1.355469942092896,UIS_EST,
MOGER.5T8.40510.F,GUY,2017,1.355469942092896,UIS_EST,
MOGER.5T8.40510.F,GUY,2018,1.380959987640381,UIS_EST,
MOGER.5T8.40510.F,GUY,2019,1.525820016860962,UIS_EST,
MOGER.5T8.40510.F,GUY,2020,1.5764000415802,UIS_EST,
MOGER.5T8.40510.F,GUY,2021,1.51242995262146,UIS_EST,
MOGER.5T8.40510.F,GUY,2022,1.812319993972778,UIS_EST,
MOGER.5T8.40510.F,GUY,2023,1.637120008468628,UIS_EST,
MOGER.5T8.40510.F,HKG,2012,5.861179828643799,UIS_EST,
MOGER.5T8.40510.F,HKG,2013,6.718979835510254,UIS_EST,
MOGER.5T8.40510.F,HKG,2014,7.151949882507324,UIS_EST,
MOGER.5T8.40510.F,HKG,2015,7.448319911956787,UIS_EST,
MOGER.5T8.40510.F,HKG,2016,8.320389747619629,UIS_EST,
MOGER.5T8.40510.F,HKG,2017,8.699589729309082,UIS_EST,
MOGER.5T8.40510.F,HKG,2018,9.376399993896484,UIS_EST,
MOGER.5T8.40510.F,HKG,2019,9.964690208435059,UIS_EST,
MOGER.5T8.40510.F,HKG,2020,10.38033008575439,UIS_EST,
MOGER.5T8.40510.F,HKG,2021,11.34700965881348,UIS_EST,
MOGER.5T8.40510.F,HKG,2022,12.50975036621094,UIS_EST,
MOGER.5T8.40510.F,HKG,2023,14.92405033111572,UIS_EST,
MOGER.5T8.40510.F,HND,2012,0.412449985742569,UIS_EST,
MOGER.5T8.40510.F,HND,2013,0.4164099991321564,UIS_EST,
MOGER.5T8.40510.F,HND,2014,0.4507899880409241,UIS_EST,
MOGER.5T8.40510.F,HND,2015,0.5101000070571899,UIS_EST,
MOGER.5T8.40510.F,HND,2016,0.5393700003623962,UIS_EST,
MOGER.5T8.40510.F,HND,2017,0.5424799919128418,UIS_EST,
MOGER.5T8.40510.F,HND,2018,0.5740000009536743,UIS_EST,
MOGER.5T8.40510.F,HND,2019,0.55690997838974,UIS_EST,
MOGER.5T8.40510.F,HND,2020,0.5901700258255005,UIS_EST,
MOGER.5T8.40510.F,HND,2021,0.5902000069618225,UIS_EST,
MOGER.5T8.40510.F,HND,2022,0.6544100046157837,UIS_EST,
MOGER.5T8.40510.F,HND,2023,0.7142599821090698,UIS_EST,
MOGER.5T8.40510.F,HRV,2012,4.205989837646484,UIS_EST,
MOGER.5T8.40510.F,HRV,2013,4.292220115661621,UIS_EST,
MOGER.5T8.40510.F,HRV,2014,4.49616003036499,UIS_EST,
MOGER.5T8.40510.F,HRV,2015,4.562699794769287,UIS_EST,
MOGER.5T8.40510.F,HRV,2016,4.675449848175049,UIS_EST,
MOGER.5T8.40510.F,HRV,2017,4.958479881286621,UIS_EST,
MOGER.5T8.40510.F,HRV,2018,5.024189949035645,UIS_EST,
MOGER.5T8.40510.F,HRV,2019,5.488679885864258,UIS_EST,
MOGER.5T8.40510.F,HRV,2020,5.548270225524902,UIS_EST,
MOGER.5T8.40510.F,HRV,2021,6.284510135650635,UIS_EST,
MOGER.5T8.40510.F,HRV,2022,6.264470100402832,UIS_EST,
MOGER.5T8.40510.F,HRV,2023,6.3024001121521,UIS_EST,
MOGER.5T8.40510.F,HTI,2012,0.878350019454956,UIS_EST,
MOGER.5T8.40510.F,HTI,2013,0.8898900151252747,UIS_EST,
MOGER.5T8.40510.F,HTI,2014,0.8966400027275085,UIS_EST,
MOGER.5T8.40510.F,HTI,2015,0.8435400128364563,UIS_EST,
MOGER.5T8.40510.F,HTI,2016,0.847350001335144,UIS_EST,
MOGER.5T8.40510.F,HTI,2017,0.7728300094604492,UIS_EST,
MOGER.5T8.40510.F,HTI,2018,0.8146899938583374,UIS_EST,
MOGER.5T8.40510.F,HTI,2019,0.8571599721908569,UIS_EST,
MOGER.5T8.40510.F,HTI,2020,0.8263900279998779,UIS_EST,
MOGER.5T8.40510.F,HTI,2021,1.215459942817688,UIS_EST,
MOGER.5T8.40510.F,HTI,2022,0.8787199854850769,UIS_EST,
MOGER.5T8.40510.F,HTI,2023,0.8700199723243713,UIS_EST,
MOGER.5T8.40510.F,HUN,2012,1.518659949302673,UIS_EST,
MOGER.5T8.40510.F,HUN,2013,1.719320058822632,UIS_EST,
MOGER.5T8.40510.F,HUN,2014,1.836590051651001,UIS_EST,
MOGER.5T8.40510.F,HUN,2015,2.031620025634766,UIS_EST,
MOGER.5T8.40510.F,HUN,2016,2.293489933013916,UIS_EST,
MOGER.5T8.40510.F,HUN,2017,2.5413498878479,UIS_EST,
MOGER.5T8.40510.F,HUN,2018,2.728300094604492,UIS_EST,
MOGER.5T8.40510.F,HUN,2019,2.836910009384155,UIS_EST,
MOGER.5T8.40510.F,HUN,2020,3.109250068664551,UIS_EST,
MOGER.5T8.40510.F,HUN,2021,3.180890083312988,UIS_EST,
MOGER.5T8.40510.F,HUN,2022,3.24183988571167,UIS_EST,
MOGER.5T8.40510.F,HUN,2023,3.071039915084839,UIS_EST,
MOGER.5T8.40510.F,IDN,2012,0.151649996638298,UIS_EST,
MOGER.5T8.40510.F,IDN,2013,0.166250005364418,UIS_EST,
MOGER.5T8.40510.F,IDN,2014,0.1722600013017654,UIS_EST,
MOGER.5T8.40510.F,IDN,2015,0.1931400001049042,UIS_EST,
MOGER.5T8.40510.F,IDN,2016,0.2105100005865097,UIS_EST,
MOGER.5T8.40510.F,IDN,2017,0.2103099972009659,UIS_EST,
MOGER.5T8.40510.F,IDN,2018,0.2209199965000153,UIS_EST,
MOGER.5T8.40510.F,IDN,2019,0.2349900007247925,UIS_EST,
MOGER.5T8.40510.F,IDN,2020,0.2495899945497513,UIS_EST,
MOGER.5T8.40510.F,IDN,2021,0.2527799904346466,UIS_EST,
MOGER.5T8.40510.F,IDN,2022,0.266510009765625,UIS_EST,
MOGER.5T8.40510.F,IDN,2023,0.2950100004673004,UIS_EST,
MOGER.5T8.40510.F,IND,2012,0.0929000005125999,UIS_EST,
MOGER.5T8.40510.F,IND,2013,0.0953499972820282,UIS_EST,
MOGER.5T8.40510.F,IND,2014,0.1049000024795532,UIS_EST,
MOGER.5T8.40510.F,IND,2015,0.12882000207901,UIS_EST,
MOGER.5T8.40510.F,IND,2016,0.1606999933719635,UIS_EST,
MOGER.5T8.40510.F,IND,2017,0.1814099997282028,UIS_EST,
MOGER.5T8.40510.F,IND,2018,0.2056799978017807,UIS_EST,
MOGER.5T8.40510.F,IND,2019,0.2655799984931946,UIS_EST,
MOGER.5T8.40510.F,IND,2020,0.3128800094127655,UIS_EST,
MOGER.5T8.40510.F,IND,2021,0.3140400052070618,UIS_EST,
MOGER.5T8.40510.F,IND,2022,0.3883599936962128,UIS_EST,
MOGER.5T8.40510.F,IND,2023,0.5414199829101562,UIS_EST,
MOGER.5T8.40510.F,IRL,2012,7.766570091247559,UIS_EST,
MOGER.5T8.40510.F,IRL,2013,6.92041015625,UIS_EST,
MOGER.5T8.40510.F,IRL,2014,6.569610118865967,UIS_EST,
MOGER.5T8.40510.F,IRL,2015,6.477180004119873,UIS_EST,
MOGER.5T8.40510.F,IRL,2016,6.300749778747559,UIS_EST,
MOGER.5T8.40510.F,IRL,2017,6.299799919128418,UIS_EST,
MOGER.5T8.40510.F,IRL,2018,5.912479877471924,UIS_EST,
MOGER.5T8.40510.F,IRL,2019,6.019949913024902,UIS_EST,
MOGER.5T8.40510.F,IRL,2020,5.752190113067627,UIS_EST,
MOGER.5T8.40510.F,IRL,2021,6.0765700340271,UIS_EST,
MOGER.5T8.40510.F,IRL,2022,6.381140232086182,UIS_EST,
MOGER.5T8.40510.F,IRL,2023,6.289949893951416,UIS_EST,
MOGER.5T8.40510.F,IRN,2012,0.5305500030517578,UIS_EST,
MOGER.5T8.40510.F,IRN,2013,0.5555499792098999,UIS_EST,
MOGER.5T8.40510.F,IRN,2014,0.6147500276565552,UIS_EST,
MOGER.5T8.40510.F,IRN,2015,0.6825799942016602,UIS_EST,
MOGER.5T8.40510.F,IRN,2016,0.7722300291061401,UIS_EST,
MOGER.5T8.40510.F,IRN,2017,0.8111600279808044,UIS_EST,
MOGER.5T8.40510.F,IRN,2018,0.8972799777984619,UIS_EST,
MOGER.5T8.40510.F,IRN,2019,0.9642300009727478,UIS_EST,
MOGER.5T8.40510.F,IRN,2020,1.135499954223633,UIS_EST,
MOGER.5T8.40510.F,IRN,2021,1.271530032157898,UIS_EST,
MOGER.5T8.40510.F,IRN,2022,1.422889947891235,UIS_EST,
MOGER.5T8.40510.F,IRN,2023,1.632500052452087,UIS_EST,
MOGER.5T8.40510.F,IRQ,2012,0.2738699913024902,UIS_EST,
MOGER.5T8.40510.F,IRQ,2013,0.3361499905586243,UIS_EST,
MOGER.5T8.40510.F,IRQ,2014,0.4085899889469147,UIS_EST,
MOGER.5T8.40510.F,IRQ,2015,0.4549500048160553,UIS_EST,
MOGER.5T8.40510.F,IRQ,2016,0.5210599899291992,UIS_EST,
MOGER.5T8.40510.F,IRQ,2017,0.4797900021076202,UIS_EST,
MOGER.5T8.40510.F,IRQ,2018,0.4936800003051758,UIS_EST,
MOGER.5T8.40510.F,IRQ,2019,0.5202500224113464,UIS_EST,
MOGER.5T8.40510.F,IRQ,2020,0.5582600235939026,UIS_EST,
MOGER.5T8.40510.F,IRQ,2021,0.6336899995803833,UIS_EST,
MOGER.5T8.40510.F,IRQ,2022,0.660099983215332,UIS_EST,
MOGER.5T8.40510.F,IRQ,2023,0.66593998670578,UIS_EST,
MOGER.5T8.40510.F,ISL,2012,12.95600032806396,UIS_EST,
MOGER.5T8.40510.F,ISL,2013,13.55951976776123,UIS_EST,
MOGER.5T8.40510.F,ISL,2014,12.60820007324219,UIS_EST,
MOGER.5T8.40510.F,ISL,2015,11.85844993591309,UIS_EST,
MOGER.5T8.40510.F,ISL,2016,11.76646995544434,UIS_EST,
MOGER.5T8.40510.F,ISL,2017,12.03439998626709,UIS_EST,
MOGER.5T8.40510.F,ISL,2018,16.28455924987793,UIS_EST,
MOGER.5T8.40510.F,ISL,2019,12.44338035583496,UIS_EST,
MOGER.5T8.40510.F,ISL,2020,12.30681037902832,UIS_EST,
MOGER.5T8.40510.F,ISL,2021,12.6478099822998,UIS_EST,
MOGER.5T8.40510.F,ISL,2022,12.14671993255615,UIS_EST,
MOGER.5T8.40510.F,ISL,2023,11.76368045806885,UIS_EST,
MOGER.5T8.40510.F,ISR,2012,1.270740032196045,UIS_EST,
MOGER.5T8.40510.F,ISR,2013,1.179739952087402,UIS_EST,
MOGER.5T8.40510.F,ISR,2014,1.258909940719604,UIS_EST,
MOGER.5T8.40510.F,ISR,2015,1.275099992752075,UIS_EST,
MOGER.5T8.40510.F,ISR,2016,1.381279945373535,UIS_EST,
MOGER.5T8.40510.F,ISR,2017,1.514989972114563,UIS_EST,
MOGER.5T8.40510.F,ISR,2018,1.685260057449341,UIS_EST,
MOGER.5T8.40510.F,ISR,2019,1.721650004386902,UIS_EST,
MOGER.5T8.40510.F,ISR,2020,2.030440092086792,UIS_EST,
MOGER.5T8.40510.F,ISR,2021,2.114700078964233,UIS_EST,
MOGER.5T8.40510.F,ISR,2022,2.125479936599731,UIS_EST,
MOGER.5T8.40510.F,ISR,2023,2.124249935150146,UIS_EST,
MOGER.5T8.40510.F,ITA,2012,1.576310038566589,UIS_EST,
MOGER.5T8.40510.F,ITA,2013,1.65762996673584,UIS_EST,
MOGER.5T8.40510.F,ITA,2014,1.841830015182495,UIS_EST,
MOGER.5T8.40510.F,ITA,2015,2.096479892730713,UIS_EST,
MOGER.5T8.40510.F,ITA,2016,2.383790016174316,UIS_EST,
MOGER.5T8.40510.F,ITA,2017,2.692460060119629,UIS_EST,
MOGER.5T8.40510.F,ITA,2018,2.770659923553467,UIS_EST,
MOGER.5T8.40510.F,ITA,2019,2.930310010910034,UIS_EST,
MOGER.5T8.40510.F,ITA,2020,3.12529993057251,UIS_EST,
MOGER.5T8.40510.F,ITA,2021,3.158329963684082,UIS_EST,
MOGER.5T8.40510.F,ITA,2022,3.264050006866455,UIS_EST,
MOGER.5T8.40510.F,ITA,2023,3.25898003578186,UIS_EST,
MOGER.5T8.40510.F,JAM,2012,1.317280054092407,UIS_EST,
MOGER.5T8.40510.F,JAM,2013,1.397850036621094,UIS_EST,
MOGER.5T8.40510.F,JAM,2014,1.432129979133606,UIS_EST,
MOGER.5T8.40510.F,JAM,2015,1.577209949493408,UIS_EST,
MOGER.5T8.40510.F,JAM,2016,1.995419979095459,UIS_EST,
MOGER.5T8.40510.F,JAM,2017,1.905410051345825,UIS_EST,
MOGER.5T8.40510.F,JAM,2018,2.17960000038147,UIS_EST,
MOGER.5T8.40510.F,JAM,2019,2.372509956359863,UIS_EST,
MOGER.5T8.40510.F,JAM,2020,2.797539949417114,UIS_EST,
MOGER.5T8.40510.F,JAM,2021,2.651669979095459,UIS_EST,
MOGER.5T8.40510.F,JAM,2022,2.381669998168945,UIS_EST,
MOGER.5T8.40510.F,JAM,2023,2.668600082397461,UIS_EST,
MOGER.5T8.40510.F,JOR,2012,1.523399949073792,UIS_EST,
MOGER.5T8.40510.F,JOR,2013,1.832710027694702,UIS_EST,
MOGER.5T8.40510.F,JOR,2014,1.674769997596741,UIS_EST,
MOGER.5T8.40510.F,JOR,2015,1.694120049476624,UIS_EST,
MOGER.5T8.40510.F,JOR,2016,1.744580030441284,UIS_EST,
MOGER.5T8.40510.F,JOR,2017,1.688210010528564,UIS_EST,
MOGER.5T8.40510.F,JOR,2018,1.702239990234375,UIS_EST,
MOGER.5T8.40510.F,JOR,2019,1.826719999313354,UIS_EST,
MOGER.5T8.40510.F,JOR,2020,1.917960047721863,UIS_EST,
MOGER.5T8.40510.F,JOR,2021,1.925969958305359,UIS_EST,
MOGER.5T8.40510.F,JOR,2022,2.034460067749023,UIS_EST,
MOGER.5T8.40510.F,JOR,2023,2.174200057983398,UIS_EST,
MOGER.5T8.40510.F,JPN,2012,0.6234899759292603,UIS_EST,
MOGER.5T8.40510.F,JPN,2013,0.6126499772071838,UIS_EST,
MOGER.5T8.40510.F,JPN,2014,0.6220300197601318,UIS_EST,
MOGER.5T8.40510.F,JPN,2015,0.5697100162506104,UIS_EST,
MOGER.5T8.40510.F,JPN,2016,0.6082900166511536,UIS_EST,
MOGER.5T8.40510.F,JPN,2017,0.5979499816894531,UIS_EST,
MOGER.5T8.40510.F,JPN,2018,0.6237099766731262,UIS_EST,
MOGER.5T8.40510.F,JPN,2019,0.6376199722290039,UIS_EST,
MOGER.5T8.40510.F,JPN,2020,0.6567000150680542,UIS_EST,
MOGER.5T8.40510.F,JPN,2021,0.56836998462677,UIS_EST,
MOGER.5T8.40510.F,JPN,2022,0.6157299876213074,UIS_EST,
MOGER.5T8.40510.F,JPN,2023,0.6685900092124939,UIS_EST,
MOGER.5T8.40510.F,KAZ,2012,0.9418699741363525,UIS_EST,
MOGER.5T8.40510.F,KAZ,2013,1.12746000289917,UIS_EST,
MOGER.5T8.40510.F,KAZ,2014,1.395089983940125,UIS_EST,
MOGER.5T8.40510.F,KAZ,2015,1.569509983062744,UIS_EST,
MOGER.5T8.40510.F,KAZ,2016,1.81876003742218,UIS_EST,
MOGER.5T8.40510.F,KAZ,2017,1.835790038108826,UIS_EST,
MOGER.5T8.40510.F,KAZ,2018,1.753319978713989,UIS_EST,
MOGER.5T8.40510.F,KAZ,2019,1.808480024337769,UIS_EST,
MOGER.5T8.40510.F,KAZ,2020,1.932180047035217,UIS_EST,
MOGER.5T8.40510.F,KAZ,2021,2.028800010681152,UIS_EST,
MOGER.5T8.40510.F,KAZ,2022,2.330019950866699,UIS_EST,
MOGER.5T8.40510.F,KAZ,2023,2.343209981918335,UIS_EST,
MOGER.5T8.40510.F,KEN,2012,0.2626799941062927,UIS_EST,
MOGER.5T8.40510.F,KEN,2013,0.257209986448288,UIS_EST,
MOGER.5T8.40510.F,KEN,2014,0.2672100067138672,UIS_EST,
MOGER.5T8.40510.F,KEN,2015,0.2794600129127502,UIS_EST,
MOGER.5T8.40510.F,KEN,2016,0.2835400104522705,UIS_EST,
MOGER.5T8.40510.F,KEN,2017,0.297109991312027,UIS_EST,
MOGER.5T8.40510.F,KEN,2018,0.3148899972438812,UIS_EST,
MOGER.5T8.40510.F,KEN,2019,0.3161599934101105,UIS_EST,
MOGER.5T8.40510.F,KEN,2020,0.3292100131511688,UIS_EST,
MOGER.5T8.40510.F,KEN,2021,0.3091399967670441,UIS_EST,
MOGER.5T8.40510.F,KEN,2022,0.3382999897003174,UIS_EST,
MOGER.5T8.40510.F,KEN,2023,0.4112200140953064,UIS_EST,
MOGER.5T8.40510.F,KGZ,2012,0.4624600112438202,UIS_EST,
MOGER.5T8.40510.F,KGZ,2013,0.5211499929428101,UIS_EST,
MOGER.5T8.40510.F,KGZ,2014,0.779699981212616,UIS_EST,
MOGER.5T8.40510.F,KGZ,2015,0.8474000096321106,UIS_EST,
MOGER.5T8.40510.F,KGZ,2016,0.987500011920929,UIS_EST,
MOGER.5T8.40510.F,KGZ,2017,1.015910029411316,UIS_EST,
MOGER.5T8.40510.F,KGZ,2018,1.031800031661987,UIS_EST,
MOGER.5T8.40510.F,KGZ,2019,1.112619996070862,UIS_EST,
MOGER.5T8.40510.F,KGZ,2020,1.184450030326843,UIS_EST,
MOGER.5T8.40510.F,KGZ,2021,1.235509991645813,UIS_EST,
MOGER.5T8.40510.F,KGZ,2022,1.449319958686829,UIS_EST,
MOGER.5T8.40510.F,KGZ,2023,1.552549958229065,UIS_EST,
MOGER.5T8.40510.F,KHM,2012,0.1569599956274033,UIS_EST,
MOGER.5T8.40510.F,KHM,2013,0.1699900031089783,UIS_EST,
MOGER.5T8.40510.F,KHM,2014,0.213139995932579,UIS_EST,
MOGER.5T8.40510.F,KHM,2015,0.2170100063085556,UIS_EST,
MOGER.5T8.40510.F,KHM,2016,0.2435200065374374,UIS_EST,
MOGER.5T8.40510.F,KHM,2017,0.2958999872207642,UIS_EST,
MOGER.5T8.40510.F,KHM,2018,0.3442899882793427,UIS_EST,
MOGER.5T8.40510.F,KHM,2019,0.4000400006771088,UIS_EST,
MOGER.5T8.40510.F,KHM,2020,0.4427700042724609,UIS_EST,
MOGER.5T8.40510.F,KHM,2021,0.4387899935245514,UIS_EST,
MOGER.5T8.40510.F,KHM,2022,0.4429999887943268,UIS_EST,
MOGER.5T8.40510.F,KHM,2023,0.476830005645752,UIS_EST,
MOGER.5T8.40510.F,KIR,2012,5.972390174865723,UIS_EST,
MOGER.5T8.40510.F,KIR,2013,6.121809959411621,UIS_EST,
MOGER.5T8.40510.F,KIR,2014,5.414519786834717,UIS_EST,
MOGER.5T8.40510.F,KIR,2015,5.821609973907471,UIS_EST,
MOGER.5T8.40510.F,KIR,2016,5.979400157928467,UIS_EST,
MOGER.5T8.40510.F,KIR,2017,5.980860233306885,UIS_EST,
MOGER.5T8.40510.F,KIR,2018,4.994359970092773,UIS_EST,
MOGER.5T8.40510.F,KIR,2019,5.369919776916504,UIS_EST,
MOGER.5T8.40510.F,KIR,2020,5.842460155487061,UIS_EST,
MOGER.5T8.40510.F,KIR,2021,5.758699893951416,UIS_EST,
MOGER.5T8.40510.F,KIR,2022,4.866700172424316,UIS_EST,
MOGER.5T8.40510.F,KIR,2023,5.20205020904541,UIS_EST,
MOGER.5T8.40510.F,KNA,2012,5.652629852294922,UIS_EST,
MOGER.5T8.40510.F,KNA,2013,7.213940143585205,UIS_EST,
MOGER.5T8.40510.F,KNA,2014,6.772689819335938,UIS_EST,
MOGER.5T8.40510.F,KNA,2015,7.271080017089844,UIS_EST,
MOGER.5T8.40510.F,KNA,2016,7.750850200653076,UIS_EST,
MOGER.5T8.40510.F,KNA,2017,10.52106952667236,UIS_EST,
MOGER.5T8.40510.F,KNA,2018,8.987110137939453,UIS_EST,
MOGER.5T8.40510.F,KNA,2019,10.02106952667236,UIS_EST,
MOGER.5T8.40510.F,KNA,2020,13.29351043701172,UIS_EST,
MOGER.5T8.40510.F,KNA,2021,11.35809993743896,UIS_EST,
MOGER.5T8.40510.F,KNA,2022,10.66767978668213,UIS_EST,
MOGER.5T8.40510.F,KNA,2023,10.49407005310059,UIS_EST,
MOGER.5T8.40510.F,KOR,2012,3.226579904556274,UIS_EST,
MOGER.5T8.40510.F,KOR,2013,3.495120048522949,UIS_EST,
MOGER.5T8.40510.F,KOR,2014,3.351300001144409,UIS_EST,
MOGER.5T8.40510.F,KOR,2015,3.254489898681641,UIS_EST,
MOGER.5T8.40510.F,KOR,2016,3.360949993133545,UIS_EST,
MOGER.5T8.40510.F,KOR,2017,3.537620067596436,UIS_EST,
MOGER.5T8.40510.F,KOR,2018,3.387979984283447,UIS_EST,
MOGER.5T8.40510.F,KOR,2019,3.531519889831543,UIS_EST,
MOGER.5T8.40510.F,KOR,2020,3.93107008934021,UIS_EST,
MOGER.5T8.40510.F,KOR,2021,3.507270097732544,UIS_EST,
MOGER.5T8.40510.F,KOR,2022,3.528229951858521,UIS_EST,
MOGER.5T8.40510.F,KOR,2023,4.009389877319336,UIS_EST,
MOGER.5T8.40510.F,KWT,2012,4.551300048828125,UIS_EST,
MOGER.5T8.40510.F,KWT,2013,4.492030143737793,UIS_EST,
MOGER.5T8.40510.F,KWT,2014,5.647319793701172,UIS_EST,
MOGER.5T8.40510.F,KWT,2015,6.69290018081665,UIS_EST,
MOGER.5T8.40510.F,KWT,2016,8.001629829406738,UIS_EST,
MOGER.5T8.40510.F,KWT,2017,8.016180038452148,UIS_EST,
MOGER.5T8.40510.F,KWT,2018,8.09811019897461,UIS_EST,
MOGER.5T8.40510.F,KWT,2019,7.755440235137939,UIS_EST,
MOGER.5T8.40510.F,KWT,2020,7.818140029907227,UIS_EST,
MOGER.5T8.40510.F,KWT,2021,7.233540058135986,UIS_EST,
MOGER.5T8.40510.F,KWT,2022,8.15820026397705,UIS_EST,
MOGER.5T8.40510.F,KWT,2023,7.732870101928711,UIS_EST,
MOGER.5T8.40510.F,LAO,2012,0.3660100102424622,UIS_EST,
MOGER.5T8.40510.F,LAO,2013,0.4251199960708618,UIS_EST,
MOGER.5T8.40510.F,LAO,2014,0.2826099991798401,UIS_EST,
MOGER.5T8.40510.F,LAO,2015,0.2720600068569183,UIS_EST,
MOGER.5T8.40510.F,LAO,2016,0.5882999897003174,UIS_EST,
MOGER.5T8.40510.F,LAO,2017,0.4318599998950958,UIS_EST,
MOGER.5T8.40510.F,LAO,2018,0.6375300288200378,UIS_EST,
MOGER.5T8.40510.F,LAO,2019,0.9048299789428711,UIS_EST,
MOGER.5T8.40510.F,LAO,2020,1.023280024528503,UIS_EST,
MOGER.5T8.40510.F,LAO,2021,0.9646400213241577,UIS_EST,
MOGER.5T8.40510.F,LAO,2022,0.9466500282287598,UIS_EST,
MOGER.5T8.40510.F,LAO,2023,0.9823200106620789,UIS_EST,
MOGER.5T8.40510.F,LBN,2012,1.902430057525635,UIS_EST,
MOGER.5T8.40510.F,LBN,2013,1.898650050163269,UIS_EST,
MOGER.5T8.40510.F,LBN,2014,1.827370047569275,UIS_EST,
MOGER.5T8.40510.F,LBN,2015,1.938470005989075,UIS_EST,
MOGER.5T8.40510.F,LBN,2016,2.223789930343628,UIS_EST,
MOGER.5T8.40510.F,LBN,2017,2.537230014801025,UIS_EST,
MOGER.5T8.40510.F,LBN,2018,2.679640054702759,UIS_EST,
MOGER.5T8.40510.F,LBN,2019,2.756829977035522,UIS_EST,
MOGER.5T8.40510.F,LBN,2020,3.256589889526367,UIS_EST,
MOGER.5T8.40510.F,LBN,2021,3.94513988494873,UIS_EST,
MOGER.5T8.40510.F,LBN,2022,4.768849849700928,UIS_EST,
MOGER.5T8.40510.F,LBN,2023,5.344180107116699,UIS_EST,
MOGER.5T8.40510.F,LBR,2012,0.0909700021147728,UIS_EST,
MOGER.5T8.40510.F,LBR,2013,0.1055900007486343,UIS_EST,
MOGER.5T8.40510.F,LBR,2014,0.1134100034832954,UIS_EST,
MOGER.5T8.40510.F,LBR,2015,0.1385200023651123,UIS_EST,
MOGER.5T8.40510.F,LBR,2016,0.1233799979090691,UIS_EST,
MOGER.5T8.40510.F,LBR,2017,0.1164399981498718,UIS_EST,
MOGER.5T8.40510.F,LBR,2018,0.1272100061178207,UIS_EST,
MOGER.5T8.40510.F,LBR,2019,0.1025900021195412,UIS_EST,
MOGER.5T8.40510.F,LBR,2020,0.151529997587204,UIS_EST,
MOGER.5T8.40510.F,LBR,2021,0.2007800042629242,UIS_EST,
MOGER.5T8.40510.F,LBR,2022,0.2307000011205673,UIS_EST,
MOGER.5T8.40510.F,LBR,2023,0.3351100087165833,UIS_EST,
MOGER.5T8.40510.F,LBY,2012,0.6403999924659729,UIS_EST,
MOGER.5T8.40510.F,LBY,2013,0.7123600244522095,UIS_EST,
MOGER.5T8.40510.F,LBY,2014,0.8959100246429443,UIS_EST,
MOGER.5T8.40510.F,LBY,2015,1.065039992332458,UIS_EST,
MOGER.5T8.40510.F,LBY,2016,1.226340055465698,UIS_EST,
MOGER.5T8.40510.F,LBY,2017,1.079040050506592,UIS_EST,
MOGER.5T8.40510.F,LBY,2018,0.9013500213623047,UIS_EST,
MOGER.5T8.40510.F,LBY,2019,0.8072900176048279,UIS_EST,
MOGER.5T8.40510.F,LBY,2020,0.7799299955368042,UIS_EST,
MOGER.5T8.40510.F,LBY,2021,0.7521299719810486,UIS_EST,
MOGER.5T8.40510.F,LBY,2022,0.7781100273132324,UIS_EST,
MOGER.5T8.40510.F,LBY,2023,0.746969997882843,UIS_EST,
MOGER.5T8.40510.F,LCA,2012,5.929870128631592,UIS_EST,
MOGER.5T8.40510.F,LCA,2013,5.444340229034424,UIS_EST,
MOGER.5T8.40510.F,LCA,2014,5.358049869537354,UIS_EST,
MOGER.5T8.40510.F,LCA,2015,5.047009944915771,UIS_EST,
MOGER.5T8.40510.F,LCA,2016,5.388259887695313,UIS_EST,
MOGER.5T8.40510.F,LCA,2017,5.683159828186035,UIS_EST,
MOGER.5T8.40510.F,LCA,2018,6.128029823303223,UIS_EST,
MOGER.5T8.40510.F,LCA,2019,5.870669841766357,UIS_EST,
MOGER.5T8.40510.F,LCA,2020,6.532479763031006,UIS_EST,
MOGER.5T8.40510.F,LCA,2021,6.240220069885254,UIS_EST,
MOGER.5T8.40510.F,LCA,2022,6.181960105895996,UIS_EST,
MOGER.5T8.40510.F,LCA,2023,6.648859977722168,UIS_EST,
MOGER.5T8.40510.F,LIE,2012,41.74042129516602,UIS_EST,
MOGER.5T8.40510.F,LIE,2013,42.75215148925781,UIS_EST,
MOGER.5T8.40510.F,LIE,2014,44.30572128295898,UIS_EST,
MOGER.5T8.40510.F,LIE,2015,45.18735885620117,UIS_EST,
MOGER.5T8.40510.F,LIE,2016,43.70204162597656,UIS_EST,
MOGER.5T8.40510.F,LIE,2017,44.09748840332031,UIS_EST,
MOGER.5T8.40510.F,LIE,2018,48.89506149291992,UIS_EST,
MOGER.5T8.40510.F,LIE,2019,53.04109954833984,UIS_EST,
MOGER.5T8.40510.F,LIE,2020,54.02399826049805,UIS_EST,
MOGER.5T8.40510.F,LIE,2021,56.60231018066406,UIS_EST,
MOGER.5T8.40510.F,LIE,2022,59.73830032348633,UIS_EST,
MOGER.5T8.40510.F,LIE,2023,59.12001037597656,UIS_EST,
MOGER.5T8.40510.F,LKA,2012,0.6891300082206726,UIS_EST,
MOGER.5T8.40510.F,LKA,2013,0.6938400268554688,UIS_EST,
MOGER.5T8.40510.F,LKA,2014,0.7341399788856506,UIS_EST,
MOGER.5T8.40510.F,LKA,2015,0.8288699984550476,UIS_EST,
MOGER.5T8.40510.F,LKA,2016,0.8917700052261353,UIS_EST,
MOGER.5T8.40510.F,LKA,2017,0.9803299903869629,UIS_EST,
MOGER.5T8.40510.F,LKA,2018,1.153730034828186,UIS_EST,
MOGER.5T8.40510.F,LKA,2019,1.389449954032898,UIS_EST,
MOGER.5T8.40510.F,LKA,2020,1.516839981079102,UIS_EST,
MOGER.5T8.40510.F,LKA,2021,1.47163999080658,UIS_EST,
MOGER.5T8.40510.F,LKA,2022,1.623530030250549,UIS_EST,
MOGER.5T8.40510.F,LKA,2023,2.304699897766113,UIS_EST,
MOGER.5T8.40510.F,LSO,2012,1.333670020103455,UIS_EST,
MOGER.5T8.40510.F,LSO,2013,1.426689982414246,UIS_EST,
MOGER.5T8.40510.F,LSO,2014,1.473299980163574,UIS_EST,
MOGER.5T8.40510.F,LSO,2015,1.336300015449524,UIS_EST,
MOGER.5T8.40510.F,LSO,2016,1.494979977607727,UIS_EST,
MOGER.5T8.40510.F,LSO,2017,1.490309953689575,UIS_EST,
MOGER.5T8.40510.F,LSO,2018,1.519209980964661,UIS_EST,
MOGER.5T8.40510.F,LSO,2019,1.465260028839111,UIS_EST,
MOGER.5T8.40510.F,LSO,2020,1.28768002986908,UIS_EST,
MOGER.5T8.40510.F,LSO,2021,1.164639949798584,UIS_EST,
MOGER.5T8.40510.F,LSO,2022,1.216079950332642,UIS_EST,
MOGER.5T8.40510.F,LSO,2023,1.286589980125427,UIS_EST,
MOGER.5T8.40510.F,LTU,2012,6.501269817352295,UIS_EST,
MOGER.5T8.40510.F,LTU,2013,6.562849998474121,UIS_EST,
MOGER.5T8.40510.F,LTU,2014,6.542459964752197,UIS_EST,
MOGER.5T8.40510.F,LTU,2015,6.415810108184814,UIS_EST,
MOGER.5T8.40510.F,LTU,2016,6.37028980255127,UIS_EST,
MOGER.5T8.40510.F,LTU,2017,6.667630195617676,UIS_EST,
MOGER.5T8.40510.F,LTU,2018,7.223800182342529,UIS_EST,
MOGER.5T8.40510.F,LTU,2019,7.663280010223389,UIS_EST,
MOGER.5T8.40510.F,LTU,2020,7.822720050811768,UIS_EST,
MOGER.5T8.40510.F,LTU,2021,7.804510116577148,UIS_EST,
MOGER.5T8.40510.F,LTU,2022,7.229949951171875,UIS_EST,
MOGER.5T8.40510.F,LTU,2023,6.243420124053955,UIS_EST,
MOGER.5T8.40510.F,LUX,2012,24.72134971618652,UIS_EST,
MOGER.5T8.40510.F,LUX,2013,29.24123001098633,UIS_EST,
MOGER.5T8.40510.F,LUX,2014,30.63961029052734,UIS_EST,
MOGER.5T8.40510.F,LUX,2015,31.06262969970703,UIS_EST,
MOGER.5T8.40510.F,LUX,2016,31.84296989440918,UIS_EST,
MOGER.5T8.40510.F,LUX,2017,32.50173187255859,UIS_EST,
MOGER.5T8.40510.F,LUX,2018,34.21028137207031,UIS_EST,
MOGER.5T8.40510.F,LUX,2019,35.44615936279297,UIS_EST,
MOGER.5T8.40510.F,LUX,2020,37.58581161499023,UIS_EST,
MOGER.5T8.40510.F,LUX,2021,39.71601104736328,UIS_EST,
MOGER.5T8.40510.F,LUX,2022,40.64616012573242,UIS_EST,
MOGER.5T8.40510.F,LUX,2023,40.5275993347168,UIS_EST,
MOGER.5T8.40510.F,LVA,2012,5.032700061798096,UIS_EST,
MOGER.5T8.40510.F,LVA,2013,5.329370021820068,UIS_EST,
MOGER.5T8.40510.F,LVA,2014,5.391339778900146,UIS_EST,
MOGER.5T8.40510.F,LVA,2015,5.549220085144043,UIS_EST,
MOGER.5T8.40510.F,LVA,2016,6.005320072174072,UIS_EST,
MOGER.5T8.40510.F,LVA,2017,6.416029930114746,UIS_EST,
MOGER.5T8.40510.F,LVA,2018,6.499390125274658,UIS_EST,
MOGER.5T8.40510.F,LVA,2019,6.600570201873779,UIS_EST,
MOGER.5T8.40510.F,LVA,2020,6.831820011138916,UIS_EST,
MOGER.5T8.40510.F,LVA,2021,6.901249885559082,UIS_EST,
MOGER.5T8.40510.F,LVA,2022,6.312489986419678,UIS_EST,
MOGER.5T8.40510.F,LVA,2023,5.58119010925293,UIS_EST,
MOGER.5T8.40510.F,MAC,2012,3.078480005264282,UIS_EST,
MOGER.5T8.40510.F,MAC,2013,4.298359870910645,UIS_EST,
MOGER.5T8.40510.F,MAC,2014,4.408329963684082,UIS_EST,
MOGER.5T8.40510.F,MAC,2015,6.347050189971924,UIS_EST,
MOGER.5T8.40510.F,MAC,2016,6.287700176239014,UIS_EST,
MOGER.5T8.40510.F,MAC,2017,9.735730171203613,UIS_EST,
MOGER.5T8.40510.F,MAC,2018,6.433149814605713,UIS_EST,
MOGER.5T8.40510.F,MAC,2019,6.382669925689697,UIS_EST,
MOGER.5T8.40510.F,MAC,2020,6.189310073852539,UIS_EST,
MOGER.5T8.40510.F,MAC,2021,6.189839839935303,UIS_EST,
MOGER.5T8.40510.F,MAC,2022,5.984779834747314,UIS_EST,
MOGER.5T8.40510.F,MAC,2023,5.765359878540039,UIS_EST,
MOGER.5T8.40510.F,MAR,2012,1.110499978065491,UIS_EST,
MOGER.5T8.40510.F,MAR,2013,1.004590034484863,UIS_EST,
MOGER.5T8.40510.F,MAR,2014,1.098819971084595,UIS_EST,
MOGER.5T8.40510.F,MAR,2015,1.182160019874573,UIS_EST,
MOGER.5T8.40510.F,MAR,2016,1.269880056381226,UIS_EST,
MOGER.5T8.40510.F,MAR,2017,1.396160006523132,UIS_EST,
MOGER.5T8.40510.F,MAR,2018,1.441709995269775,UIS_EST,
MOGER.5T8.40510.F,MAR,2019,1.55417001247406,UIS_EST,
MOGER.5T8.40510.F,MAR,2020,1.753379940986633,UIS_EST,
MOGER.5T8.40510.F,MAR,2021,1.993919968605042,UIS_EST,
MOGER.5T8.40510.F,MAR,2022,2.184530019760132,UIS_EST,
MOGER.5T8.40510.F,MAR,2023,2.286920070648193,UIS_EST,
MOGER.5T8.40510.F,MCO,2016,26.84814071655273,UIS_EST,
MOGER.5T8.40510.F,MDA,2014,8.606280326843262,UIS_EST,
MOGER.5T8.40510.F,MDA,2015,8.231169700622559,UIS_EST,
MOGER.5T8.40510.F,MDA,2016,9.310569763183594,UIS_EST,
MOGER.5T8.40510.F,MDA,2017,10.27904033660889,UIS_EST,
MOGER.5T8.40510.F,MDA,2018,11.90987014770508,UIS_EST,
MOGER.5T8.40510.F,MDA,2019,13.78721046447754,UIS_EST,
MOGER.5T8.40510.F,MDA,2020,13.63578987121582,UIS_EST,
MOGER.5T8.40510.F,MDG,2012,0.2386900037527084,UIS_EST,
MOGER.5T8.40510.F,MDG,2013,0.2017000019550323,UIS_EST,
MOGER.5T8.40510.F,MDG,2014,0.1920100003480911,UIS_EST,
MOGER.5T8.40510.F,MDG,2015,0.1889200061559677,UIS_EST,
MOGER.5T8.40510.F,MDG,2016,0.1905699968338013,UIS_EST,
MOGER.5T8.40510.F,MDG,2017,0.1904799938201904,UIS_EST,
MOGER.5T8.40510.F,MDG,2018,0.1819600015878677,UIS_EST,
MOGER.5T8.40510.F,MDG,2019,0.1783300042152405,UIS_EST,
MOGER.5T8.40510.F,MDG,2020,0.1835599988698959,UIS_EST,
MOGER.5T8.40510.F,MDG,2021,0.1913399994373322,UIS_EST,
MOGER.5T8.40510.F,MDG,2022,0.1931499987840652,UIS_EST,
MOGER.5T8.40510.F,MDG,2023,0.216059997677803,UIS_EST,
MOGER.5T8.40510.F,MDG: Caribbean,2012,0.8707399964332581,,
MOGER.5T8.40510.F,MDG: Caribbean,2013,0.9433599710464478,,
MOGER.5T8.40510.F,MDG: Caribbean,2014,0.964680016040802,,
MOGER.5T8.40510.F,MDG: Caribbean,2015,0.9574199914932251,,
MOGER.5T8.40510.F,MDG: Caribbean,2016,1.03659999370575,,
MOGER.5T8.40510.F,MDG: Caribbean,2017,1.0485999584198,,
MOGER.5T8.40510.F,MDG: Caribbean,2018,1.078490018844604,,
MOGER.5T8.40510.F,MDG: Caribbean,2019,1.108680009841919,,
MOGER.5T8.40510.F,MDG: Caribbean,2020,1.203520059585571,,
MOGER.5T8.40510.F,MDG: Caribbean,2021,1.275300025939941,,
MOGER.5T8.40510.F,MDG: Caribbean,2022,1.181280016899109,,
MOGER.5T8.40510.F,MDG: Caribbean,2023,1.2674800157547,,
MOGER.5T8.40510.F,MDG: Caucasus and Central Asia,2012,0.6747300028800964,,
MOGER.5T8.40510.F,MDG: Caucasus and Central Asia,2013,0.7663800120353699,,
MOGER.5T8.40510.F,MDG: Caucasus and Central Asia,2014,0.987339973449707,,
MOGER.5T8.40510.F,MDG: Caucasus and Central Asia,2015,1.070469975471497,,
MOGER.5T8.40510.F,MDG: Caucasus and Central Asia,2016,1.158910036087036,,
MOGER.5T8.40510.F,MDG: Caucasus and Central Asia,2017,1.205979943275452,,
MOGER.5T8.40510.F,MDG: Caucasus and Central Asia,2018,1.233180046081543,,
MOGER.5T8.40510.F,MDG: Caucasus and Central Asia,2019,1.480909943580627,,
MOGER.5T8.40510.F,MDG: Caucasus and Central Asia,2020,2.011579990386963,,
MOGER.5T8.40510.F,MDG: Caucasus and Central Asia,2021,2.44665002822876,,
MOGER.5T8.40510.F,MDG: Caucasus and Central Asia,2022,2.678100109100342,,
MOGER.5T8.40510.F,MDG: Caucasus and Central Asia,2023,2.451740026473999,,
MOGER.5T8.40510.F,MDG: Developed regions,2012,1.415449976921082,,
MOGER.5T8.40510.F,MDG: Developed regions,2013,1.480280041694641,,
MOGER.5T8.40510.F,MDG: Developed regions,2014,1.564540028572083,,
MOGER.5T8.40510.F,MDG: Developed regions,2015,1.650040030479431,,
MOGER.5T8.40510.F,MDG: Developed regions,2016,1.740180015563965,,
MOGER.5T8.40510.F,MDG: Developed regions,2017,1.831269979476929,,
MOGER.5T8.40510.F,MDG: Developed regions,2018,1.868420004844666,,
MOGER.5T8.40510.F,MDG: Developed regions,2019,1.897799968719482,,
MOGER.5T8.40510.F,MDG: Developed regions,2020,1.986379981040955,,
MOGER.5T8.40510.F,MDG: Developed regions,2021,2.009660005569458,,
MOGER.5T8.40510.F,MDG: Developed regions,2022,2.029969930648804,,
MOGER.5T8.40510.F,MDG: Developed regions,2023,2.06043004989624,,
MOGER.5T8.40510.F,MDG: Developing regions,2012,0.396479994058609,,
MOGER.5T8.40510.F,MDG: Developing regions,2013,0.4251100122928619,,
MOGER.5T8.40510.F,MDG: Developing regions,2014,0.4644800126552582,,
MOGER.5T8.40510.F,MDG: Developing regions,2015,0.5048499703407288,,
MOGER.5T8.40510.F,MDG: Developing regions,2016,0.5475000143051147,,
MOGER.5T8.40510.F,MDG: Developing regions,2017,0.5868300199508667,,
MOGER.5T8.40510.F,MDG: Developing regions,2018,0.6240900158882141,,
MOGER.5T8.40510.F,MDG: Developing regions,2019,0.6733099818229675,,
MOGER.5T8.40510.F,MDG: Developing regions,2020,0.7281799912452698,,
MOGER.5T8.40510.F,MDG: Developing regions,2021,0.7142500281333923,,
MOGER.5T8.40510.F,MDG: Developing regions,2022,0.7570899724960327,,
MOGER.5T8.40510.F,MDG: Developing regions,2023,0.8317300081253052,,
MOGER.5T8.40510.F,MDG: Eastern Asia,2012,0.7435399889945984,,
MOGER.5T8.40510.F,MDG: Eastern Asia,2013,0.8549100160598755,,
MOGER.5T8.40510.F,MDG: Eastern Asia,2014,0.984969973564148,,
MOGER.5T8.40510.F,MDG: Eastern Asia,2015,1.107859969139099,,
MOGER.5T8.40510.F,MDG: Eastern Asia,2016,1.218009948730469,,
MOGER.5T8.40510.F,MDG: Eastern Asia,2017,1.359859943389893,,
MOGER.5T8.40510.F,MDG: Eastern Asia,2018,1.479740023612976,,
MOGER.5T8.40510.F,MDG: Eastern Asia,2019,1.572690010070801,,
MOGER.5T8.40510.F,MDG: Eastern Asia,2020,1.695250034332275,,
MOGER.5T8.40510.F,MDG: Eastern Asia,2021,1.578310012817383,,
MOGER.5T8.40510.F,MDG: Eastern Asia,2022,1.580270051956177,,
MOGER.5T8.40510.F,MDG: Eastern Asia,2023,1.644359946250916,,
MOGER.5T8.40510.F,MDG: Eastern Asia (excluding China),2012,2.370599985122681,,
MOGER.5T8.40510.F,MDG: Eastern Asia (excluding China),2013,2.594300031661987,,
MOGER.5T8.40510.F,MDG: Eastern Asia (excluding China),2014,2.564769983291626,,
MOGER.5T8.40510.F,MDG: Eastern Asia (excluding China),2015,2.550189971923828,,
MOGER.5T8.40510.F,MDG: Eastern Asia (excluding China),2016,2.676350116729736,,
MOGER.5T8.40510.F,MDG: Eastern Asia (excluding China),2017,2.830049991607666,,
MOGER.5T8.40510.F,MDG: Eastern Asia (excluding China),2018,2.780550003051758,,
MOGER.5T8.40510.F,MDG: Eastern Asia (excluding China),2019,2.906820058822632,,
MOGER.5T8.40510.F,MDG: Eastern Asia (excluding China),2020,3.157749891281128,,
MOGER.5T8.40510.F,MDG: Eastern Asia (excluding China),2021,2.922270059585571,,
MOGER.5T8.40510.F,MDG: Eastern Asia (excluding China),2022,2.989429950714111,,
MOGER.5T8.40510.F,MDG: Eastern Asia (excluding China),2023,3.401439905166626,,
MOGER.5T8.40510.F,MDG: Latin America,2012,0.4651699960231781,,
MOGER.5T8.40510.F,MDG: Latin America,2013,0.4713200032711029,,
MOGER.5T8.40510.F,MDG: Latin America,2014,0.4911099970340729,,
MOGER.5T8.40510.F,MDG: Latin America,2015,0.5256500244140625,,
MOGER.5T8.40510.F,MDG: Latin America,2016,0.551069974899292,,
MOGER.5T8.40510.F,MDG: Latin America,2017,0.6129299998283386,,
MOGER.5T8.40510.F,MDG: Latin America,2018,0.6815099716186523,,
MOGER.5T8.40510.F,MDG: Latin America,2019,0.7423800230026245,,
MOGER.5T8.40510.F,MDG: Latin America,2020,0.816100001335144,,
MOGER.5T8.40510.F,MDG: Latin America,2021,0.8120700120925903,,
MOGER.5T8.40510.F,MDG: Latin America,2022,0.894349992275238,,
MOGER.5T8.40510.F,MDG: Latin America,2023,0.9152600169181824,,
MOGER.5T8.40510.F,MDG: Latin America and the Caribbean,2012,0.4920699894428253,,
MOGER.5T8.40510.F,MDG: Latin America and the Caribbean,2013,0.5020700097084045,,
MOGER.5T8.40510.F,MDG: Latin America and the Caribbean,2014,0.5215200185775757,,
MOGER.5T8.40510.F,MDG: Latin America and the Caribbean,2015,0.5530400276184082,,
MOGER.5T8.40510.F,MDG: Latin America and the Caribbean,2016,0.5816699862480164,,
MOGER.5T8.40510.F,MDG: Latin America and the Caribbean,2017,0.6402999758720398,,
MOGER.5T8.40510.F,MDG: Latin America and the Caribbean,2018,0.7063400149345398,,
MOGER.5T8.40510.F,MDG: Latin America and the Caribbean,2019,0.7654100060462952,,
MOGER.5T8.40510.F,MDG: Latin America and the Caribbean,2020,0.8407899737358093,,
MOGER.5T8.40510.F,MDG: Latin America and the Caribbean,2021,0.8415600061416626,,
MOGER.5T8.40510.F,MDG: Latin America and the Caribbean,2022,0.9125400185585022,,
MOGER.5T8.40510.F,MDG: Latin America and the Caribbean,2023,0.9376999735832214,,
MOGER.5T8.40510.F,MDG: Northern Africa,2012,0.5128399729728699,,
MOGER.5T8.40510.F,MDG: Northern Africa,2013,0.483570009469986,,
MOGER.5T8.40510.F,MDG: Northern Africa,2014,0.5303400158882141,,
MOGER.5T8.40510.F,MDG: Northern Africa,2015,0.566510021686554,,
MOGER.5T8.40510.F,MDG: Northern Africa,2016,0.6248499751091003,,
MOGER.5T8.40510.F,MDG: Northern Africa,2017,0.6868299841880798,,
MOGER.5T8.40510.F,MDG: Northern Africa,2018,0.7273100018501282,,
MOGER.5T8.40510.F,MDG: Northern Africa,2019,0.769599974155426,,
MOGER.5T8.40510.F,MDG: Northern Africa,2020,0.8307099938392639,,
MOGER.5T8.40510.F,MDG: Northern Africa,2021,0.9064900279045105,,
MOGER.5T8.40510.F,MDG: Northern Africa,2022,0.9889299869537354,,
MOGER.5T8.40510.F,MDG: Northern Africa,2023,1.031370043754578,,
MOGER.5T8.40510.F,MDG: Oceania,2012,0.6246500015258789,,
MOGER.5T8.40510.F,MDG: Oceania,2013,0.6615700125694275,,
MOGER.5T8.40510.F,MDG: Oceania,2014,0.7104099988937378,,
MOGER.5T8.40510.F,MDG: Oceania,2015,0.6746799945831299,,
MOGER.5T8.40510.F,MDG: Oceania,2016,0.7306900024414062,,
MOGER.5T8.40510.F,MDG: Oceania,2017,0.7129499912261963,,
MOGER.5T8.40510.F,MDG: Oceania,2018,0.7080000042915344,,
MOGER.5T8.40510.F,MDG: Oceania,2019,0.7573699951171875,,
MOGER.5T8.40510.F,MDG: Oceania,2020,0.7192299962043762,,
MOGER.5T8.40510.F,MDG: Oceania,2021,0.619379997253418,,
MOGER.5T8.40510.F,MDG: Oceania,2022,0.5972599983215332,,
MOGER.5T8.40510.F,MDG: Oceania,2023,0.754580020904541,,
MOGER.5T8.40510.F,MDG: South-eastern Asia,2012,0.3930999934673309,,
MOGER.5T8.40510.F,MDG: South-eastern Asia,2013,0.4168800115585327,,
MOGER.5T8.40510.F,MDG: South-eastern Asia,2014,0.4376400113105774,,
MOGER.5T8.40510.F,MDG: South-eastern Asia,2015,0.4762499928474426,,
MOGER.5T8.40510.F,MDG: South-eastern Asia,2016,0.5314000248908997,,
MOGER.5T8.40510.F,MDG: South-eastern Asia,2017,0.5622199773788452,,
MOGER.5T8.40510.F,MDG: South-eastern Asia,2018,0.6089000105857849,,
MOGER.5T8.40510.F,MDG: South-eastern Asia,2019,0.6713500022888184,,
MOGER.5T8.40510.F,MDG: South-eastern Asia,2020,0.7148799896240234,,
MOGER.5T8.40510.F,MDG: South-eastern Asia,2021,0.6804599761962891,,
MOGER.5T8.40510.F,MDG: South-eastern Asia,2022,0.6888300180435181,,
MOGER.5T8.40510.F,MDG: South-eastern Asia,2023,0.7441200017929077,,
MOGER.5T8.40510.F,MDG: Southern Asia,2012,0.1287699937820435,,
MOGER.5T8.40510.F,MDG: Southern Asia,2013,0.1354600042104721,,
MOGER.5T8.40510.F,MDG: Southern Asia,2014,0.1492899954319,,
MOGER.5T8.40510.F,MDG: Southern Asia,2015,0.1725299954414368,,
MOGER.5T8.40510.F,MDG: Southern Asia,2016,0.205939993262291,,
MOGER.5T8.40510.F,MDG: Southern Asia,2017,0.2283599972724915,,
MOGER.5T8.40510.F,MDG: Southern Asia,2018,0.2595199942588806,,
MOGER.5T8.40510.F,MDG: Southern Asia,2019,0.3122900128364563,,
MOGER.5T8.40510.F,MDG: Southern Asia,2020,0.359389990568161,,
MOGER.5T8.40510.F,MDG: Southern Asia,2021,0.362960010766983,,
MOGER.5T8.40510.F,MDG: Southern Asia,2022,0.4321300089359283,,
MOGER.5T8.40510.F,MDG: Southern Asia,2023,0.5748299956321716,,
MOGER.5T8.40510.F,MDG: Southern Asia (excluding India),2012,0.2054899930953979,,
MOGER.5T8.40510.F,MDG: Southern Asia (excluding India),2013,0.2219499945640564,,
MOGER.5T8.40510.F,MDG: Southern Asia (excluding India),2014,0.2460200041532516,,
MOGER.5T8.40510.F,MDG: Southern Asia (excluding India),2015,0.268559992313385,,
MOGER.5T8.40510.F,MDG: Southern Asia (excluding India),2016,0.3058899939060211,,
MOGER.5T8.40510.F,MDG: Southern Asia (excluding India),2017,0.332040011882782,,
MOGER.5T8.40510.F,MDG: Southern Asia (excluding India),2018,0.3772999942302704,,
MOGER.5T8.40510.F,MDG: Southern Asia (excluding India),2019,0.4137699902057648,,
MOGER.5T8.40510.F,MDG: Southern Asia (excluding India),2020,0.4600200057029724,,
MOGER.5T8.40510.F,MDG: Southern Asia (excluding India),2021,0.4683800041675568,,
MOGER.5T8.40510.F,MDG: Southern Asia (excluding India),2022,0.5261200070381165,,
MOGER.5T8.40510.F,MDG: Southern Asia (excluding India),2023,0.6466400027275085,,
MOGER.5T8.40510.F,MDG: Sub-Saharan Africa,2012,0.2659600079059601,,
MOGER.5T8.40510.F,MDG: Sub-Saharan Africa,2013,0.2690300047397614,,
MOGER.5T8.40510.F,MDG: Sub-Saharan Africa,2014,0.2917200028896332,,
MOGER.5T8.40510.F,MDG: Sub-Saharan Africa,2015,0.3010100126266479,,
MOGER.5T8.40510.F,MDG: Sub-Saharan Africa,2016,0.3099499940872192,,
MOGER.5T8.40510.F,MDG: Sub-Saharan Africa,2017,0.3083199858665466,,
MOGER.5T8.40510.F,MDG: Sub-Saharan Africa,2018,0.3002099990844727,,
MOGER.5T8.40510.F,MDG: Sub-Saharan Africa,2019,0.2999599874019623,,
MOGER.5T8.40510.F,MDG: Sub-Saharan Africa,2020,0.3127099871635437,,
MOGER.5T8.40510.F,MDG: Sub-Saharan Africa,2021,0.3252600133419037,,
MOGER.5T8.40510.F,MDG: Sub-Saharan Africa,2022,0.3564200103282928,,
MOGER.5T8.40510.F,MDG: Sub-Saharan Africa,2023,0.4080800116062164,,
MOGER.5T8.40510.F,MDG: Western Asia,2012,0.7688199877738953,,
MOGER.5T8.40510.F,MDG: Western Asia,2013,0.8929600119590759,,
MOGER.5T8.40510.F,MDG: Western Asia,2014,1.01528000831604,,
MOGER.5T8.40510.F,MDG: Western Asia,2015,1.123510003089905,,
MOGER.5T8.40510.F,MDG: Western Asia,2016,1.217139959335327,,
MOGER.5T8.40510.F,MDG: Western Asia,2017,1.252580046653748,,
MOGER.5T8.40510.F,MDG: Western Asia,2018,1.28777003288269,,
MOGER.5T8.40510.F,MDG: Western Asia,2019,1.388970017433167,,
MOGER.5T8.40510.F,MDG: Western Asia,2020,1.439030051231384,,
MOGER.5T8.40510.F,MDG: Western Asia,2021,1.487879991531372,,
MOGER.5T8.40510.F,MDG: Western Asia,2022,1.577149987220764,,
MOGER.5T8.40510.F,MDG: Western Asia,2023,1.624629974365234,,
MOGER.5T8.40510.F,MDG: World,2012,0.6336699724197388,,
MOGER.5T8.40510.F,MDG: World,2013,0.6661499738693237,,
MOGER.5T8.40510.F,MDG: World,2014,0.7138299942016602,,
MOGER.5T8.40510.F,MDG: World,2015,0.7610800266265869,,
MOGER.5T8.40510.F,MDG: World,2016,0.8113600015640259,,
MOGER.5T8.40510.F,MDG: World,2017,0.8601899743080139,,
MOGER.5T8.40510.F,MDG: World,2018,0.9044399857521057,,
MOGER.5T8.40510.F,MDG: World,2019,0.9581699967384338,,
MOGER.5T8.40510.F,MDG: World,2020,1.006710052490234,,
MOGER.5T8.40510.F,MDG: World,2021,1.006459951400757,,
MOGER.5T8.40510.F,MDG: World,2022,1.070840001106262,,
MOGER.5T8.40510.F,MDG: World,2023,1.126649975776672,,
MOGER.5T8.40510.F,MDV,2012,7.849299907684326,UIS_EST,
MOGER.5T8.40510.F,MDV,2013,6.940239906311035,UIS_EST,
MOGER.5T8.40510.F,MDV,2014,6.511539936065674,UIS_EST,
MOGER.5T8.40510.F,MDV,2015,7.226049900054932,UIS_EST,
MOGER.5T8.40510.F,MDV,2016,8.750249862670898,UIS_EST,
MOGER.5T8.40510.F,MDV,2017,8.972809791564941,UIS_EST,
MOGER.5T8.40510.F,MDV,2018,10.03351020812988,UIS_EST,
MOGER.5T8.40510.F,MDV,2019,10.71362972259521,UIS_EST,
MOGER.5T8.40510.F,MDV,2020,11.66823959350586,UIS_EST,
MOGER.5T8.40510.F,MDV,2021,11.44377994537354,UIS_EST,
MOGER.5T8.40510.F,MDV,2022,10.99090003967285,UIS_EST,
MOGER.5T8.40510.F,MDV,2023,12.7036304473877,UIS_EST,
MOGER.5T8.40510.F,MEX,2012,0.2404299974441528,UIS_EST,
MOGER.5T8.40510.F,MEX,2013,0.2411500066518784,UIS_EST,
MOGER.5T8.40510.F,MEX,2014,0.2427700012922287,UIS_EST,
MOGER.5T8.40510.F,MEX,2015,0.2623400092124939,UIS_EST,
MOGER.5T8.40510.F,MEX,2016,0.2833299934864044,UIS_EST,
MOGER.5T8.40510.F,MEX,2017,0.2896499931812286,UIS_EST,
MOGER.5T8.40510.F,MEX,2018,0.2933200001716614,UIS_EST,
MOGER.5T8.40510.F,MEX,2019,0.2895300090312958,UIS_EST,
MOGER.5T8.40510.F,MEX,2020,0.3045800030231476,UIS_EST,
MOGER.5T8.40510.F,MEX,2021,0.2883900105953217,UIS_EST,
MOGER.5T8.40510.F,MEX,2022,0.3316600024700165,UIS_EST,
MOGER.5T8.40510.F,MEX,2023,0.3555299937725067,UIS_EST,
MOGER.5T8.40510.F,MHL,2012,0.6220300197601318,UIS_EST,
MOGER.5T8.40510.F,MHL,2013,0.920710027217865,UIS_EST,
MOGER.5T8.40510.F,MHL,2014,0.2418199926614761,UIS_EST,
MOGER.5T8.40510.F,MHL,2015,1.069000005722046,UIS_EST,
MOGER.5T8.40510.F,MHL,2016,1.096130013465881,UIS_EST,
MOGER.5T8.40510.F,MHL,2017,4.405590057373047,UIS_EST,
MOGER.5T8.40510.F,MHL,2018,4.537479877471924,UIS_EST,
MOGER.5T8.40510.F,MHL,2019,1.460960030555725,UIS_EST,
MOGER.5T8.40510.F,MHL,2020,1.708140015602112,UIS_EST,
MOGER.5T8.40510.F,MHL,2021,6.766459941864014,UIS_EST,
MOGER.5T8.40510.F,MHL,2022,7.550399780273438,UIS_EST,
MOGER.5T8.40510.F,MHL,2023,2.316489934921265,UIS_EST,
MOGER.5T8.40510.F,MKD,2012,2.857140064239502,UIS_EST,
MOGER.5T8.40510.F,MKD,2013,2.656270027160645,UIS_EST,
MOGER.5T8.40510.F,MKD,2014,2.616849899291992,UIS_EST,
MOGER.5T8.40510.F,MKD,2015,3.221309900283813,UIS_EST,
MOGER.5T8.40510.F,MKD,2016,3.521689891815186,UIS_EST,
MOGER.5T8.40510.F,MKD,2017,4.027649879455566,UIS_EST,
MOGER.5T8.40510.F,MKD,2018,4.419380187988281,UIS_EST,
MOGER.5T8.40510.F,MKD,2019,4.29095983505249,UIS_EST,
MOGER.5T8.40510.F,MKD,2020,4.842390060424805,UIS_EST,
MOGER.5T8.40510.F,MKD,2021,5.193140029907227,UIS_EST,
MOGER.5T8.40510.F,MKD,2022,6.021170139312744,UIS_EST,
MOGER.5T8.40510.F,MKD,2023,6.001669883728027,UIS_EST,
MOGER.5T8.40510.F,MLI,2012,0.2707700133323669,UIS_EST,
MOGER.5T8.40510.F,MLI,2013,0.3158200085163116,UIS_EST,
MOGER.5T8.40510.F,MLI,2014,0.3360300064086914,UIS_EST,
MOGER.5T8.40510.F,MLI,2015,0.3625200092792511,UIS_EST,
MOGER.5T8.40510.F,MLI,2016,0.3574100136756897,UIS_EST,
MOGER.5T8.40510.F,MLI,2017,0.3905400037765503,UIS_EST,
MOGER.5T8.40510.F,MLI,2018,0.3873400092124939,UIS_EST,
MOGER.5T8.40510.F,MLI,2019,0.3810999989509583,UIS_EST,
MOGER.5T8.40510.F,MLI,2020,0.3816899955272675,UIS_EST,
MOGER.5T8.40510.F,MLI,2021,0.3542599976062775,UIS_EST,
MOGER.5T8.40510.F,MLI,2022,0.3362100124359131,UIS_EST,
MOGER.5T8.40510.F,MLI,2023,0.3258300125598907,UIS_EST,
MOGER.5T8.40510.F,MLT,2012,4.728449821472168,UIS_EST,
MOGER.5T8.40510.F,MLT,2013,6.006750106811523,UIS_EST,
MOGER.5T8.40510.F,MLT,2014,4.819429874420166,UIS_EST,
MOGER.5T8.40510.F,MLT,2015,4.639339923858643,UIS_EST,
MOGER.5T8.40510.F,MLT,2016,3.921969890594482,UIS_EST,
MOGER.5T8.40510.F,MLT,2017,4.205570220947266,UIS_EST,
MOGER.5T8.40510.F,MLT,2018,4.544740200042725,UIS_EST,
MOGER.5T8.40510.F,MLT,2019,4.804359912872314,UIS_EST,
MOGER.5T8.40510.F,MLT,2020,4.999199867248535,UIS_EST,
MOGER.5T8.40510.F,MLT,2021,5.102890014648438,UIS_EST,
MOGER.5T8.40510.F,MLT,2022,5.165649890899658,UIS_EST,
MOGER.5T8.40510.F,MLT,2023,4.622990131378174,UIS_EST,
MOGER.5T8.40510.F,MMR,2012,0.1047900021076202,UIS_EST,
MOGER.5T8.40510.F,MMR,2013,0.1291099935770035,UIS_EST,
MOGER.5T8.40510.F,MMR,2014,0.1249599978327751,UIS_EST,
MOGER.5T8.40510.F,MMR,2015,0.1443900018930435,UIS_EST,
MOGER.5T8.40510.F,MMR,2016,0.1643799990415573,UIS_EST,
MOGER.5T8.40510.F,MMR,2017,0.184919998049736,UIS_EST,
MOGER.5T8.40510.F,MMR,2018,0.2202399969100952,UIS_EST,
MOGER.5T8.40510.F,MMR,2019,0.2626700103282928,UIS_EST,
MOGER.5T8.40510.F,MMR,2020,0.2880299985408783,UIS_EST,
MOGER.5T8.40510.F,MMR,2021,0.2874099910259247,UIS_EST,
MOGER.5T8.40510.F,MMR,2022,0.3026799857616425,UIS_EST,
MOGER.5T8.40510.F,MMR,2023,0.3930299878120422,UIS_EST,
MOGER.5T8.40510.F,MNE,2012,9.967029571533203,UIS_EST,
MOGER.5T8.40510.F,MNE,2013,9.985360145568848,UIS_EST,
MOGER.5T8.40510.F,MNE,2014,9.858280181884766,UIS_EST,
MOGER.5T8.40510.F,MNE,2015,11.05661964416504,UIS_EST,
MOGER.5T8.40510.F,MNE,2016,11.61501026153564,UIS_EST,
MOGER.5T8.40510.F,MNE,2017,12.89019012451172,UIS_EST,
MOGER.5T8.40510.F,MNE,2018,13.35956954956055,UIS_EST,
MOGER.5T8.40510.F,MNE,2019,13.58384037017822,UIS_EST,
MOGER.5T8.40510.F,MNE,2020,14.39361000061035,UIS_EST,
MOGER.5T8.40510.F,MNE,2021,14.81630992889404,UIS_EST,
MOGER.5T8.40510.F,MNE,2022,15.82194042205811,UIS_EST,
MOGER.5T8.40510.F,MNE,2023,16.5938606262207,UIS_EST,
MOGER.5T8.40510.F,MNG,2012,3.529459953308105,UIS_EST,
MOGER.5T8.40510.F,MNG,2013,3.564939975738525,UIS_EST,
MOGER.5T8.40510.F,MNG,2014,3.826989889144897,UIS_EST,
MOGER.5T8.40510.F,MNG,2015,4.00462007522583,UIS_EST,
MOGER.5T8.40510.F,MNG,2016,4.335760116577148,UIS_EST,
MOGER.5T8.40510.F,MNG,2017,4.867879867553711,UIS_EST,
MOGER.5T8.40510.F,MNG,2018,5.765500068664551,UIS_EST,
MOGER.5T8.40510.F,MNG,2019,6.821549892425537,UIS_EST,
MOGER.5T8.40510.F,MNG,2020,8.039050102233887,UIS_EST,
MOGER.5T8.40510.F,MNG,2021,8.008600234985352,UIS_EST,
MOGER.5T8.40510.F,MNG,2022,8.160710334777832,UIS_EST,
MOGER.5T8.40510.F,MNG,2023,9.211549758911133,UIS_EST,
MOGER.5T8.40510.F,MOZ,2012,0.0520099997520447,UIS_EST,
MOGER.5T8.40510.F,MOZ,2013,0.0573900006711483,UIS_EST,
MOGER.5T8.40510.F,MOZ,2014,0.0580300018191338,UIS_EST,
MOGER.5T8.40510.F,MOZ,2015,0.0659700036048889,UIS_EST,
MOGER.5T8.40510.F,MOZ,2016,0.0745299980044365,UIS_EST,
MOGER.5T8.40510.F,MOZ,2017,0.0803100019693375,UIS_EST,
MOGER.5T8.40510.F,MOZ,2018,0.0812299996614456,UIS_EST,
MOGER.5T8.40510.F,MOZ,2019,0.0862800031900406,UIS_EST,
MOGER.5T8.40510.F,MOZ,2020,0.093079999089241,UIS_EST,
MOGER.5T8.40510.F,MOZ,2021,0.1017099991440773,UIS_EST,
MOGER.5T8.40510.F,MOZ,2022,0.123479999601841,UIS_EST,
MOGER.5T8.40510.F,MOZ,2023,0.143439993262291,UIS_EST,
MOGER.5T8.40510.F,MRT,2012,0.5641599893569946,UIS_EST,
MOGER.5T8.40510.F,MRT,2013,0.6076599955558777,UIS_EST,
MOGER.5T8.40510.F,MRT,2014,0.7035700082778931,UIS_EST,
MOGER.5T8.40510.F,MRT,2015,0.6884099841117859,UIS_EST,
MOGER.5T8.40510.F,MRT,2016,0.6805099844932556,UIS_EST,
MOGER.5T8.40510.F,MRT,2017,0.7092400193214417,UIS_EST,
MOGER.5T8.40510.F,MRT,2018,0.7392600178718567,UIS_EST,
MOGER.5T8.40510.F,MRT,2019,0.7193599939346313,UIS_EST,
MOGER.5T8.40510.F,MRT,2020,0.7823100090026855,UIS_EST,
MOGER.5T8.40510.F,MRT,2021,0.7393199801445007,UIS_EST,
MOGER.5T8.40510.F,MRT,2022,0.876800000667572,UIS_EST,
MOGER.5T8.40510.F,MRT,2023,0.9565500020980835,UIS_EST,
MOGER.5T8.40510.F,MSR,2012,10.34304046630859,UIS_EST,
MOGER.5T8.40510.F,MSR,2013,10.46508026123047,UIS_EST,
MOGER.5T8.40510.F,MSR,2014,7.780290126800537,UIS_EST,
MOGER.5T8.40510.F,MSR,2015,5.147240161895752,UIS_EST,
MOGER.5T8.40510.F,MSR,2016,8.480549812316895,UIS_EST,
MOGER.5T8.40510.F,MSR,2017,14.41609001159668,UIS_EST,
MOGER.5T8.40510.F,MSR,2018,13.05082988739014,UIS_EST,
MOGER.5T8.40510.F,MSR,2019,11.85731983184814,UIS_EST,
MOGER.5T8.40510.F,MSR,2020,12.43626976013184,UIS_EST,
MOGER.5T8.40510.F,MSR,2021,12.54298973083496,UIS_EST,
MOGER.5T8.40510.F,MSR,2022,8.86400032043457,UIS_EST,
MOGER.5T8.40510.F,MSR,2023,11.66127014160156,UIS_EST,
MOGER.5T8.40510.F,MUS,2012,6.576320171356201,UIS_EST,
MOGER.5T8.40510.F,MUS,2013,6.558119773864746,UIS_EST,
MOGER.5T8.40510.F,MUS,2014,6.736740112304688,UIS_EST,
MOGER.5T8.40510.F,MUS,2015,6.895180225372314,UIS_EST,
MOGER.5T8.40510.F,MUS,2016,7.120850086212158,UIS_EST,
MOGER.5T8.40510.F,MUS,2017,8.076899528503418,UIS_EST,
MOGER.5T8.40510.F,MUS,2018,7.710070133209229,UIS_EST,
MOGER.5T8.40510.F,MUS,2019,7.715720176696777,UIS_EST,
MOGER.5T8.40510.F,MUS,2020,7.405849933624268,UIS_EST,
MOGER.5T8.40510.F,MUS,2021,6.766630172729492,UIS_EST,
MOGER.5T8.40510.F,MUS,2022,6.060400009155273,UIS_EST,
MOGER.5T8.40510.F,MUS,2023,6.957379817962646,UIS_EST,
MOGER.5T8.40510.F,MWI,2012,0.1420200020074844,UIS_EST,
MOGER.5T8.40510.F,MWI,2013,0.14512999355793,UIS_EST,
MOGER.5T8.40510.F,MWI,2014,0.1489000022411346,UIS_EST,
MOGER.5T8.40510.F,MWI,2015,0.1509599983692169,UIS_EST,
MOGER.5T8.40510.F,MWI,2016,0.1485899984836578,UIS_EST,
MOGER.5T8.40510.F,MWI,2017,0.1419200003147125,UIS_EST,
MOGER.5T8.40510.F,MWI,2018,0.1484300047159195,UIS_EST,
MOGER.5T8.40510.F,MWI,2019,0.1367599964141846,UIS_EST,
MOGER.5T8.40510.F,MWI,2020,0.1279699951410294,UIS_EST,
MOGER.5T8.40510.F,MWI,2021,0.1142999976873398,UIS_EST,
MOGER.5T8.40510.F,MWI,2022,0.1153500005602837,UIS_EST,
MOGER.5T8.40510.F,MWI,2023,0.1183300018310547,UIS_EST,
MOGER.5T8.40510.F,MYS,2012,1.969930052757263,UIS_EST,
MOGER.5T8.40510.F,MYS,2013,2.048110008239746,UIS_EST,
MOGER.5T8.40510.F,MYS,2014,2.175580024719238,UIS_EST,
MOGER.5T8.40510.F,MYS,2015,2.200789928436279,UIS_EST,
MOGER.5T8.40510.F,MYS,2016,2.2809898853302,UIS_EST,
MOGER.5T8.40510.F,MYS,2017,2.253360033035278,UIS_EST,
MOGER.5T8.40510.F,MYS,2018,2.18284010887146,UIS_EST,
MOGER.5T8.40510.F,MYS,2019,2.111249923706055,UIS_EST,
MOGER.5T8.40510.F,MYS,2020,2.021290063858032,UIS_EST,
MOGER.5T8.40510.F,MYS,2021,1.597219944000244,UIS_EST,
MOGER.5T8.40510.F,MYS,2022,1.541919946670532,UIS_EST,
MOGER.5T8.40510.F,MYS,2023,1.596160054206848,UIS_EST,
MOGER.5T8.40510.F,NAM,2012,1.58731997013092,UIS_EST,
MOGER.5T8.40510.F,NAM,2013,1.62582004070282,UIS_EST,
MOGER.5T8.40510.F,NAM,2014,1.727139949798584,UIS_EST,
MOGER.5T8.40510.F,NAM,2015,1.836979985237122,UIS_EST,
MOGER.5T8.40510.F,NAM,2016,1.890290021896362,UIS_EST,
MOGER.5T8.40510.F,NAM,2017,1.891720056533813,UIS_EST,
MOGER.5T8.40510.F,NAM,2018,2.090430021286011,UIS_EST,
MOGER.5T8.40510.F,NAM,2019,1.870319962501526,UIS_EST,
MOGER.5T8.40510.F,NAM,2020,1.674180030822754,UIS_EST,
MOGER.5T8.40510.F,NAM,2021,1.582479953765869,UIS_EST,
MOGER.5T8.40510.F,NAM,2022,1.431300044059753,UIS_EST,
MOGER.5T8.40510.F,NAM,2023,1.644629955291748,UIS_EST,
MOGER.5T8.40510.F,NER,2012,0.1522500067949295,UIS_EST,
MOGER.5T8.40510.F,NER,2013,0.1635199934244156,UIS_EST,
MOGER.5T8.40510.F,NER,2014,0.1862500011920929,UIS_EST,
MOGER.5T8.40510.F,NER,2015,0.2086299955844879,UIS_EST,
MOGER.5T8.40510.F,NER,2016,0.1887100040912628,UIS_EST,
MOGER.5T8.40510.F,NER,2017,0.1727200001478195,UIS_EST,
MOGER.5T8.40510.F,NER,2018,0.1646199971437454,UIS_EST,
MOGER.5T8.40510.F,NER,2019,0.188400000333786,UIS_EST,
MOGER.5T8.40510.F,NER,2020,0.1872099936008453,UIS_EST,
MOGER.5T8.40510.F,NER,2021,0.1725600063800812,UIS_EST,
MOGER.5T8.40510.F,NER,2022,0.1690399944782257,UIS_EST,
MOGER.5T8.40510.F,NER,2023,0.19480000436306,UIS_EST,
MOGER.5T8.40510.F,NGA,2012,0.2443100064992905,UIS_EST,
MOGER.5T8.40510.F,NGA,2013,0.2612900137901306,UIS_EST,
MOGER.5T8.40510.F,NGA,2014,0.324070006608963,UIS_EST,
MOGER.5T8.40510.F,NGA,2015,0.3532100021839142,UIS_EST,
MOGER.5T8.40510.F,NGA,2016,0.3517799973487854,UIS_EST,
MOGER.5T8.40510.F,NGA,2017,0.310479998588562,UIS_EST,
MOGER.5T8.40510.F,NGA,2018,0.2738400101661682,UIS_EST,
MOGER.5T8.40510.F,NGA,2019,0.2468799948692322,UIS_EST,
MOGER.5T8.40510.F,NGA,2020,0.2589100003242493,UIS_EST,
MOGER.5T8.40510.F,NGA,2021,0.3009699881076813,UIS_EST,
MOGER.5T8.40510.F,NGA,2022,0.4252800047397614,UIS_EST,
MOGER.5T8.40510.F,NGA,2023,0.5826900005340576,UIS_EST,
MOGER.5T8.40510.F,NIC,2012,0.5277799963951111,UIS_EST,
MOGER.5T8.40510.F,NIC,2013,0.5424500107765198,UIS_EST,
MOGER.5T8.40510.F,NIC,2014,0.4853599965572357,UIS_EST,
MOGER.5T8.40510.F,NIC,2015,0.4841600060462952,UIS_EST,
MOGER.5T8.40510.F,NIC,2016,0.5113099813461304,UIS_EST,
MOGER.5T8.40510.F,NIC,2017,0.5100299715995789,UIS_EST,
MOGER.5T8.40510.F,NIC,2018,0.5718500018119812,UIS_EST,
MOGER.5T8.40510.F,NIC,2019,0.5989500284194946,UIS_EST,
MOGER.5T8.40510.F,NIC,2020,0.6410800218582153,UIS_EST,
MOGER.5T8.40510.F,NIC,2021,0.6726800203323364,UIS_EST,
MOGER.5T8.40510.F,NIC,2022,0.7035999894142151,UIS_EST,
MOGER.5T8.40510.F,NIC,2023,0.7331299781799316,UIS_EST,
MOGER.5T8.40510.F,NIU,2012,19.94905090332031,UIS_EST,
MOGER.5T8.40510.F,NIU,2013,13.89266967773438,UIS_EST,
MOGER.5T8.40510.F,NIU,2014,9.634550094604492,UIS_EST,
MOGER.5T8.40510.F,NIU,2015,6.976739883422852,UIS_EST,
MOGER.5T8.40510.F,NIU,2016,6.818180084228516,UIS_EST,
MOGER.5T8.40510.F,NIU,2017,8.333330154418945,UIS_EST,
MOGER.5T8.40510.F,NIU,2018,11.05475044250488,UIS_EST,
MOGER.5T8.40510.F,NIU,2019,10.6576099395752,UIS_EST,
MOGER.5T8.40510.F,NIU,2020,9.451129913330078,UIS_EST,
MOGER.5T8.40510.F,NIU,2021,9.558250427246094,UIS_EST,
MOGER.5T8.40510.F,NIU,2022,9.349860191345215,UIS_EST,
MOGER.5T8.40510.F,NIU,2023,31.28169059753418,UIS_EST,
MOGER.5T8.40510.F,NLD,2012,1.55365002155304,UIS_EST,
MOGER.5T8.40510.F,NLD,2013,1.395689964294434,UIS_EST,
MOGER.5T8.40510.F,NLD,2014,1.486899971961975,UIS_EST,
MOGER.5T8.40510.F,NLD,2015,1.560719966888428,UIS_EST,
MOGER.5T8.40510.F,NLD,2016,1.757940053939819,UIS_EST,
MOGER.5T8.40510.F,NLD,2017,1.909080028533936,UIS_EST,
MOGER.5T8.40510.F,NLD,2018,1.756899952888489,UIS_EST,
MOGER.5T8.40510.F,NLD,2019,2.067130088806152,UIS_EST,
MOGER.5T8.40510.F,NLD,2020,1.978690028190613,UIS_EST,
MOGER.5T8.40510.F,NLD,2021,1.901849985122681,UIS_EST,
MOGER.5T8.40510.F,NLD,2022,1.867799997329712,UIS_EST,
MOGER.5T8.40510.F,NLD,2023,1.898560047149658,UIS_EST,
MOGER.5T8.40510.F,NOR,2012,6.026750087738037,UIS_EST,
MOGER.5T8.40510.F,NOR,2013,6.592959880828857,UIS_EST,
MOGER.5T8.40510.F,NOR,2014,6.808519840240479,UIS_EST,
MOGER.5T8.40510.F,NOR,2015,7.076700210571289,UIS_EST,
MOGER.5T8.40510.F,NOR,2016,7.095170021057129,UIS_EST,
MOGER.5T8.40510.F,NOR,2017,6.636919975280762,UIS_EST,
MOGER.5T8.40510.F,NOR,2018,6.440239906311035,UIS_EST,
MOGER.5T8.40510.F,NOR,2019,6.511489868164063,UIS_EST,
MOGER.5T8.40510.F,NOR,2020,6.032939910888672,UIS_EST,
MOGER.5T8.40510.F,NOR,2021,5.688320159912109,UIS_EST,
MOGER.5T8.40510.F,NOR,2022,5.868159770965576,UIS_EST,
MOGER.5T8.40510.F,NOR,2023,5.559959888458252,UIS_EST,
MOGER.5T8.40510.F,NPL,2012,0.557200014591217,UIS_EST,
MOGER.5T8.40510.F,NPL,2013,0.6250500082969666,UIS_EST,
MOGER.5T8.40510.F,NPL,2014,0.6743800044059753,UIS_EST,
MOGER.5T8.40510.F,NPL,2015,0.7448700070381165,UIS_EST,
MOGER.5T8.40510.F,NPL,2016,0.925599992275238,UIS_EST,
MOGER.5T8.40510.F,NPL,2017,1.278429985046387,UIS_EST,
MOGER.5T8.40510.F,NPL,2018,1.758350014686584,UIS_EST,
MOGER.5T8.40510.F,NPL,2019,2.155200004577637,UIS_EST,
MOGER.5T8.40510.F,NPL,2020,2.47802996635437,UIS_EST,
MOGER.5T8.40510.F,NPL,2021,2.295530080795288,UIS_EST,
MOGER.5T8.40510.F,NPL,2022,2.471270084381104,UIS_EST,
MOGER.5T8.40510.F,NPL,2023,2.981169939041138,UIS_EST,
MOGER.5T8.40510.F,NRU,2012,5.296510219573975,UIS_EST,
MOGER.5T8.40510.F,NRU,2013,6.394269943237305,UIS_EST,
MOGER.5T8.40510.F,NRU,2014,14.66277027130127,UIS_EST,
MOGER.5T8.40510.F,NRU,2015,15.71529960632324,UIS_EST,
MOGER.5T8.40510.F,NRU,2016,16.55294990539551,UIS_EST,
MOGER.5T8.40510.F,NRU,2017,7.863430023193359,UIS_EST,
MOGER.5T8.40510.F,NRU,2018,6.462860107421875,UIS_EST,
MOGER.5T8.40510.F,NRU,2019,4.13523006439209,UIS_EST,
MOGER.5T8.40510.F,NRU,2020,9.273929595947266,UIS_EST,
MOGER.5T8.40510.F,NRU,2021,6.267189979553223,UIS_EST,
MOGER.5T8.40510.F,NRU,2022,5.491459846496582,UIS_EST,
MOGER.5T8.40510.F,NRU,2023,7.602109909057617,UIS_EST,
MOGER.5T8.40510.F,NZL,2012,1.580090045928955,UIS_EST,
MOGER.5T8.40510.F,NZL,2013,1.613989949226379,UIS_EST,
MOGER.5T8.40510.F,NZL,2014,1.525740027427673,UIS_EST,
MOGER.5T8.40510.F,NZL,2015,1.578019976615906,UIS_EST,
MOGER.5T8.40510.F,NZL,2016,1.659199953079224,UIS_EST,
MOGER.5T8.40510.F,NZL,2017,1.397729992866516,UIS_EST,
MOGER.5T8.40510.F,NZL,2018,1.425750017166138,UIS_EST,
MOGER.5T8.40510.F,NZL,2019,1.422240018844604,UIS_EST,
MOGER.5T8.40510.F,NZL,2020,1.460950016975403,UIS_EST,
MOGER.5T8.40510.F,NZL,2021,1.399580001831055,UIS_EST,
MOGER.5T8.40510.F,NZL,2022,1.387539982795715,UIS_EST,
MOGER.5T8.40510.F,NZL,2023,1.452270030975342,UIS_EST,
MOGER.5T8.40510.F,OMN,2012,2.517659902572632,UIS_EST,
MOGER.5T8.40510.F,OMN,2013,3.043030023574829,UIS_EST,
MOGER.5T8.40510.F,OMN,2014,3.581650018692017,UIS_EST,
MOGER.5T8.40510.F,OMN,2015,4.370810031890869,UIS_EST,
MOGER.5T8.40510.F,OMN,2016,5.210549831390381,UIS_EST,
MOGER.5T8.40510.F,OMN,2017,5.128610134124756,UIS_EST,
MOGER.5T8.40510.F,OMN,2018,5.32371997833252,UIS_EST,
MOGER.5T8.40510.F,OMN,2019,5.208769798278809,UIS_EST,
MOGER.5T8.40510.F,OMN,2020,5.685830116271973,UIS_EST,
MOGER.5T8.40510.F,OMN,2021,5.977920055389404,UIS_EST,
MOGER.5T8.40510.F,OMN,2022,6.09961986541748,UIS_EST,
MOGER.5T8.40510.F,PAK,2012,0.0723799988627434,UIS_EST,
MOGER.5T8.40510.F,PAK,2013,0.0805699974298477,UIS_EST,
MOGER.5T8.40510.F,PAK,2014,0.0863299965858459,UIS_EST,
MOGER.5T8.40510.F,PAK,2015,0.0926700010895729,UIS_EST,
MOGER.5T8.40510.F,PAK,2016,0.1018100008368492,UIS_EST,
MOGER.5T8.40510.F,PAK,2017,0.1034099981188774,UIS_EST,
MOGER.5T8.40510.F,PAK,2018,0.1109599992632866,UIS_EST,
MOGER.5T8.40510.F,PAK,2019,0.1145699992775917,UIS_EST,
MOGER.5T8.40510.F,PAK,2020,0.1308899968862534,UIS_EST,
MOGER.5T8.40510.F,PAK,2021,0.146699994802475,UIS_EST,
MOGER.5T8.40510.F,PAK,2022,0.1834000051021576,UIS_EST,
MOGER.5T8.40510.F,PAK,2023,0.2374300062656403,UIS_EST,
MOGER.5T8.40510.F,PAN,2012,0.9810299873352051,UIS_EST,
MOGER.5T8.40510.F,PAN,2013,1.128730058670044,UIS_EST,
MOGER.5T8.40510.F,PAN,2014,1.122879981994629,UIS_EST,
MOGER.5T8.40510.F,PAN,2015,1.12594997882843,UIS_EST,
MOGER.5T8.40510.F,PAN,2016,1.100379943847656,UIS_EST,
MOGER.5T8.40510.F,PAN,2017,1.129330039024353,UIS_EST,
MOGER.5T8.40510.F,PAN,2018,1.323519945144653,UIS_EST,
MOGER.5T8.40510.F,PAN,2019,1.402889966964722,UIS_EST,
MOGER.5T8.40510.F,PAN,2020,1.287529945373535,UIS_EST,
MOGER.5T8.40510.F,PAN,2021,1.336969971656799,UIS_EST,
MOGER.5T8.40510.F,PAN,2022,1.573179960250854,UIS_EST,
MOGER.5T8.40510.F,PAN,2023,1.665989995002747,UIS_EST,
MOGER.5T8.40510.F,PER,2012,1.058300018310547,UIS_EST,
MOGER.5T8.40510.F,PER,2013,1.067409992218018,UIS_EST,
MOGER.5T8.40510.F,PER,2014,1.126250028610229,UIS_EST,
MOGER.5T8.40510.F,PER,2015,1.183730006217957,UIS_EST,
MOGER.5T8.40510.F,PER,2016,1.243000030517578,UIS_EST,
MOGER.5T8.40510.F,PER,2017,1.287909984588623,UIS_EST,
MOGER.5T8.40510.F,PER,2018,1.364199995994568,UIS_EST,
MOGER.5T8.40510.F,PER,2019,1.346490025520325,UIS_EST,
MOGER.5T8.40510.F,PER,2020,1.461380004882813,UIS_EST,
MOGER.5T8.40510.F,PER,2021,1.480219960212708,UIS_EST,
MOGER.5T8.40510.F,PER,2022,1.680490016937256,UIS_EST,
MOGER.5T8.40510.F,PER,2023,1.666980028152466,UIS_EST,
MOGER.5T8.40510.F,PHL,2012,0.1295800060033798,UIS_EST,
MOGER.5T8.40510.F,PHL,2013,0.1335500031709671,UIS_EST,
MOGER.5T8.40510.F,PHL,2014,0.1513800024986267,UIS_EST,
MOGER.5T8.40510.F,PHL,2015,0.1635600030422211,UIS_EST,
MOGER.5T8.40510.F,PHL,2016,0.186939999461174,UIS_EST,
MOGER.5T8.40510.F,PHL,2017,0.1983399987220764,UIS_EST,
MOGER.5T8.40510.F,PHL,2018,0.211339995265007,UIS_EST,
MOGER.5T8.40510.F,PHL,2019,0.2526899874210358,UIS_EST,
MOGER.5T8.40510.F,PHL,2020,0.2993600070476532,UIS_EST,
MOGER.5T8.40510.F,PHL,2021,0.2938100099563599,UIS_EST,
MOGER.5T8.40510.F,PHL,2022,0.3371599912643433,UIS_EST,
MOGER.5T8.40510.F,PHL,2023,0.4775899946689606,UIS_EST,
MOGER.5T8.40510.F,PLW,2012,0.3589099943637848,UIS_EST,
MOGER.5T8.40510.F,PLW,2013,0.51596999168396,UIS_EST,
MOGER.5T8.40510.F,PLW,2014,0.8717399835586548,UIS_EST,
MOGER.5T8.40510.F,PLW,2015,1.693860054016113,UIS_EST,
MOGER.5T8.40510.F,PLW,2016,2.192310094833374,UIS_EST,
MOGER.5T8.40510.F,PLW,2017,3.512830018997192,UIS_EST,
MOGER.5T8.40510.F,PLW,2018,6.504650115966797,UIS_EST,
MOGER.5T8.40510.F,PLW,2019,6.884719848632813,UIS_EST,
MOGER.5T8.40510.F,PLW,2020,12.03499031066895,UIS_EST,
MOGER.5T8.40510.F,PLW,2021,6.523469924926758,UIS_EST,
MOGER.5T8.40510.F,PLW,2022,5.182759761810303,UIS_EST,
MOGER.5T8.40510.F,PLW,2023,3.818320035934448,UIS_EST,
MOGER.5T8.40510.F,PNG,2012,0.1264400035142899,UIS_EST,
MOGER.5T8.40510.F,PNG,2013,0.1554200053215027,UIS_EST,
MOGER.5T8.40510.F,PNG,2014,0.1578000038862228,UIS_EST,
MOGER.5T8.40510.F,PNG,2015,0.1740999966859818,UIS_EST,
MOGER.5T8.40510.F,PNG,2016,0.1825899928808212,UIS_EST,
MOGER.5T8.40510.F,PNG,2017,0.1648299992084503,UIS_EST,
MOGER.5T8.40510.F,PNG,2018,0.1729200035333633,UIS_EST,
MOGER.5T8.40510.F,PNG,2019,0.1841199994087219,UIS_EST,
MOGER.5T8.40510.F,PNG,2020,0.1549499928951263,UIS_EST,
MOGER.5T8.40510.F,PNG,2021,0.1218999996781349,UIS_EST,
MOGER.5T8.40510.F,PNG,2022,0.1239200010895729,UIS_EST,
MOGER.5T8.40510.F,PNG,2023,0.1576900035142899,UIS_EST,
MOGER.5T8.40510.F,POL,2012,1.362840056419373,UIS_EST,
MOGER.5T8.40510.F,POL,2013,1.254850029945374,UIS_EST,
MOGER.5T8.40510.F,POL,2014,1.296229958534241,UIS_EST,
MOGER.5T8.40510.F,POL,2015,1.348250031471252,UIS_EST,
MOGER.5T8.40510.F,POL,2016,1.428629994392395,UIS_EST,
MOGER.5T8.40510.F,POL,2017,1.542649984359741,UIS_EST,
MOGER.5T8.40510.F,POL,2018,1.674340009689331,UIS_EST,
MOGER.5T8.40510.F,POL,2019,1.681169986724854,UIS_EST,
MOGER.5T8.40510.F,POL,2020,1.800539970397949,UIS_EST,
MOGER.5T8.40510.F,POL,2021,1.929440021514893,UIS_EST,
MOGER.5T8.40510.F,POL,2022,1.808580040931702,UIS_EST,
MOGER.5T8.40510.F,POL,2023,1.700919985771179,UIS_EST,
MOGER.5T8.40510.F,PRI,2012,0.2708700001239777,UIS_EST,
MOGER.5T8.40510.F,PRI,2013,0.3120400011539459,UIS_EST,
MOGER.5T8.40510.F,PRI,2014,0.3579199910163879,UIS_EST,
MOGER.5T8.40510.F,PRI,2015,0.3250199854373932,UIS_EST,
MOGER.5T8.40510.F,PRI,2016,0.3775599896907806,UIS_EST,
MOGER.5T8.40510.F,PRI,2017,0.3683100044727325,UIS_EST,
MOGER.5T8.40510.F,PRI,2018,0.4463100135326385,UIS_EST,
MOGER.5T8.40510.F,PRI,2019,0.3863300085067749,UIS_EST,
MOGER.5T8.40510.F,PRI,2020,0.3935000002384186,UIS_EST,
MOGER.5T8.40510.F,PRI,2021,0.3874399960041046,UIS_EST,
MOGER.5T8.40510.F,PRI,2022,0.3509199917316437,UIS_EST,
MOGER.5T8.40510.F,PRI,2023,0.390610009431839,UIS_EST,
MOGER.5T8.40510.F,PRK,2012,0.047919999808073,UIS_EST,
MOGER.5T8.40510.F,PRK,2013,0.0562499985098839,UIS_EST,
MOGER.5T8.40510.F,PRK,2014,0.0646499991416931,UIS_EST,
MOGER.5T8.40510.F,PRK,2015,0.0712699964642525,UIS_EST,
MOGER.5T8.40510.F,PRK,2016,0.0641700029373169,UIS_EST,
MOGER.5T8.40510.F,PRK,2017,0.0666899979114532,UIS_EST,
MOGER.5T8.40510.F,PRK,2018,0.0623599998652935,UIS_EST,
MOGER.5T8.40510.F,PRK,2019,0.0435100011527538,UIS_EST,
MOGER.5T8.40510.F,PRK,2020,0.0521400012075901,UIS_EST,
MOGER.5T8.40510.F,PRK,2021,0.04763999953866,UIS_EST,
MOGER.5T8.40510.F,PRK,2022,0.0440099984407425,UIS_EST,
MOGER.5T8.40510.F,PRK,2023,0.0446299985051155,UIS_EST,
MOGER.5T8.40510.F,PRT,2012,2.315560102462769,UIS_EST,
MOGER.5T8.40510.F,PRT,2013,2.102430105209351,UIS_EST,
MOGER.5T8.40510.F,PRT,2014,2.196990013122559,UIS_EST,
MOGER.5T8.40510.F,PRT,2015,2.381279945373535,UIS_EST,
MOGER.5T8.40510.F,PRT,2016,2.585599899291992,UIS_EST,
MOGER.5T8.40510.F,PRT,2017,2.847970008850098,UIS_EST,
MOGER.5T8.40510.F,PRT,2018,3.045739889144897,UIS_EST,
MOGER.5T8.40510.F,PRT,2019,3.242259979248047,UIS_EST,
MOGER.5T8.40510.F,PRT,2020,3.570029973983765,UIS_EST,
MOGER.5T8.40510.F,PRT,2021,3.787489891052246,UIS_EST,
MOGER.5T8.40510.F,PRT,2022,3.610510110855103,UIS_EST,
MOGER.5T8.40510.F,PRT,2023,3.377259969711304,UIS_EST,
MOGER.5T8.40510.F,PRY,2012,2.061239957809448,UIS_EST,
MOGER.5T8.40510.F,PRY,2013,2.194819927215576,UIS_EST,
MOGER.5T8.40510.F,PRY,2014,2.304510116577148,UIS_EST,
MOGER.5T8.40510.F,PRY,2015,2.441760063171387,UIS_EST,
MOGER.5T8.40510.F,PRY,2016,2.582740068435669,UIS_EST,
MOGER.5T8.40510.F,PRY,2017,2.876909971237183,UIS_EST,
MOGER.5T8.40510.F,PRY,2018,3.086699962615967,UIS_EST,
MOGER.5T8.40510.F,PRY,2019,3.431040048599243,UIS_EST,
MOGER.5T8.40510.F,PRY,2020,3.746939897537231,UIS_EST,
MOGER.5T8.40510.F,PRY,2021,3.399280071258545,UIS_EST,
MOGER.5T8.40510.F,PRY,2022,4.11752986907959,UIS_EST,
MOGER.5T8.40510.F,PRY,2023,3.511970043182373,UIS_EST,
MOGER.5T8.40510.F,PSE,2012,3.045520067214966,UIS_EST,
MOGER.5T8.40510.F,PSE,2013,3.446589946746826,UIS_EST,
MOGER.5T8.40510.F,PSE,2014,3.812129974365234,UIS_EST,
MOGER.5T8.40510.F,PSE,2015,3.957969903945923,UIS_EST,
MOGER.5T8.40510.F,PSE,2016,4.180359840393066,UIS_EST,
MOGER.5T8.40510.F,PSE,2017,3.735069990158081,UIS_EST,
MOGER.5T8.40510.F,PSE,2018,4.220779895782471,UIS_EST,
MOGER.5T8.40510.F,PSE,2019,4.630959987640381,UIS_EST,
MOGER.5T8.40510.F,PSE,2020,4.792550086975098,UIS_EST,
MOGER.5T8.40510.F,PSE,2021,4.974760055541992,UIS_EST,
MOGER.5T8.40510.F,PSE,2022,5.099349975585938,UIS_EST,
MOGER.5T8.40510.F,PSE,2023,5.040299892425537,UIS_EST,
MOGER.5T8.40510.F,QAT,2012,2.908289909362793,UIS_EST,
MOGER.5T8.40510.F,QAT,2013,5.298449993133545,UIS_EST,
MOGER.5T8.40510.F,QAT,2014,3.985330104827881,UIS_EST,
MOGER.5T8.40510.F,QAT,2015,4.207369804382324,UIS_EST,
MOGER.5T8.40510.F,QAT,2016,4.919690132141113,UIS_EST,
MOGER.5T8.40510.F,QAT,2017,5.805009841918945,UIS_EST,
MOGER.5T8.40510.F,QAT,2018,4.788159847259521,UIS_EST,
MOGER.5T8.40510.F,QAT,2019,5.387360095977783,UIS_EST,
MOGER.5T8.40510.F,QAT,2020,5.39680004119873,UIS_EST,
MOGER.5T8.40510.F,QAT,2021,5.394370079040527,UIS_EST,
MOGER.5T8.40510.F,QAT,2022,5.795129776000977,UIS_EST,
MOGER.5T8.40510.F,ROU,2012,3.233119964599609,UIS_EST,
MOGER.5T8.40510.F,ROU,2013,3.546260118484497,UIS_EST,
MOGER.5T8.40510.F,ROU,2014,3.789060115814209,UIS_EST,
MOGER.5T8.40510.F,ROU,2015,3.852940082550049,UIS_EST,
MOGER.5T8.40510.F,ROU,2016,4.098299980163574,UIS_EST,
MOGER.5T8.40510.F,ROU,2017,4.378769874572754,UIS_EST,
MOGER.5T8.40510.F,ROU,2018,4.608449935913086,UIS_EST,
MOGER.5T8.40510.F,ROU,2019,3.809159994125366,UIS_EST,
MOGER.5T8.40510.F,ROU,2020,3.834259986877441,UIS_EST,
MOGER.5T8.40510.F,ROU,2021,4.252639770507813,UIS_EST,
MOGER.5T8.40510.F,ROU,2022,4.240960121154785,UIS_EST,
MOGER.5T8.40510.F,ROU,2023,3.747679948806763,UIS_EST,
MOGER.5T8.40510.F,RUS,2012,0.6856200098991394,UIS_EST,
MOGER.5T8.40510.F,RUS,2013,0.7561900019645691,UIS_EST,
MOGER.5T8.40510.F,RUS,2014,0.8868600130081177,UIS_EST,
MOGER.5T8.40510.F,RUS,2015,0.9714300036430359,UIS_EST,
MOGER.5T8.40510.F,RUS,2016,1.021229982376099,UIS_EST,
MOGER.5T8.40510.F,RUS,2017,1.039469957351685,UIS_EST,
MOGER.5T8.40510.F,RUS,2018,1.049379944801331,UIS_EST,
MOGER.5T8.40510.F,RUS,2019,0.9631100296974182,UIS_EST,
MOGER.5T8.40510.F,RUS,2020,1.06060004234314,UIS_EST,
MOGER.5T8.40510.F,RUS,2021,1.102720022201538,UIS_EST,
MOGER.5T8.40510.F,RUS,2022,1.107480049133301,UIS_EST,
MOGER.5T8.40510.F,RUS,2023,1.106799960136414,UIS_EST,
MOGER.5T8.40510.F,RWA,2012,0.4011099934577942,UIS_EST,
MOGER.5T8.40510.F,RWA,2013,0.3866299986839294,UIS_EST,
MOGER.5T8.40510.F,RWA,2014,0.428820013999939,UIS_EST,
MOGER.5T8.40510.F,RWA,2015,0.3437300026416779,UIS_EST,
MOGER.5T8.40510.F,RWA,2016,0.3050000071525574,UIS_EST,
MOGER.5T8.40510.F,RWA,2017,0.3116599917411804,UIS_EST,
MOGER.5T8.40510.F,RWA,2018,0.340039998292923,UIS_EST,
MOGER.5T8.40510.F,RWA,2019,0.3927499949932098,UIS_EST,
MOGER.5T8.40510.F,RWA,2020,0.4252499938011169,UIS_EST,
MOGER.5T8.40510.F,RWA,2021,0.4216200113296509,UIS_EST,
MOGER.5T8.40510.F,RWA,2022,0.4301300048828125,UIS_EST,
MOGER.5T8.40510.F,RWA,2023,0.4260100126266479,UIS_EST,
MOGER.5T8.40510.F,SAU,2012,1.37116003036499,UIS_EST,
MOGER.5T8.40510.F,SAU,2013,1.729760050773621,UIS_EST,
MOGER.5T8.40510.F,SAU,2014,2.144949913024902,UIS_EST,
MOGER.5T8.40510.F,SAU,2015,2.42477011680603,UIS_EST,
MOGER.5T8.40510.F,SAU,2016,2.504209995269775,UIS_EST,
MOGER.5T8.40510.F,SAU,2017,2.773400068283081,UIS_EST,
MOGER.5T8.40510.F,SAU,2018,2.638799905776978,UIS_EST,
MOGER.5T8.40510.F,SAU,2019,2.359750032424927,UIS_EST,
MOGER.5T8.40510.F,SAU,2020,2.165159940719604,UIS_EST,
MOGER.5T8.40510.F,SAU,2021,1.922039985656738,UIS_EST,
MOGER.5T8.40510.F,SAU,2022,1.699820041656494,UIS_EST,
MOGER.5T8.40510.F,SAU,2023,1.525429964065552,UIS_EST,
MOGER.5T8.40510.F,SDG: Australia and New Zealand,2012,0.8914399743080139,,
MOGER.5T8.40510.F,SDG: Australia and New Zealand,2013,0.9509900212287903,,
MOGER.5T8.40510.F,SDG: Australia and New Zealand,2014,0.9314699769020081,,
MOGER.5T8.40510.F,SDG: Australia and New Zealand,2015,0.9561899900436401,,
MOGER.5T8.40510.F,SDG: Australia and New Zealand,2016,1.00764000415802,,
MOGER.5T8.40510.F,SDG: Australia and New Zealand,2017,0.9650099873542786,,
MOGER.5T8.40510.F,SDG: Australia and New Zealand,2018,0.9688400030136108,,
MOGER.5T8.40510.F,SDG: Australia and New Zealand,2019,0.97639000415802,,
MOGER.5T8.40510.F,SDG: Australia and New Zealand,2020,1.05964994430542,,
MOGER.5T8.40510.F,SDG: Australia and New Zealand,2021,1.030509948730469,,
MOGER.5T8.40510.F,SDG: Australia and New Zealand,2022,0.9860399961471558,,
MOGER.5T8.40510.F,SDG: Australia and New Zealand,2023,0.9551699757575989,,
MOGER.5T8.40510.F,SDG: Central Asia,2012,0.5722399950027466,,
MOGER.5T8.40510.F,SDG: Central Asia,2013,0.6698600053787231,,
MOGER.5T8.40510.F,SDG: Central Asia,2014,0.8566200137138367,,
MOGER.5T8.40510.F,SDG: Central Asia,2015,0.9018300175666809,,
MOGER.5T8.40510.F,SDG: Central Asia,2016,0.962149977684021,,
MOGER.5T8.40510.F,SDG: Central Asia,2017,0.9675599932670593,,
MOGER.5T8.40510.F,SDG: Central Asia,2018,0.9807299971580505,,
MOGER.5T8.40510.F,SDG: Central Asia,2019,1.23471999168396,,
MOGER.5T8.40510.F,SDG: Central Asia,2020,1.812600016593933,,
MOGER.5T8.40510.F,SDG: Central Asia,2021,2.271219968795776,,
MOGER.5T8.40510.F,SDG: Central Asia,2022,2.444350004196167,,
MOGER.5T8.40510.F,SDG: Central Asia,2023,2.169159889221191,,
MOGER.5T8.40510.F,SDG: Central and Southern Asia,2012,0.1465699970722198,,
MOGER.5T8.40510.F,SDG: Central and Southern Asia,2013,0.1566800028085709,,
MOGER.5T8.40510.F,SDG: Central and Southern Asia,2014,0.17705999314785,,
MOGER.5T8.40510.F,SDG: Central and Southern Asia,2015,0.2007600069046021,,
MOGER.5T8.40510.F,SDG: Central and Southern Asia,2016,0.2344599962234497,,
MOGER.5T8.40510.F,SDG: Central and Southern Asia,2017,0.255510002374649,,
MOGER.5T8.40510.F,SDG: Central and Southern Asia,2018,0.2851000130176544,,
MOGER.5T8.40510.F,SDG: Central and Southern Asia,2019,0.3439599871635437,,
MOGER.5T8.40510.F,SDG: Central and Southern Asia,2020,0.4075300097465515,,
MOGER.5T8.40510.F,SDG: Central and Southern Asia,2021,0.4243400096893311,,
MOGER.5T8.40510.F,SDG: Central and Southern Asia,2022,0.4957300126552582,,
MOGER.5T8.40510.F,SDG: Central and Southern Asia,2023,0.624809980392456,,
MOGER.5T8.40510.F,SDG: Eastern Asia,2012,0.7373600006103516,,
MOGER.5T8.40510.F,SDG: Eastern Asia,2013,0.8417199850082397,,
MOGER.5T8.40510.F,SDG: Eastern Asia,2014,0.9636399745941162,,
MOGER.5T8.40510.F,SDG: Eastern Asia,2015,1.075000047683716,,
MOGER.5T8.40510.F,SDG: Eastern Asia,2016,1.179909944534302,,
MOGER.5T8.40510.F,SDG: Eastern Asia,2017,1.310310006141663,,
MOGER.5T8.40510.F,SDG: Eastern Asia,2018,1.422309994697571,,
MOGER.5T8.40510.F,SDG: Eastern Asia,2019,1.508820056915283,,
MOGER.5T8.40510.F,SDG: Eastern Asia,2020,1.622730016708374,,
MOGER.5T8.40510.F,SDG: Eastern Asia,2021,1.507490038871765,,
MOGER.5T8.40510.F,SDG: Eastern Asia,2022,1.51321005821228,,
MOGER.5T8.40510.F,SDG: Eastern Asia,2023,1.576760053634644,,
MOGER.5T8.40510.F,SDG: Eastern and South-Eastern Asia,2012,0.6280999779701233,,
MOGER.5T8.40510.F,SDG: Eastern and South-Eastern Asia,2013,0.700980007648468,,
MOGER.5T8.40510.F,SDG: Eastern and South-Eastern Asia,2014,0.7805100083351135,,
MOGER.5T8.40510.F,SDG: Eastern and South-Eastern Asia,2015,0.8614000082015991,,
MOGER.5T8.40510.F,SDG: Eastern and South-Eastern Asia,2016,0.9440199732780457,,
MOGER.5T8.40510.F,SDG: Eastern and South-Eastern Asia,2017,1.034890055656433,,
MOGER.5T8.40510.F,SDG: Eastern and South-Eastern Asia,2018,1.119379997253418,,
MOGER.5T8.40510.F,SDG: Eastern and South-Eastern Asia,2019,1.194620013237,,
MOGER.5T8.40510.F,SDG: Eastern and South-Eastern Asia,2020,1.278309941291809,,
MOGER.5T8.40510.F,SDG: Eastern and South-Eastern Asia,2021,1.191089987754822,,
MOGER.5T8.40510.F,SDG: Eastern and South-Eastern Asia,2022,1.195279955863953,,
MOGER.5T8.40510.F,SDG: Eastern and South-Eastern Asia,2023,1.25466001033783,,
MOGER.5T8.40510.F,SDG: Europe,2012,1.969750046730042,,
MOGER.5T8.40510.F,SDG: Europe,2013,2.093029975891113,,
MOGER.5T8.40510.F,SDG: Europe,2014,2.24429988861084,,
MOGER.5T8.40510.F,SDG: Europe,2015,2.396430015563965,,
MOGER.5T8.40510.F,SDG: Europe,2016,2.544579982757568,,
MOGER.5T8.40510.F,SDG: Europe,2017,2.723259925842285,,
MOGER.5T8.40510.F,SDG: Europe,2018,2.794980049133301,,
MOGER.5T8.40510.F,SDG: Europe,2019,2.79423999786377,,
MOGER.5T8.40510.F,SDG: Europe,2020,2.920000076293945,,
MOGER.5T8.40510.F,SDG: Europe,2021,3.006190061569214,,
MOGER.5T8.40510.F,SDG: Europe,2022,3.041970014572144,,
MOGER.5T8.40510.F,SDG: Europe,2023,3.041470050811768,,
MOGER.5T8.40510.F,SDG: Europe and Northern America,2012,1.461959958076477,,
MOGER.5T8.40510.F,SDG: Europe and Northern America,2013,1.536710023880005,,
MOGER.5T8.40510.F,SDG: Europe and Northern America,2014,1.632750034332275,,
MOGER.5T8.40510.F,SDG: Europe and Northern America,2015,1.736150026321411,,
MOGER.5T8.40510.F,SDG: Europe and Northern America,2016,1.833400011062622,,
MOGER.5T8.40510.F,SDG: Europe and Northern America,2017,1.942360043525696,,
MOGER.5T8.40510.F,SDG: Europe and Northern America,2018,1.980540037155151,,
MOGER.5T8.40510.F,SDG: Europe and Northern America,2019,2.012140035629272,,
MOGER.5T8.40510.F,SDG: Europe and Northern America,2020,2.105410099029541,,
MOGER.5T8.40510.F,SDG: Europe and Northern America,2021,2.138200044631958,,
MOGER.5T8.40510.F,SDG: Europe and Northern America,2022,2.153510093688965,,
MOGER.5T8.40510.F,SDG: Europe and Northern America,2023,2.18845009803772,,
MOGER.5T8.40510.F,"SDG: Europe, Northern America, Australia and New Zealand",2012,1.447250008583069,,
MOGER.5T8.40510.F,"SDG: Europe, Northern America, Australia and New Zealand",2013,1.521199941635132,,
MOGER.5T8.40510.F,"SDG: Europe, Northern America, Australia and New Zealand",2014,1.613579988479614,,
MOGER.5T8.40510.F,"SDG: Europe, Northern America, Australia and New Zealand",2015,1.714120030403137,,
MOGER.5T8.40510.F,"SDG: Europe, Northern America, Australia and New Zealand",2016,1.809430003166199,,
MOGER.5T8.40510.F,"SDG: Europe, Northern America, Australia and New Zealand",2017,1.913519978523254,,
MOGER.5T8.40510.F,"SDG: Europe, Northern America, Australia and New Zealand",2018,1.950289964675903,,
MOGER.5T8.40510.F,"SDG: Europe, Northern America, Australia and New Zealand",2019,1.980960011482239,,
MOGER.5T8.40510.F,"SDG: Europe, Northern America, Australia and New Zealand",2020,2.074409961700439,,
MOGER.5T8.40510.F,"SDG: Europe, Northern America, Australia and New Zealand",2021,2.10644006729126,,
MOGER.5T8.40510.F,"SDG: Europe, Northern America, Australia and New Zealand",2022,2.120270013809204,,
MOGER.5T8.40510.F,"SDG: Europe, Northern America, Australia and New Zealand",2023,2.151730060577393,,
MOGER.5T8.40510.F,SDG: Landlocked Developing Countries,2012,0.4486199915409088,,
MOGER.5T8.40510.F,SDG: Landlocked Developing Countries,2013,0.4777700006961823,,
MOGER.5T8.40510.F,SDG: Landlocked Developing Countries,2014,0.524399995803833,,
MOGER.5T8.40510.F,SDG: Landlocked Developing Countries,2015,0.5399799942970276,,
MOGER.5T8.40510.F,SDG: Landlocked Developing Countries,2016,0.57955002784729,,
MOGER.5T8.40510.F,SDG: Landlocked Developing Countries,2017,0.6097999811172485,,
MOGER.5T8.40510.F,SDG: Landlocked Developing Countries,2018,0.6505500078201294,,
MOGER.5T8.40510.F,SDG: Landlocked Developing Countries,2019,0.7246500253677368,,
MOGER.5T8.40510.F,SDG: Landlocked Developing Countries,2020,0.8094099760055542,,
MOGER.5T8.40510.F,SDG: Landlocked Developing Countries,2021,0.8274499773979187,,
MOGER.5T8.40510.F,SDG: Landlocked Developing Countries,2022,0.8769099712371826,,
MOGER.5T8.40510.F,SDG: Landlocked Developing Countries,2023,0.8734400272369385,,
MOGER.5T8.40510.F,SDG: Latin America and the Caribbean,2012,0.4920699894428253,,
MOGER.5T8.40510.F,SDG: Latin America and the Caribbean,2013,0.5020700097084045,,
MOGER.5T8.40510.F,SDG: Latin America and the Caribbean,2014,0.5215200185775757,,
MOGER.5T8.40510.F,SDG: Latin America and the Caribbean,2015,0.5530400276184082,,
MOGER.5T8.40510.F,SDG: Latin America and the Caribbean,2016,0.5816699862480164,,
MOGER.5T8.40510.F,SDG: Latin America and the Caribbean,2017,0.6402999758720398,,
MOGER.5T8.40510.F,SDG: Latin America and the Caribbean,2018,0.7063400149345398,,
MOGER.5T8.40510.F,SDG: Latin America and the Caribbean,2019,0.7654100060462952,,
MOGER.5T8.40510.F,SDG: Latin America and the Caribbean,2020,0.8407899737358093,,
MOGER.5T8.40510.F,SDG: Latin America and the Caribbean,2021,0.8415600061416626,,
MOGER.5T8.40510.F,SDG: Latin America and the Caribbean,2022,0.9125400185585022,,
MOGER.5T8.40510.F,SDG: Latin America and the Caribbean,2023,0.9376999735832214,,
MOGER.5T8.40510.F,SDG: Least Developed Countries,2012,0.1862500011920929,,
MOGER.5T8.40510.F,SDG: Least Developed Countries,2013,0.2023099958896637,,
MOGER.5T8.40510.F,SDG: Least Developed Countries,2014,0.2191299945116043,,
MOGER.5T8.40510.F,SDG: Least Developed Countries,2015,0.2260800004005432,,
MOGER.5T8.40510.F,SDG: Least Developed Countries,2016,0.2463600039482117,,
MOGER.5T8.40510.F,SDG: Least Developed Countries,2017,0.258679986000061,,
MOGER.5T8.40510.F,SDG: Least Developed Countries,2018,0.2757000029087067,,
MOGER.5T8.40510.F,SDG: Least Developed Countries,2019,0.3122699856758118,,
MOGER.5T8.40510.F,SDG: Least Developed Countries,2020,0.3270300030708313,,
MOGER.5T8.40510.F,SDG: Least Developed Countries,2021,0.3225499987602234,,
MOGER.5T8.40510.F,SDG: Least Developed Countries,2022,0.3373300135135651,,
MOGER.5T8.40510.F,SDG: Least Developed Countries,2023,0.3740099966526031,,
MOGER.5T8.40510.F,SDG: Northern Africa,2012,0.4413799941539764,,
MOGER.5T8.40510.F,SDG: Northern Africa,2013,0.4212299883365631,,
MOGER.5T8.40510.F,SDG: Northern Africa,2014,0.4601399898529053,,
MOGER.5T8.40510.F,SDG: Northern Africa,2015,0.4880400002002716,,
MOGER.5T8.40510.F,SDG: Northern Africa,2016,0.5343800187110901,,
MOGER.5T8.40510.F,SDG: Northern Africa,2017,0.5773199796676636,,
MOGER.5T8.40510.F,SDG: Northern Africa,2018,0.6040400266647339,,
MOGER.5T8.40510.F,SDG: Northern Africa,2019,0.6393700242042542,,
MOGER.5T8.40510.F,SDG: Northern Africa,2020,0.6853200197219849,,
MOGER.5T8.40510.F,SDG: Northern Africa,2021,0.7436599731445312,,
MOGER.5T8.40510.F,SDG: Northern Africa,2022,0.8097400069236755,,
MOGER.5T8.40510.F,SDG: Northern Africa,2023,0.8497899770736694,,
MOGER.5T8.40510.F,SDG: Northern Africa and Western Asia,2012,0.6950100064277649,,
MOGER.5T8.40510.F,SDG: Northern Africa and Western Asia,2013,0.7435899972915649,,
MOGER.5T8.40510.F,SDG: Northern Africa and Western Asia,2014,0.8329300284385681,,
MOGER.5T8.40510.F,SDG: Northern Africa and Western Asia,2015,0.9043499827384949,,
MOGER.5T8.40510.F,SDG: Northern Africa and Western Asia,2016,0.9789199829101562,,
MOGER.5T8.40510.F,SDG: Northern Africa and Western Asia,2017,1.022619962692261,,
MOGER.5T8.40510.F,SDG: Northern Africa and Western Asia,2018,1.058179974555969,,
MOGER.5T8.40510.F,SDG: Northern Africa and Western Asia,2019,1.13143002986908,,
MOGER.5T8.40510.F,SDG: Northern Africa and Western Asia,2020,1.18806004524231,,
MOGER.5T8.40510.F,SDG: Northern Africa and Western Asia,2021,1.245679974555969,,
MOGER.5T8.40510.F,SDG: Northern Africa and Western Asia,2022,1.330399990081787,,
MOGER.5T8.40510.F,SDG: Northern Africa and Western Asia,2023,1.367699980735779,,
MOGER.5T8.40510.F,SDG: Northern America,2012,0.5185800194740295,,
MOGER.5T8.40510.F,SDG: Northern America,2013,0.5362499952316284,,
MOGER.5T8.40510.F,SDG: Northern America,2014,0.5590400099754333,,
MOGER.5T8.40510.F,SDG: Northern America,2015,0.6019899845123291,,
MOGER.5T8.40510.F,SDG: Northern America,2016,0.629010021686554,,
MOGER.5T8.40510.F,SDG: Northern America,2017,0.6354900002479553,,
MOGER.5T8.40510.F,SDG: Northern America,2018,0.6318699717521667,,
MOGER.5T8.40510.F,SDG: Northern America,2019,0.7272999882698059,,
MOGER.5T8.40510.F,SDG: Northern America,2020,0.7752000093460083,,
MOGER.5T8.40510.F,SDG: Northern America,2021,0.7204800248146057,,
MOGER.5T8.40510.F,SDG: Northern America,2022,0.7693799734115601,,
MOGER.5T8.40510.F,SDG: Northern America,2023,0.8180000185966492,,
MOGER.5T8.40510.F,SDG: Oceania,2012,0.7993000149726868,,
MOGER.5T8.40510.F,SDG: Oceania,2013,0.8501099944114685,,
MOGER.5T8.40510.F,SDG: Oceania,2014,0.8537899851799011,,
MOGER.5T8.40510.F,SDG: Oceania,2015,0.8567399978637695,,
MOGER.5T8.40510.F,SDG: Oceania,2016,0.9092699885368347,,
MOGER.5T8.40510.F,SDG: Oceania,2017,0.8747699856758118,,
MOGER.5T8.40510.F,SDG: Oceania,2018,0.874750018119812,,
MOGER.5T8.40510.F,SDG: Oceania,2019,0.8966699838638306,,
MOGER.5T8.40510.F,SDG: Oceania,2020,0.9331600069999695,,
MOGER.5T8.40510.F,SDG: Oceania,2021,0.872730016708374,,
MOGER.5T8.40510.F,SDG: Oceania,2022,0.8364700078964233,,
MOGER.5T8.40510.F,SDG: Oceania,2023,0.8792200088500977,,
MOGER.5T8.40510.F,SDG: Oceania (excluding Australia and New Zealand),2012,0.6246500015258789,,
MOGER.5T8.40510.F,SDG: Oceania (excluding Australia and New Zealand),2013,0.6615700125694275,,
MOGER.5T8.40510.F,SDG: Oceania (excluding Australia and New Zealand),2014,0.7104099988937378,,
MOGER.5T8.40510.F,SDG: Oceania (excluding Australia and New Zealand),2015,0.6746799945831299,,
MOGER.5T8.40510.F,SDG: Oceania (excluding Australia and New Zealand),2016,0.7306900024414062,,
MOGER.5T8.40510.F,SDG: Oceania (excluding Australia and New Zealand),2017,0.7129499912261963,,
MOGER.5T8.40510.F,SDG: Oceania (excluding Australia and New Zealand),2018,0.7080000042915344,,
MOGER.5T8.40510.F,SDG: Oceania (excluding Australia and New Zealand),2019,0.7573699951171875,,
MOGER.5T8.40510.F,SDG: Oceania (excluding Australia and New Zealand),2020,0.7192299962043762,,
MOGER.5T8.40510.F,SDG: Oceania (excluding Australia and New Zealand),2021,0.619379997253418,,
MOGER.5T8.40510.F,SDG: Oceania (excluding Australia and New Zealand),2022,0.5972599983215332,,
MOGER.5T8.40510.F,SDG: Oceania (excluding Australia and New Zealand),2023,0.754580020904541,,
MOGER.5T8.40510.F,SDG: Small Island Developing States,2012,1.554550051689148,,
MOGER.5T8.40510.F,SDG: Small Island Developing States,2013,1.626320004463196,,
MOGER.5T8.40510.F,SDG: Small Island Developing States,2014,1.645769953727722,,
MOGER.5T8.40510.F,SDG: Small Island Developing States,2015,1.665089964866638,,
MOGER.5T8.40510.F,SDG: Small Island Developing States,2016,1.78056001663208,,
MOGER.5T8.40510.F,SDG: Small Island Developing States,2017,1.776679992675781,,
MOGER.5T8.40510.F,SDG: Small Island Developing States,2018,1.805819988250732,,
MOGER.5T8.40510.F,SDG: Small Island Developing States,2019,1.843860030174255,,
MOGER.5T8.40510.F,SDG: Small Island Developing States,2020,1.925609946250916,,
MOGER.5T8.40510.F,SDG: Small Island Developing States,2021,1.909749984741211,,
MOGER.5T8.40510.F,SDG: Small Island Developing States,2022,1.859959959983826,,
MOGER.5T8.40510.F,SDG: Small Island Developing States,2023,2.023720026016235,,
MOGER.5T8.40510.F,SDG: South-Eastern Asia,2012,0.3930999934673309,,
MOGER.5T8.40510.F,SDG: South-Eastern Asia,2013,0.4168800115585327,,
MOGER.5T8.40510.F,SDG: South-Eastern Asia,2014,0.4376400113105774,,
MOGER.5T8.40510.F,SDG: South-Eastern Asia,2015,0.4762499928474426,,
MOGER.5T8.40510.F,SDG: South-Eastern Asia,2016,0.5314000248908997,,
MOGER.5T8.40510.F,SDG: South-Eastern Asia,2017,0.5622199773788452,,
MOGER.5T8.40510.F,SDG: South-Eastern Asia,2018,0.6089000105857849,,
MOGER.5T8.40510.F,SDG: South-Eastern Asia,2019,0.6713500022888184,,
MOGER.5T8.40510.F,SDG: South-Eastern Asia,2020,0.7148799896240234,,
MOGER.5T8.40510.F,SDG: South-Eastern Asia,2021,0.6804599761962891,,
MOGER.5T8.40510.F,SDG: South-Eastern Asia,2022,0.6888300180435181,,
MOGER.5T8.40510.F,SDG: South-Eastern Asia,2023,0.7441200017929077,,
MOGER.5T8.40510.F,SDG: Southern Asia,2012,0.1287699937820435,,
MOGER.5T8.40510.F,SDG: Southern Asia,2013,0.1354600042104721,,
MOGER.5T8.40510.F,SDG: Southern Asia,2014,0.1492899954319,,
MOGER.5T8.40510.F,SDG: Southern Asia,2015,0.1725299954414368,,
MOGER.5T8.40510.F,SDG: Southern Asia,2016,0.205939993262291,,
MOGER.5T8.40510.F,SDG: Southern Asia,2017,0.2283599972724915,,
MOGER.5T8.40510.F,SDG: Southern Asia,2018,0.2595199942588806,,
MOGER.5T8.40510.F,SDG: Southern Asia,2019,0.3122900128364563,,
MOGER.5T8.40510.F,SDG: Southern Asia,2020,0.359389990568161,,
MOGER.5T8.40510.F,SDG: Southern Asia,2021,0.362960010766983,,
MOGER.5T8.40510.F,SDG: Southern Asia,2022,0.4321300089359283,,
MOGER.5T8.40510.F,SDG: Southern Asia,2023,0.5748299956321716,,
MOGER.5T8.40510.F,SDG: Sub-Saharan Africa,2012,0.2722100019454956,,
MOGER.5T8.40510.F,SDG: Sub-Saharan Africa,2013,0.2740899920463562,,
MOGER.5T8.40510.F,SDG: Sub-Saharan Africa,2014,0.2971200048923492,,
MOGER.5T8.40510.F,SDG: Sub-Saharan Africa,2015,0.3065400123596191,,
MOGER.5T8.40510.F,SDG: Sub-Saharan Africa,2016,0.3153600096702576,,
MOGER.5T8.40510.F,SDG: Sub-Saharan Africa,2017,0.3143799901008606,,
MOGER.5T8.40510.F,SDG: Sub-Saharan Africa,2018,0.3061699867248535,,
MOGER.5T8.40510.F,SDG: Sub-Saharan Africa,2019,0.3052600026130676,,
MOGER.5T8.40510.F,SDG: Sub-Saharan Africa,2020,0.3184599876403809,,
MOGER.5T8.40510.F,SDG: Sub-Saharan Africa,2021,0.3311899900436401,,
MOGER.5T8.40510.F,SDG: Sub-Saharan Africa,2022,0.3628300130367279,,
MOGER.5T8.40510.F,SDG: Sub-Saharan Africa,2023,0.4151299893856049,,
MOGER.5T8.40510.F,SDG: Western Asia,2012,0.9319599866867065,,
MOGER.5T8.40510.F,SDG: Western Asia,2013,1.043619990348816,,
MOGER.5T8.40510.F,SDG: Western Asia,2014,1.182219982147217,,
MOGER.5T8.40510.F,SDG: Western Asia,2015,1.295699954032898,,
MOGER.5T8.40510.F,SDG: Western Asia,2016,1.395480036735535,,
MOGER.5T8.40510.F,SDG: Western Asia,2017,1.439579963684082,,
MOGER.5T8.40510.F,SDG: Western Asia,2018,1.483590006828308,,
MOGER.5T8.40510.F,SDG: Western Asia,2019,1.58528995513916,,
MOGER.5T8.40510.F,SDG: Western Asia,2020,1.64654004573822,,
MOGER.5T8.40510.F,SDG: Western Asia,2021,1.704470038414001,,
MOGER.5T8.40510.F,SDG: Western Asia,2022,1.807669997215271,,
MOGER.5T8.40510.F,SDG: Western Asia,2023,1.841609954833984,,
MOGER.5T8.40510.F,SDG: World,2012,0.6336600184440613,,
MOGER.5T8.40510.F,SDG: World,2013,0.6661499738693237,,
MOGER.5T8.40510.F,SDG: World,2014,0.7138299942016602,,
MOGER.5T8.40510.F,SDG: World,2015,0.7610700130462646,,
MOGER.5T8.40510.F,SDG: World,2016,0.8113600015640259,,
MOGER.5T8.40510.F,SDG: World,2017,0.8601899743080139,,
MOGER.5T8.40510.F,SDG: World,2018,0.9044399857521057,,
MOGER.5T8.40510.F,SDG: World,2019,0.9581699967384338,,
MOGER.5T8.40510.F,SDG: World,2020,1.006700038909912,,
MOGER.5T8.40510.F,SDG: World,2021,1.006459951400757,,
MOGER.5T8.40510.F,SDG: World,2022,1.070840001106262,,
MOGER.5T8.40510.F,SDG: World,2023,1.126649975776672,,
MOGER.5T8.40510.F,SDN,2012,0.1238500028848648,UIS_EST,
MOGER.5T8.40510.F,SDN,2013,0.1540900021791458,UIS_EST,
MOGER.5T8.40510.F,SDN,2014,0.1694899946451187,UIS_EST,
MOGER.5T8.40510.F,SDN,2015,0.1773100048303604,UIS_EST,
MOGER.5T8.40510.F,SDN,2016,0.1895300000905991,UIS_EST,
MOGER.5T8.40510.F,SDN,2017,0.1744000017642975,UIS_EST,
MOGER.5T8.40510.F,SDN,2018,0.1708099991083145,UIS_EST,
MOGER.5T8.40510.F,SDN,2019,0.1818599998950958,UIS_EST,
MOGER.5T8.40510.F,SDN,2020,0.1840900033712387,UIS_EST,
MOGER.5T8.40510.F,SDN,2021,0.1918199956417084,UIS_EST,
MOGER.5T8.40510.F,SDN,2022,0.211559996008873,UIS_EST,
MOGER.5T8.40510.F,SDN,2023,0.2481500059366226,UIS_EST,
MOGER.5T8.40510.F,SEN,2012,0.69309002161026,UIS_EST,
MOGER.5T8.40510.F,SEN,2013,0.6266099810600281,UIS_EST,
MOGER.5T8.40510.F,SEN,2014,0.6555899977684021,UIS_EST,
MOGER.5T8.40510.F,SEN,2015,0.6696699857711792,UIS_EST,
MOGER.5T8.40510.F,SEN,2016,0.6589900255203247,UIS_EST,
MOGER.5T8.40510.F,SEN,2017,0.6653800010681152,UIS_EST,
MOGER.5T8.40510.F,SEN,2018,0.6715400218963623,UIS_EST,
MOGER.5T8.40510.F,SEN,2019,0.6633599996566772,UIS_EST,
MOGER.5T8.40510.F,SEN,2020,0.6970300078392029,UIS_EST,
MOGER.5T8.40510.F,SEN,2021,0.7517200112342834,UIS_EST,
MOGER.5T8.40510.F,SEN,2022,0.784030020236969,UIS_EST,
MOGER.5T8.40510.F,SEN,2023,0.8180699944496155,UIS_EST,
MOGER.5T8.40510.F,SGP,2014,10.6710901260376,UIS_EST,
MOGER.5T8.40510.F,SGP,2015,11.45557975769043,UIS_EST,
MOGER.5T8.40510.F,SLB,2012,2.40949010848999,UIS_EST,
MOGER.5T8.40510.F,SLB,2013,2.446630001068115,UIS_EST,
MOGER.5T8.40510.F,SLB,2014,2.4201500415802,UIS_EST,
MOGER.5T8.40510.F,SLB,2015,2.354919910430908,UIS_EST,
MOGER.5T8.40510.F,SLB,2016,2.539400100708008,UIS_EST,
MOGER.5T8.40510.F,SLB,2017,2.191459894180298,UIS_EST,
MOGER.5T8.40510.F,SLB,2018,2.221709966659546,UIS_EST,
MOGER.5T8.40510.F,SLB,2019,2.557849884033203,UIS_EST,
MOGER.5T8.40510.F,SLB,2020,2.368449926376343,UIS_EST,
MOGER.5T8.40510.F,SLB,2021,1.921040058135986,UIS_EST,
MOGER.5T8.40510.F,SLB,2022,1.461570024490356,UIS_EST,
MOGER.5T8.40510.F,SLB,2023,1.681710004806519,UIS_EST,
MOGER.5T8.40510.F,SLE,2012,0.095770001411438,UIS_EST,
MOGER.5T8.40510.F,SLE,2013,0.1185899972915649,UIS_EST,
MOGER.5T8.40510.F,SLE,2014,0.12466000020504,UIS_EST,
MOGER.5T8.40510.F,SLE,2015,0.1321099996566772,UIS_EST,
MOGER.5T8.40510.F,SLE,2016,0.1313299983739853,UIS_EST,
MOGER.5T8.40510.F,SLE,2017,0.1326999962329865,UIS_EST,
MOGER.5T8.40510.F,SLE,2018,0.1209300011396408,UIS_EST,
MOGER.5T8.40510.F,SLE,2019,0.090939998626709,UIS_EST,
MOGER.5T8.40510.F,SLE,2020,0.096900001168251,UIS_EST,
MOGER.5T8.40510.F,SLE,2021,0.1159899979829788,UIS_EST,
MOGER.5T8.40510.F,SLE,2022,0.1167299970984459,UIS_EST,
MOGER.5T8.40510.F,SLE,2023,0.1157699972391129,UIS_EST,
MOGER.5T8.40510.F,SLV,2012,0.5530800223350525,UIS_EST,
MOGER.5T8.40510.F,SLV,2013,0.5811799764633179,UIS_EST,
MOGER.5T8.40510.F,SLV,2014,0.4984799921512604,UIS_EST,
MOGER.5T8.40510.F,SLV,2015,0.5900599956512451,UIS_EST,
MOGER.5T8.40510.F,SLV,2016,0.638159990310669,UIS_EST,
MOGER.5T8.40510.F,SLV,2017,0.6558399796485901,UIS_EST,
MOGER.5T8.40510.F,SLV,2018,0.6826000213623047,UIS_EST,
MOGER.5T8.40510.F,SLV,2019,0.6647899746894836,UIS_EST,
MOGER.5T8.40510.F,SLV,2020,0.710860013961792,UIS_EST,
MOGER.5T8.40510.F,SLV,2021,0.7404000163078308,UIS_EST,
MOGER.5T8.40510.F,SLV,2022,0.8083199858665466,UIS_EST,
MOGER.5T8.40510.F,SLV,2023,0.8344600200653076,UIS_EST,
MOGER.5T8.40510.F,SMR,2012,99.48457336425781,UIS_EST,
MOGER.5T8.40510.F,SMR,2013,166.9163970947266,UIS_EST,
MOGER.5T8.40510.F,SMR,2014,82.40647888183594,UIS_EST,
MOGER.5T8.40510.F,SMR,2015,64.89002227783203,UIS_EST,
MOGER.5T8.40510.F,SMR,2016,64.78594207763672,UIS_EST,
MOGER.5T8.40510.F,SMR,2017,62.72053146362305,UIS_EST,
MOGER.5T8.40510.F,SMR,2018,73.62037658691406,UIS_EST,
MOGER.5T8.40510.F,SMR,2019,692.9154663085938,UIS_EST,
MOGER.5T8.40510.F,SMR,2020,80.37187957763672,UIS_EST,
MOGER.5T8.40510.F,SMR,2021,35.46783828735352,UIS_EST,
MOGER.5T8.40510.F,SMR,2022,34.11968994140625,UIS_EST,
MOGER.5T8.40510.F,SMR,2023,33.27413177490234,UIS_EST,
MOGER.5T8.40510.F,SOM,2012,0.1994899958372116,UIS_EST,
MOGER.5T8.40510.F,SOM,2013,0.2148600071668625,UIS_EST,
MOGER.5T8.40510.F,SOM,2014,0.2136700004339218,UIS_EST,
MOGER.5T8.40510.F,SOM,2015,0.2246199995279312,UIS_EST,
MOGER.5T8.40510.F,SOM,2016,0.2480500042438507,UIS_EST,
MOGER.5T8.40510.F,SOM,2017,0.2625199854373932,UIS_EST,
MOGER.5T8.40510.F,SOM,2018,0.2889600098133087,UIS_EST,
MOGER.5T8.40510.F,SOM,2019,0.3418999910354614,UIS_EST,
MOGER.5T8.40510.F,SOM,2020,0.4120500087738037,UIS_EST,
MOGER.5T8.40510.F,SOM,2021,0.4547199904918671,UIS_EST,
MOGER.5T8.40510.F,SOM,2022,0.5610700249671936,UIS_EST,
MOGER.5T8.40510.F,SOM,2023,0.5680800080299377,UIS_EST,
MOGER.5T8.40510.F,SRB,2012,3.139159917831421,UIS_EST,
MOGER.5T8.40510.F,SRB,2013,3.166069984436035,UIS_EST,
MOGER.5T8.40510.F,SRB,2014,3.568520069122314,UIS_EST,
MOGER.5T8.40510.F,SRB,2015,3.555109977722168,UIS_EST,
MOGER.5T8.40510.F,SRB,2016,3.984349966049194,UIS_EST,
MOGER.5T8.40510.F,SRB,2017,4.503509998321533,UIS_EST,
MOGER.5T8.40510.F,SRB,2018,4.540299892425537,UIS_EST,
MOGER.5T8.40510.F,SRB,2019,4.238770008087158,UIS_EST,
MOGER.5T8.40510.F,SRB,2020,4.872950077056885,UIS_EST,
MOGER.5T8.40510.F,SRB,2021,5.054719924926758,UIS_EST,
MOGER.5T8.40510.F,SRB,2022,4.930530071258545,UIS_EST,
MOGER.5T8.40510.F,SRB,2023,5.055850028991699,UIS_EST,
MOGER.5T8.40510.F,SSD,2012,0.0131700001657009,UIS_EST,
MOGER.5T8.40510.F,SSD,2013,0.01638999953866,UIS_EST,
MOGER.5T8.40510.F,SSD,2014,0.0310600008815527,UIS_EST,
MOGER.5T8.40510.F,SSD,2015,0.0299900006502867,UIS_EST,
MOGER.5T8.40510.F,SSD,2016,0.04245999827981,UIS_EST,
MOGER.5T8.40510.F,SSD,2017,0.0425200015306473,UIS_EST,
MOGER.5T8.40510.F,SSD,2018,0.0743800029158592,UIS_EST,
MOGER.5T8.40510.F,SSD,2019,0.1093199998140335,UIS_EST,
MOGER.5T8.40510.F,SSD,2020,0.1137899979948997,UIS_EST,
MOGER.5T8.40510.F,SSD,2021,0.1021300032734871,UIS_EST,
MOGER.5T8.40510.F,SSD,2022,0.1284999996423721,UIS_EST,
MOGER.5T8.40510.F,SSD,2023,0.1665499955415726,UIS_EST,
MOGER.5T8.40510.F,STP,2012,2.697269916534424,UIS_EST,
MOGER.5T8.40510.F,STP,2013,2.764309883117676,UIS_EST,
MOGER.5T8.40510.F,STP,2014,3.315380096435547,UIS_EST,
MOGER.5T8.40510.F,STP,2015,3.30430006980896,UIS_EST,
MOGER.5T8.40510.F,STP,2016,3.847709894180298,UIS_EST,
MOGER.5T8.40510.F,STP,2017,4.9238600730896,UIS_EST,
MOGER.5T8.40510.F,STP,2018,6.685919761657715,UIS_EST,
MOGER.5T8.40510.F,STP,2019,6.821360111236572,UIS_EST,
MOGER.5T8.40510.F,STP,2020,6.810259819030762,UIS_EST,
MOGER.5T8.40510.F,STP,2021,6.546850204467773,UIS_EST,
MOGER.5T8.40510.F,STP,2022,6.035890102386475,UIS_EST,
MOGER.5T8.40510.F,STP,2023,6.586480140686035,UIS_EST,
MOGER.5T8.40510.F,SUR,2012,2.062560081481934,UIS_EST,
MOGER.5T8.40510.F,SUR,2013,2.114120006561279,UIS_EST,
MOGER.5T8.40510.F,SUR,2014,2.333879947662354,UIS_EST,
MOGER.5T8.40510.F,SUR,2015,2.308789968490601,UIS_EST,
MOGER.5T8.40510.F,SUR,2016,2.278069972991943,UIS_EST,
MOGER.5T8.40510.F,SUR,2017,2.183010101318359,UIS_EST,
MOGER.5T8.40510.F,SUR,2018,2.034120082855225,UIS_EST,
MOGER.5T8.40510.F,SUR,2019,2.350830078125,UIS_EST,
MOGER.5T8.40510.F,SUR,2020,2.315010070800781,UIS_EST,
MOGER.5T8.40510.F,SUR,2021,2.380709886550903,UIS_EST,
MOGER.5T8.40510.F,SUR,2022,2.241389989852905,UIS_EST,
MOGER.5T8.40510.F,SUR,2023,2.384490013122559,UIS_EST,
MOGER.5T8.40510.F,SVK,2012,9.61124038696289,UIS_EST,
MOGER.5T8.40510.F,SVK,2013,9.853269577026367,UIS_EST,
MOGER.5T8.40510.F,SVK,2014,9.970330238342285,UIS_EST,
MOGER.5T8.40510.F,SVK,2015,10.08174991607666,UIS_EST,
MOGER.5T8.40510.F,SVK,2016,10.69561004638672,UIS_EST,
MOGER.5T8.40510.F,SVK,2017,11.42862033843994,UIS_EST,
MOGER.5T8.40510.F,SVK,2018,11.65482997894287,UIS_EST,
MOGER.5T8.40510.F,SVK,2019,8.222009658813477,UIS_EST,
MOGER.5T8.40510.F,SVK,2020,12.13597011566162,UIS_EST,
MOGER.5T8.40510.F,SVK,2021,12.59099006652832,UIS_EST,
MOGER.5T8.40510.F,SVK,2022,12.78347969055176,UIS_EST,
MOGER.5T8.40510.F,SVK,2023,12.86404037475586,UIS_EST,
MOGER.5T8.40510.F,SVN,2012,2.5279700756073,UIS_EST,
MOGER.5T8.40510.F,SVN,2013,2.812930107116699,UIS_EST,
MOGER.5T8.40510.F,SVN,2014,2.703579902648926,UIS_EST,
MOGER.5T8.40510.F,SVN,2015,2.990649938583374,UIS_EST,
MOGER.5T8.40510.F,SVN,2016,3.320310115814209,UIS_EST,
MOGER.5T8.40510.F,SVN,2017,4.001460075378418,UIS_EST,
MOGER.5T8.40510.F,SVN,2018,3.895339965820313,UIS_EST,
MOGER.5T8.40510.F,SVN,2019,5.418330192565918,UIS_EST,
MOGER.5T8.40510.F,SVN,2020,3.975069999694824,UIS_EST,
MOGER.5T8.40510.F,SVN,2021,3.81633996963501,UIS_EST,
MOGER.5T8.40510.F,SVN,2022,3.81535005569458,UIS_EST,
MOGER.5T8.40510.F,SVN,2023,3.710180044174194,UIS_EST,
MOGER.5T8.40510.F,SWE,2012,2.999190092086792,UIS_EST,
MOGER.5T8.40510.F,SWE,2013,3.018929958343506,UIS_EST,
MOGER.5T8.40510.F,SWE,2014,2.951620101928711,UIS_EST,
MOGER.5T8.40510.F,SWE,2015,3.106319904327393,UIS_EST,
MOGER.5T8.40510.F,SWE,2016,3.115119934082031,UIS_EST,
MOGER.5T8.40510.F,SWE,2017,3.063460111618042,UIS_EST,
MOGER.5T8.40510.F,SWE,2018,3.114289999008179,UIS_EST,
MOGER.5T8.40510.F,SWE,2019,3.306790113449097,UIS_EST,
MOGER.5T8.40510.F,SWE,2020,3.196680068969727,UIS_EST,
MOGER.5T8.40510.F,SWE,2021,3.005089998245239,UIS_EST,
MOGER.5T8.40510.F,SWE,2022,2.988509893417358,UIS_EST,
MOGER.5T8.40510.F,SWE,2023,2.853579998016357,UIS_EST,
MOGER.5T8.40510.F,SWZ,2012,1.915210008621216,UIS_EST,
MOGER.5T8.40510.F,SWZ,2013,2.126840114593506,UIS_EST,
MOGER.5T8.40510.F,SWZ,2014,2.17507004737854,UIS_EST,
MOGER.5T8.40510.F,SWZ,2015,2.036459922790527,UIS_EST,
MOGER.5T8.40510.F,SWZ,2016,2.04731011390686,UIS_EST,
MOGER.5T8.40510.F,SWZ,2017,1.94622004032135,UIS_EST,
MOGER.5T8.40510.F,SWZ,2018,1.917719960212708,UIS_EST,
MOGER.5T8.40510.F,SWZ,2019,1.866359949111938,UIS_EST,
MOGER.5T8.40510.F,SWZ,2020,1.720540046691895,UIS_EST,
MOGER.5T8.40510.F,SWZ,2021,1.723189949989319,UIS_EST,
MOGER.5T8.40510.F,SWZ,2022,1.683120012283325,UIS_EST,
MOGER.5T8.40510.F,SWZ,2023,2.335020065307617,UIS_EST,
MOGER.5T8.40510.F,SXM,2015,1.692180037498474,UIS_EST,
MOGER.5T8.40510.F,SXM,2016,1.647449970245361,UIS_EST,
MOGER.5T8.40510.F,SXM,2017,1.014369964599609,UIS_EST,
MOGER.5T8.40510.F,SXM,2018,0.9960399866104126,UIS_EST,
MOGER.5T8.40510.F,SXM,2019,1.461159944534302,UIS_EST,
MOGER.5T8.40510.F,SXM,2020,1.466539978981018,UIS_EST,
MOGER.5T8.40510.F,SXM,2021,2.048419952392578,UIS_EST,
MOGER.5T8.40510.F,SXM,2022,2.354569911956787,UIS_EST,
MOGER.5T8.40510.F,SXM,2023,2.407569885253906,UIS_EST,
MOGER.5T8.40510.F,SYC,2012,7.380780220031738,UIS_EST,
MOGER.5T8.40510.F,SYC,2013,7.133950233459473,UIS_EST,
MOGER.5T8.40510.F,SYC,2014,6.732210159301758,UIS_EST,
MOGER.5T8.40510.F,SYC,2015,5.827060222625732,UIS_EST,
MOGER.5T8.40510.F,SYC,2016,7.530759811401367,UIS_EST,
MOGER.5T8.40510.F,SYC,2017,6.815279960632324,UIS_EST,
MOGER.5T8.40510.F,SYC,2018,8.50862979888916,UIS_EST,
MOGER.5T8.40510.F,SYC,2019,9.654219627380371,UIS_EST,
MOGER.5T8.40510.F,SYC,2020,10.63234996795654,UIS_EST,
MOGER.5T8.40510.F,SYC,2021,10.45771980285645,UIS_EST,
MOGER.5T8.40510.F,SYC,2022,10.29998970031738,UIS_EST,
MOGER.5T8.40510.F,SYC,2023,11.31004047393799,UIS_EST,
MOGER.5T8.40510.F,SYR,2012,0.4889400005340576,UIS_EST,
MOGER.5T8.40510.F,SYR,2013,0.7756800055503845,UIS_EST,
MOGER.5T8.40510.F,SYR,2014,1.170179963111877,UIS_EST,
MOGER.5T8.40510.F,SYR,2015,1.564970016479492,UIS_EST,
MOGER.5T8.40510.F,SYR,2016,2.00396990776062,UIS_EST,
MOGER.5T8.40510.F,SYR,2017,2.126749992370605,UIS_EST,
MOGER.5T8.40510.F,SYR,2018,2.401550054550171,UIS_EST,
MOGER.5T8.40510.F,SYR,2019,2.545180082321167,UIS_EST,
MOGER.5T8.40510.F,SYR,2020,2.654680013656616,UIS_EST,
MOGER.5T8.40510.F,SYR,2021,2.955909967422485,UIS_EST,
MOGER.5T8.40510.F,SYR,2022,3.136140108108521,UIS_EST,
MOGER.5T8.40510.F,SYR,2023,3.004899978637695,UIS_EST,
MOGER.5T8.40510.F,TCA,2012,6.44625997543335,UIS_EST,
MOGER.5T8.40510.F,TCA,2013,5.311789989471436,UIS_EST,
MOGER.5T8.40510.F,TCA,2014,4.341969966888428,UIS_EST,
MOGER.5T8.40510.F,TCA,2015,5.148079872131348,UIS_EST,
MOGER.5T8.40510.F,TCA,2016,5.979579925537109,UIS_EST,
MOGER.5T8.40510.F,TCA,2017,6.569220066070557,UIS_EST,
MOGER.5T8.40510.F,TCA,2018,7.063310146331787,UIS_EST,
MOGER.5T8.40510.F,TCA,2019,7.144239902496338,UIS_EST,
MOGER.5T8.40510.F,TCA,2020,7.780710220336914,UIS_EST,
MOGER.5T8.40510.F,TCA,2021,6.135220050811768,UIS_EST,
MOGER.5T8.40510.F,TCA,2022,6.196700096130371,UIS_EST,
MOGER.5T8.40510.F,TCA,2023,5.855599880218506,UIS_EST,
MOGER.5T8.40510.F,TCD,2012,0.3486300110816956,UIS_EST,
MOGER.5T8.40510.F,TCD,2013,0.3440699875354767,UIS_EST,
MOGER.5T8.40510.F,TCD,2014,0.333759993314743,UIS_EST,
MOGER.5T8.40510.F,TCD,2015,0.3181700110435486,UIS_EST,
MOGER.5T8.40510.F,TCD,2016,0.3196099996566772,UIS_EST,
MOGER.5T8.40510.F,TCD,2017,0.3778299987316132,UIS_EST,
MOGER.5T8.40510.F,TCD,2018,0.197610005736351,UIS_EST,
MOGER.5T8.40510.F,TCD,2019,0.5818399786949158,UIS_EST,
MOGER.5T8.40510.F,TCD,2020,0.5174700021743774,UIS_EST,
MOGER.5T8.40510.F,TCD,2021,0.5367599725723267,UIS_EST,
MOGER.5T8.40510.F,TCD,2022,0.5678099989891052,UIS_EST,
MOGER.5T8.40510.F,TCD,2023,0.532509982585907,UIS_EST,
MOGER.5T8.40510.F,TGO,2012,0.4415200054645538,UIS_EST,
MOGER.5T8.40510.F,TGO,2013,0.4429999887943268,UIS_EST,
MOGER.5T8.40510.F,TGO,2014,0.5007100105285645,UIS_EST,
MOGER.5T8.40510.F,TGO,2015,0.598800003528595,UIS_EST,
MOGER.5T8.40510.F,TGO,2016,0.5371500253677368,UIS_EST,
MOGER.5T8.40510.F,TGO,2017,0.5511699914932251,UIS_EST,
MOGER.5T8.40510.F,TGO,2018,0.5891000032424927,UIS_EST,
MOGER.5T8.40510.F,TGO,2019,0.573639988899231,UIS_EST,
MOGER.5T8.40510.F,TGO,2020,0.6466299891471863,UIS_EST,
MOGER.5T8.40510.F,TGO,2021,0.6451399922370911,UIS_EST,
MOGER.5T8.40510.F,TGO,2022,0.6606000065803528,UIS_EST,
MOGER.5T8.40510.F,TGO,2023,0.7565400004386902,UIS_EST,
MOGER.5T8.40510.F,THA,2012,0.5742499828338623,UIS_EST,
MOGER.5T8.40510.F,THA,2013,0.5730500221252441,UIS_EST,
MOGER.5T8.40510.F,THA,2014,0.5863800048828125,UIS_EST,
MOGER.5T8.40510.F,THA,2015,0.6868199706077576,UIS_EST,
MOGER.5T8.40510.F,THA,2016,0.7289900183677673,UIS_EST,
MOGER.5T8.40510.F,THA,2017,0.7659199833869934,UIS_EST,
MOGER.5T8.40510.F,THA,2018,0.7985900044441223,UIS_EST,
MOGER.5T8.40510.F,THA,2019,0.7955600023269653,UIS_EST,
MOGER.5T8.40510.F,THA,2020,0.7890400290489197,UIS_EST,
MOGER.5T8.40510.F,THA,2021,0.684499979019165,UIS_EST,
MOGER.5T8.40510.F,THA,2022,0.7158700227737427,UIS_EST,
MOGER.5T8.40510.F,THA,2023,0.8288800120353699,UIS_EST,
MOGER.5T8.40510.F,TJK,2012,0.2023999989032745,UIS_EST,
MOGER.5T8.40510.F,TJK,2013,0.223470002412796,UIS_EST,
MOGER.5T8.40510.F,TJK,2014,0.2974599897861481,UIS_EST,
MOGER.5T8.40510.F,TJK,2015,0.3425100147724152,UIS_EST,
MOGER.5T8.40510.F,TJK,2016,0.3898899853229523,UIS_EST,
MOGER.5T8.40510.F,TJK,2017,0.3730300068855286,UIS_EST,
MOGER.5T8.40510.F,TJK,2018,0.3638699948787689,UIS_EST,
MOGER.5T8.40510.F,TJK,2019,0.3730599880218506,UIS_EST,
MOGER.5T8.40510.F,TJK,2020,0.395550012588501,UIS_EST,
MOGER.5T8.40510.F,TJK,2021,0.386350005865097,UIS_EST,
MOGER.5T8.40510.F,TJK,2022,0.4105800092220306,UIS_EST,
MOGER.5T8.40510.F,TJK,2023,0.3782300055027008,UIS_EST,
MOGER.5T8.40510.F,TKL,2012,10.00671005249023,UIS_EST,
MOGER.5T8.40510.F,TKL,2013,3.548749923706055,UIS_EST,
MOGER.5T8.40510.F,TKL,2014,3.401360034942627,UIS_EST,
MOGER.5T8.40510.F,TKL,2015,4.912280082702637,UIS_EST,
MOGER.5T8.40510.F,TKL,2016,2.727269887924194,UIS_EST,
MOGER.5T8.40510.F,TKL,2017,3.212369918823242,UIS_EST,
MOGER.5T8.40510.F,TKL,2018,18.65740966796875,UIS_EST,
MOGER.5T8.40510.F,TKL,2019,13.65740966796875,UIS_EST,
MOGER.5T8.40510.F,TKL,2020,5.167960166931152,UIS_EST,
MOGER.5T8.40510.F,TKL,2021,2.777780055999756,UIS_EST,
MOGER.5T8.40510.F,TKL,2022,2.02020001411438,UIS_EST,
MOGER.5T8.40510.F,TKL,2023,13.78505039215088,UIS_EST,
MOGER.5T8.40510.F,TKM,2012,1.943889975547791,UIS_EST,
MOGER.5T8.40510.F,TKM,2013,2.537329912185669,UIS_EST,
MOGER.5T8.40510.F,TKM,2014,3.150079965591431,UIS_EST,
MOGER.5T8.40510.F,TKM,2015,3.4268798828125,UIS_EST,
MOGER.5T8.40510.F,TKM,2016,3.209160089492798,UIS_EST,
MOGER.5T8.40510.F,TKM,2017,3.095999956130981,UIS_EST,
MOGER.5T8.40510.F,TKM,2018,3.227799892425537,UIS_EST,
MOGER.5T8.40510.F,TKM,2019,4.611470222473145,UIS_EST,
MOGER.5T8.40510.F,TKM,2020,5.804120063781738,UIS_EST,
MOGER.5T8.40510.F,TKM,2021,6.190659999847412,UIS_EST,
MOGER.5T8.40510.F,TKM,2022,5.480820178985596,UIS_EST,
MOGER.5T8.40510.F,TKM,2023,4.734769821166992,UIS_EST,
MOGER.5T8.40510.F,TLS,2012,2.120409965515137,UIS_EST,
MOGER.5T8.40510.F,TLS,2013,2.082299947738647,UIS_EST,
MOGER.5T8.40510.F,TLS,2014,2.141599893569946,UIS_EST,
MOGER.5T8.40510.F,TLS,2015,1.734730005264282,UIS_EST,
MOGER.5T8.40510.F,TLS,2016,1.661610007286072,UIS_EST,
MOGER.5T8.40510.F,TLS,2017,1.624140024185181,UIS_EST,
MOGER.5T8.40510.F,TLS,2018,1.631340026855469,UIS_EST,
MOGER.5T8.40510.F,TLS,2019,1.583539962768555,UIS_EST,
MOGER.5T8.40510.F,TLS,2020,1.526870012283325,UIS_EST,
MOGER.5T8.40510.F,TLS,2021,1.515169978141785,UIS_EST,
MOGER.5T8.40510.F,TLS,2022,1.540300011634827,UIS_EST,
MOGER.5T8.40510.F,TLS,2023,1.633659958839417,UIS_EST,
MOGER.5T8.40510.F,TON,2012,5.827549934387207,UIS_EST,
MOGER.5T8.40510.F,TON,2013,6.498209953308105,UIS_EST,
MOGER.5T8.40510.F,TON,2014,6.745520114898682,UIS_EST,
MOGER.5T8.40510.F,TON,2015,6.801790237426758,UIS_EST,
MOGER.5T8.40510.F,TON,2016,6.573540210723877,UIS_EST,
MOGER.5T8.40510.F,TON,2017,6.755730152130127,UIS_EST,
MOGER.5T8.40510.F,TON,2018,8.510430335998535,UIS_EST,
MOGER.5T8.40510.F,TON,2019,8.935050010681152,UIS_EST,
MOGER.5T8.40510.F,TON,2020,9.43822956085205,UIS_EST,
MOGER.5T8.40510.F,TON,2021,5.94221019744873,UIS_EST,
MOGER.5T8.40510.F,TON,2022,5.55049991607666,UIS_EST,
MOGER.5T8.40510.F,TON,2023,6.556270122528076,UIS_EST,
MOGER.5T8.40510.F,TTO,2012,4.548830032348633,UIS_EST,
MOGER.5T8.40510.F,TTO,2013,4.250710010528564,UIS_EST,
MOGER.5T8.40510.F,TTO,2014,3.403209924697876,UIS_EST,
MOGER.5T8.40510.F,TTO,2015,3.600790023803711,UIS_EST,
MOGER.5T8.40510.F,TTO,2016,3.913670063018799,UIS_EST,
MOGER.5T8.40510.F,TTO,2017,3.473740100860596,UIS_EST,
MOGER.5T8.40510.F,TTO,2018,3.542969942092896,UIS_EST,
MOGER.5T8.40510.F,TTO,2019,3.483360052108765,UIS_EST,
MOGER.5T8.40510.F,TTO,2020,3.979769945144653,UIS_EST,
MOGER.5T8.40510.F,TTO,2021,3.688169956207275,UIS_EST,
MOGER.5T8.40510.F,TTO,2022,3.239670038223267,UIS_EST,
MOGER.5T8.40510.F,TTO,2023,3.514610052108765,UIS_EST,
MOGER.5T8.40510.F,TUN,2012,1.520760059356689,UIS_EST,
MOGER.5T8.40510.F,TUN,2013,1.348489999771118,UIS_EST,
MOGER.5T8.40510.F,TUN,2014,1.473649978637695,UIS_EST,
MOGER.5T8.40510.F,TUN,2015,1.610560059547424,UIS_EST,
MOGER.5T8.40510.F,TUN,2016,1.830510020256042,UIS_EST,
MOGER.5T8.40510.F,TUN,2017,2.077470064163208,UIS_EST,
MOGER.5T8.40510.F,TUN,2018,2.28836989402771,UIS_EST,
MOGER.5T8.40510.F,TUN,2019,2.471220016479492,UIS_EST,
MOGER.5T8.40510.F,TUN,2020,2.677099943161011,UIS_EST,
MOGER.5T8.40510.F,TUN,2021,2.885859966278076,UIS_EST,
MOGER.5T8.40510.F,TUN,2022,3.099819898605347,UIS_EST,
MOGER.5T8.40510.F,TUN,2023,3.434459924697876,UIS_EST,
MOGER.5T8.40510.F,TUR,2012,0.5275300145149231,UIS_EST,
MOGER.5T8.40510.F,TUR,2013,0.5160499811172485,UIS_EST,
MOGER.5T8.40510.F,TUR,2014,0.5237600207328796,UIS_EST,
MOGER.5T8.40510.F,TUR,2015,0.526889979839325,UIS_EST,
MOGER.5T8.40510.F,TUR,2016,0.5273900032043457,UIS_EST,
MOGER.5T8.40510.F,TUR,2017,0.5505300164222717,UIS_EST,
MOGER.5T8.40510.F,TUR,2018,0.5791400074958801,UIS_EST,
MOGER.5T8.40510.F,TUR,2019,0.6051599979400635,UIS_EST,
MOGER.5T8.40510.F,TUR,2020,0.6735699772834778,UIS_EST,
MOGER.5T8.40510.F,TUR,2021,0.6944199800491333,UIS_EST,
MOGER.5T8.40510.F,TUR,2022,0.795960009098053,UIS_EST,
MOGER.5T8.40510.F,TUV,2012,25.00057029724121,UIS_EST,
MOGER.5T8.40510.F,TUV,2013,23.25082969665527,UIS_EST,
MOGER.5T8.40510.F,TUV,2014,24.106689453125,UIS_EST,
MOGER.5T8.40510.F,TUV,2015,18.39996910095215,UIS_EST,
MOGER.5T8.40510.F,TUV,2016,23.61273956298828,UIS_EST,
MOGER.5T8.40510.F,TUV,2017,25.8729190826416,UIS_EST,
MOGER.5T8.40510.F,TUV,2018,17.56096076965332,UIS_EST,
MOGER.5T8.40510.F,TUV,2019,21.06438064575195,UIS_EST,
MOGER.5T8.40510.F,TUV,2020,20.52638053894043,UIS_EST,
MOGER.5T8.40510.F,TUV,2021,20.45428085327148,UIS_EST,
MOGER.5T8.40510.F,TUV,2022,23.7697696685791,UIS_EST,
MOGER.5T8.40510.F,TUV,2023,24.79412078857422,UIS_EST,
MOGER.5T8.40510.F,TZA,2012,0.1035699993371964,UIS_EST,
MOGER.5T8.40510.F,TZA,2013,0.1059900000691414,UIS_EST,
MOGER.5T8.40510.F,TZA,2014,0.1100500002503395,UIS_EST,
MOGER.5T8.40510.F,TZA,2015,0.1108099967241287,UIS_EST,
MOGER.5T8.40510.F,TZA,2016,0.1166199967265129,UIS_EST,
MOGER.5T8.40510.F,TZA,2017,0.1114500015974045,UIS_EST,
MOGER.5T8.40510.F,TZA,2018,0.1056099981069565,UIS_EST,
MOGER.5T8.40510.F,TZA,2019,0.0997800007462502,UIS_EST,
MOGER.5T8.40510.F,TZA,2020,0.1053600013256073,UIS_EST,
MOGER.5T8.40510.F,TZA,2021,0.1039199978113174,UIS_EST,
MOGER.5T8.40510.F,TZA,2022,0.1008000001311302,UIS_EST,
MOGER.5T8.40510.F,TZA,2023,0.1075799986720085,UIS_EST,
MOGER.5T8.40510.F,UGA,2012,0.1200399994850159,UIS_EST,
MOGER.5T8.40510.F,UGA,2013,0.127580001950264,UIS_EST,
MOGER.5T8.40510.F,UGA,2014,0.1274400055408478,UIS_EST,
MOGER.5T8.40510.F,UGA,2015,0.1117099970579147,UIS_EST,
MOGER.5T8.40510.F,UGA,2016,0.12916000187397,UIS_EST,
MOGER.5T8.40510.F,UGA,2017,0.1208700016140938,UIS_EST,
MOGER.5T8.40510.F,UGA,2018,0.122919999063015,UIS_EST,
MOGER.5T8.40510.F,UGA,2019,0.1026199981570244,UIS_EST,
MOGER.5T8.40510.F,UGA,2020,0.1046900004148483,UIS_EST,
MOGER.5T8.40510.F,UGA,2021,0.1042200028896332,UIS_EST,
MOGER.5T8.40510.F,UGA,2022,0.1072600036859512,UIS_EST,
MOGER.5T8.40510.F,UGA,2023,0.1155299991369247,UIS_EST,
MOGER.5T8.40510.F,UIS: Arab States,2012,0.6194499731063843,,
MOGER.5T8.40510.F,UIS: Arab States,2013,0.6823199987411499,,
MOGER.5T8.40510.F,UIS: Arab States,2014,0.7760000228881836,,
MOGER.5T8.40510.F,UIS: Arab States,2015,0.8541899919509888,,
MOGER.5T8.40510.F,UIS: Arab States,2016,0.9373000264167786,,
MOGER.5T8.40510.F,UIS: Arab States,2017,0.980459988117218,,
MOGER.5T8.40510.F,UIS: Arab States,2018,1.011729955673218,,
MOGER.5T8.40510.F,UIS: Arab States,2019,1.090199947357178,,
MOGER.5T8.40510.F,UIS: Arab States,2020,1.136659979820251,,
MOGER.5T8.40510.F,UIS: Arab States,2021,1.192360043525696,,
MOGER.5T8.40510.F,UIS: Arab States,2022,1.263970017433167,,
MOGER.5T8.40510.F,UIS: Arab States,2023,1.29367995262146,,
MOGER.5T8.40510.F,UIS: Central Asia,2012,0.768339991569519,,
MOGER.5T8.40510.F,UIS: Central Asia,2013,0.8558700084686279,,
MOGER.5T8.40510.F,UIS: Central Asia,2014,1.076290011405945,,
MOGER.5T8.40510.F,UIS: Central Asia,2015,1.161419987678528,,
MOGER.5T8.40510.F,UIS: Central Asia,2016,1.257680058479309,,
MOGER.5T8.40510.F,UIS: Central Asia,2017,1.320189952850342,,
MOGER.5T8.40510.F,UIS: Central Asia,2018,1.375100016593933,,
MOGER.5T8.40510.F,UIS: Central Asia,2019,1.647210001945496,,
MOGER.5T8.40510.F,UIS: Central Asia,2020,2.196700096130371,,
MOGER.5T8.40510.F,UIS: Central Asia,2021,2.616389989852905,,
MOGER.5T8.40510.F,UIS: Central Asia,2022,2.843660116195679,,
MOGER.5T8.40510.F,UIS: Central Asia,2023,2.654330015182495,,
MOGER.5T8.40510.F,UIS: Central and Eastern Europe,2012,1.575039982795715,,
MOGER.5T8.40510.F,UIS: Central and Eastern Europe,2013,1.660269975662231,,
MOGER.5T8.40510.F,UIS: Central and Eastern Europe,2014,1.802109956741333,,
MOGER.5T8.40510.F,UIS: Central and Eastern Europe,2015,1.916550040245056,,
MOGER.5T8.40510.F,UIS: Central and Eastern Europe,2016,2.032190084457397,,
MOGER.5T8.40510.F,UIS: Central and Eastern Europe,2017,2.18530011177063,,
MOGER.5T8.40510.F,UIS: Central and Eastern Europe,2018,2.216219902038574,,
MOGER.5T8.40510.F,UIS: Central and Eastern Europe,2019,2.072380065917969,,
MOGER.5T8.40510.F,UIS: Central and Eastern Europe,2020,2.220870018005371,,
MOGER.5T8.40510.F,UIS: Central and Eastern Europe,2021,2.354120016098022,,
MOGER.5T8.40510.F,UIS: Central and Eastern Europe,2022,2.361320018768311,,
MOGER.5T8.40510.F,UIS: Central and Eastern Europe,2023,2.407989978790283,,
MOGER.5T8.40510.F,UIS: East Asia and the Pacific,2012,0.6261799931526184,,
MOGER.5T8.40510.F,UIS: East Asia and the Pacific,2013,0.698889970779419,,
MOGER.5T8.40510.F,UIS: East Asia and the Pacific,2014,0.7768499851226807,,
MOGER.5T8.40510.F,UIS: East Asia and the Pacific,2015,0.8562099933624268,,
MOGER.5T8.40510.F,UIS: East Asia and the Pacific,2016,0.9378499984741211,,
MOGER.5T8.40510.F,UIS: East Asia and the Pacific,2017,1.025529980659485,,
MOGER.5T8.40510.F,UIS: East Asia and the Pacific,2018,1.106950044631958,,
MOGER.5T8.40510.F,UIS: East Asia and the Pacific,2019,1.179630041122437,,
MOGER.5T8.40510.F,UIS: East Asia and the Pacific,2020,1.260820031166077,,
MOGER.5T8.40510.F,UIS: East Asia and the Pacific,2021,1.17428994178772,,
MOGER.5T8.40510.F,UIS: East Asia and the Pacific,2022,1.17739999294281,,
MOGER.5T8.40510.F,UIS: East Asia and the Pacific,2023,1.23471999168396,,
MOGER.5T8.40510.F,UIS: Latin America and the Caribbean,2012,0.4943700134754181,,
MOGER.5T8.40510.F,UIS: Latin America and the Caribbean,2013,0.5047600269317627,,
MOGER.5T8.40510.F,UIS: Latin America and the Caribbean,2014,0.5242000222206116,,
MOGER.5T8.40510.F,UIS: Latin America and the Caribbean,2015,0.5558099746704102,,
MOGER.5T8.40510.F,UIS: Latin America and the Caribbean,2016,0.5846099853515625,,
MOGER.5T8.40510.F,UIS: Latin America and the Caribbean,2017,0.6432399749755859,,
MOGER.5T8.40510.F,UIS: Latin America and the Caribbean,2018,0.7094600200653076,,
MOGER.5T8.40510.F,UIS: Latin America and the Caribbean,2019,0.7680100202560425,,
MOGER.5T8.40510.F,UIS: Latin America and the Caribbean,2020,0.8431500196456909,,
MOGER.5T8.40510.F,UIS: Latin America and the Caribbean,2021,0.84375,,
MOGER.5T8.40510.F,UIS: Latin America and the Caribbean,2022,0.9144600033760071,,
MOGER.5T8.40510.F,UIS: Latin America and the Caribbean,2023,0.9395400285720825,,
MOGER.5T8.40510.F,UIS: North America and Western Europe,2012,1.331740021705627,,
MOGER.5T8.40510.F,UIS: North America and Western Europe,2013,1.387599945068359,,
MOGER.5T8.40510.F,UIS: North America and Western Europe,2014,1.44871997833252,,
MOGER.5T8.40510.F,UIS: North America and Western Europe,2015,1.530869960784912,,
MOGER.5T8.40510.F,UIS: North America and Western Europe,2016,1.604550004005432,,
MOGER.5T8.40510.F,UIS: North America and Western Europe,2017,1.677780032157898,,
MOGER.5T8.40510.F,UIS: North America and Western Europe,2018,1.722749948501587,,
MOGER.5T8.40510.F,UIS: North America and Western Europe,2019,1.836770057678223,,
MOGER.5T8.40510.F,UIS: North America and Western Europe,2020,1.903540015220642,,
MOGER.5T8.40510.F,UIS: North America and Western Europe,2021,1.892590045928955,,
MOGER.5T8.40510.F,UIS: North America and Western Europe,2022,1.930770039558411,,
MOGER.5T8.40510.F,UIS: North America and Western Europe,2023,1.964280009269714,,
MOGER.5T8.40510.F,UIS: South and West Asia,2012,0.1287699937820435,,
MOGER.5T8.40510.F,UIS: South and West Asia,2013,0.1354600042104721,,
MOGER.5T8.40510.F,UIS: South and West Asia,2014,0.1492899954319,,
MOGER.5T8.40510.F,UIS: South and West Asia,2015,0.1725299954414368,,
MOGER.5T8.40510.F,UIS: South and West Asia,2016,0.205939993262291,,
MOGER.5T8.40510.F,UIS: South and West Asia,2017,0.2283599972724915,,
MOGER.5T8.40510.F,UIS: South and West Asia,2018,0.2595199942588806,,
MOGER.5T8.40510.F,UIS: South and West Asia,2019,0.3122900128364563,,
MOGER.5T8.40510.F,UIS: South and West Asia,2020,0.359389990568161,,
MOGER.5T8.40510.F,UIS: South and West Asia,2021,0.362960010766983,,
MOGER.5T8.40510.F,UIS: South and West Asia,2022,0.4321300089359283,,
MOGER.5T8.40510.F,UIS: South and West Asia,2023,0.5748299956321716,,
MOGER.5T8.40510.F,UIS: Sub-Saharan Africa,2012,0.2689299881458282,,
MOGER.5T8.40510.F,UIS: Sub-Saharan Africa,2013,0.2706199884414673,,
MOGER.5T8.40510.F,UIS: Sub-Saharan Africa,2014,0.2930000126361847,,
MOGER.5T8.40510.F,UIS: Sub-Saharan Africa,2015,0.3026599884033203,,
MOGER.5T8.40510.F,UIS: Sub-Saharan Africa,2016,0.3115899860858917,,
MOGER.5T8.40510.F,UIS: Sub-Saharan Africa,2017,0.3104299902915955,,
MOGER.5T8.40510.F,UIS: Sub-Saharan Africa,2018,0.3021000027656555,,
MOGER.5T8.40510.F,UIS: Sub-Saharan Africa,2019,0.3013499975204468,,
MOGER.5T8.40510.F,UIS: Sub-Saharan Africa,2020,0.314410001039505,,
MOGER.5T8.40510.F,UIS: Sub-Saharan Africa,2021,0.3272800147533417,,
MOGER.5T8.40510.F,UIS: Sub-Saharan Africa,2022,0.3584400117397308,,
MOGER.5T8.40510.F,UIS: Sub-Saharan Africa,2023,0.4107399880886078,,
MOGER.5T8.40510.F,UIS: World,2012,0.6336600184440613,,
MOGER.5T8.40510.F,UIS: World,2013,0.6661499738693237,,
MOGER.5T8.40510.F,UIS: World,2014,0.7138299942016602,,
MOGER.5T8.40510.F,UIS: World,2015,0.7610700130462646,,
MOGER.5T8.40510.F,UIS: World,2016,0.8113600015640259,,
MOGER.5T8.40510.F,UIS: World,2017,0.8601899743080139,,
MOGER.5T8.40510.F,UIS: World,2018,0.9044399857521057,,
MOGER.5T8.40510.F,UIS: World,2019,0.9581699967384338,,
MOGER.5T8.40510.F,UIS: World,2020,1.006700038909912,,
MOGER.5T8.40510.F,UIS: World,2021,1.006459951400757,,
MOGER.5T8.40510.F,UIS: World,2022,1.070840001106262,,
MOGER.5T8.40510.F,UIS: World,2023,1.126649975776672,,
MOGER.5T8.40510.F,UKR,2012,1.264829993247986,UIS_EST,
MOGER.5T8.40510.F,UKR,2013,1.54544997215271,UIS_EST,
MOGER.5T8.40510.F,UKR,2014,1.96136999130249,UIS_EST,
MOGER.5T8.40510.F,UKR,2015,2.596539974212646,UIS_EST,
MOGER.5T8.40510.F,UKR,2016,3.103709936141968,UIS_EST,
MOGER.5T8.40510.F,UKR,2017,3.648699998855591,UIS_EST,
MOGER.5T8.40510.F,UKR,2018,3.519109964370728,UIS_EST,
MOGER.5T8.40510.F,UKR,2019,3.58722996711731,UIS_EST,
MOGER.5T8.40510.F,UKR,2020,3.773430109024048,UIS_EST,
MOGER.5T8.40510.F,UKR,2021,4.141329765319824,UIS_EST,
MOGER.5T8.40510.F,UKR,2022,4.349999904632568,UIS_EST,
MOGER.5T8.40510.F,UNESCO: SIDS,2012,1.624079942703247,,
MOGER.5T8.40510.F,UNESCO: SIDS,2013,1.697080016136169,,
MOGER.5T8.40510.F,UNESCO: SIDS,2014,1.735700011253357,,
MOGER.5T8.40510.F,UNESCO: SIDS,2015,1.733839988708496,,
MOGER.5T8.40510.F,UNESCO: SIDS,2016,1.851680040359497,,
MOGER.5T8.40510.F,UNESCO: SIDS,2017,1.846989989280701,,
MOGER.5T8.40510.F,UNESCO: SIDS,2018,1.867460012435913,,
MOGER.5T8.40510.F,UNESCO: SIDS,2019,1.912320017814636,,
MOGER.5T8.40510.F,UNESCO: SIDS,2020,1.999690055847168,,
MOGER.5T8.40510.F,UNESCO: SIDS,2021,1.981879949569702,,
MOGER.5T8.40510.F,UNESCO: SIDS,2022,1.928920030593872,,
MOGER.5T8.40510.F,UNESCO: SIDS,2023,2.099289894104004,,
MOGER.5T8.40510.F,UNICEF: Africa,2012,0.3048999905586243,,
MOGER.5T8.40510.F,UNICEF: Africa,2013,0.3018699884414673,,
MOGER.5T8.40510.F,UNICEF: Africa,2014,0.3272899985313416,,
MOGER.5T8.40510.F,UNICEF: Africa,2015,0.3394500017166138,,
MOGER.5T8.40510.F,UNICEF: Africa,2016,0.3542900085449219,,
MOGER.5T8.40510.F,UNICEF: Africa,2017,0.3603500127792358,,
MOGER.5T8.40510.F,UNICEF: Africa,2018,0.3574700057506561,,
MOGER.5T8.40510.F,UNICEF: Africa,2019,0.3615599870681763,,
MOGER.5T8.40510.F,UNICEF: Africa,2020,0.3793100118637085,,
MOGER.5T8.40510.F,UNICEF: Africa,2021,0.3985399901866913,,
MOGER.5T8.40510.F,UNICEF: Africa,2022,0.4348799884319305,,
MOGER.5T8.40510.F,UNICEF: Africa,2023,0.4845199882984161,,
MOGER.5T8.40510.F,UNICEF: All UNICEF Countries,2012,0.4307200014591217,,
MOGER.5T8.40510.F,UNICEF: All UNICEF Countries,2013,0.459850013256073,,
MOGER.5T8.40510.F,UNICEF: All UNICEF Countries,2014,0.5017799735069275,,
MOGER.5T8.40510.F,UNICEF: All UNICEF Countries,2015,0.543910026550293,,
MOGER.5T8.40510.F,UNICEF: All UNICEF Countries,2016,0.5876399874687195,,
MOGER.5T8.40510.F,UNICEF: All UNICEF Countries,2017,0.629859983921051,,
MOGER.5T8.40510.F,UNICEF: All UNICEF Countries,2018,0.6660000085830688,,
MOGER.5T8.40510.F,UNICEF: All UNICEF Countries,2019,0.708869993686676,,
MOGER.5T8.40510.F,UNICEF: All UNICEF Countries,2020,0.7651000022888184,,
MOGER.5T8.40510.F,UNICEF: All UNICEF Countries,2021,0.7558199763298035,,
MOGER.5T8.40510.F,UNICEF: All UNICEF Countries,2022,0.7972400188446045,,
MOGER.5T8.40510.F,UNICEF: All UNICEF Countries,2023,0.8710299730300903,,
MOGER.5T8.40510.F,UNICEF: Association of South East Asian Nations (ASEAN),2012,0.38960000872612,,
MOGER.5T8.40510.F,UNICEF: Association of South East Asian Nations (ASEAN),2013,0.4134100079536438,,
MOGER.5T8.40510.F,UNICEF: Association of South East Asian Nations (ASEAN),2014,0.4339900016784668,,
MOGER.5T8.40510.F,UNICEF: Association of South East Asian Nations (ASEAN),2015,0.473470002412796,,
MOGER.5T8.40510.F,UNICEF: Association of South East Asian Nations (ASEAN),2016,0.5288100242614746,,
MOGER.5T8.40510.F,UNICEF: Association of South East Asian Nations (ASEAN),2017,0.559689998626709,,
MOGER.5T8.40510.F,UNICEF: Association of South East Asian Nations (ASEAN),2018,0.6063799858093262,,
MOGER.5T8.40510.F,UNICEF: Association of South East Asian Nations (ASEAN),2019,0.6690400242805481,,
MOGER.5T8.40510.F,UNICEF: Association of South East Asian Nations (ASEAN),2020,0.7127599716186523,,
MOGER.5T8.40510.F,UNICEF: Association of South East Asian Nations (ASEAN),2021,0.6782199740409851,,
MOGER.5T8.40510.F,UNICEF: Association of South East Asian Nations (ASEAN),2022,0.6864799857139587,,
MOGER.5T8.40510.F,UNICEF: Association of South East Asian Nations (ASEAN),2023,0.741599977016449,,
MOGER.5T8.40510.F,UNICEF: Central and Eastern Europe/Commonwealth of Independent States,2012,1.170120000839233,,
MOGER.5T8.40510.F,UNICEF: Central and Eastern Europe/Commonwealth of Independent States,2013,1.257760047912598,,
MOGER.5T8.40510.F,UNICEF: Central and Eastern Europe/Commonwealth of Independent States,2014,1.425310015678406,,
MOGER.5T8.40510.F,UNICEF: Central and Eastern Europe/Commonwealth of Independent States,2015,1.532299995422363,,
MOGER.5T8.40510.F,UNICEF: Central and Eastern Europe/Commonwealth of Independent States,2016,1.636620044708252,,
MOGER.5T8.40510.F,UNICEF: Central and Eastern Europe/Commonwealth of Independent States,2017,1.753610014915466,,
MOGER.5T8.40510.F,UNICEF: Central and Eastern Europe/Commonwealth of Independent States,2018,1.778650045394897,,
MOGER.5T8.40510.F,UNICEF: Central and Eastern Europe/Commonwealth of Independent States,2019,1.760089993476868,,
MOGER.5T8.40510.F,UNICEF: Central and Eastern Europe/Commonwealth of Independent States,2020,1.981070041656494,,
MOGER.5T8.40510.F,UNICEF: Central and Eastern Europe/Commonwealth of Independent States,2021,2.200850009918213,,
MOGER.5T8.40510.F,UNICEF: Central and Eastern Europe/Commonwealth of Independent States,2022,2.291660070419312,,
MOGER.5T8.40510.F,UNICEF: Central and Eastern Europe/Commonwealth of Independent States,2023,2.299720048904419,,
MOGER.5T8.40510.F,UNICEF: East Asia and Pacific,2012,0.6170700192451477,,
MOGER.5T8.40510.F,UNICEF: East Asia and Pacific,2013,0.6869099736213684,,
MOGER.5T8.40510.F,UNICEF: East Asia and Pacific,2014,0.7635999917984009,,
MOGER.5T8.40510.F,UNICEF: East Asia and Pacific,2015,0.8416900038719177,,
MOGER.5T8.40510.F,UNICEF: East Asia and Pacific,2016,0.9214400053024292,,
MOGER.5T8.40510.F,UNICEF: East Asia and Pacific,2017,1.008440017700195,,
MOGER.5T8.40510.F,UNICEF: East Asia and Pacific,2018,1.091560006141663,,
MOGER.5T8.40510.F,UNICEF: East Asia and Pacific,2019,1.165590047836304,,
MOGER.5T8.40510.F,UNICEF: East Asia and Pacific,2020,1.249279975891113,,
MOGER.5T8.40510.F,UNICEF: East Asia and Pacific,2021,1.162420034408569,,
MOGER.5T8.40510.F,UNICEF: East Asia and Pacific,2022,1.163820028305054,,
MOGER.5T8.40510.F,UNICEF: East Asia and Pacific,2023,1.219230055809021,,
MOGER.5T8.40510.F,UNICEF: East Asia and the Pacific Programme Countries,2012,0.5493800044059753,,
MOGER.5T8.40510.F,UNICEF: East Asia and the Pacific Programme Countries,2013,0.6137199997901917,,
MOGER.5T8.40510.F,UNICEF: East Asia and the Pacific Programme Countries,2014,0.6939899921417236,,
MOGER.5T8.40510.F,UNICEF: East Asia and the Pacific Programme Countries,2015,0.7801300287246704,,
MOGER.5T8.40510.F,UNICEF: East Asia and the Pacific Programme Countries,2016,0.8594800233840942,,
MOGER.5T8.40510.F,UNICEF: East Asia and the Pacific Programme Countries,2017,0.9513400197029114,,
MOGER.5T8.40510.F,UNICEF: East Asia and the Pacific Programme Countries,2018,1.043359994888306,,
MOGER.5T8.40510.F,UNICEF: East Asia and the Pacific Programme Countries,2019,1.120740056037903,,
MOGER.5T8.40510.F,UNICEF: East Asia and the Pacific Programme Countries,2020,1.203220009803772,,
MOGER.5T8.40510.F,UNICEF: East Asia and the Pacific Programme Countries,2021,1.127369999885559,,
MOGER.5T8.40510.F,UNICEF: East Asia and the Pacific Programme Countries,2022,1.128309965133667,,
MOGER.5T8.40510.F,UNICEF: East Asia and the Pacific Programme Countries,2023,1.179129958152771,,
MOGER.5T8.40510.F,UNICEF: Eastern Europe and Central Asia,2012,1.170120000839233,,
MOGER.5T8.40510.F,UNICEF: Eastern Europe and Central Asia,2013,1.257760047912598,,
MOGER.5T8.40510.F,UNICEF: Eastern Europe and Central Asia,2014,1.425310015678406,,
MOGER.5T8.40510.F,UNICEF: Eastern Europe and Central Asia,2015,1.532299995422363,,
MOGER.5T8.40510.F,UNICEF: Eastern Europe and Central Asia,2016,1.636620044708252,,
MOGER.5T8.40510.F,UNICEF: Eastern Europe and Central Asia,2017,1.753610014915466,,
MOGER.5T8.40510.F,UNICEF: Eastern Europe and Central Asia,2018,1.778650045394897,,
MOGER.5T8.40510.F,UNICEF: Eastern Europe and Central Asia,2019,1.760089993476868,,
MOGER.5T8.40510.F,UNICEF: Eastern Europe and Central Asia,2020,1.981070041656494,,
MOGER.5T8.40510.F,UNICEF: Eastern Europe and Central Asia,2021,2.200850009918213,,
MOGER.5T8.40510.F,UNICEF: Eastern Europe and Central Asia,2022,2.291660070419312,,
MOGER.5T8.40510.F,UNICEF: Eastern Europe and Central Asia,2023,2.299720048904419,,
MOGER.5T8.40510.F,UNICEF: Eastern and Southern Africa,2012,0.2210700064897537,,
MOGER.5T8.40510.F,UNICEF: Eastern and Southern Africa,2013,0.2245299965143204,,
MOGER.5T8.40510.F,UNICEF: Eastern and Southern Africa,2014,0.2308699935674667,,
MOGER.5T8.40510.F,UNICEF: Eastern and Southern Africa,2015,0.2309300005435944,,
MOGER.5T8.40510.F,UNICEF: Eastern and Southern Africa,2016,0.2407100051641464,,
MOGER.5T8.40510.F,UNICEF: Eastern and Southern Africa,2017,0.2436300069093704,,
MOGER.5T8.40510.F,UNICEF: Eastern and Southern Africa,2018,0.2465700060129166,,
MOGER.5T8.40510.F,UNICEF: Eastern and Southern Africa,2019,0.2409799993038177,,
MOGER.5T8.40510.F,UNICEF: Eastern and Southern Africa,2020,0.2425500005483627,,
MOGER.5T8.40510.F,UNICEF: Eastern and Southern Africa,2021,0.2362499982118607,,
MOGER.5T8.40510.F,UNICEF: Eastern and Southern Africa,2022,0.2454800009727478,,
MOGER.5T8.40510.F,UNICEF: Eastern and Southern Africa,2023,0.2716799974441528,,
MOGER.5T8.40510.F,UNICEF: Economic Community of Central African States (ECCAS),2012,0.371969997882843,,
MOGER.5T8.40510.F,UNICEF: Economic Community of Central African States (ECCAS),2013,0.3621900081634521,,
MOGER.5T8.40510.F,UNICEF: Economic Community of Central African States (ECCAS),2014,0.3892500102519989,,
MOGER.5T8.40510.F,UNICEF: Economic Community of Central African States (ECCAS),2015,0.3890399932861328,,
MOGER.5T8.40510.F,UNICEF: Economic Community of Central African States (ECCAS),2016,0.4089100062847137,,
MOGER.5T8.40510.F,UNICEF: Economic Community of Central African States (ECCAS),2017,0.4210799932479858,,
MOGER.5T8.40510.F,UNICEF: Economic Community of Central African States (ECCAS),2018,0.3997699916362762,,
MOGER.5T8.40510.F,UNICEF: Economic Community of Central African States (ECCAS),2019,0.4247100055217743,,
MOGER.5T8.40510.F,UNICEF: Economic Community of Central African States (ECCAS),2020,0.4381299912929535,,
MOGER.5T8.40510.F,UNICEF: Economic Community of Central African States (ECCAS),2021,0.4641700088977814,,
MOGER.5T8.40510.F,UNICEF: Economic Community of Central African States (ECCAS),2022,0.4672600030899048,,
MOGER.5T8.40510.F,UNICEF: Economic Community of Central African States (ECCAS),2023,0.4845199882984161,,
MOGER.5T8.40510.F,UNICEF: Economic Community of West African States (ECOWAS),2012,0.2839699983596802,,
MOGER.5T8.40510.F,UNICEF: Economic Community of West African States (ECOWAS),2013,0.2937400043010712,,
MOGER.5T8.40510.F,UNICEF: Economic Community of West African States (ECOWAS),2014,0.3388699889183044,,
MOGER.5T8.40510.F,UNICEF: Economic Community of West African States (ECOWAS),2015,0.3654800057411194,,
MOGER.5T8.40510.F,UNICEF: Economic Community of West African States (ECOWAS),2016,0.3704400062561035,,
MOGER.5T8.40510.F,UNICEF: Economic Community of West African States (ECOWAS),2017,0.35521000623703,,
MOGER.5T8.40510.F,UNICEF: Economic Community of West African States (ECOWAS),2018,0.3364999890327454,,
MOGER.5T8.40510.F,UNICEF: Economic Community of West African States (ECOWAS),2019,0.3259199857711792,,
MOGER.5T8.40510.F,UNICEF: Economic Community of West African States (ECOWAS),2020,0.3528099954128265,,
MOGER.5T8.40510.F,UNICEF: Economic Community of West African States (ECOWAS),2021,0.3822599947452545,,
MOGER.5T8.40510.F,UNICEF: Economic Community of West African States (ECOWAS),2022,0.4542799890041351,,
MOGER.5T8.40510.F,UNICEF: Economic Community of West African States (ECOWAS),2023,0.5551499724388123,,
MOGER.5T8.40510.F,UNICEF: Europe and Central Asia,2012,1.685349941253662,,
MOGER.5T8.40510.F,UNICEF: Europe and Central Asia,2013,1.782310009002686,,
MOGER.5T8.40510.F,UNICEF: Europe and Central Asia,2014,1.920130014419556,,
MOGER.5T8.40510.F,UNICEF: Europe and Central Asia,2015,2.037709951400757,,
MOGER.5T8.40510.F,UNICEF: Europe and Central Asia,2016,2.154109954833984,,
MOGER.5T8.40510.F,UNICEF: Europe and Central Asia,2017,2.290380001068115,,
MOGER.5T8.40510.F,UNICEF: Europe and Central Asia,2018,2.351710081100464,,
MOGER.5T8.40510.F,UNICEF: Europe and Central Asia,2019,2.387870073318481,,
MOGER.5T8.40510.F,UNICEF: Europe and Central Asia,2020,2.560290098190308,,
MOGER.5T8.40510.F,UNICEF: Europe and Central Asia,2021,2.689280033111572,,
MOGER.5T8.40510.F,UNICEF: Europe and Central Asia,2022,2.761590003967285,,
MOGER.5T8.40510.F,UNICEF: Europe and Central Asia,2023,2.743459939956665,,
MOGER.5T8.40510.F,UNICEF: Europe and Central Asia Programme Countries,2012,1.393869996070862,,
MOGER.5T8.40510.F,UNICEF: Europe and Central Asia Programme Countries,2013,1.474599957466125,,
MOGER.5T8.40510.F,UNICEF: Europe and Central Asia Programme Countries,2014,1.642030000686646,,
MOGER.5T8.40510.F,UNICEF: Europe and Central Asia Programme Countries,2015,1.750789999961853,,
MOGER.5T8.40510.F,UNICEF: Europe and Central Asia Programme Countries,2016,1.866700053215027,,
MOGER.5T8.40510.F,UNICEF: Europe and Central Asia Programme Countries,2017,2.01872992515564,,
MOGER.5T8.40510.F,UNICEF: Europe and Central Asia Programme Countries,2018,2.049259901046753,,
MOGER.5T8.40510.F,UNICEF: Europe and Central Asia Programme Countries,2019,2.057260036468506,,
MOGER.5T8.40510.F,UNICEF: Europe and Central Asia Programme Countries,2020,2.327059984207153,,
MOGER.5T8.40510.F,UNICEF: Europe and Central Asia Programme Countries,2021,2.630530118942261,,
MOGER.5T8.40510.F,UNICEF: Europe and Central Asia Programme Countries,2022,2.772809982299805,,
MOGER.5T8.40510.F,UNICEF: Europe and Central Asia Programme Countries,2023,2.78971004486084,UIS_EST,
MOGER.5T8.40510.F,UNICEF: Gulf Area,2012,1.592749953269958,,
MOGER.5T8.40510.F,UNICEF: Gulf Area,2013,1.929479956626892,,
MOGER.5T8.40510.F,UNICEF: Gulf Area,2014,2.321340084075928,,
MOGER.5T8.40510.F,UNICEF: Gulf Area,2015,2.676719903945923,,
MOGER.5T8.40510.F,UNICEF: Gulf Area,2016,2.870199918746948,,
MOGER.5T8.40510.F,UNICEF: Gulf Area,2017,3.203569889068604,,
MOGER.5T8.40510.F,UNICEF: Gulf Area,2018,3.092869997024536,,
MOGER.5T8.40510.F,UNICEF: Gulf Area,2019,2.916369915008545,,
MOGER.5T8.40510.F,UNICEF: Gulf Area,2020,2.830610036849976,,
MOGER.5T8.40510.F,UNICEF: Gulf Area,2021,2.715909957885742,,
MOGER.5T8.40510.F,UNICEF: Gulf Area,2022,2.65841007232666,,
MOGER.5T8.40510.F,UNICEF: Gulf Area,2023,2.632390022277832,UIS_EST,
MOGER.5T8.40510.F,UNICEF: Latin America and Caribbean,2012,0.4926599860191345,,
MOGER.5T8.40510.F,UNICEF: Latin America and Caribbean,2013,0.5021299719810486,,
MOGER.5T8.40510.F,UNICEF: Latin America and Caribbean,2014,0.5193099975585938,,
MOGER.5T8.40510.F,UNICEF: Latin America and Caribbean,2015,0.5530400276184082,,
MOGER.5T8.40510.F,UNICEF: Latin America and Caribbean,2016,0.5812900066375732,,
MOGER.5T8.40510.F,UNICEF: Latin America and Caribbean,2017,0.6400799751281738,,
MOGER.5T8.40510.F,UNICEF: Latin America and Caribbean,2018,0.7058500051498413,,
MOGER.5T8.40510.F,UNICEF: Latin America and Caribbean,2019,0.7651900053024292,,
MOGER.5T8.40510.F,UNICEF: Latin America and Caribbean,2020,0.8403300046920776,,
MOGER.5T8.40510.F,UNICEF: Latin America and Caribbean,2021,0.8416299819946289,,
MOGER.5T8.40510.F,UNICEF: Latin America and Caribbean,2022,0.9130799770355225,,
MOGER.5T8.40510.F,UNICEF: Latin America and Caribbean,2023,0.9380499720573425,,
MOGER.5T8.40510.F,UNICEF: Middle East and North Africa,2012,0.6552500128746033,,
MOGER.5T8.40510.F,UNICEF: Middle East and North Africa,2013,0.714709997177124,,
MOGER.5T8.40510.F,UNICEF: Middle East and North Africa,2014,0.8129199743270874,,
MOGER.5T8.40510.F,UNICEF: Middle East and North Africa,2015,0.9025200009346008,,
MOGER.5T8.40510.F,UNICEF: Middle East and North Africa,2016,1.00137996673584,,
MOGER.5T8.40510.F,UNICEF: Middle East and North Africa,2017,1.056970000267029,,
MOGER.5T8.40510.F,UNICEF: Middle East and North Africa,2018,1.109539985656738,,
MOGER.5T8.40510.F,UNICEF: Middle East and North Africa,2019,1.195749998092651,,
MOGER.5T8.40510.F,UNICEF: Middle East and North Africa,2020,1.273470044136047,,
MOGER.5T8.40510.F,UNICEF: Middle East and North Africa,2021,1.350559949874878,,
MOGER.5T8.40510.F,UNICEF: Middle East and North Africa,2022,1.440109968185425,,
MOGER.5T8.40510.F,UNICEF: Middle East and North Africa,2023,1.494619965553284,,
MOGER.5T8.40510.F,UNICEF: Middle East and North Africa Programme Countries,2012,0.6029000282287598,,
MOGER.5T8.40510.F,UNICEF: Middle East and North Africa Programme Countries,2013,0.6598600149154663,,
MOGER.5T8.40510.F,UNICEF: Middle East and North Africa Programme Countries,2014,0.7487300038337708,,
MOGER.5T8.40510.F,UNICEF: Middle East and North Africa Programme Countries,2015,0.8275899887084961,,
MOGER.5T8.40510.F,UNICEF: Middle East and North Africa Programme Countries,2016,0.9140400290489197,,
MOGER.5T8.40510.F,UNICEF: Middle East and North Africa Programme Countries,2017,0.9577900171279907,,
MOGER.5T8.40510.F,UNICEF: Middle East and North Africa Programme Countries,2018,0.9979599714279175,,
MOGER.5T8.40510.F,UNICEF: Middle East and North Africa Programme Countries,2019,1.076380014419556,,
MOGER.5T8.40510.F,UNICEF: Middle East and North Africa Programme Countries,2020,1.140140056610107,,
MOGER.5T8.40510.F,UNICEF: Middle East and North Africa Programme Countries,2021,1.207550048828125,,
MOGER.5T8.40510.F,UNICEF: Middle East and North Africa Programme Countries,2022,1.288869976997375,,
MOGER.5T8.40510.F,UNICEF: Middle East and North Africa Programme Countries,2023,1.341500043869019,,
MOGER.5T8.40510.F,UNICEF: North America,2012,0.5135499835014343,,
MOGER.5T8.40510.F,UNICEF: North America,2013,0.5303000211715698,,
MOGER.5T8.40510.F,UNICEF: North America,2014,0.5530099868774414,,
MOGER.5T8.40510.F,UNICEF: North America,2015,0.5957000255584717,,
MOGER.5T8.40510.F,UNICEF: North America,2016,0.6222500205039978,,
MOGER.5T8.40510.F,UNICEF: North America,2017,0.6287000179290771,,
MOGER.5T8.40510.F,UNICEF: North America,2018,0.6246399879455566,,
MOGER.5T8.40510.F,UNICEF: North America,2019,0.7213199734687805,,
MOGER.5T8.40510.F,UNICEF: North America,2020,0.7698400020599365,,
MOGER.5T8.40510.F,UNICEF: North America,2021,0.7154899835586548,,
MOGER.5T8.40510.F,UNICEF: North America,2022,0.765209972858429,,
MOGER.5T8.40510.F,UNICEF: North America,2023,0.8139600157737732,,
MOGER.5T8.40510.F,UNICEF: South Asia,2012,0.1079299971461296,,
MOGER.5T8.40510.F,UNICEF: South Asia,2013,0.1150600016117096,,
MOGER.5T8.40510.F,UNICEF: South Asia,2014,0.1282700002193451,,
MOGER.5T8.40510.F,UNICEF: South Asia,2015,0.1511400043964386,,
MOGER.5T8.40510.F,UNICEF: South Asia,2016,0.1837099939584732,,
MOGER.5T8.40510.F,UNICEF: South Asia,2017,0.2065799981355667,,
MOGER.5T8.40510.F,UNICEF: South Asia,2018,0.2367099970579147,,
MOGER.5T8.40510.F,UNICEF: South Asia,2019,0.289790004491806,,
MOGER.5T8.40510.F,UNICEF: South Asia,2020,0.3333100080490112,,
MOGER.5T8.40510.F,UNICEF: South Asia,2021,0.3331499993801117,,
MOGER.5T8.40510.F,UNICEF: South Asia,2022,0.3996399939060211,,
MOGER.5T8.40510.F,UNICEF: South Asia,2023,0.5397999882698059,,
MOGER.5T8.40510.F,UNICEF: Sub-Saharan Africa,2012,0.2659600079059601,,
MOGER.5T8.40510.F,UNICEF: Sub-Saharan Africa,2013,0.2690300047397614,,
MOGER.5T8.40510.F,UNICEF: Sub-Saharan Africa,2014,0.2917200028896332,,
MOGER.5T8.40510.F,UNICEF: Sub-Saharan Africa,2015,0.3010100126266479,,
MOGER.5T8.40510.F,UNICEF: Sub-Saharan Africa,2016,0.3099499940872192,,
MOGER.5T8.40510.F,UNICEF: Sub-Saharan Africa,2017,0.3083199858665466,,
MOGER.5T8.40510.F,UNICEF: Sub-Saharan Africa,2018,0.3002099990844727,,
MOGER.5T8.40510.F,UNICEF: Sub-Saharan Africa,2019,0.2999599874019623,,
MOGER.5T8.40510.F,UNICEF: Sub-Saharan Africa,2020,0.3127099871635437,,
MOGER.5T8.40510.F,UNICEF: Sub-Saharan Africa,2021,0.3252600133419037,,
MOGER.5T8.40510.F,UNICEF: Sub-Saharan Africa,2022,0.3564200103282928,,
MOGER.5T8.40510.F,UNICEF: Sub-Saharan Africa,2023,0.4080800116062164,,
MOGER.5T8.40510.F,UNICEF: West and Central Africa,2012,0.3165499866008759,,
MOGER.5T8.40510.F,UNICEF: West and Central Africa,2013,0.3193399906158447,,
MOGER.5T8.40510.F,UNICEF: West and Central Africa,2014,0.3600499927997589,,
MOGER.5T8.40510.F,UNICEF: West and Central Africa,2015,0.3795199990272522,,
MOGER.5T8.40510.F,UNICEF: West and Central Africa,2016,0.3875400125980377,,
MOGER.5T8.40510.F,UNICEF: West and Central Africa,2017,0.3803699910640717,,
MOGER.5T8.40510.F,UNICEF: West and Central Africa,2018,0.3598499894142151,,
MOGER.5T8.40510.F,UNICEF: West and Central Africa,2019,0.3654899895191193,,
MOGER.5T8.40510.F,UNICEF: West and Central Africa,2020,0.3904800117015839,,
MOGER.5T8.40510.F,UNICEF: West and Central Africa,2021,0.4233900010585785,,
MOGER.5T8.40510.F,UNICEF: West and Central Africa,2022,0.4779500067234039,,
MOGER.5T8.40510.F,UNICEF: West and Central Africa,2023,0.5563399791717529,,
MOGER.5T8.40510.F,UNICEF: Western Balkans,2012,5.537930011749268,,
MOGER.5T8.40510.F,UNICEF: Western Balkans,2013,5.410540103912354,,
MOGER.5T8.40510.F,UNICEF: Western Balkans,2014,5.515629768371582,,
MOGER.5T8.40510.F,UNICEF: Western Balkans,2015,5.746490001678467,,
MOGER.5T8.40510.F,UNICEF: Western Balkans,2016,6.004590034484863,,
MOGER.5T8.40510.F,UNICEF: Western Balkans,2017,6.802690029144287,,
MOGER.5T8.40510.F,UNICEF: Western Balkans,2018,7.005770206451416,,
MOGER.5T8.40510.F,UNICEF: Western Balkans,2019,5.908830165863037,,
MOGER.5T8.40510.F,UNICEF: Western Balkans,2020,6.50531005859375,,
MOGER.5T8.40510.F,UNICEF: Western Balkans,2021,7.149280071258545,,
MOGER.5T8.40510.F,UNICEF: Western Balkans,2022,7.576149940490723,,
MOGER.5T8.40510.F,UNICEF: Western Balkans,2023,7.941370010375977,,
MOGER.5T8.40510.F,UNICEF: Western Europe,2012,2.239269971847534,,
MOGER.5T8.40510.F,UNICEF: Western Europe,2013,2.33080005645752,,
MOGER.5T8.40510.F,UNICEF: Western Europe,2014,2.42303991317749,,
MOGER.5T8.40510.F,UNICEF: Western Europe,2015,2.543839931488037,,
MOGER.5T8.40510.F,UNICEF: Western Europe,2016,2.663559913635254,,
MOGER.5T8.40510.F,UNICEF: Western Europe,2017,2.813920021057129,,
MOGER.5T8.40510.F,UNICEF: Western Europe,2018,2.90366005897522,,
MOGER.5T8.40510.F,UNICEF: Western Europe,2019,2.985419988632202,,
MOGER.5T8.40510.F,UNICEF: Western Europe,2020,3.106839895248413,,
MOGER.5T8.40510.F,UNICEF: Western Europe,2021,3.151779890060425,,
MOGER.5T8.40510.F,UNICEF: Western Europe,2022,3.207920074462891,,
MOGER.5T8.40510.F,UNICEF: Western Europe,2023,3.164340019226074,,
MOGER.5T8.40510.F,UNICEF: World,2012,0.6345000267028809,,
MOGER.5T8.40510.F,UNICEF: World,2013,0.6670200228691101,,
MOGER.5T8.40510.F,UNICEF: World,2014,0.7147600054740906,,
MOGER.5T8.40510.F,UNICEF: World,2015,0.7620499730110168,,
MOGER.5T8.40510.F,UNICEF: World,2016,0.8123800158500671,,
MOGER.5T8.40510.F,UNICEF: World,2017,0.861240029335022,,
MOGER.5T8.40510.F,UNICEF: World,2018,0.905460000038147,,
MOGER.5T8.40510.F,UNICEF: World,2019,0.9592099785804749,,
MOGER.5T8.40510.F,UNICEF: World,2020,1.007750034332275,,
MOGER.5T8.40510.F,UNICEF: World,2021,1.007429957389832,,
MOGER.5T8.40510.F,UNICEF: World,2022,1.071840047836304,,
MOGER.5T8.40510.F,UNICEF: World,2023,1.127670049667358,,
MOGER.5T8.40510.F,URY,2012,1.884199976921082,UIS_EST,
MOGER.5T8.40510.F,URY,2013,1.894780039787292,UIS_EST,
MOGER.5T8.40510.F,URY,2014,1.89752995967865,UIS_EST,
MOGER.5T8.40510.F,URY,2015,1.904119968414307,UIS_EST,
MOGER.5T8.40510.F,URY,2016,1.945289969444275,UIS_EST,
MOGER.5T8.40510.F,URY,2017,2.114020109176636,UIS_EST,
MOGER.5T8.40510.F,URY,2018,2.313139915466309,UIS_EST,
MOGER.5T8.40510.F,URY,2019,2.675920009613037,UIS_EST,
MOGER.5T8.40510.F,URY,2020,3.043159961700439,UIS_EST,
MOGER.5T8.40510.F,URY,2021,2.823980093002319,UIS_EST,
MOGER.5T8.40510.F,URY,2022,2.999320030212402,UIS_EST,
MOGER.5T8.40510.F,URY,2023,2.75147008895874,UIS_EST,
MOGER.5T8.40510.F,USA,2012,0.3594000041484833,UIS_EST,
MOGER.5T8.40510.F,USA,2013,0.3754999935626984,UIS_EST,
MOGER.5T8.40510.F,USA,2014,0.393200010061264,UIS_EST,
MOGER.5T8.40510.F,USA,2015,0.4117299914360046,UIS_EST,
MOGER.5T8.40510.F,USA,2016,0.4371599853038788,,
MOGER.5T8.40510.F,USA,2017,0.4574899971485138,,
MOGER.5T8.40510.F,USA,2018,0.4573499858379364,UIS_EST,
MOGER.5T8.40510.F,USA,2019,0.5474399924278259,UIS_EST,
MOGER.5T8.40510.F,USA,2020,0.5803499817848206,UIS_EST,
MOGER.5T8.40510.F,USA,2021,0.5430899858474731,UIS_EST,
MOGER.5T8.40510.F,USA,2022,0.5982000231742859,UIS_EST,
MOGER.5T8.40510.F,UZB,2012,0.2509999871253967,UIS_EST,
MOGER.5T8.40510.F,UZB,2013,0.2441399991512299,UIS_EST,
MOGER.5T8.40510.F,UZB,2014,0.334630012512207,UIS_EST,
MOGER.5T8.40510.F,UZB,2015,0.2825199961662292,UIS_EST,
MOGER.5T8.40510.F,UZB,2016,0.3091300129890442,UIS_EST,
MOGER.5T8.40510.F,UZB,2017,0.3414799869060516,UIS_EST,
MOGER.5T8.40510.F,UZB,2018,0.3766199946403503,UIS_EST,
MOGER.5T8.40510.F,UZB,2019,0.5940999984741211,UIS_EST,
MOGER.5T8.40510.F,UZB,2020,1.5311199426651,UIS_EST,
MOGER.5T8.40510.F,UZB,2021,2.445230007171631,UIS_EST,
MOGER.5T8.40510.F,UZB,2022,2.827130079269409,UIS_EST,
MOGER.5T8.40510.F,UZB,2023,2.350330114364624,UIS_EST,
MOGER.5T8.40510.F,VCT,2012,6.017950057983398,UIS_EST,
MOGER.5T8.40510.F,VCT,2013,5.724380016326904,UIS_EST,
MOGER.5T8.40510.F,VCT,2014,5.87470006942749,UIS_EST,
MOGER.5T8.40510.F,VCT,2015,5.932059764862061,UIS_EST,
MOGER.5T8.40510.F,VCT,2016,5.944369792938232,UIS_EST,
MOGER.5T8.40510.F,VCT,2017,5.763050079345703,UIS_EST,
MOGER.5T8.40510.F,VCT,2018,6.52508020401001,UIS_EST,
MOGER.5T8.40510.F,VCT,2019,6.909739971160889,UIS_EST,
MOGER.5T8.40510.F,VCT,2020,8.11143970489502,UIS_EST,
MOGER.5T8.40510.F,VCT,2021,8.075309753417969,UIS_EST,
MOGER.5T8.40510.F,VCT,2022,8.401459693908691,UIS_EST,
MOGER.5T8.40510.F,VCT,2023,8.12598991394043,UIS_EST,
MOGER.5T8.40510.F,VEN,2012,0.545930027961731,UIS_EST,
MOGER.5T8.40510.F,VEN,2013,0.5716099739074707,UIS_EST,
MOGER.5T8.40510.F,VEN,2014,0.6201199889183044,UIS_EST,
MOGER.5T8.40510.F,VEN,2015,0.7214400172233582,UIS_EST,
MOGER.5T8.40510.F,VEN,2016,0.7187299728393555,UIS_EST,
MOGER.5T8.40510.F,VEN,2017,0.8348699808120728,UIS_EST,
MOGER.5T8.40510.F,VEN,2018,1.022390007972717,UIS_EST,
MOGER.5T8.40510.F,VEN,2019,1.291900038719177,UIS_EST,
MOGER.5T8.40510.F,VEN,2020,1.49032998085022,UIS_EST,
MOGER.5T8.40510.F,VEN,2021,1.51514995098114,UIS_EST,
MOGER.5T8.40510.F,VEN,2022,1.5938800573349,UIS_EST,
MOGER.5T8.40510.F,VEN,2023,1.459020018577576,UIS_EST,
MOGER.5T8.40510.F,VGB,2012,16.11498069763184,UIS_EST,
MOGER.5T8.40510.F,VGB,2013,15.9193696975708,UIS_EST,
MOGER.5T8.40510.F,VGB,2014,14.64484977722168,UIS_EST,
MOGER.5T8.40510.F,VGB,2015,16.03241920471191,UIS_EST,
MOGER.5T8.40510.F,VGB,2016,15.83460998535156,UIS_EST,
MOGER.5T8.40510.F,VGB,2017,20.07024002075195,UIS_EST,
MOGER.5T8.40510.F,VGB,2018,18.15324020385742,UIS_EST,
MOGER.5T8.40510.F,VGB,2019,15.25382041931152,UIS_EST,
MOGER.5T8.40510.F,VGB,2020,19.80180931091309,UIS_EST,
MOGER.5T8.40510.F,VGB,2021,15.37596988677979,UIS_EST,
MOGER.5T8.40510.F,VGB,2022,12.1560001373291,UIS_EST,
MOGER.5T8.40510.F,VGB,2023,14.48013973236084,UIS_EST,
MOGER.5T8.40510.F,VNM,2012,0.5465700030326843,UIS_EST,
MOGER.5T8.40510.F,VNM,2013,0.6017500162124634,UIS_EST,
MOGER.5T8.40510.F,VNM,2014,0.6588199734687805,UIS_EST,
MOGER.5T8.40510.F,VNM,2015,0.7804399728775024,UIS_EST,
MOGER.5T8.40510.F,VNM,2016,0.9924299716949463,UIS_EST,
MOGER.5T8.40510.F,VNM,2017,1.255550026893616,UIS_EST,
MOGER.5T8.40510.F,VNM,2018,1.585090041160583,UIS_EST,
MOGER.5T8.40510.F,VNM,2019,2.020090103149414,UIS_EST,
MOGER.5T8.40510.F,VNM,2020,2.306969881057739,UIS_EST,
MOGER.5T8.40510.F,VNM,2021,2.335819959640503,UIS_EST,
MOGER.5T8.40510.F,VNM,2022,2.219520092010498,UIS_EST,
MOGER.5T8.40510.F,VNM,2023,2.121140003204346,UIS_EST,
MOGER.5T8.40510.F,VUT,2012,2.828589916229248,UIS_EST,
MOGER.5T8.40510.F,VUT,2013,2.802690029144287,UIS_EST,
MOGER.5T8.40510.F,VUT,2014,2.776089906692505,UIS_EST,
MOGER.5T8.40510.F,VUT,2015,2.71370005607605,UIS_EST,
MOGER.5T8.40510.F,VUT,2016,3.161390066146851,UIS_EST,
MOGER.5T8.40510.F,VUT,2017,2.864779949188232,UIS_EST,
MOGER.5T8.40510.F,VUT,2018,3.04626989364624,UIS_EST,
MOGER.5T8.40510.F,VUT,2019,3.820980072021484,UIS_EST,
MOGER.5T8.40510.F,VUT,2020,3.327729940414429,UIS_EST,
MOGER.5T8.40510.F,VUT,2021,3.094789981842041,UIS_EST,
MOGER.5T8.40510.F,VUT,2022,3.104389905929565,UIS_EST,
MOGER.5T8.40510.F,VUT,2023,3.603909969329834,UIS_EST,
MOGER.5T8.40510.F,WB: Africa Eastern and Southern,2012,0.1973499953746796,,
MOGER.5T8.40510.F,WB: Africa Eastern and Southern,2013,0.2018100023269653,,
MOGER.5T8.40510.F,WB: Africa Eastern and Southern,2014,0.2075800001621246,,
MOGER.5T8.40510.F,WB: Africa Eastern and Southern,2015,0.2077800035476685,,
MOGER.5T8.40510.F,WB: Africa Eastern and Southern,2016,0.2165299952030182,,
MOGER.5T8.40510.F,WB: Africa Eastern and Southern,2017,0.2200299948453903,,
MOGER.5T8.40510.F,WB: Africa Eastern and Southern,2018,0.223350003361702,,
MOGER.5T8.40510.F,WB: Africa Eastern and Southern,2019,0.2205000072717667,,
MOGER.5T8.40510.F,WB: Africa Eastern and Southern,2020,0.2244399935007095,,
MOGER.5T8.40510.F,WB: Africa Eastern and Southern,2021,0.2205899953842163,,
MOGER.5T8.40510.F,WB: Africa Eastern and Southern,2022,0.2284200042486191,,
MOGER.5T8.40510.F,WB: Africa Eastern and Southern,2023,0.2531299889087677,,
MOGER.5T8.40510.F,WB: Africa Western and Central,2012,0.3659699857234955,,
MOGER.5T8.40510.F,WB: Africa Western and Central,2013,0.3675400018692017,,
MOGER.5T8.40510.F,WB: Africa Western and Central,2014,0.4156099855899811,,
MOGER.5T8.40510.F,WB: Africa Western and Central,2015,0.4396899938583374,,
MOGER.5T8.40510.F,WB: Africa Western and Central,2016,0.4495100080966949,,
MOGER.5T8.40510.F,WB: Africa Western and Central,2017,0.4395700097084045,,
MOGER.5T8.40510.F,WB: Africa Western and Central,2018,0.4138500094413757,,
MOGER.5T8.40510.F,WB: Africa Western and Central,2019,0.4174399971961975,,
MOGER.5T8.40510.F,WB: Africa Western and Central,2020,0.4433600008487701,,
MOGER.5T8.40510.F,WB: Africa Western and Central,2021,0.4801099896430969,,
MOGER.5T8.40510.F,WB: Africa Western and Central,2022,0.5457299947738647,,
MOGER.5T8.40510.F,WB: Africa Western and Central,2023,0.6370000243186951,,
MOGER.5T8.40510.F,WB: Arab World,2012,0.6179500222206116,,
MOGER.5T8.40510.F,WB: Arab World,2013,0.677869975566864,,
MOGER.5T8.40510.F,WB: Arab World,2014,0.7685199975967407,,
MOGER.5T8.40510.F,WB: Arab World,2015,0.8425899744033813,,
MOGER.5T8.40510.F,WB: Arab World,2016,0.9227799773216248,,
MOGER.5T8.40510.F,WB: Arab World,2017,0.9636399745941162,,
MOGER.5T8.40510.F,WB: Arab World,2018,0.9935200214385986,,
MOGER.5T8.40510.F,WB: Arab World,2019,1.069509983062744,,
MOGER.5T8.40510.F,WB: Arab World,2020,1.11598002910614,,
MOGER.5T8.40510.F,WB: Arab World,2021,1.1700199842453,,
MOGER.5T8.40510.F,WB: Arab World,2022,1.242540001869202,,
MOGER.5T8.40510.F,WB: Arab World,2023,1.271110057830811,,
MOGER.5T8.40510.F,WB: Caribbean small states,2012,2.616869926452637,,
MOGER.5T8.40510.F,WB: Caribbean small states,2013,2.692529916763306,,
MOGER.5T8.40510.F,WB: Caribbean small states,2014,2.586100101470947,,
MOGER.5T8.40510.F,WB: Caribbean small states,2015,2.760030031204224,,
MOGER.5T8.40510.F,WB: Caribbean small states,2016,3.148679971694946,,
MOGER.5T8.40510.F,WB: Caribbean small states,2017,3.195630073547363,,
MOGER.5T8.40510.F,WB: Caribbean small states,2018,3.291690111160278,,
MOGER.5T8.40510.F,WB: Caribbean small states,2019,3.531729936599731,,
MOGER.5T8.40510.F,WB: Caribbean small states,2020,4.026830196380615,,
MOGER.5T8.40510.F,WB: Caribbean small states,2021,3.762589931488037,,
MOGER.5T8.40510.F,WB: Caribbean small states,2022,3.575160026550293,,
MOGER.5T8.40510.F,WB: Caribbean small states,2023,3.7639000415802,,
MOGER.5T8.40510.F,WB: Central Europe and the Baltics,2012,3.045730113983154,,
MOGER.5T8.40510.F,WB: Central Europe and the Baltics,2013,3.141279935836792,,
MOGER.5T8.40510.F,WB: Central Europe and the Baltics,2014,3.249130010604858,,
MOGER.5T8.40510.F,WB: Central Europe and the Baltics,2015,3.361020088195801,,
MOGER.5T8.40510.F,WB: Central Europe and the Baltics,2016,3.545809984207153,,
MOGER.5T8.40510.F,WB: Central Europe and the Baltics,2017,3.827029943466187,,
MOGER.5T8.40510.F,WB: Central Europe and the Baltics,2018,3.986370086669922,,
MOGER.5T8.40510.F,WB: Central Europe and the Baltics,2019,3.727380037307739,,
MOGER.5T8.40510.F,WB: Central Europe and the Baltics,2020,4.048890113830566,,
MOGER.5T8.40510.F,WB: Central Europe and the Baltics,2021,4.279890060424805,,
MOGER.5T8.40510.F,WB: Central Europe and the Baltics,2022,4.057960033416748,,
MOGER.5T8.40510.F,WB: Central Europe and the Baltics,2023,3.760299921035767,,
MOGER.5T8.40510.F,WB: Early-demographic dividend,2012,0.2284699976444244,,
MOGER.5T8.40510.F,WB: Early-demographic dividend,2013,0.2424300014972687,,
MOGER.5T8.40510.F,WB: Early-demographic dividend,2014,0.2614299952983856,,
MOGER.5T8.40510.F,WB: Early-demographic dividend,2015,0.28507000207901,,
MOGER.5T8.40510.F,WB: Early-demographic dividend,2016,0.3151699900627136,,
MOGER.5T8.40510.F,WB: Early-demographic dividend,2017,0.3373500108718872,,
MOGER.5T8.40510.F,WB: Early-demographic dividend,2018,0.3673900067806244,,
MOGER.5T8.40510.F,WB: Early-demographic dividend,2019,0.418610006570816,,
MOGER.5T8.40510.F,WB: Early-demographic dividend,2020,0.4708200097084045,,
MOGER.5T8.40510.F,WB: Early-demographic dividend,2021,0.4844200015068054,,
MOGER.5T8.40510.F,WB: Early-demographic dividend,2022,0.5450299978256226,,
MOGER.5T8.40510.F,WB: Early-demographic dividend,2023,0.6355900168418884,,
MOGER.5T8.40510.F,WB: East Asia & Pacific,2012,0.6308299899101257,,
MOGER.5T8.40510.F,WB: East Asia & Pacific,2013,0.70346999168396,,
MOGER.5T8.40510.F,WB: East Asia & Pacific,2014,0.7818099856376648,,
MOGER.5T8.40510.F,WB: East Asia & Pacific,2015,0.8613100051879883,,
MOGER.5T8.40510.F,WB: East Asia & Pacific,2016,0.9433500170707703,,
MOGER.5T8.40510.F,WB: East Asia & Pacific,2017,1.031730055809021,,
MOGER.5T8.40510.F,WB: East Asia & Pacific,2018,1.11438000202179,,
MOGER.5T8.40510.F,WB: East Asia & Pacific,2019,1.188410043716431,,
MOGER.5T8.40510.F,WB: East Asia & Pacific,2020,1.271070003509521,,
MOGER.5T8.40510.F,WB: East Asia & Pacific,2021,1.184509992599487,,
MOGER.5T8.40510.F,WB: East Asia & Pacific,2022,1.187719941139221,,
MOGER.5T8.40510.F,WB: East Asia & Pacific,2023,1.246449947357178,,
MOGER.5T8.40510.F,WB: East Asia & Pacific (IDA & IBRD),2012,0.5531700253486633,,
MOGER.5T8.40510.F,WB: East Asia & Pacific (IDA & IBRD),2013,0.6184200048446655,,
MOGER.5T8.40510.F,WB: East Asia & Pacific (IDA & IBRD),2014,0.7000100016593933,,
MOGER.5T8.40510.F,WB: East Asia & Pacific (IDA & IBRD),2015,0.7875000238418579,,
MOGER.5T8.40510.F,WB: East Asia & Pacific (IDA & IBRD),2016,0.8681700229644775,,
MOGER.5T8.40510.F,WB: East Asia & Pacific (IDA & IBRD),2017,0.9615499973297119,,
MOGER.5T8.40510.F,WB: East Asia & Pacific (IDA & IBRD),2018,1.0555499792099,,
MOGER.5T8.40510.F,WB: East Asia & Pacific (IDA & IBRD),2019,1.134789943695068,,
MOGER.5T8.40510.F,WB: East Asia & Pacific (IDA & IBRD),2020,1.217779994010925,,
MOGER.5T8.40510.F,WB: East Asia & Pacific (IDA & IBRD),2021,1.141129970550537,,
MOGER.5T8.40510.F,WB: East Asia & Pacific (IDA & IBRD),2022,1.142009973526001,,
MOGER.5T8.40510.F,WB: East Asia & Pacific (IDA & IBRD),2023,1.193079948425293,,
MOGER.5T8.40510.F,WB: East Asia & Pacific (excluding high income),2012,0.546970009803772,,
MOGER.5T8.40510.F,WB: East Asia & Pacific (excluding high income),2013,0.6112200021743774,,
MOGER.5T8.40510.F,WB: East Asia & Pacific (excluding high income),2014,0.6913800239562988,,
MOGER.5T8.40510.F,WB: East Asia & Pacific (excluding high income),2015,0.7775200009346008,,
MOGER.5T8.40510.F,WB: East Asia & Pacific (excluding high income),2016,0.8567900061607361,,
MOGER.5T8.40510.F,WB: East Asia & Pacific (excluding high income),2017,0.9487699866294861,,
MOGER.5T8.40510.F,WB: East Asia & Pacific (excluding high income),2018,1.041249990463257,,
MOGER.5T8.40510.F,WB: East Asia & Pacific (excluding high income),2019,1.119169950485229,,
MOGER.5T8.40510.F,WB: East Asia & Pacific (excluding high income),2020,1.20114004611969,,
MOGER.5T8.40510.F,WB: East Asia & Pacific (excluding high income),2021,1.125730037689209,,
MOGER.5T8.40510.F,WB: East Asia & Pacific (excluding high income),2022,1.126780033111572,,
MOGER.5T8.40510.F,WB: East Asia & Pacific (excluding high income),2023,1.177510023117065,,
MOGER.5T8.40510.F,WB: Euro area,2012,2.645390033721924,,
MOGER.5T8.40510.F,WB: Euro area,2013,2.76432991027832,,
MOGER.5T8.40510.F,WB: Euro area,2014,2.887239933013916,,
MOGER.5T8.40510.F,WB: Euro area,2015,3.026420116424561,,
MOGER.5T8.40510.F,WB: Euro area,2016,3.161370038986206,,
MOGER.5T8.40510.F,WB: Euro area,2017,3.340250015258789,,
MOGER.5T8.40510.F,WB: Euro area,2018,3.40733003616333,,
MOGER.5T8.40510.F,WB: Euro area,2019,3.444720029830933,,
MOGER.5T8.40510.F,WB: Euro area,2020,3.628309965133667,,
MOGER.5T8.40510.F,WB: Euro area,2021,3.689199924468994,,
MOGER.5T8.40510.F,WB: Euro area,2022,3.76282000541687,,
MOGER.5T8.40510.F,WB: Euro area,2023,3.732660055160522,,
MOGER.5T8.40510.F,WB: Europe & Central Asia,2012,1.685099959373474,,
MOGER.5T8.40510.F,WB: Europe & Central Asia,2013,1.781610012054443,,
MOGER.5T8.40510.F,WB: Europe & Central Asia,2014,1.920240044593811,,
MOGER.5T8.40510.F,WB: Europe & Central Asia,2015,2.037869930267334,,
MOGER.5T8.40510.F,WB: Europe & Central Asia,2016,2.154819965362549,,
MOGER.5T8.40510.F,WB: Europe & Central Asia,2017,2.291140079498291,,
MOGER.5T8.40510.F,WB: Europe & Central Asia,2018,2.352329969406128,,
MOGER.5T8.40510.F,WB: Europe & Central Asia,2019,2.388360023498535,,
MOGER.5T8.40510.F,WB: Europe & Central Asia,2020,2.560960054397583,,
MOGER.5T8.40510.F,WB: Europe & Central Asia,2021,2.690049886703491,,
MOGER.5T8.40510.F,WB: Europe & Central Asia,2022,2.762419939041138,,
MOGER.5T8.40510.F,WB: Europe & Central Asia,2023,2.744379997253418,,
MOGER.5T8.40510.F,WB: Europe & Central Asia (IDA & IBRD),2012,1.185199975967407,,
MOGER.5T8.40510.F,WB: Europe & Central Asia (IDA & IBRD),2013,1.257529973983765,,
MOGER.5T8.40510.F,WB: Europe & Central Asia (IDA & IBRD),2014,1.414999961853027,,
MOGER.5T8.40510.F,WB: Europe & Central Asia (IDA & IBRD),2015,1.517729997634888,,
MOGER.5T8.40510.F,WB: Europe & Central Asia (IDA & IBRD),2016,1.620409965515137,,
MOGER.5T8.40510.F,WB: Europe & Central Asia (IDA & IBRD),2017,1.737529993057251,,
MOGER.5T8.40510.F,WB: Europe & Central Asia (IDA & IBRD),2018,1.770869970321655,,
MOGER.5T8.40510.F,WB: Europe & Central Asia (IDA & IBRD),2019,1.75435996055603,,
MOGER.5T8.40510.F,WB: Europe & Central Asia (IDA & IBRD),2020,1.968199968338013,,
MOGER.5T8.40510.F,WB: Europe & Central Asia (IDA & IBRD),2021,2.182250022888184,,
MOGER.5T8.40510.F,WB: Europe & Central Asia (IDA & IBRD),2022,2.259380102157593,,
MOGER.5T8.40510.F,WB: Europe & Central Asia (IDA & IBRD),2023,2.260839939117432,,
MOGER.5T8.40510.F,WB: Europe & Central Asia (excluding high income),2012,1.120710015296936,,
MOGER.5T8.40510.F,WB: Europe & Central Asia (excluding high income),2013,1.191529989242554,,
MOGER.5T8.40510.F,WB: Europe & Central Asia (excluding high income),2014,1.361019968986511,,
MOGER.5T8.40510.F,WB: Europe & Central Asia (excluding high income),2015,1.469190001487732,,
MOGER.5T8.40510.F,WB: Europe & Central Asia (excluding high income),2016,1.577110052108765,,
MOGER.5T8.40510.F,WB: Europe & Central Asia (excluding high income),2017,1.710450053215027,,
MOGER.5T8.40510.F,WB: Europe & Central Asia (excluding high income),2018,1.724079966545105,,
MOGER.5T8.40510.F,WB: Europe & Central Asia (excluding high income),2019,1.774410009384155,,
MOGER.5T8.40510.F,WB: Europe & Central Asia (excluding high income),2020,2.060539960861206,,
MOGER.5T8.40510.F,WB: Europe & Central Asia (excluding high income),2021,2.352560043334961,,
MOGER.5T8.40510.F,WB: Europe & Central Asia (excluding high income),2022,2.54872989654541,,
MOGER.5T8.40510.F,WB: Europe & Central Asia (excluding high income),2023,2.609410047531128,UIS_EST,
MOGER.5T8.40510.F,WB: European Union,2012,2.572819948196411,,
MOGER.5T8.40510.F,WB: European Union,2013,2.675430059432983,,
MOGER.5T8.40510.F,WB: European Union,2014,2.788259983062744,,
MOGER.5T8.40510.F,WB: European Union,2015,2.920030117034912,,
MOGER.5T8.40510.F,WB: European Union,2016,3.058029890060425,,
MOGER.5T8.40510.F,WB: European Union,2017,3.245539903640747,,
MOGER.5T8.40510.F,WB: European Union,2018,3.335220098495483,,
MOGER.5T8.40510.F,WB: European Union,2019,3.342259883880615,,
MOGER.5T8.40510.F,WB: European Union,2020,3.512409925460815,,
MOGER.5T8.40510.F,WB: European Union,2021,3.594579935073853,,
MOGER.5T8.40510.F,WB: European Union,2022,3.615089893341064,,
MOGER.5T8.40510.F,WB: European Union,2023,3.538660049438477,,
MOGER.5T8.40510.F,WB: FY23 IDA & IBRD countries classified as fragile situations,2012,0.3071599900722504,,
MOGER.5T8.40510.F,WB: FY23 IDA & IBRD countries classified as fragile situations,2013,0.3374600112438202,,
MOGER.5T8.40510.F,WB: FY23 IDA & IBRD countries classified as fragile situations,2014,0.3860099911689758,,
MOGER.5T8.40510.F,WB: FY23 IDA & IBRD countries classified as fragile situations,2015,0.4221900105476379,,
MOGER.5T8.40510.F,WB: FY23 IDA & IBRD countries classified as fragile situations,2016,0.453220009803772,,
MOGER.5T8.40510.F,WB: FY23 IDA & IBRD countries classified as fragile situations,2017,0.4609499871730804,,
MOGER.5T8.40510.F,WB: FY23 IDA & IBRD countries classified as fragile situations,2018,0.4555200040340424,,
MOGER.5T8.40510.F,WB: FY23 IDA & IBRD countries classified as fragile situations,2019,0.4889099895954132,,
MOGER.5T8.40510.F,WB: FY23 IDA & IBRD countries classified as fragile situations,2020,0.5069100260734558,,
MOGER.5T8.40510.F,WB: FY23 IDA & IBRD countries classified as fragile situations,2021,0.5409700274467468,,
MOGER.5T8.40510.F,WB: FY23 IDA & IBRD countries classified as fragile situations,2022,0.5875899791717529,,
MOGER.5T8.40510.F,WB: FY23 IDA & IBRD countries classified as fragile situations,2023,0.6478899717330933,,
MOGER.5T8.40510.F,WB: FY23 IDA countries classified as fragile situations,2012,0.244489997625351,,
MOGER.5T8.40510.F,WB: FY23 IDA countries classified as fragile situations,2013,0.2671200037002563,,
MOGER.5T8.40510.F,WB: FY23 IDA countries classified as fragile situations,2014,0.3038899898529053,,
MOGER.5T8.40510.F,WB: FY23 IDA countries classified as fragile situations,2015,0.3233599960803986,,
MOGER.5T8.40510.F,WB: FY23 IDA countries classified as fragile situations,2016,0.3431800007820129,,
MOGER.5T8.40510.F,WB: FY23 IDA countries classified as fragile situations,2017,0.3412100076675415,,
MOGER.5T8.40510.F,WB: FY23 IDA countries classified as fragile situations,2018,0.3398900032043457,,
MOGER.5T8.40510.F,WB: FY23 IDA countries classified as fragile situations,2019,0.3745700120925903,,
MOGER.5T8.40510.F,WB: FY23 IDA countries classified as fragile situations,2020,0.3862999975681305,,
MOGER.5T8.40510.F,WB: FY23 IDA countries classified as fragile situations,2021,0.4123600125312805,,
MOGER.5T8.40510.F,WB: FY23 IDA countries classified as fragile situations,2022,0.453330010175705,,
MOGER.5T8.40510.F,WB: FY23 IDA countries classified as fragile situations,2023,0.5070300102233887,,
MOGER.5T8.40510.F,WB: Fragile and conflict affected situations,2012,0.3253200054168701,,
MOGER.5T8.40510.F,WB: Fragile and conflict affected situations,2013,0.3578700125217438,,
MOGER.5T8.40510.F,WB: Fragile and conflict affected situations,2014,0.4081900119781494,,
MOGER.5T8.40510.F,WB: Fragile and conflict affected situations,2015,0.4448199868202209,,
MOGER.5T8.40510.F,WB: Fragile and conflict affected situations,2016,0.4767000079154968,,
MOGER.5T8.40510.F,WB: Fragile and conflict affected situations,2017,0.4815999865531921,,
MOGER.5T8.40510.F,WB: Fragile and conflict affected situations,2018,0.4787000119686127,,
MOGER.5T8.40510.F,WB: Fragile and conflict affected situations,2019,0.5136899948120117,,
MOGER.5T8.40510.F,WB: Fragile and conflict affected situations,2020,0.5319600105285645,,
MOGER.5T8.40510.F,WB: Fragile and conflict affected situations,2021,0.5663899779319763,,
MOGER.5T8.40510.F,WB: Fragile and conflict affected situations,2022,0.6128699779510498,,
MOGER.5T8.40510.F,WB: Fragile and conflict affected situations,2023,0.6725000143051147,,
MOGER.5T8.40510.F,WB: Global Partnership for Education (July 2019),2012,0.2775200009346008,,
MOGER.5T8.40510.F,WB: Global Partnership for Education (July 2019),2013,0.2877300083637238,,
MOGER.5T8.40510.F,WB: Global Partnership for Education (July 2019),2014,0.3131099939346313,,
MOGER.5T8.40510.F,WB: Global Partnership for Education (July 2019),2015,0.3258099853992462,,
MOGER.5T8.40510.F,WB: Global Partnership for Education (July 2019),2016,0.3511100113391876,,
MOGER.5T8.40510.F,WB: Global Partnership for Education (July 2019),2017,0.3664300143718719,,
MOGER.5T8.40510.F,WB: Global Partnership for Education (July 2019),2018,0.3869799971580505,,
MOGER.5T8.40510.F,WB: Global Partnership for Education (July 2019),2019,0.4198499917984009,,
MOGER.5T8.40510.F,WB: Global Partnership for Education (July 2019),2020,0.4589700102806091,,
MOGER.5T8.40510.F,WB: Global Partnership for Education (July 2019),2021,0.478520005941391,,
MOGER.5T8.40510.F,WB: Global Partnership for Education (July 2019),2022,0.5095099806785583,,
MOGER.5T8.40510.F,WB: Global Partnership for Education (July 2019),2023,0.555899977684021,,
MOGER.5T8.40510.F,WB: Heavily Indebted Poor Countries (HIPC),2012,0.261029988527298,,
MOGER.5T8.40510.F,WB: Heavily Indebted Poor Countries (HIPC),2013,0.2627699971199036,,
MOGER.5T8.40510.F,WB: Heavily Indebted Poor Countries (HIPC),2014,0.2802900075912476,,
MOGER.5T8.40510.F,WB: Heavily Indebted Poor Countries (HIPC),2015,0.2863500118255615,,
MOGER.5T8.40510.F,WB: Heavily Indebted Poor Countries (HIPC),2016,0.29789999127388,,
MOGER.5T8.40510.F,WB: Heavily Indebted Poor Countries (HIPC),2017,0.300029993057251,,
MOGER.5T8.40510.F,WB: Heavily Indebted Poor Countries (HIPC),2018,0.2998799979686737,,
MOGER.5T8.40510.F,WB: Heavily Indebted Poor Countries (HIPC),2019,0.308349996805191,,
MOGER.5T8.40510.F,WB: Heavily Indebted Poor Countries (HIPC),2020,0.3211300075054169,,
MOGER.5T8.40510.F,WB: Heavily Indebted Poor Countries (HIPC),2021,0.3310799896717072,,
MOGER.5T8.40510.F,WB: Heavily Indebted Poor Countries (HIPC),2022,0.3445099890232086,,
MOGER.5T8.40510.F,WB: Heavily Indebted Poor Countries (HIPC),2023,0.3536199927330017,,
MOGER.5T8.40510.F,WB: High income (July 2025),2012,1.466439962387085,,
MOGER.5T8.40510.F,WB: High income (July 2025),2013,1.554720044136047,,
MOGER.5T8.40510.F,WB: High income (July 2025),2014,1.633649945259094,,
MOGER.5T8.40510.F,WB: High income (July 2025),2015,1.712219953536987,,
MOGER.5T8.40510.F,WB: High income (July 2025),2016,1.802150011062622,,
MOGER.5T8.40510.F,WB: High income (July 2025),2017,1.882990002632141,,
MOGER.5T8.40510.F,WB: High income (July 2025),2018,1.910490036010742,,
MOGER.5T8.40510.F,WB: High income (July 2025),2019,1.95058000087738,,
MOGER.5T8.40510.F,WB: High income (July 2025),2020,2.036940097808838,,
MOGER.5T8.40510.F,WB: High income (July 2025),2021,2.009340047836304,,
MOGER.5T8.40510.F,WB: High income (July 2025),2022,2.023639917373657,,
MOGER.5T8.40510.F,WB: High income (July 2025),2023,2.04997992515564,,
MOGER.5T8.40510.F,WB: IBRD only,2012,0.4697799980640411,,
MOGER.5T8.40510.F,WB: IBRD only,2013,0.4995799958705902,,
MOGER.5T8.40510.F,WB: IBRD only,2014,0.5475800037384033,,
MOGER.5T8.40510.F,WB: IBRD only,2015,0.6021699905395508,,
MOGER.5T8.40510.F,WB: IBRD only,2016,0.6552500128746033,,
MOGER.5T8.40510.F,WB: IBRD only,2017,0.7151399850845337,,
MOGER.5T8.40510.F,WB: IBRD only,2018,0.7687900066375732,,
MOGER.5T8.40510.F,WB: IBRD only,2019,0.822409987449646,,
MOGER.5T8.40510.F,WB: IBRD only,2020,0.8919299840927124,,
MOGER.5T8.40510.F,WB: IBRD only,2021,0.8770400285720825,,
MOGER.5T8.40510.F,WB: IBRD only,2022,0.922980010509491,,
MOGER.5T8.40510.F,WB: IBRD only,2023,1.006760001182556,,
MOGER.5T8.40510.F,WB: IDA & IBRD total,2012,0.4043000042438507,,
MOGER.5T8.40510.F,WB: IDA & IBRD total,2013,0.4279600083827972,,
MOGER.5T8.40510.F,WB: IDA & IBRD total,2014,0.4678100049495697,,
MOGER.5T8.40510.F,WB: IDA & IBRD total,2015,0.5084999799728394,,
MOGER.5T8.40510.F,WB: IDA & IBRD total,2016,0.550570011138916,,
MOGER.5T8.40510.F,WB: IDA & IBRD total,2017,0.5923500061035156,,
MOGER.5T8.40510.F,WB: IDA & IBRD total,2018,0.6311200261116028,,
MOGER.5T8.40510.F,WB: IDA & IBRD total,2019,0.6751400232315063,,
MOGER.5T8.40510.F,WB: IDA & IBRD total,2020,0.7309200167655945,,
MOGER.5T8.40510.F,WB: IDA & IBRD total,2021,0.7261999845504761,,
MOGER.5T8.40510.F,WB: IDA & IBRD total,2022,0.7680500149726868,,
MOGER.5T8.40510.F,WB: IDA & IBRD total,2023,0.8407700061798096,,
MOGER.5T8.40510.F,WB: IDA blend,2012,0.2641899883747101,,
MOGER.5T8.40510.F,WB: IDA blend,2013,0.2696300148963928,,
MOGER.5T8.40510.F,WB: IDA blend,2014,0.304280012845993,,
MOGER.5T8.40510.F,WB: IDA blend,2015,0.3167400062084198,,
MOGER.5T8.40510.F,WB: IDA blend,2016,0.3316999971866608,,
MOGER.5T8.40510.F,WB: IDA blend,2017,0.3267099857330322,,
MOGER.5T8.40510.F,WB: IDA blend,2018,0.3202399909496307,,
MOGER.5T8.40510.F,WB: IDA blend,2019,0.324290007352829,,
MOGER.5T8.40510.F,WB: IDA blend,2020,0.3835000097751617,,
MOGER.5T8.40510.F,WB: IDA blend,2021,0.4445100128650665,,
MOGER.5T8.40510.F,WB: IDA blend,2022,0.5160800218582153,,
MOGER.5T8.40510.F,WB: IDA blend,2023,0.5878499746322632,,
MOGER.5T8.40510.F,WB: IDA only,2012,0.2174399942159653,,
MOGER.5T8.40510.F,WB: IDA only,2013,0.2362799942493439,,
MOGER.5T8.40510.F,WB: IDA only,2014,0.2595399916172028,,
MOGER.5T8.40510.F,WB: IDA only,2015,0.274040013551712,,
MOGER.5T8.40510.F,WB: IDA only,2016,0.3021900057792664,,
MOGER.5T8.40510.F,WB: IDA only,2017,0.3180400133132935,,
MOGER.5T8.40510.F,WB: IDA only,2018,0.3442699909210205,,
MOGER.5T8.40510.F,WB: IDA only,2019,0.3904500007629395,,
MOGER.5T8.40510.F,WB: IDA only,2020,0.4146000146865845,,
MOGER.5T8.40510.F,WB: IDA only,2021,0.418969988822937,,
MOGER.5T8.40510.F,WB: IDA only,2022,0.4424000084400177,,
MOGER.5T8.40510.F,WB: IDA only,2023,0.4908300042152405,,
MOGER.5T8.40510.F,WB: IDA total,2012,0.2324399948120117,,
MOGER.5T8.40510.F,WB: IDA total,2013,0.2470300048589706,,
MOGER.5T8.40510.F,WB: IDA total,2014,0.2739900052547455,,
MOGER.5T8.40510.F,WB: IDA total,2015,0.2874900102615356,,
MOGER.5T8.40510.F,WB: IDA total,2016,0.3103800117969513,,
MOGER.5T8.40510.F,WB: IDA total,2017,0.3189899921417236,,
MOGER.5T8.40510.F,WB: IDA total,2018,0.3340399861335754,,
MOGER.5T8.40510.F,WB: IDA total,2019,0.3657900094985962,,
MOGER.5T8.40510.F,WB: IDA total,2020,0.4019399881362915,,
MOGER.5T8.40510.F,WB: IDA total,2021,0.4254800081253052,,
MOGER.5T8.40510.F,WB: IDA total,2022,0.4657700061798096,,
MOGER.5T8.40510.F,WB: IDA total,2023,0.5230500102043152,,
MOGER.5T8.40510.F,WB: Late-demographic dividend,2012,0.7928500175476074,,
MOGER.5T8.40510.F,WB: Late-demographic dividend,2013,0.8630599975585938,,
MOGER.5T8.40510.F,WB: Late-demographic dividend,2014,0.9742400050163269,,
MOGER.5T8.40510.F,WB: Late-demographic dividend,2015,1.079319953918457,,
MOGER.5T8.40510.F,WB: Late-demographic dividend,2016,1.180009961128235,,
MOGER.5T8.40510.F,WB: Late-demographic dividend,2017,1.305840015411377,,
MOGER.5T8.40510.F,WB: Late-demographic dividend,2018,1.42235004901886,,
MOGER.5T8.40510.F,WB: Late-demographic dividend,2019,1.492179989814758,,
MOGER.5T8.40510.F,WB: Late-demographic dividend,2020,1.620319962501526,,
MOGER.5T8.40510.F,WB: Late-demographic dividend,2021,1.57480001449585,,
MOGER.5T8.40510.F,WB: Late-demographic dividend,2022,1.595870018005371,,
MOGER.5T8.40510.F,WB: Late-demographic dividend,2023,1.648509979248047,,
MOGER.5T8.40510.F,WB: Latin America & Caribbean,2012,0.4918600022792816,,
MOGER.5T8.40510.F,WB: Latin America & Caribbean,2013,0.5017099976539612,,
MOGER.5T8.40510.F,WB: Latin America & Caribbean,2014,0.5213500261306763,,
MOGER.5T8.40510.F,WB: Latin America & Caribbean,2015,0.552869975566864,,
MOGER.5T8.40510.F,WB: Latin America & Caribbean,2016,0.5814399719238281,,
MOGER.5T8.40510.F,WB: Latin America & Caribbean,2017,0.6399499773979187,,
MOGER.5T8.40510.F,WB: Latin America & Caribbean,2018,0.7061499953269958,,
MOGER.5T8.40510.F,WB: Latin America & Caribbean,2019,0.7651799917221069,,
MOGER.5T8.40510.F,WB: Latin America & Caribbean,2020,0.8405200242996216,,
MOGER.5T8.40510.F,WB: Latin America & Caribbean,2021,0.8413000106811523,,
MOGER.5T8.40510.F,WB: Latin America & Caribbean,2022,0.912310004234314,,
MOGER.5T8.40510.F,WB: Latin America & Caribbean,2023,0.9374799728393555,,
MOGER.5T8.40510.F,WB: Latin America & Caribbean (IDA & IBRD),2012,0.49235999584198,,
MOGER.5T8.40510.F,WB: Latin America & Caribbean (IDA & IBRD),2013,0.5004600286483765,,
MOGER.5T8.40510.F,WB: Latin America & Caribbean (IDA & IBRD),2014,0.5168499946594238,,
MOGER.5T8.40510.F,WB: Latin America & Caribbean (IDA & IBRD),2015,0.5493199825286865,,
MOGER.5T8.40510.F,WB: Latin America & Caribbean (IDA & IBRD),2016,0.5763000249862671,,
MOGER.5T8.40510.F,WB: Latin America & Caribbean (IDA & IBRD),2017,0.6340500116348267,,
MOGER.5T8.40510.F,WB: Latin America & Caribbean (IDA & IBRD),2018,0.7021399736404419,,
MOGER.5T8.40510.F,WB: Latin America & Caribbean (IDA & IBRD),2019,0.7608799934387207,,
MOGER.5T8.40510.F,WB: Latin America & Caribbean (IDA & IBRD),2020,0.8351600170135498,,
MOGER.5T8.40510.F,WB: Latin America & Caribbean (IDA & IBRD),2021,0.8376299738883972,,
MOGER.5T8.40510.F,WB: Latin America & Caribbean (IDA & IBRD),2022,0.9086499810218811,,
MOGER.5T8.40510.F,WB: Latin America & Caribbean (IDA & IBRD),2023,0.9316099882125854,,
MOGER.5T8.40510.F,WB: Latin America & Caribbean (excluding high income),2012,0.4510399997234344,,
MOGER.5T8.40510.F,WB: Latin America & Caribbean (excluding high income),2013,0.4577099978923798,,
MOGER.5T8.40510.F,WB: Latin America & Caribbean (excluding high income),2014,0.4749700129032135,,
MOGER.5T8.40510.F,WB: Latin America & Caribbean (excluding high income),2015,0.5041999816894531,,
MOGER.5T8.40510.F,WB: Latin America & Caribbean (excluding high income),2016,0.5324199795722961,,
MOGER.5T8.40510.F,WB: Latin America & Caribbean (excluding high income),2017,0.5852500200271606,,
MOGER.5T8.40510.F,WB: Latin America & Caribbean (excluding high income),2018,0.6447700262069702,,
MOGER.5T8.40510.F,WB: Latin America & Caribbean (excluding high income),2019,0.6922900080680847,,
MOGER.5T8.40510.F,WB: Latin America & Caribbean (excluding high income),2020,0.7588199973106384,,
MOGER.5T8.40510.F,WB: Latin America & Caribbean (excluding high income),2021,0.7616000175476074,,
MOGER.5T8.40510.F,WB: Latin America & Caribbean (excluding high income),2022,0.8281000256538391,,
MOGER.5T8.40510.F,WB: Latin America & Caribbean (excluding high income),2023,0.8598200082778931,,
MOGER.5T8.40510.F,WB: Least developed countries: UN classification,2012,0.1862500011920929,,
MOGER.5T8.40510.F,WB: Least developed countries: UN classification,2013,0.2023099958896637,,
MOGER.5T8.40510.F,WB: Least developed countries: UN classification,2014,0.2191299945116043,,
MOGER.5T8.40510.F,WB: Least developed countries: UN classification,2015,0.2260800004005432,,
MOGER.5T8.40510.F,WB: Least developed countries: UN classification,2016,0.2463600039482117,,
MOGER.5T8.40510.F,WB: Least developed countries: UN classification,2017,0.258679986000061,,
MOGER.5T8.40510.F,WB: Least developed countries: UN classification,2018,0.2757000029087067,,
MOGER.5T8.40510.F,WB: Least developed countries: UN classification,2019,0.3122699856758118,,
MOGER.5T8.40510.F,WB: Least developed countries: UN classification,2020,0.3270300030708313,,
MOGER.5T8.40510.F,WB: Least developed countries: UN classification,2021,0.3225499987602234,,
MOGER.5T8.40510.F,WB: Least developed countries: UN classification,2022,0.3373300135135651,,
MOGER.5T8.40510.F,WB: Least developed countries: UN classification,2023,0.3740099966526031,,
MOGER.5T8.40510.F,WB: Low & middle income (July 2025),2012,0.3872199952602386,,
MOGER.5T8.40510.F,WB: Low & middle income (July 2025),2013,0.4116300046443939,,
MOGER.5T8.40510.F,WB: Low & middle income (July 2025),2014,0.4518199861049652,,
MOGER.5T8.40510.F,WB: Low & middle income (July 2025),2015,0.4924800097942352,,
MOGER.5T8.40510.F,WB: Low & middle income (July 2025),2016,0.5344700217247009,,
MOGER.5T8.40510.F,WB: Low & middle income (July 2025),2017,0.574429988861084,,
MOGER.5T8.40510.F,WB: Low & middle income (July 2025),2018,0.6120200157165527,,
MOGER.5T8.40510.F,WB: Low & middle income (July 2025),2019,0.6571499705314636,,
MOGER.5T8.40510.F,WB: Low & middle income (July 2025),2020,0.7122700214385986,,
MOGER.5T8.40510.F,WB: Low & middle income (July 2025),2021,0.7067199945449829,,
MOGER.5T8.40510.F,WB: Low & middle income (July 2025),2022,0.7494000196456909,,
MOGER.5T8.40510.F,WB: Low & middle income (July 2025),2023,0.8248999714851379,,
MOGER.5T8.40510.F,WB: Low income (July 2025),2012,0.1528100073337555,,
MOGER.5T8.40510.F,WB: Low income (July 2025),2013,0.1783200055360794,,
MOGER.5T8.40510.F,WB: Low income (July 2025),2014,0.2022099941968918,,
MOGER.5T8.40510.F,WB: Low income (July 2025),2015,0.2152899950742722,,
MOGER.5T8.40510.F,WB: Low income (July 2025),2016,0.2334399968385696,,
MOGER.5T8.40510.F,WB: Low income (July 2025),2017,0.2408100068569183,,
MOGER.5T8.40510.F,WB: Low income (July 2025),2018,0.2504200041294098,,
MOGER.5T8.40510.F,WB: Low income (July 2025),2019,0.2990599870681763,,
MOGER.5T8.40510.F,WB: Low income (July 2025),2020,0.3122400045394897,,
MOGER.5T8.40510.F,WB: Low income (July 2025),2021,0.3230800032615662,,
MOGER.5T8.40510.F,WB: Low income (July 2025),2022,0.3422999978065491,,
MOGER.5T8.40510.F,WB: Low income (July 2025),2023,0.3545700013637543,,
MOGER.5T8.40510.F,WB: Lower middle income (July 2025),2012,0.2188899964094162,,
MOGER.5T8.40510.F,WB: Lower middle income (July 2025),2013,0.2265899926424026,,
MOGER.5T8.40510.F,WB: Lower middle income (July 2025),2014,0.2483599931001663,,
MOGER.5T8.40510.F,WB: Lower middle income (July 2025),2015,0.2726100087165833,,
MOGER.5T8.40510.F,WB: Lower middle income (July 2025),2016,0.3083600103855133,,
MOGER.5T8.40510.F,WB: Lower middle income (July 2025),2017,0.3303900063037872,,
MOGER.5T8.40510.F,WB: Lower middle income (July 2025),2018,0.3592199981212616,,
MOGER.5T8.40510.F,WB: Lower middle income (July 2025),2019,0.4088099896907806,,
MOGER.5T8.40510.F,WB: Lower middle income (July 2025),2020,0.4627499878406525,,
MOGER.5T8.40510.F,WB: Lower middle income (July 2025),2021,0.4800199866294861,,
MOGER.5T8.40510.F,WB: Lower middle income (July 2025),2022,0.5439199805259705,,
MOGER.5T8.40510.F,WB: Lower middle income (July 2025),2023,0.6531100273132324,,
MOGER.5T8.40510.F,WB: Middle East & North Africa (IDA & IBRD),2012,0.3391000032424927,,
MOGER.5T8.40510.F,WB: Middle East & North Africa (IDA & IBRD),2013,0.3590500056743622,,
MOGER.5T8.40510.F,WB: Middle East & North Africa (IDA & IBRD),2014,0.4033200144767761,,
MOGER.5T8.40510.F,WB: Middle East & North Africa (IDA & IBRD),2015,0.4397099912166595,,
MOGER.5T8.40510.F,WB: Middle East & North Africa (IDA & IBRD),2016,0.4925200045108795,,
MOGER.5T8.40510.F,WB: Middle East & North Africa (IDA & IBRD),2017,0.517549991607666,,
MOGER.5T8.40510.F,WB: Middle East & North Africa (IDA & IBRD),2018,0.5509300231933594,,
MOGER.5T8.40510.F,WB: Middle East & North Africa (IDA & IBRD),2019,0.6123200058937073,,
MOGER.5T8.40510.F,WB: Middle East & North Africa (IDA & IBRD),2020,0.6611499786376953,,
MOGER.5T8.40510.F,WB: Middle East & North Africa (IDA & IBRD),2021,0.7154499888420105,,
MOGER.5T8.40510.F,WB: Middle East & North Africa (IDA & IBRD),2022,0.7861400246620178,,
MOGER.5T8.40510.F,WB: Middle East & North Africa (IDA & IBRD),2023,0.8469600081443787,,
MOGER.5T8.40510.F,WB: Middle East & North Africa (excluding high income),2012,0.36039999127388,,
MOGER.5T8.40510.F,WB: Middle East & North Africa (excluding high income),2013,0.3839400112628937,,
MOGER.5T8.40510.F,WB: Middle East & North Africa (excluding high income),2014,0.4313600063323975,,
MOGER.5T8.40510.F,WB: Middle East & North Africa (excluding high income),2015,0.4690600037574768,,
MOGER.5T8.40510.F,WB: Middle East & North Africa (excluding high income),2016,0.523419976234436,,
MOGER.5T8.40510.F,WB: Middle East & North Africa (excluding high income),2017,0.544439971446991,,
MOGER.5T8.40510.F,WB: Middle East & North Africa (excluding high income),2018,0.581279993057251,,
MOGER.5T8.40510.F,WB: Middle East & North Africa (excluding high income),2019,0.6450799703598022,,
MOGER.5T8.40510.F,WB: Middle East & North Africa (excluding high income),2020,0.6944299936294556,,
MOGER.5T8.40510.F,WB: Middle East & North Africa (excluding high income),2021,0.7496899962425232,,
MOGER.5T8.40510.F,WB: Middle East & North Africa (excluding high income),2022,0.8208299875259399,,
MOGER.5T8.40510.F,WB: Middle East & North Africa (excluding high income),2023,0.8808500170707703,,
MOGER.5T8.40510.F,"WB: Middle East & North Africa, Afghanistan, Pakistan",2012,0.4437200129032135,,
MOGER.5T8.40510.F,"WB: Middle East & North Africa, Afghanistan, Pakistan",2013,0.4841000139713287,,
MOGER.5T8.40510.F,"WB: Middle East & North Africa, Afghanistan, Pakistan",2014,0.5488700270652771,,
MOGER.5T8.40510.F,"WB: Middle East & North Africa, Afghanistan, Pakistan",2015,0.603659987449646,,
MOGER.5T8.40510.F,"WB: Middle East & North Africa, Afghanistan, Pakistan",2016,0.6665099859237671,,
MOGER.5T8.40510.F,"WB: Middle East & North Africa, Afghanistan, Pakistan",2017,0.6965299844741821,,
MOGER.5T8.40510.F,"WB: Middle East & North Africa, Afghanistan, Pakistan",2018,0.7261099815368652,,
MOGER.5T8.40510.F,"WB: Middle East & North Africa, Afghanistan, Pakistan",2019,0.7752199769020081,,
MOGER.5T8.40510.F,"WB: Middle East & North Africa, Afghanistan, Pakistan",2020,0.8225499987602234,,
MOGER.5T8.40510.F,"WB: Middle East & North Africa, Afghanistan, Pakistan",2021,0.8705499768257141,,
MOGER.5T8.40510.F,"WB: Middle East & North Africa, Afghanistan, Pakistan",2022,0.9366000294685364,,
MOGER.5T8.40510.F,"WB: Middle East & North Africa, Afghanistan, Pakistan",2023,0.9912499785423279,,
MOGER.5T8.40510.F,WB: Middle income (July 2025),2012,0.4130699932575226,,
MOGER.5T8.40510.F,WB: Middle income (July 2025),2013,0.4385200142860413,,
MOGER.5T8.40510.F,WB: Middle income (July 2025),2014,0.4817500114440918,,
MOGER.5T8.40510.F,WB: Middle income (July 2025),2015,0.526889979839325,,
MOGER.5T8.40510.F,WB: Middle income (July 2025),2016,0.5730800032615662,,
MOGER.5T8.40510.F,WB: Middle income (July 2025),2017,0.6187400221824646,,
MOGER.5T8.40510.F,WB: Middle income (July 2025),2018,0.6615599989891052,,
MOGER.5T8.40510.F,WB: Middle income (July 2025),2019,0.7075799703598022,,
MOGER.5T8.40510.F,WB: Middle income (July 2025),2020,0.7702800035476685,,
MOGER.5T8.40510.F,WB: Middle income (July 2025),2021,0.7638300061225891,,
MOGER.5T8.40510.F,WB: Middle income (July 2025),2022,0.8114399909973145,,
MOGER.5T8.40510.F,WB: Middle income (July 2025),2023,0.8982800245285034,,
MOGER.5T8.40510.F,WB: North America,2012,0.5185800194740295,,
MOGER.5T8.40510.F,WB: North America,2013,0.5362499952316284,,
MOGER.5T8.40510.F,WB: North America,2014,0.5590400099754333,,
MOGER.5T8.40510.F,WB: North America,2015,0.6019899845123291,,
MOGER.5T8.40510.F,WB: North America,2016,0.629010021686554,,
MOGER.5T8.40510.F,WB: North America,2017,0.6354900002479553,,
MOGER.5T8.40510.F,WB: North America,2018,0.6318699717521667,,
MOGER.5T8.40510.F,WB: North America,2019,0.7272999882698059,,
MOGER.5T8.40510.F,WB: North America,2020,0.7752000093460083,,
MOGER.5T8.40510.F,WB: North America,2021,0.7204800248146057,,
MOGER.5T8.40510.F,WB: North America,2022,0.7693799734115601,,
MOGER.5T8.40510.F,WB: North America,2023,0.8180000185966492,,
MOGER.5T8.40510.F,WB: OECD members,2012,1.148820042610168,,
MOGER.5T8.40510.F,WB: OECD members,2013,1.189620018005371,,
MOGER.5T8.40510.F,WB: OECD members,2014,1.222309947013855,,
MOGER.5T8.40510.F,WB: OECD members,2015,1.266409993171692,,
MOGER.5T8.40510.F,WB: OECD members,2016,1.322110056877136,,
MOGER.5T8.40510.F,WB: OECD members,2017,1.387529969215393,,
MOGER.5T8.40510.F,WB: OECD members,2018,1.41700005531311,,
MOGER.5T8.40510.F,WB: OECD members,2019,1.465440034866333,,
MOGER.5T8.40510.F,WB: OECD members,2020,1.558130025863647,,
MOGER.5T8.40510.F,WB: OECD members,2021,1.53314995765686,,
MOGER.5T8.40510.F,WB: OECD members,2022,1.576449990272522,,
MOGER.5T8.40510.F,WB: OECD members,2023,1.616119980812073,,
MOGER.5T8.40510.F,WB: Other small states,2012,4.096189975738525,,
MOGER.5T8.40510.F,WB: Other small states,2013,4.161009788513184,,
MOGER.5T8.40510.F,WB: Other small states,2014,4.093969821929932,,
MOGER.5T8.40510.F,WB: Other small states,2015,4.064889907836914,,
MOGER.5T8.40510.F,WB: Other small states,2016,4.208539962768555,,
MOGER.5T8.40510.F,WB: Other small states,2017,4.212080001831055,,
MOGER.5T8.40510.F,WB: Other small states,2018,4.294129848480225,,
MOGER.5T8.40510.F,WB: Other small states,2019,4.715849876403809,,
MOGER.5T8.40510.F,WB: Other small states,2020,4.516409873962402,,
MOGER.5T8.40510.F,WB: Other small states,2021,4.505899906158447,,
MOGER.5T8.40510.F,WB: Other small states,2022,4.504280090332031,,
MOGER.5T8.40510.F,WB: Other small states,2023,4.915200233459473,,
MOGER.5T8.40510.F,WB: Pacific island small states,2012,2.373169898986816,,
MOGER.5T8.40510.F,WB: Pacific island small states,2013,2.45592999458313,,
MOGER.5T8.40510.F,WB: Pacific island small states,2014,2.706929922103882,,
MOGER.5T8.40510.F,WB: Pacific island small states,2015,2.506350040435791,,
MOGER.5T8.40510.F,WB: Pacific island small states,2016,2.766870021820068,,
MOGER.5T8.40510.F,WB: Pacific island small states,2017,2.767390012741089,,
MOGER.5T8.40510.F,WB: Pacific island small states,2018,2.712869882583618,,
MOGER.5T8.40510.F,WB: Pacific island small states,2019,2.923029899597168,,
MOGER.5T8.40510.F,WB: Pacific island small states,2020,2.882879972457886,,
MOGER.5T8.40510.F,WB: Pacific island small states,2021,2.579999923706055,,
MOGER.5T8.40510.F,WB: Pacific island small states,2022,2.481329917907715,,
MOGER.5T8.40510.F,WB: Pacific island small states,2023,3.109319925308228,,
MOGER.5T8.40510.F,WB: Post-demographic dividend,2012,1.410879969596863,,
MOGER.5T8.40510.F,WB: Post-demographic dividend,2013,1.49865996837616,,
MOGER.5T8.40510.F,WB: Post-demographic dividend,2014,1.565170049667358,,
MOGER.5T8.40510.F,WB: Post-demographic dividend,2015,1.650949954986572,,
MOGER.5T8.40510.F,WB: Post-demographic dividend,2016,1.745919942855835,,
MOGER.5T8.40510.F,WB: Post-demographic dividend,2017,1.836879968643188,,
MOGER.5T8.40510.F,WB: Post-demographic dividend,2018,1.852259993553162,,
MOGER.5T8.40510.F,WB: Post-demographic dividend,2019,1.930179953575134,,
MOGER.5T8.40510.F,WB: Post-demographic dividend,2020,2.019220113754272,,
MOGER.5T8.40510.F,WB: Post-demographic dividend,2021,1.991580009460449,,
MOGER.5T8.40510.F,WB: Post-demographic dividend,2022,2.025140047073364,,
MOGER.5T8.40510.F,WB: Post-demographic dividend,2023,2.102220058441162,,
MOGER.5T8.40510.F,WB: Pre-demographic dividend,2012,0.2516399919986725,,
MOGER.5T8.40510.F,WB: Pre-demographic dividend,2013,0.261680006980896,,
MOGER.5T8.40510.F,WB: Pre-demographic dividend,2014,0.2956500053405762,,
MOGER.5T8.40510.F,WB: Pre-demographic dividend,2015,0.3104299902915955,,
MOGER.5T8.40510.F,WB: Pre-demographic dividend,2016,0.3251000046730042,,
MOGER.5T8.40510.F,WB: Pre-demographic dividend,2017,0.3175300061702728,,
MOGER.5T8.40510.F,WB: Pre-demographic dividend,2018,0.305400013923645,,
MOGER.5T8.40510.F,WB: Pre-demographic dividend,2019,0.3038699924945831,,
MOGER.5T8.40510.F,WB: Pre-demographic dividend,2020,0.3145799934864044,,
MOGER.5T8.40510.F,WB: Pre-demographic dividend,2021,0.3310799896717072,,
MOGER.5T8.40510.F,WB: Pre-demographic dividend,2022,0.3660700023174286,,
MOGER.5T8.40510.F,WB: Pre-demographic dividend,2023,0.416130006313324,,
MOGER.5T8.40510.F,WB: Small states,2012,3.696870088577271,,
MOGER.5T8.40510.F,WB: Small states,2013,3.765500068664551,,
MOGER.5T8.40510.F,WB: Small states,2014,3.713040113449097,,
MOGER.5T8.40510.F,WB: Small states,2015,3.715169906616211,,
MOGER.5T8.40510.F,WB: Small states,2016,3.915220022201538,,
MOGER.5T8.40510.F,WB: Small states,2017,3.927429914474487,,
MOGER.5T8.40510.F,WB: Small states,2018,4.005839824676514,,
MOGER.5T8.40510.F,WB: Small states,2019,4.381879806518555,,
MOGER.5T8.40510.F,WB: Small states,2020,4.321589946746826,,
MOGER.5T8.40510.F,WB: Small states,2021,4.251669883728027,,
MOGER.5T8.40510.F,WB: Small states,2022,4.214340209960938,,
MOGER.5T8.40510.F,WB: Small states,2023,4.604310035705566,,
MOGER.5T8.40510.F,WB: South Asia,2012,0.1115700006484985,,
MOGER.5T8.40510.F,WB: South Asia,2013,0.1168100014328957,,
MOGER.5T8.40510.F,WB: South Asia,2014,0.1280499994754791,,
MOGER.5T8.40510.F,WB: South Asia,2015,0.1524399966001511,,
MOGER.5T8.40510.F,WB: South Asia,2016,0.1872999966144562,,
MOGER.5T8.40510.F,WB: South Asia,2017,0.2141699939966202,,
MOGER.5T8.40510.F,WB: South Asia,2018,0.2486999928951263,,
MOGER.5T8.40510.F,WB: South Asia,2019,0.3111599981784821,,
MOGER.5T8.40510.F,WB: South Asia,2020,0.3614000082015991,,
MOGER.5T8.40510.F,WB: South Asia,2021,0.358599990606308,,
MOGER.5T8.40510.F,WB: South Asia,2022,0.4318999946117401,,
MOGER.5T8.40510.F,WB: South Asia,2023,0.5902100205421448,,
MOGER.5T8.40510.F,WB: South Asia (IDA & IBRD),2012,0.1115700006484985,,
MOGER.5T8.40510.F,WB: South Asia (IDA & IBRD),2013,0.1168100014328957,,
MOGER.5T8.40510.F,WB: South Asia (IDA & IBRD),2014,0.1280499994754791,,
MOGER.5T8.40510.F,WB: South Asia (IDA & IBRD),2015,0.1524399966001511,,
MOGER.5T8.40510.F,WB: South Asia (IDA & IBRD),2016,0.1872999966144562,,
MOGER.5T8.40510.F,WB: South Asia (IDA & IBRD),2017,0.2141699939966202,,
MOGER.5T8.40510.F,WB: South Asia (IDA & IBRD),2018,0.2486999928951263,,
MOGER.5T8.40510.F,WB: South Asia (IDA & IBRD),2019,0.3111599981784821,,
MOGER.5T8.40510.F,WB: South Asia (IDA & IBRD),2020,0.3614000082015991,,
MOGER.5T8.40510.F,WB: South Asia (IDA & IBRD),2021,0.358599990606308,,
MOGER.5T8.40510.F,WB: South Asia (IDA & IBRD),2022,0.4318999946117401,,
MOGER.5T8.40510.F,WB: South Asia (IDA & IBRD),2023,0.5902100205421448,,
MOGER.5T8.40510.F,WB: Sub-Saharan Africa,2012,0.2639400064945221,,
MOGER.5T8.40510.F,WB: Sub-Saharan Africa,2013,0.2669900059700012,,
MOGER.5T8.40510.F,WB: Sub-Saharan Africa,2014,0.2893500030040741,,
MOGER.5T8.40510.F,WB: Sub-Saharan Africa,2015,0.2987900078296661,,
MOGER.5T8.40510.F,WB: Sub-Saharan Africa,2016,0.3077700138092041,,
MOGER.5T8.40510.F,WB: Sub-Saharan Africa,2017,0.3060800135135651,,
MOGER.5T8.40510.F,WB: Sub-Saharan Africa,2018,0.2980000078678131,,
MOGER.5T8.40510.F,WB: Sub-Saharan Africa,2019,0.2978200018405914,,
MOGER.5T8.40510.F,WB: Sub-Saharan Africa,2020,0.3106299936771393,,
MOGER.5T8.40510.F,WB: Sub-Saharan Africa,2021,0.323089987039566,,
MOGER.5T8.40510.F,WB: Sub-Saharan Africa,2022,0.354200005531311,,
MOGER.5T8.40510.F,WB: Sub-Saharan Africa,2023,0.4059900045394897,,
MOGER.5T8.40510.F,WB: Sub-Saharan Africa (IDA & IBRD),2012,0.2639400064945221,,
MOGER.5T8.40510.F,WB: Sub-Saharan Africa (IDA & IBRD),2013,0.2669900059700012,,
MOGER.5T8.40510.F,WB: Sub-Saharan Africa (IDA & IBRD),2014,0.2893500030040741,,
MOGER.5T8.40510.F,WB: Sub-Saharan Africa (IDA & IBRD),2015,0.2987900078296661,,
MOGER.5T8.40510.F,WB: Sub-Saharan Africa (IDA & IBRD),2016,0.3077700138092041,,
MOGER.5T8.40510.F,WB: Sub-Saharan Africa (IDA & IBRD),2017,0.3060800135135651,,
MOGER.5T8.40510.F,WB: Sub-Saharan Africa (IDA & IBRD),2018,0.2980000078678131,,
MOGER.5T8.40510.F,WB: Sub-Saharan Africa (IDA & IBRD),2019,0.2978200018405914,,
MOGER.5T8.40510.F,WB: Sub-Saharan Africa (IDA & IBRD),2020,0.3106299936771393,,
MOGER.5T8.40510.F,WB: Sub-Saharan Africa (IDA & IBRD),2021,0.323089987039566,,
MOGER.5T8.40510.F,WB: Sub-Saharan Africa (IDA & IBRD),2022,0.354200005531311,,
MOGER.5T8.40510.F,WB: Sub-Saharan Africa (IDA & IBRD),2023,0.4059900045394897,,
MOGER.5T8.40510.F,WB: Sub-Saharan Africa (excluding high income),2012,0.2633599936962128,,
MOGER.5T8.40510.F,WB: Sub-Saharan Africa (excluding high income),2013,0.2664200067520142,,
MOGER.5T8.40510.F,WB: Sub-Saharan Africa (excluding high income),2014,0.2888100147247314,,
MOGER.5T8.40510.F,WB: Sub-Saharan Africa (excluding high income),2015,0.2983300089836121,,
MOGER.5T8.40510.F,WB: Sub-Saharan Africa (excluding high income),2016,0.3071799874305725,,
MOGER.5T8.40510.F,WB: Sub-Saharan Africa (excluding high income),2017,0.3055599927902222,,
MOGER.5T8.40510.F,WB: Sub-Saharan Africa (excluding high income),2018,0.2973999977111816,,
MOGER.5T8.40510.F,WB: Sub-Saharan Africa (excluding high income),2019,0.2971599996089935,,
MOGER.5T8.40510.F,WB: Sub-Saharan Africa (excluding high income),2020,0.3099299967288971,,
MOGER.5T8.40510.F,WB: Sub-Saharan Africa (excluding high income),2021,0.3224500119686127,,
MOGER.5T8.40510.F,WB: Sub-Saharan Africa (excluding high income),2022,0.3535999953746796,,
MOGER.5T8.40510.F,WB: Sub-Saharan Africa (excluding high income),2023,0.4053199887275696,,
MOGER.5T8.40510.F,WB: Upper middle income (July 2025),2012,0.6076800227165222,,
MOGER.5T8.40510.F,WB: Upper middle income (July 2025),2013,0.6620299816131592,,
MOGER.5T8.40510.F,WB: Upper middle income (July 2025),2014,0.7417700290679932,,
MOGER.5T8.40510.F,WB: Upper middle income (July 2025),2015,0.8210800290107727,,
MOGER.5T8.40510.F,WB: Upper middle income (July 2025),2016,0.889989972114563,,
MOGER.5T8.40510.F,WB: Upper middle income (July 2025),2017,0.9761099815368652,,
MOGER.5T8.40510.F,WB: Upper middle income (July 2025),2018,1.048720002174377,,
MOGER.5T8.40510.F,WB: Upper middle income (July 2025),2019,1.10319995880127,,
MOGER.5T8.40510.F,WB: Upper middle income (July 2025),2020,1.18775999546051,,
MOGER.5T8.40510.F,WB: Upper middle income (July 2025),2021,1.153429985046387,,
MOGER.5T8.40510.F,WB: Upper middle income (July 2025),2022,1.188490033149719,,
MOGER.5T8.40510.F,WB: Upper middle income (July 2025),2023,1.252449989318848,,
MOGER.5T8.40510.F,WB: World,2012,0.6336699724197388,,
MOGER.5T8.40510.F,WB: World,2013,0.6661499738693237,,
MOGER.5T8.40510.F,WB: World,2014,0.7138299942016602,,
MOGER.5T8.40510.F,WB: World,2015,0.7610800266265869,,
MOGER.5T8.40510.F,WB: World,2016,0.8113600015640259,,
MOGER.5T8.40510.F,WB: World,2017,0.8601899743080139,,
MOGER.5T8.40510.F,WB: World,2018,0.9044399857521057,,
MOGER.5T8.40510.F,WB: World,2019,0.9581699967384338,,
MOGER.5T8.40510.F,WB: World,2020,1.006710052490234,,
MOGER.5T8.40510.F,WB: World,2021,1.006469964981079,,
MOGER.5T8.40510.F,WB: World,2022,1.070840001106262,,
MOGER.5T8.40510.F,WB: World,2023,1.126649975776672,,
MOGER.5T8.40510.F,WSM,2012,2.81646990776062,UIS_EST,
MOGER.5T8.40510.F,WSM,2013,2.970459938049316,UIS_EST,
MOGER.5T8.40510.F,WSM,2014,4.203020095825195,UIS_EST,
MOGER.5T8.40510.F,WSM,2015,3.087199926376343,UIS_EST,
MOGER.5T8.40510.F,WSM,2016,4.700809955596924,UIS_EST,
MOGER.5T8.40510.F,WSM,2017,4.169320106506348,UIS_EST,
MOGER.5T8.40510.F,WSM,2018,4.316649913787842,UIS_EST,
MOGER.5T8.40510.F,WSM,2019,4.539400100708008,UIS_EST,
MOGER.5T8.40510.F,WSM,2020,4.584780216217041,UIS_EST,
MOGER.5T8.40510.F,WSM,2021,4.36106014251709,UIS_EST,
MOGER.5T8.40510.F,WSM,2022,3.658890008926392,UIS_EST,
MOGER.5T8.40510.F,WSM,2023,3.54109001159668,UIS_EST,
MOGER.5T8.40510.F,YEM,2012,0.2728100121021271,UIS_EST,
MOGER.5T8.40510.F,YEM,2013,0.3355199992656708,UIS_EST,
MOGER.5T8.40510.F,YEM,2014,0.372759997844696,UIS_EST,
MOGER.5T8.40510.F,YEM,2015,0.3890100121498108,UIS_EST,
MOGER.5T8.40510.F,YEM,2016,0.4088999927043915,UIS_EST,
MOGER.5T8.40510.F,YEM,2017,0.3956699967384338,UIS_EST,
MOGER.5T8.40510.F,YEM,2018,0.412090003490448,UIS_EST,
MOGER.5T8.40510.F,YEM,2019,0.9085599780082703,UIS_EST,
MOGER.5T8.40510.F,YEM,2020,0.8420100212097168,UIS_EST,
MOGER.5T8.40510.F,YEM,2021,0.6930500268936157,UIS_EST,
MOGER.5T8.40510.F,YEM,2022,0.7032099962234497,UIS_EST,
MOGER.5T8.40510.F,YEM,2023,0.7239000201225281,UIS_EST,
MOGER.5T8.40510.F,ZAF,2012,0.1043799966573715,UIS_EST,
MOGER.5T8.40510.F,ZAF,2013,0.1142200008034706,UIS_EST,
MOGER.5T8.40510.F,ZAF,2014,0.1336800009012222,UIS_EST,
MOGER.5T8.40510.F,ZAF,2015,0.148389995098114,UIS_EST,
MOGER.5T8.40510.F,ZAF,2016,0.1615500003099442,UIS_EST,
MOGER.5T8.40510.F,ZAF,2017,0.1829199939966202,UIS_EST,
MOGER.5T8.40510.F,ZAF,2018,0.2078199982643127,UIS_EST,
MOGER.5T8.40510.F,ZAF,2019,0.2212399989366531,UIS_EST,
MOGER.5T8.40510.F,ZAF,2020,0.2396000027656555,UIS_EST,
MOGER.5T8.40510.F,ZAF,2021,0.2283100038766861,UIS_EST,
MOGER.5T8.40510.F,ZAF,2022,0.2301400005817413,UIS_EST,
MOGER.5T8.40510.F,ZAF,2023,0.2452500015497208,UIS_EST,
MOGER.5T8.40510.F,ZMB,2012,0.2836900055408478,UIS_EST,
MOGER.5T8.40510.F,ZMB,2013,0.2869499921798706,UIS_EST,
MOGER.5T8.40510.F,ZMB,2014,0.2964900135993958,UIS_EST,
MOGER.5T8.40510.F,ZMB,2015,0.2725200057029724,UIS_EST,
MOGER.5T8.40510.F,ZMB,2016,0.2700900137424469,UIS_EST,
MOGER.5T8.40510.F,ZMB,2017,0.2595700025558472,UIS_EST,
MOGER.5T8.40510.F,ZMB,2018,0.2553800046443939,UIS_EST,
MOGER.5T8.40510.F,ZMB,2019,0.2455700039863586,UIS_EST,
MOGER.5T8.40510.F,ZMB,2020,0.2381500005722046,UIS_EST,
MOGER.5T8.40510.F,ZMB,2021,0.221110001206398,UIS_EST,
MOGER.5T8.40510.F,ZMB,2022,0.2060499936342239,UIS_EST,
MOGER.5T8.40510.F,ZMB,2023,0.2088800072669983,UIS_EST,
MOGER.5T8.40510.F,ZWE,2012,1.041200041770935,UIS_EST,
MOGER.5T8.40510.F,ZWE,2013,1.062600016593933,UIS_EST,
MOGER.5T8.40510.F,ZWE,2014,1.085060000419617,UIS_EST,
MOGER.5T8.40510.F,ZWE,2015,1.157349944114685,UIS_EST,
MOGER.5T8.40510.F,ZWE,2016,1.238929986953735,UIS_EST,
MOGER.5T8.40510.F,ZWE,2017,1.354239940643311,UIS_EST,
MOGER.5T8.40510.F,ZWE,2018,1.345919966697693,UIS_EST,
MOGER.5T8.40510.F,ZWE,2019,1.321370005607605,UIS_EST,
MOGER.5T8.40510.F,ZWE,2020,1.270059943199158,UIS_EST,
MOGER.5T8.40510.F,ZWE,2021,1.275580048561096,UIS_EST,
MOGER.5T8.40510.F,ZWE,2022,1.316220045089722,UIS_EST,
MOGER.5T8.40510.F,ZWE,2023,1.483139991760254,UIS_EST,