indicatorId,geoUnit,year,value,qualifier,magnitude
ODAFLOW.VOLUMESCHOLARSHIP,AFG,2006,394713,,
ODAFLOW.VOLUMESCHOLARSHIP,AFG,2007,490818,,
ODAFLOW.VOLUMESCHOLARSHIP,AFG,2008,1185739,,
ODAFLOW.VOLUMESCHOLARSHIP,AFG,2009,3225912,,
ODAFLOW.VOLUMESCHOLARSHIP,AFG,2010,4472338,,
ODAFLOW.VOLUMESCHOLARSHIP,AFG,2011,5056725,,
ODAFLOW.VOLUMESCHOLARSHIP,AFG,2012,8911781,,
ODAFLOW.VOLUMESCHOLARSHIP,AFG,2013,17314964,,
ODAFLOW.VOLUMESCHOLARSHIP,AFG,2014,7835627,,
ODAFLOW.VOLUMESCHOLARSHIP,AFG,2015,7131952,,
ODAFLOW.VOLUMESCHOLARSHIP,AFG,2016,8827992,,
ODAFLOW.VOLUMESCHOLARSHIP,AFG,2017,9271017,,
ODAFLOW.VOLUMESCHOLARSHIP,AFG,2018,12585477,,
ODAFLOW.VOLUMESCHOLARSHIP,AFG,2019,22618700,,
ODAFLOW.VOLUMESCHOLARSHIP,AFG,2020,11418147,,
ODAFLOW.VOLUMESCHOLARSHIP,AFG,2021,15939144,,
ODAFLOW.VOLUMESCHOLARSHIP,AFG,2022,17166256,,
ODAFLOW.VOLUMESCHOLARSHIP,AFG,2023,18832174,,
ODAFLOW.VOLUMESCHOLARSHIP,AGO,2006,1286846,,
ODAFLOW.VOLUMESCHOLARSHIP,AGO,2007,1187526,,
ODAFLOW.VOLUMESCHOLARSHIP,AGO,2008,1657035,,
ODAFLOW.VOLUMESCHOLARSHIP,AGO,2009,1778415,,
ODAFLOW.VOLUMESCHOLARSHIP,AGO,2010,1629604,,
ODAFLOW.VOLUMESCHOLARSHIP,AGO,2011,1281713,,
ODAFLOW.VOLUMESCHOLARSHIP,AGO,2012,1750337,,
ODAFLOW.VOLUMESCHOLARSHIP,AGO,2013,2064404,,
ODAFLOW.VOLUMESCHOLARSHIP,AGO,2014,2112595,,
ODAFLOW.VOLUMESCHOLARSHIP,AGO,2015,2170631,,
ODAFLOW.VOLUMESCHOLARSHIP,AGO,2016,2282703,,
ODAFLOW.VOLUMESCHOLARSHIP,AGO,2017,3112449,,
ODAFLOW.VOLUMESCHOLARSHIP,AGO,2018,3562877,,
ODAFLOW.VOLUMESCHOLARSHIP,AGO,2019,4338833,,
ODAFLOW.VOLUMESCHOLARSHIP,AGO,2020,4258330,,
ODAFLOW.VOLUMESCHOLARSHIP,AGO,2021,4112802,,
ODAFLOW.VOLUMESCHOLARSHIP,AGO,2022,5243773,,
ODAFLOW.VOLUMESCHOLARSHIP,AGO,2023,4913372,,
ODAFLOW.VOLUMESCHOLARSHIP,AIA,2012,8880,,
ODAFLOW.VOLUMESCHOLARSHIP,ALB,2006,1194779,,
ODAFLOW.VOLUMESCHOLARSHIP,ALB,2007,1074729,,
ODAFLOW.VOLUMESCHOLARSHIP,ALB,2008,1750576,,
ODAFLOW.VOLUMESCHOLARSHIP,ALB,2009,2349423,,
ODAFLOW.VOLUMESCHOLARSHIP,ALB,2010,2142016,,
ODAFLOW.VOLUMESCHOLARSHIP,ALB,2011,2673740,,
ODAFLOW.VOLUMESCHOLARSHIP,ALB,2012,2347750,,
ODAFLOW.VOLUMESCHOLARSHIP,ALB,2013,3574072,,
ODAFLOW.VOLUMESCHOLARSHIP,ALB,2014,3210389,,
ODAFLOW.VOLUMESCHOLARSHIP,ALB,2015,4554596,,
ODAFLOW.VOLUMESCHOLARSHIP,ALB,2016,3396717,,
ODAFLOW.VOLUMESCHOLARSHIP,ALB,2017,5906900,,
ODAFLOW.VOLUMESCHOLARSHIP,ALB,2018,7231607,,
ODAFLOW.VOLUMESCHOLARSHIP,ALB,2019,12439693,,
ODAFLOW.VOLUMESCHOLARSHIP,ALB,2020,8456305,,
ODAFLOW.VOLUMESCHOLARSHIP,ALB,2021,9964001,,
ODAFLOW.VOLUMESCHOLARSHIP,ALB,2022,11067639,,
ODAFLOW.VOLUMESCHOLARSHIP,ALB,2023,11325131,,
ODAFLOW.VOLUMESCHOLARSHIP,ARG,2006,269173,,
ODAFLOW.VOLUMESCHOLARSHIP,ARG,2007,1457220,,
ODAFLOW.VOLUMESCHOLARSHIP,ARG,2008,5048403,,
ODAFLOW.VOLUMESCHOLARSHIP,ARG,2009,7405687,,
ODAFLOW.VOLUMESCHOLARSHIP,ARG,2010,7239757,,
ODAFLOW.VOLUMESCHOLARSHIP,ARG,2011,4399020,,
ODAFLOW.VOLUMESCHOLARSHIP,ARG,2012,7949499,,
ODAFLOW.VOLUMESCHOLARSHIP,ARG,2013,7897802,,
ODAFLOW.VOLUMESCHOLARSHIP,ARG,2014,5565308,,
ODAFLOW.VOLUMESCHOLARSHIP,ARG,2015,4308853,,
ODAFLOW.VOLUMESCHOLARSHIP,ARG,2016,2519153,,
ODAFLOW.VOLUMESCHOLARSHIP,ARG,2017,5320806,,
ODAFLOW.VOLUMESCHOLARSHIP,ARG,2018,4519117,,
ODAFLOW.VOLUMESCHOLARSHIP,ARG,2019,4966774,,
ODAFLOW.VOLUMESCHOLARSHIP,ARG,2020,4070834,,
ODAFLOW.VOLUMESCHOLARSHIP,ARG,2021,2654967,,
ODAFLOW.VOLUMESCHOLARSHIP,ARG,2022,4332543,,
ODAFLOW.VOLUMESCHOLARSHIP,ARG,2023,3408491,,
ODAFLOW.VOLUMESCHOLARSHIP,ARM,2006,569289,,
ODAFLOW.VOLUMESCHOLARSHIP,ARM,2007,540034,,
ODAFLOW.VOLUMESCHOLARSHIP,ARM,2008,1204843,,
ODAFLOW.VOLUMESCHOLARSHIP,ARM,2009,2141248,,
ODAFLOW.VOLUMESCHOLARSHIP,ARM,2010,1772959,,
ODAFLOW.VOLUMESCHOLARSHIP,ARM,2011,1557345,,
ODAFLOW.VOLUMESCHOLARSHIP,ARM,2012,1792377,,
ODAFLOW.VOLUMESCHOLARSHIP,ARM,2013,5650142,,
ODAFLOW.VOLUMESCHOLARSHIP,ARM,2014,5069985,,
ODAFLOW.VOLUMESCHOLARSHIP,ARM,2015,4185765,,
ODAFLOW.VOLUMESCHOLARSHIP,ARM,2016,4002180,,
ODAFLOW.VOLUMESCHOLARSHIP,ARM,2017,7133759,,
ODAFLOW.VOLUMESCHOLARSHIP,ARM,2018,5278384,,
ODAFLOW.VOLUMESCHOLARSHIP,ARM,2019,6316523,,
ODAFLOW.VOLUMESCHOLARSHIP,ARM,2020,4871736,,
ODAFLOW.VOLUMESCHOLARSHIP,ARM,2021,4617491,,
ODAFLOW.VOLUMESCHOLARSHIP,ARM,2022,4782070,,
ODAFLOW.VOLUMESCHOLARSHIP,ARM,2023,5232840,,
ODAFLOW.VOLUMESCHOLARSHIP,ATG,2006,14303,,
ODAFLOW.VOLUMESCHOLARSHIP,ATG,2007,27700,,
ODAFLOW.VOLUMESCHOLARSHIP,ATG,2008,37188,,
ODAFLOW.VOLUMESCHOLARSHIP,ATG,2009,90842,,
ODAFLOW.VOLUMESCHOLARSHIP,ATG,2010,19502,,
ODAFLOW.VOLUMESCHOLARSHIP,ATG,2011,49327,,
ODAFLOW.VOLUMESCHOLARSHIP,ATG,2012,45371,,
ODAFLOW.VOLUMESCHOLARSHIP,ATG,2013,81541,,
ODAFLOW.VOLUMESCHOLARSHIP,ATG,2014,109733,,
ODAFLOW.VOLUMESCHOLARSHIP,ATG,2015,90270,,
ODAFLOW.VOLUMESCHOLARSHIP,ATG,2016,55951,,
ODAFLOW.VOLUMESCHOLARSHIP,ATG,2017,28365,,
ODAFLOW.VOLUMESCHOLARSHIP,ATG,2018,87925,,
ODAFLOW.VOLUMESCHOLARSHIP,ATG,2019,199405,,
ODAFLOW.VOLUMESCHOLARSHIP,ATG,2020,124744,,
ODAFLOW.VOLUMESCHOLARSHIP,ATG,2021,128956,,
ODAFLOW.VOLUMESCHOLARSHIP,AZE,2006,142256,,
ODAFLOW.VOLUMESCHOLARSHIP,AZE,2007,208307,,
ODAFLOW.VOLUMESCHOLARSHIP,AZE,2008,821321,,
ODAFLOW.VOLUMESCHOLARSHIP,AZE,2009,1419680,,
ODAFLOW.VOLUMESCHOLARSHIP,AZE,2010,1684692,,
ODAFLOW.VOLUMESCHOLARSHIP,AZE,2011,1841734,,
ODAFLOW.VOLUMESCHOLARSHIP,AZE,2012,1496557,,
ODAFLOW.VOLUMESCHOLARSHIP,AZE,2013,2617708,,
ODAFLOW.VOLUMESCHOLARSHIP,AZE,2014,1988014,,
ODAFLOW.VOLUMESCHOLARSHIP,AZE,2015,2085284,,
ODAFLOW.VOLUMESCHOLARSHIP,AZE,2016,2780352,,
ODAFLOW.VOLUMESCHOLARSHIP,AZE,2017,4196261,,
ODAFLOW.VOLUMESCHOLARSHIP,AZE,2018,6578716,,
ODAFLOW.VOLUMESCHOLARSHIP,AZE,2019,13666022,,
ODAFLOW.VOLUMESCHOLARSHIP,AZE,2020,10159467,,
ODAFLOW.VOLUMESCHOLARSHIP,AZE,2021,11726850,,
ODAFLOW.VOLUMESCHOLARSHIP,AZE,2022,11531322,,
ODAFLOW.VOLUMESCHOLARSHIP,AZE,2023,10276402,,
ODAFLOW.VOLUMESCHOLARSHIP,BDI,2006,1529408,,
ODAFLOW.VOLUMESCHOLARSHIP,BDI,2007,2027928,,
ODAFLOW.VOLUMESCHOLARSHIP,BDI,2008,1915601,,
ODAFLOW.VOLUMESCHOLARSHIP,BDI,2009,2412977,,
ODAFLOW.VOLUMESCHOLARSHIP,BDI,2010,1909164,,
ODAFLOW.VOLUMESCHOLARSHIP,BDI,2011,1649832,,
ODAFLOW.VOLUMESCHOLARSHIP,BDI,2012,1538630,,
ODAFLOW.VOLUMESCHOLARSHIP,BDI,2013,1614390,,
ODAFLOW.VOLUMESCHOLARSHIP,BDI,2014,1045047,,
ODAFLOW.VOLUMESCHOLARSHIP,BDI,2015,1220239,,
ODAFLOW.VOLUMESCHOLARSHIP,BDI,2016,958593,,
ODAFLOW.VOLUMESCHOLARSHIP,BDI,2017,1414116,,
ODAFLOW.VOLUMESCHOLARSHIP,BDI,2018,1722106,,
ODAFLOW.VOLUMESCHOLARSHIP,BDI,2019,3427465,,
ODAFLOW.VOLUMESCHOLARSHIP,BDI,2020,1663899,,
ODAFLOW.VOLUMESCHOLARSHIP,BDI,2021,2041166,,
ODAFLOW.VOLUMESCHOLARSHIP,BDI,2022,1654304,,
ODAFLOW.VOLUMESCHOLARSHIP,BDI,2023,4593813,,
ODAFLOW.VOLUMESCHOLARSHIP,BEN,2006,1162829,,
ODAFLOW.VOLUMESCHOLARSHIP,BEN,2007,1743803,,
ODAFLOW.VOLUMESCHOLARSHIP,BEN,2008,2080356,,
ODAFLOW.VOLUMESCHOLARSHIP,BEN,2009,2758019,,
ODAFLOW.VOLUMESCHOLARSHIP,BEN,2010,1366339,,
ODAFLOW.VOLUMESCHOLARSHIP,BEN,2011,952076,,
ODAFLOW.VOLUMESCHOLARSHIP,BEN,2012,1475928,,
ODAFLOW.VOLUMESCHOLARSHIP,BEN,2013,2493697,,
ODAFLOW.VOLUMESCHOLARSHIP,BEN,2014,1934439,,
ODAFLOW.VOLUMESCHOLARSHIP,BEN,2015,2238544,,
ODAFLOW.VOLUMESCHOLARSHIP,BEN,2016,2946055,,
ODAFLOW.VOLUMESCHOLARSHIP,BEN,2017,1866976,,
ODAFLOW.VOLUMESCHOLARSHIP,BEN,2018,2524877,,
ODAFLOW.VOLUMESCHOLARSHIP,BEN,2019,5086645,,
ODAFLOW.VOLUMESCHOLARSHIP,BEN,2020,3321466,,
ODAFLOW.VOLUMESCHOLARSHIP,BEN,2021,4892486,,
ODAFLOW.VOLUMESCHOLARSHIP,BEN,2022,5793540,,
ODAFLOW.VOLUMESCHOLARSHIP,BEN,2023,8518080,,
ODAFLOW.VOLUMESCHOLARSHIP,BFA,2006,1409239,,
ODAFLOW.VOLUMESCHOLARSHIP,BFA,2007,1129898,,
ODAFLOW.VOLUMESCHOLARSHIP,BFA,2008,1160004,,
ODAFLOW.VOLUMESCHOLARSHIP,BFA,2009,2605913,,
ODAFLOW.VOLUMESCHOLARSHIP,BFA,2010,9682882,,
ODAFLOW.VOLUMESCHOLARSHIP,BFA,2011,556679,,
ODAFLOW.VOLUMESCHOLARSHIP,BFA,2012,1928414,,
ODAFLOW.VOLUMESCHOLARSHIP,BFA,2013,2226455,,
ODAFLOW.VOLUMESCHOLARSHIP,BFA,2014,1826468,,
ODAFLOW.VOLUMESCHOLARSHIP,BFA,2015,1477242,,
ODAFLOW.VOLUMESCHOLARSHIP,BFA,2016,1498009,,
ODAFLOW.VOLUMESCHOLARSHIP,BFA,2017,1991486,,
ODAFLOW.VOLUMESCHOLARSHIP,BFA,2018,2831858,,
ODAFLOW.VOLUMESCHOLARSHIP,BFA,2019,5436704,,
ODAFLOW.VOLUMESCHOLARSHIP,BFA,2020,2765202,,
ODAFLOW.VOLUMESCHOLARSHIP,BFA,2021,4041561,,
ODAFLOW.VOLUMESCHOLARSHIP,BFA,2022,4613853,,
ODAFLOW.VOLUMESCHOLARSHIP,BFA,2023,7844678,,
ODAFLOW.VOLUMESCHOLARSHIP,BGD,2006,6630101,,
ODAFLOW.VOLUMESCHOLARSHIP,BGD,2007,6586892,,
ODAFLOW.VOLUMESCHOLARSHIP,BGD,2008,8843067,,
ODAFLOW.VOLUMESCHOLARSHIP,BGD,2009,16300124,,
ODAFLOW.VOLUMESCHOLARSHIP,BGD,2010,17540316,,
ODAFLOW.VOLUMESCHOLARSHIP,BGD,2011,20517674,,
ODAFLOW.VOLUMESCHOLARSHIP,BGD,2012,19207532,,
ODAFLOW.VOLUMESCHOLARSHIP,BGD,2013,19198808,,
ODAFLOW.VOLUMESCHOLARSHIP,BGD,2014,18917624,,
ODAFLOW.VOLUMESCHOLARSHIP,BGD,2015,15254982,,
ODAFLOW.VOLUMESCHOLARSHIP,BGD,2016,9968004,,
ODAFLOW.VOLUMESCHOLARSHIP,BGD,2017,15042751,,
ODAFLOW.VOLUMESCHOLARSHIP,BGD,2018,11760397,,
ODAFLOW.VOLUMESCHOLARSHIP,BGD,2019,17885272,,
ODAFLOW.VOLUMESCHOLARSHIP,BGD,2020,14579189,,
ODAFLOW.VOLUMESCHOLARSHIP,BGD,2021,13922164,,
ODAFLOW.VOLUMESCHOLARSHIP,BGD,2022,18179248,,
ODAFLOW.VOLUMESCHOLARSHIP,BGD,2023,39609144,,
ODAFLOW.VOLUMESCHOLARSHIP,BIH,2006,416620,,
ODAFLOW.VOLUMESCHOLARSHIP,BIH,2007,349790,,
ODAFLOW.VOLUMESCHOLARSHIP,BIH,2008,957047,,
ODAFLOW.VOLUMESCHOLARSHIP,BIH,2009,938490,,
ODAFLOW.VOLUMESCHOLARSHIP,BIH,2010,1349218,,
ODAFLOW.VOLUMESCHOLARSHIP,BIH,2011,1567778,,
ODAFLOW.VOLUMESCHOLARSHIP,BIH,2012,1765286,,
ODAFLOW.VOLUMESCHOLARSHIP,BIH,2013,2311288,,
ODAFLOW.VOLUMESCHOLARSHIP,BIH,2014,2119057,,
ODAFLOW.VOLUMESCHOLARSHIP,BIH,2015,2462544,,
ODAFLOW.VOLUMESCHOLARSHIP,BIH,2016,1992465,,
ODAFLOW.VOLUMESCHOLARSHIP,BIH,2017,3167460,,
ODAFLOW.VOLUMESCHOLARSHIP,BIH,2018,4587223,,
ODAFLOW.VOLUMESCHOLARSHIP,BIH,2019,5745390,,
ODAFLOW.VOLUMESCHOLARSHIP,BIH,2020,3832425,,
ODAFLOW.VOLUMESCHOLARSHIP,BIH,2021,3739739,,
ODAFLOW.VOLUMESCHOLARSHIP,BIH,2022,3154642,,
ODAFLOW.VOLUMESCHOLARSHIP,BIH,2023,3816201,,
ODAFLOW.VOLUMESCHOLARSHIP,BLR,2006,140553,,
ODAFLOW.VOLUMESCHOLARSHIP,BLR,2007,124772,,
ODAFLOW.VOLUMESCHOLARSHIP,BLR,2008,2572191,,
ODAFLOW.VOLUMESCHOLARSHIP,BLR,2009,3716216,,
ODAFLOW.VOLUMESCHOLARSHIP,BLR,2010,2156643,,
ODAFLOW.VOLUMESCHOLARSHIP,BLR,2011,2553026,,
ODAFLOW.VOLUMESCHOLARSHIP,BLR,2012,4697755,,
ODAFLOW.VOLUMESCHOLARSHIP,BLR,2013,9175253,,
ODAFLOW.VOLUMESCHOLARSHIP,BLR,2014,7811476,,
ODAFLOW.VOLUMESCHOLARSHIP,BLR,2015,12255420,,
ODAFLOW.VOLUMESCHOLARSHIP,BLR,2016,9049147,,
ODAFLOW.VOLUMESCHOLARSHIP,BLR,2017,7414264,,
ODAFLOW.VOLUMESCHOLARSHIP,BLR,2018,3680653,,
ODAFLOW.VOLUMESCHOLARSHIP,BLR,2019,3948787,,
ODAFLOW.VOLUMESCHOLARSHIP,BLR,2020,7625403,,
ODAFLOW.VOLUMESCHOLARSHIP,BLR,2021,11869196,,
ODAFLOW.VOLUMESCHOLARSHIP,BLR,2022,5230342,,
ODAFLOW.VOLUMESCHOLARSHIP,BLR,2023,5580442,,
ODAFLOW.VOLUMESCHOLARSHIP,BLZ,2008,31190,,
ODAFLOW.VOLUMESCHOLARSHIP,BLZ,2009,203967,,
ODAFLOW.VOLUMESCHOLARSHIP,BLZ,2010,112791,,
ODAFLOW.VOLUMESCHOLARSHIP,BLZ,2011,156558,,
ODAFLOW.VOLUMESCHOLARSHIP,BLZ,2012,278254,,
ODAFLOW.VOLUMESCHOLARSHIP,BLZ,2013,213961,,
ODAFLOW.VOLUMESCHOLARSHIP,BLZ,2014,330232,,
ODAFLOW.VOLUMESCHOLARSHIP,BLZ,2015,402852,,
ODAFLOW.VOLUMESCHOLARSHIP,BLZ,2016,55902,,
ODAFLOW.VOLUMESCHOLARSHIP,BLZ,2017,524233,,
ODAFLOW.VOLUMESCHOLARSHIP,BLZ,2018,499021,,
ODAFLOW.VOLUMESCHOLARSHIP,BLZ,2019,441704,,
ODAFLOW.VOLUMESCHOLARSHIP,BLZ,2020,223583,,
ODAFLOW.VOLUMESCHOLARSHIP,BLZ,2021,233986,,
ODAFLOW.VOLUMESCHOLARSHIP,BLZ,2022,278134,,
ODAFLOW.VOLUMESCHOLARSHIP,BLZ,2023,1641302,,
ODAFLOW.VOLUMESCHOLARSHIP,BOL,2006,538838,,
ODAFLOW.VOLUMESCHOLARSHIP,BOL,2007,1817673,,
ODAFLOW.VOLUMESCHOLARSHIP,BOL,2008,2891655,,
ODAFLOW.VOLUMESCHOLARSHIP,BOL,2009,4047772,,
ODAFLOW.VOLUMESCHOLARSHIP,BOL,2010,1900891,,
ODAFLOW.VOLUMESCHOLARSHIP,BOL,2011,1739205,,
ODAFLOW.VOLUMESCHOLARSHIP,BOL,2012,1349502,,
ODAFLOW.VOLUMESCHOLARSHIP,BOL,2013,1417480,,
ODAFLOW.VOLUMESCHOLARSHIP,BOL,2014,1244547,,
ODAFLOW.VOLUMESCHOLARSHIP,BOL,2015,1327482,,
ODAFLOW.VOLUMESCHOLARSHIP,BOL,2016,1618054,,
ODAFLOW.VOLUMESCHOLARSHIP,BOL,2017,1881428,,
ODAFLOW.VOLUMESCHOLARSHIP,BOL,2018,2130535,,
ODAFLOW.VOLUMESCHOLARSHIP,BOL,2019,1656446,,
ODAFLOW.VOLUMESCHOLARSHIP,BOL,2020,2023068,,
ODAFLOW.VOLUMESCHOLARSHIP,BOL,2021,1052889,,
ODAFLOW.VOLUMESCHOLARSHIP,BOL,2022,1536815,,
ODAFLOW.VOLUMESCHOLARSHIP,BOL,2023,1351074,,
ODAFLOW.VOLUMESCHOLARSHIP,BRA,2006,1166714,,
ODAFLOW.VOLUMESCHOLARSHIP,BRA,2007,1601443,,
ODAFLOW.VOLUMESCHOLARSHIP,BRA,2008,12784952,,
ODAFLOW.VOLUMESCHOLARSHIP,BRA,2009,19218416,,
ODAFLOW.VOLUMESCHOLARSHIP,BRA,2010,18822660,,
ODAFLOW.VOLUMESCHOLARSHIP,BRA,2011,19350280,,
ODAFLOW.VOLUMESCHOLARSHIP,BRA,2012,22528228,,
ODAFLOW.VOLUMESCHOLARSHIP,BRA,2013,21844744,,
ODAFLOW.VOLUMESCHOLARSHIP,BRA,2014,18951986,,
ODAFLOW.VOLUMESCHOLARSHIP,BRA,2015,16733110,,
ODAFLOW.VOLUMESCHOLARSHIP,BRA,2016,13683989,,
ODAFLOW.VOLUMESCHOLARSHIP,BRA,2017,17598196,,
ODAFLOW.VOLUMESCHOLARSHIP,BRA,2018,16766821,,
ODAFLOW.VOLUMESCHOLARSHIP,BRA,2019,20593958,,
ODAFLOW.VOLUMESCHOLARSHIP,BRA,2020,22039644,,
ODAFLOW.VOLUMESCHOLARSHIP,BRA,2021,20014748,,
ODAFLOW.VOLUMESCHOLARSHIP,BRA,2022,30157296,,
ODAFLOW.VOLUMESCHOLARSHIP,BRA,2023,24425484,,
ODAFLOW.VOLUMESCHOLARSHIP,BRB,2008,166481,,
ODAFLOW.VOLUMESCHOLARSHIP,BRB,2009,176252,,
ODAFLOW.VOLUMESCHOLARSHIP,BRB,2010,19917,,
ODAFLOW.VOLUMESCHOLARSHIP,BTN,2006,1357295,,
ODAFLOW.VOLUMESCHOLARSHIP,BTN,2007,2123263,,
ODAFLOW.VOLUMESCHOLARSHIP,BTN,2008,2589396,,
ODAFLOW.VOLUMESCHOLARSHIP,BTN,2009,4820462,,
ODAFLOW.VOLUMESCHOLARSHIP,BTN,2010,4857369,,
ODAFLOW.VOLUMESCHOLARSHIP,BTN,2011,6160760,,
ODAFLOW.VOLUMESCHOLARSHIP,BTN,2012,10535810,,
ODAFLOW.VOLUMESCHOLARSHIP,BTN,2013,8954300,,
ODAFLOW.VOLUMESCHOLARSHIP,BTN,2014,7966078,,
ODAFLOW.VOLUMESCHOLARSHIP,BTN,2015,7058871,,
ODAFLOW.VOLUMESCHOLARSHIP,BTN,2016,3250057,,
ODAFLOW.VOLUMESCHOLARSHIP,BTN,2017,4015926,,
ODAFLOW.VOLUMESCHOLARSHIP,BTN,2018,2689502,,
ODAFLOW.VOLUMESCHOLARSHIP,BTN,2019,2210478,,
ODAFLOW.VOLUMESCHOLARSHIP,BTN,2020,2062491,,
ODAFLOW.VOLUMESCHOLARSHIP,BTN,2021,1115229,,
ODAFLOW.VOLUMESCHOLARSHIP,BTN,2022,2064289,,
ODAFLOW.VOLUMESCHOLARSHIP,BTN,2023,3520422,,
ODAFLOW.VOLUMESCHOLARSHIP,BWA,2006,44618,,
ODAFLOW.VOLUMESCHOLARSHIP,BWA,2007,91184,,
ODAFLOW.VOLUMESCHOLARSHIP,BWA,2008,306155,,
ODAFLOW.VOLUMESCHOLARSHIP,BWA,2009,642156,,
ODAFLOW.VOLUMESCHOLARSHIP,BWA,2010,740232,,
ODAFLOW.VOLUMESCHOLARSHIP,BWA,2011,2174833,,
ODAFLOW.VOLUMESCHOLARSHIP,BWA,2012,1327389,,
ODAFLOW.VOLUMESCHOLARSHIP,BWA,2013,1809181,,
ODAFLOW.VOLUMESCHOLARSHIP,BWA,2014,1222890,,
ODAFLOW.VOLUMESCHOLARSHIP,BWA,2015,2012077,,
ODAFLOW.VOLUMESCHOLARSHIP,BWA,2016,1210448,,
ODAFLOW.VOLUMESCHOLARSHIP,BWA,2017,1418695,,
ODAFLOW.VOLUMESCHOLARSHIP,BWA,2018,1534554,,
ODAFLOW.VOLUMESCHOLARSHIP,BWA,2019,1422957,,
ODAFLOW.VOLUMESCHOLARSHIP,BWA,2020,1274150,,
ODAFLOW.VOLUMESCHOLARSHIP,BWA,2021,470705,,
ODAFLOW.VOLUMESCHOLARSHIP,BWA,2022,485961,,
ODAFLOW.VOLUMESCHOLARSHIP,BWA,2023,572615,,
ODAFLOW.VOLUMESCHOLARSHIP,CAF,2006,564064,,
ODAFLOW.VOLUMESCHOLARSHIP,CAF,2007,457775,,
ODAFLOW.VOLUMESCHOLARSHIP,CAF,2008,1033851,,
ODAFLOW.VOLUMESCHOLARSHIP,CAF,2009,1167316,,
ODAFLOW.VOLUMESCHOLARSHIP,CAF,2010,1196788,,
ODAFLOW.VOLUMESCHOLARSHIP,CAF,2011,212652,,
ODAFLOW.VOLUMESCHOLARSHIP,CAF,2012,884493,,
ODAFLOW.VOLUMESCHOLARSHIP,CAF,2013,1760858,,
ODAFLOW.VOLUMESCHOLARSHIP,CAF,2014,1371589,,
ODAFLOW.VOLUMESCHOLARSHIP,CAF,2015,1225823,,
ODAFLOW.VOLUMESCHOLARSHIP,CAF,2016,1338794,,
ODAFLOW.VOLUMESCHOLARSHIP,CAF,2017,1717873,,
ODAFLOW.VOLUMESCHOLARSHIP,CAF,2018,2573026,,
ODAFLOW.VOLUMESCHOLARSHIP,CAF,2019,3554621,,
ODAFLOW.VOLUMESCHOLARSHIP,CAF,2020,3254345,,
ODAFLOW.VOLUMESCHOLARSHIP,CAF,2021,2315589,,
ODAFLOW.VOLUMESCHOLARSHIP,CAF,2022,2548188,,
ODAFLOW.VOLUMESCHOLARSHIP,CAF,2023,2038595,,
ODAFLOW.VOLUMESCHOLARSHIP,CHL,2006,641276,,
ODAFLOW.VOLUMESCHOLARSHIP,CHL,2007,1736646,,
ODAFLOW.VOLUMESCHOLARSHIP,CHL,2008,4511735,,
ODAFLOW.VOLUMESCHOLARSHIP,CHL,2009,6896320,,
ODAFLOW.VOLUMESCHOLARSHIP,CHL,2010,4046688,,
ODAFLOW.VOLUMESCHOLARSHIP,CHL,2011,4343115,,
ODAFLOW.VOLUMESCHOLARSHIP,CHL,2012,4651038,,
ODAFLOW.VOLUMESCHOLARSHIP,CHL,2013,4076399,,
ODAFLOW.VOLUMESCHOLARSHIP,CHL,2014,3730302,,
ODAFLOW.VOLUMESCHOLARSHIP,CHL,2015,5037153,,
ODAFLOW.VOLUMESCHOLARSHIP,CHL,2016,3816043,,
ODAFLOW.VOLUMESCHOLARSHIP,CHL,2017,3718214,,
ODAFLOW.VOLUMESCHOLARSHIP,CHN,2006,11310669,,
ODAFLOW.VOLUMESCHOLARSHIP,CHN,2007,14158073,,
ODAFLOW.VOLUMESCHOLARSHIP,CHN,2008,34564528,,
ODAFLOW.VOLUMESCHOLARSHIP,CHN,2009,202716944,,
ODAFLOW.VOLUMESCHOLARSHIP,CHN,2010,230793824,,
ODAFLOW.VOLUMESCHOLARSHIP,CHN,2011,243005184,,
ODAFLOW.VOLUMESCHOLARSHIP,CHN,2012,95023096,,
ODAFLOW.VOLUMESCHOLARSHIP,CHN,2013,35094892,,
ODAFLOW.VOLUMESCHOLARSHIP,CHN,2014,32515926,,
ODAFLOW.VOLUMESCHOLARSHIP,CHN,2015,20243776,,
ODAFLOW.VOLUMESCHOLARSHIP,CHN,2016,20603772,,
ODAFLOW.VOLUMESCHOLARSHIP,CHN,2017,22253164,,
ODAFLOW.VOLUMESCHOLARSHIP,CHN,2018,25466896,,
ODAFLOW.VOLUMESCHOLARSHIP,CHN,2019,37773248,,
ODAFLOW.VOLUMESCHOLARSHIP,CHN,2020,37960328,,
ODAFLOW.VOLUMESCHOLARSHIP,CHN,2021,18195644,,
ODAFLOW.VOLUMESCHOLARSHIP,CHN,2022,28771882,,
ODAFLOW.VOLUMESCHOLARSHIP,CHN,2023,23486854,,
ODAFLOW.VOLUMESCHOLARSHIP,CIV,2006,169579,,
ODAFLOW.VOLUMESCHOLARSHIP,CIV,2007,106188,,
ODAFLOW.VOLUMESCHOLARSHIP,CIV,2008,1095608,,
ODAFLOW.VOLUMESCHOLARSHIP,CIV,2009,2128582,,
ODAFLOW.VOLUMESCHOLARSHIP,CIV,2010,1449098,,
ODAFLOW.VOLUMESCHOLARSHIP,CIV,2011,832547,,
ODAFLOW.VOLUMESCHOLARSHIP,CIV,2012,1413026,,
ODAFLOW.VOLUMESCHOLARSHIP,CIV,2013,4134758,,
ODAFLOW.VOLUMESCHOLARSHIP,CIV,2014,4420222,,
ODAFLOW.VOLUMESCHOLARSHIP,CIV,2015,4550686,,
ODAFLOW.VOLUMESCHOLARSHIP,CIV,2016,4473561,,
ODAFLOW.VOLUMESCHOLARSHIP,CIV,2017,5130161,,
ODAFLOW.VOLUMESCHOLARSHIP,CIV,2018,6367084,,
ODAFLOW.VOLUMESCHOLARSHIP,CIV,2019,9186436,,
ODAFLOW.VOLUMESCHOLARSHIP,CIV,2020,10094941,,
ODAFLOW.VOLUMESCHOLARSHIP,CIV,2021,9355804,,
ODAFLOW.VOLUMESCHOLARSHIP,CIV,2022,9952247,,
ODAFLOW.VOLUMESCHOLARSHIP,CIV,2023,12866126,,
ODAFLOW.VOLUMESCHOLARSHIP,CMR,2006,904804,,
ODAFLOW.VOLUMESCHOLARSHIP,CMR,2007,793394,,
ODAFLOW.VOLUMESCHOLARSHIP,CMR,2008,3570928,,
ODAFLOW.VOLUMESCHOLARSHIP,CMR,2009,5360670,,
ODAFLOW.VOLUMESCHOLARSHIP,CMR,2010,3730282,,
ODAFLOW.VOLUMESCHOLARSHIP,CMR,2011,3092644,,
ODAFLOW.VOLUMESCHOLARSHIP,CMR,2012,3731736,,
ODAFLOW.VOLUMESCHOLARSHIP,CMR,2013,9549410,,
ODAFLOW.VOLUMESCHOLARSHIP,CMR,2014,8436747,,
ODAFLOW.VOLUMESCHOLARSHIP,CMR,2015,9440009,,
ODAFLOW.VOLUMESCHOLARSHIP,CMR,2016,8921964,,
ODAFLOW.VOLUMESCHOLARSHIP,CMR,2017,11011952,,
ODAFLOW.VOLUMESCHOLARSHIP,CMR,2018,10412722,,
ODAFLOW.VOLUMESCHOLARSHIP,CMR,2019,15394122,,
ODAFLOW.VOLUMESCHOLARSHIP,CMR,2020,13745511,,
ODAFLOW.VOLUMESCHOLARSHIP,CMR,2021,12105920,,
ODAFLOW.VOLUMESCHOLARSHIP,CMR,2022,12044088,,
ODAFLOW.VOLUMESCHOLARSHIP,CMR,2023,14004249,,
ODAFLOW.VOLUMESCHOLARSHIP,COD,2006,4184317,,
ODAFLOW.VOLUMESCHOLARSHIP,COD,2007,7174179,,
ODAFLOW.VOLUMESCHOLARSHIP,COD,2008,4412434,,
ODAFLOW.VOLUMESCHOLARSHIP,COD,2009,6102871,,
ODAFLOW.VOLUMESCHOLARSHIP,COD,2010,2655726,,
ODAFLOW.VOLUMESCHOLARSHIP,COD,2011,2002033,,
ODAFLOW.VOLUMESCHOLARSHIP,COD,2012,2181484,,
ODAFLOW.VOLUMESCHOLARSHIP,COD,2013,3857678,,
ODAFLOW.VOLUMESCHOLARSHIP,COD,2014,3830739,,
ODAFLOW.VOLUMESCHOLARSHIP,COD,2015,3896029,,
ODAFLOW.VOLUMESCHOLARSHIP,COD,2016,4443580,,
ODAFLOW.VOLUMESCHOLARSHIP,COD,2017,6527098,,
ODAFLOW.VOLUMESCHOLARSHIP,COD,2018,5097057,,
ODAFLOW.VOLUMESCHOLARSHIP,COD,2019,5586134,,
ODAFLOW.VOLUMESCHOLARSHIP,COD,2020,5092437,,
ODAFLOW.VOLUMESCHOLARSHIP,COD,2021,7579224,,
ODAFLOW.VOLUMESCHOLARSHIP,COD,2022,7294727,,
ODAFLOW.VOLUMESCHOLARSHIP,COD,2023,6408903,,
ODAFLOW.VOLUMESCHOLARSHIP,COG,2006,719897,,
ODAFLOW.VOLUMESCHOLARSHIP,COG,2007,652772,,
ODAFLOW.VOLUMESCHOLARSHIP,COG,2008,1426685,,
ODAFLOW.VOLUMESCHOLARSHIP,COG,2009,1388248,,
ODAFLOW.VOLUMESCHOLARSHIP,COG,2010,754024,,
ODAFLOW.VOLUMESCHOLARSHIP,COG,2011,491307,,
ODAFLOW.VOLUMESCHOLARSHIP,COG,2012,753858,,
ODAFLOW.VOLUMESCHOLARSHIP,COG,2013,3856577,,
ODAFLOW.VOLUMESCHOLARSHIP,COG,2014,4024978,,
ODAFLOW.VOLUMESCHOLARSHIP,COG,2015,4404878,,
ODAFLOW.VOLUMESCHOLARSHIP,COG,2016,4679274,,
ODAFLOW.VOLUMESCHOLARSHIP,COG,2017,4654287,,
ODAFLOW.VOLUMESCHOLARSHIP,COG,2018,6729616,,
ODAFLOW.VOLUMESCHOLARSHIP,COG,2019,8900204,,
ODAFLOW.VOLUMESCHOLARSHIP,COG,2020,7366328,,
ODAFLOW.VOLUMESCHOLARSHIP,COG,2021,5791531,,
ODAFLOW.VOLUMESCHOLARSHIP,COG,2022,6239778,,
ODAFLOW.VOLUMESCHOLARSHIP,COG,2023,8092051,,
ODAFLOW.VOLUMESCHOLARSHIP,COK,2008,602685,,
ODAFLOW.VOLUMESCHOLARSHIP,COK,2009,519299,,
ODAFLOW.VOLUMESCHOLARSHIP,COK,2010,289894,,
ODAFLOW.VOLUMESCHOLARSHIP,COK,2011,538189,,
ODAFLOW.VOLUMESCHOLARSHIP,COK,2012,513415,,
ODAFLOW.VOLUMESCHOLARSHIP,COK,2013,689717,,
ODAFLOW.VOLUMESCHOLARSHIP,COK,2014,609877,,
ODAFLOW.VOLUMESCHOLARSHIP,COK,2015,266342,,
ODAFLOW.VOLUMESCHOLARSHIP,COK,2016,529175,,
ODAFLOW.VOLUMESCHOLARSHIP,COK,2017,113628,,
ODAFLOW.VOLUMESCHOLARSHIP,COK,2018,326556,,
ODAFLOW.VOLUMESCHOLARSHIP,COK,2019,157557,,
ODAFLOW.VOLUMESCHOLARSHIP,COL,2006,438144,,
ODAFLOW.VOLUMESCHOLARSHIP,COL,2007,2532735,,
ODAFLOW.VOLUMESCHOLARSHIP,COL,2008,10892615,,
ODAFLOW.VOLUMESCHOLARSHIP,COL,2009,10265081,,
ODAFLOW.VOLUMESCHOLARSHIP,COL,2010,5659964,,
ODAFLOW.VOLUMESCHOLARSHIP,COL,2011,5721491,,
ODAFLOW.VOLUMESCHOLARSHIP,COL,2012,8391930,,
ODAFLOW.VOLUMESCHOLARSHIP,COL,2013,7871922,,
ODAFLOW.VOLUMESCHOLARSHIP,COL,2014,5803482,,
ODAFLOW.VOLUMESCHOLARSHIP,COL,2015,8451616,,
ODAFLOW.VOLUMESCHOLARSHIP,COL,2016,5877296,,
ODAFLOW.VOLUMESCHOLARSHIP,COL,2017,8729849,,
ODAFLOW.VOLUMESCHOLARSHIP,COL,2018,9011198,,
ODAFLOW.VOLUMESCHOLARSHIP,COL,2019,9923678,,
ODAFLOW.VOLUMESCHOLARSHIP,COL,2020,9809854,,
ODAFLOW.VOLUMESCHOLARSHIP,COL,2021,6600609,,
ODAFLOW.VOLUMESCHOLARSHIP,COL,2022,7949729,,
ODAFLOW.VOLUMESCHOLARSHIP,COL,2023,7753798,,
ODAFLOW.VOLUMESCHOLARSHIP,COM,2006,154875,,
ODAFLOW.VOLUMESCHOLARSHIP,COM,2007,128275,,
ODAFLOW.VOLUMESCHOLARSHIP,COM,2008,509546,,
ODAFLOW.VOLUMESCHOLARSHIP,COM,2009,460320,,
ODAFLOW.VOLUMESCHOLARSHIP,COM,2010,329095,,
ODAFLOW.VOLUMESCHOLARSHIP,COM,2011,70447,,
ODAFLOW.VOLUMESCHOLARSHIP,COM,2012,514173,,
ODAFLOW.VOLUMESCHOLARSHIP,COM,2013,4623185,,
ODAFLOW.VOLUMESCHOLARSHIP,COM,2014,5626272,,
ODAFLOW.VOLUMESCHOLARSHIP,COM,2015,5496780,,
ODAFLOW.VOLUMESCHOLARSHIP,COM,2016,6052842,,
ODAFLOW.VOLUMESCHOLARSHIP,COM,2017,6026110,,
ODAFLOW.VOLUMESCHOLARSHIP,COM,2018,6265648,,
ODAFLOW.VOLUMESCHOLARSHIP,COM,2019,7843799,,
ODAFLOW.VOLUMESCHOLARSHIP,COM,2020,7329751,,
ODAFLOW.VOLUMESCHOLARSHIP,COM,2021,6163513,,
ODAFLOW.VOLUMESCHOLARSHIP,COM,2022,7066545,,
ODAFLOW.VOLUMESCHOLARSHIP,COM,2023,9892889,,
ODAFLOW.VOLUMESCHOLARSHIP,CPV,2006,2068269,,
ODAFLOW.VOLUMESCHOLARSHIP,CPV,2007,2165288,,
ODAFLOW.VOLUMESCHOLARSHIP,CPV,2008,2338755,,
ODAFLOW.VOLUMESCHOLARSHIP,CPV,2009,2342220,,
ODAFLOW.VOLUMESCHOLARSHIP,CPV,2010,1778337,,
ODAFLOW.VOLUMESCHOLARSHIP,CPV,2011,1540121,,
ODAFLOW.VOLUMESCHOLARSHIP,CPV,2012,4235281,,
ODAFLOW.VOLUMESCHOLARSHIP,CPV,2013,3209496,,
ODAFLOW.VOLUMESCHOLARSHIP,CPV,2014,2343273,,
ODAFLOW.VOLUMESCHOLARSHIP,CPV,2015,1801325,,
ODAFLOW.VOLUMESCHOLARSHIP,CPV,2016,1514975,,
ODAFLOW.VOLUMESCHOLARSHIP,CPV,2017,2516567,,
ODAFLOW.VOLUMESCHOLARSHIP,CPV,2018,2164876,,
ODAFLOW.VOLUMESCHOLARSHIP,CPV,2019,2812865,,
ODAFLOW.VOLUMESCHOLARSHIP,CPV,2020,2104908,,
ODAFLOW.VOLUMESCHOLARSHIP,CPV,2021,2328923,,
ODAFLOW.VOLUMESCHOLARSHIP,CPV,2022,2229002,,
ODAFLOW.VOLUMESCHOLARSHIP,CPV,2023,2253478,,
ODAFLOW.VOLUMESCHOLARSHIP,CRI,2006,128192,,
ODAFLOW.VOLUMESCHOLARSHIP,CRI,2007,639403,,
ODAFLOW.VOLUMESCHOLARSHIP,CRI,2008,1683528,,
ODAFLOW.VOLUMESCHOLARSHIP,CRI,2009,2413509,,
ODAFLOW.VOLUMESCHOLARSHIP,CRI,2010,1428919,,
ODAFLOW.VOLUMESCHOLARSHIP,CRI,2011,1494704,,
ODAFLOW.VOLUMESCHOLARSHIP,CRI,2012,1715265,,
ODAFLOW.VOLUMESCHOLARSHIP,CRI,2013,2071029,,
ODAFLOW.VOLUMESCHOLARSHIP,CRI,2014,1527780,,
ODAFLOW.VOLUMESCHOLARSHIP,CRI,2015,2177850,,
ODAFLOW.VOLUMESCHOLARSHIP,CRI,2016,1038471,,
ODAFLOW.VOLUMESCHOLARSHIP,CRI,2017,1335559,,
ODAFLOW.VOLUMESCHOLARSHIP,CRI,2018,1523243,,
ODAFLOW.VOLUMESCHOLARSHIP,CRI,2019,1608431,,
ODAFLOW.VOLUMESCHOLARSHIP,CRI,2020,1068408,,
ODAFLOW.VOLUMESCHOLARSHIP,CRI,2021,952583,,
ODAFLOW.VOLUMESCHOLARSHIP,CRI,2022,1118926,,
ODAFLOW.VOLUMESCHOLARSHIP,CRI,2023,1145872,,
ODAFLOW.VOLUMESCHOLARSHIP,CUB,2006,1139330,,
ODAFLOW.VOLUMESCHOLARSHIP,CUB,2007,1052425,,
ODAFLOW.VOLUMESCHOLARSHIP,CUB,2008,1470402,,
ODAFLOW.VOLUMESCHOLARSHIP,CUB,2009,3623124,,
ODAFLOW.VOLUMESCHOLARSHIP,CUB,2010,1467121,,
ODAFLOW.VOLUMESCHOLARSHIP,CUB,2011,946245,,
ODAFLOW.VOLUMESCHOLARSHIP,CUB,2012,1569278,,
ODAFLOW.VOLUMESCHOLARSHIP,CUB,2013,1386831,,
ODAFLOW.VOLUMESCHOLARSHIP,CUB,2014,1282562,,
ODAFLOW.VOLUMESCHOLARSHIP,CUB,2015,1308181,,
ODAFLOW.VOLUMESCHOLARSHIP,CUB,2016,813153,,
ODAFLOW.VOLUMESCHOLARSHIP,CUB,2017,1699623,,
ODAFLOW.VOLUMESCHOLARSHIP,CUB,2018,1521792,,
ODAFLOW.VOLUMESCHOLARSHIP,CUB,2019,1897253,,
ODAFLOW.VOLUMESCHOLARSHIP,CUB,2020,1783974,,
ODAFLOW.VOLUMESCHOLARSHIP,CUB,2021,1531061,,
ODAFLOW.VOLUMESCHOLARSHIP,CUB,2022,1951109,,
ODAFLOW.VOLUMESCHOLARSHIP,CUB,2023,2097362,,
ODAFLOW.VOLUMESCHOLARSHIP,DJI,2006,899036,,
ODAFLOW.VOLUMESCHOLARSHIP,DJI,2007,495966,,
ODAFLOW.VOLUMESCHOLARSHIP,DJI,2008,1696422,,
ODAFLOW.VOLUMESCHOLARSHIP,DJI,2009,1816963,,
ODAFLOW.VOLUMESCHOLARSHIP,DJI,2010,1381826,,
ODAFLOW.VOLUMESCHOLARSHIP,DJI,2011,92817,,
ODAFLOW.VOLUMESCHOLARSHIP,DJI,2012,944831,,
ODAFLOW.VOLUMESCHOLARSHIP,DJI,2013,1379978,,
ODAFLOW.VOLUMESCHOLARSHIP,DJI,2014,1257201,,
ODAFLOW.VOLUMESCHOLARSHIP,DJI,2015,1139557,,
ODAFLOW.VOLUMESCHOLARSHIP,DJI,2016,931127,,
ODAFLOW.VOLUMESCHOLARSHIP,DJI,2017,1119279,,
ODAFLOW.VOLUMESCHOLARSHIP,DJI,2018,1507571,,
ODAFLOW.VOLUMESCHOLARSHIP,DJI,2019,2742469,,
ODAFLOW.VOLUMESCHOLARSHIP,DJI,2020,1935560,,
ODAFLOW.VOLUMESCHOLARSHIP,DJI,2021,1549697,,
ODAFLOW.VOLUMESCHOLARSHIP,DJI,2022,1581837,,
ODAFLOW.VOLUMESCHOLARSHIP,DJI,2023,2011684,,
ODAFLOW.VOLUMESCHOLARSHIP,DMA,2006,10184,,
ODAFLOW.VOLUMESCHOLARSHIP,DMA,2008,58416,,
ODAFLOW.VOLUMESCHOLARSHIP,DMA,2009,206609,,
ODAFLOW.VOLUMESCHOLARSHIP,DMA,2010,34819,,
ODAFLOW.VOLUMESCHOLARSHIP,DMA,2011,87986,,
ODAFLOW.VOLUMESCHOLARSHIP,DMA,2012,161124,,
ODAFLOW.VOLUMESCHOLARSHIP,DMA,2013,259230,,
ODAFLOW.VOLUMESCHOLARSHIP,DMA,2014,271081,,
ODAFLOW.VOLUMESCHOLARSHIP,DMA,2015,198606,,
ODAFLOW.VOLUMESCHOLARSHIP,DMA,2016,259261,,
ODAFLOW.VOLUMESCHOLARSHIP,DMA,2017,530831,,
ODAFLOW.VOLUMESCHOLARSHIP,DMA,2018,357369,,
ODAFLOW.VOLUMESCHOLARSHIP,DMA,2019,615490,,
ODAFLOW.VOLUMESCHOLARSHIP,DMA,2020,442904,,
ODAFLOW.VOLUMESCHOLARSHIP,DMA,2021,253350,,
ODAFLOW.VOLUMESCHOLARSHIP,DMA,2022,252659,,
ODAFLOW.VOLUMESCHOLARSHIP,DMA,2023,257916,,
ODAFLOW.VOLUMESCHOLARSHIP,DOM,2006,102539,,
ODAFLOW.VOLUMESCHOLARSHIP,DOM,2007,386506,,
ODAFLOW.VOLUMESCHOLARSHIP,DOM,2008,667370,,
ODAFLOW.VOLUMESCHOLARSHIP,DOM,2009,1385200,,
ODAFLOW.VOLUMESCHOLARSHIP,DOM,2010,717515,,
ODAFLOW.VOLUMESCHOLARSHIP,DOM,2011,547880,,
ODAFLOW.VOLUMESCHOLARSHIP,DOM,2012,744850,,
ODAFLOW.VOLUMESCHOLARSHIP,DOM,2013,671245,,
ODAFLOW.VOLUMESCHOLARSHIP,DOM,2014,897126,,
ODAFLOW.VOLUMESCHOLARSHIP,DOM,2015,854922,,
ODAFLOW.VOLUMESCHOLARSHIP,DOM,2016,403991,,
ODAFLOW.VOLUMESCHOLARSHIP,DOM,2017,660368,,
ODAFLOW.VOLUMESCHOLARSHIP,DOM,2018,1024970,,
ODAFLOW.VOLUMESCHOLARSHIP,DOM,2019,1337208,,
ODAFLOW.VOLUMESCHOLARSHIP,DOM,2020,918668,,
ODAFLOW.VOLUMESCHOLARSHIP,DOM,2021,1571117,,
ODAFLOW.VOLUMESCHOLARSHIP,DOM,2022,1480344,,
ODAFLOW.VOLUMESCHOLARSHIP,DOM,2023,1240466,,
ODAFLOW.VOLUMESCHOLARSHIP,DZA,2006,2107635,,
ODAFLOW.VOLUMESCHOLARSHIP,DZA,2007,2109241,,
ODAFLOW.VOLUMESCHOLARSHIP,DZA,2008,5666565,,
ODAFLOW.VOLUMESCHOLARSHIP,DZA,2009,7899968,,
ODAFLOW.VOLUMESCHOLARSHIP,DZA,2010,7925473,,
ODAFLOW.VOLUMESCHOLARSHIP,DZA,2011,2010512,,
ODAFLOW.VOLUMESCHOLARSHIP,DZA,2012,5700561,,
ODAFLOW.VOLUMESCHOLARSHIP,DZA,2013,20529114,,
ODAFLOW.VOLUMESCHOLARSHIP,DZA,2014,20357694,,
ODAFLOW.VOLUMESCHOLARSHIP,DZA,2015,16696258,,
ODAFLOW.VOLUMESCHOLARSHIP,DZA,2016,17478832,,
ODAFLOW.VOLUMESCHOLARSHIP,DZA,2017,21911936,,
ODAFLOW.VOLUMESCHOLARSHIP,DZA,2018,22021652,,
ODAFLOW.VOLUMESCHOLARSHIP,DZA,2019,23018902,,
ODAFLOW.VOLUMESCHOLARSHIP,DZA,2020,22228498,,
ODAFLOW.VOLUMESCHOLARSHIP,DZA,2021,23456676,,
ODAFLOW.VOLUMESCHOLARSHIP,DZA,2022,25453360,,
ODAFLOW.VOLUMESCHOLARSHIP,DZA,2023,29144264,,
ODAFLOW.VOLUMESCHOLARSHIP,ECU,2006,515482,,
ODAFLOW.VOLUMESCHOLARSHIP,ECU,2007,2062170,,
ODAFLOW.VOLUMESCHOLARSHIP,ECU,2008,3277899,,
ODAFLOW.VOLUMESCHOLARSHIP,ECU,2009,3317912,,
ODAFLOW.VOLUMESCHOLARSHIP,ECU,2010,1558479,,
ODAFLOW.VOLUMESCHOLARSHIP,ECU,2011,1667524,,
ODAFLOW.VOLUMESCHOLARSHIP,ECU,2012,1952194,,
ODAFLOW.VOLUMESCHOLARSHIP,ECU,2013,2185648,,
ODAFLOW.VOLUMESCHOLARSHIP,ECU,2014,1579859,,
ODAFLOW.VOLUMESCHOLARSHIP,ECU,2015,2552762,,
ODAFLOW.VOLUMESCHOLARSHIP,ECU,2016,2428307,,
ODAFLOW.VOLUMESCHOLARSHIP,ECU,2017,2635517,,
ODAFLOW.VOLUMESCHOLARSHIP,ECU,2018,3345474,,
ODAFLOW.VOLUMESCHOLARSHIP,ECU,2019,3686268,,
ODAFLOW.VOLUMESCHOLARSHIP,ECU,2020,3674165,,
ODAFLOW.VOLUMESCHOLARSHIP,ECU,2021,3212916,,
ODAFLOW.VOLUMESCHOLARSHIP,ECU,2022,4473976,,
ODAFLOW.VOLUMESCHOLARSHIP,ECU,2023,3276124,,
ODAFLOW.VOLUMESCHOLARSHIP,EGY,2006,1128087,,
ODAFLOW.VOLUMESCHOLARSHIP,EGY,2007,764176,,
ODAFLOW.VOLUMESCHOLARSHIP,EGY,2008,6465908,,
ODAFLOW.VOLUMESCHOLARSHIP,EGY,2009,9773985,,
ODAFLOW.VOLUMESCHOLARSHIP,EGY,2010,8558144,,
ODAFLOW.VOLUMESCHOLARSHIP,EGY,2011,8220699,,
ODAFLOW.VOLUMESCHOLARSHIP,EGY,2012,10740405,,
ODAFLOW.VOLUMESCHOLARSHIP,EGY,2013,11115059,,
ODAFLOW.VOLUMESCHOLARSHIP,EGY,2014,17674772,,
ODAFLOW.VOLUMESCHOLARSHIP,EGY,2015,15870030,,
ODAFLOW.VOLUMESCHOLARSHIP,EGY,2016,16732776,,
ODAFLOW.VOLUMESCHOLARSHIP,EGY,2017,20351584,,
ODAFLOW.VOLUMESCHOLARSHIP,EGY,2018,17736068,,
ODAFLOW.VOLUMESCHOLARSHIP,EGY,2019,21865568,,
ODAFLOW.VOLUMESCHOLARSHIP,EGY,2020,20832672,,
ODAFLOW.VOLUMESCHOLARSHIP,EGY,2021,16261198,,
ODAFLOW.VOLUMESCHOLARSHIP,EGY,2022,15654102,,
ODAFLOW.VOLUMESCHOLARSHIP,EGY,2023,20449992,,
ODAFLOW.VOLUMESCHOLARSHIP,ERI,2006,189932,,
ODAFLOW.VOLUMESCHOLARSHIP,ERI,2007,3060,,
ODAFLOW.VOLUMESCHOLARSHIP,ERI,2008,139861,,
ODAFLOW.VOLUMESCHOLARSHIP,ERI,2009,506357,,
ODAFLOW.VOLUMESCHOLARSHIP,ERI,2010,66566,,
ODAFLOW.VOLUMESCHOLARSHIP,ERI,2011,134894,,
ODAFLOW.VOLUMESCHOLARSHIP,ERI,2012,110796,,
ODAFLOW.VOLUMESCHOLARSHIP,ERI,2013,221444,,
ODAFLOW.VOLUMESCHOLARSHIP,ERI,2014,109704,,
ODAFLOW.VOLUMESCHOLARSHIP,ERI,2015,80341,,
ODAFLOW.VOLUMESCHOLARSHIP,ERI,2016,2503449,,
ODAFLOW.VOLUMESCHOLARSHIP,ERI,2017,5527827,,
ODAFLOW.VOLUMESCHOLARSHIP,ERI,2018,1411418,,
ODAFLOW.VOLUMESCHOLARSHIP,ERI,2019,4498718,,
ODAFLOW.VOLUMESCHOLARSHIP,ERI,2020,1699557,,
ODAFLOW.VOLUMESCHOLARSHIP,ERI,2021,775134,,
ODAFLOW.VOLUMESCHOLARSHIP,ERI,2022,795506,,
ODAFLOW.VOLUMESCHOLARSHIP,ERI,2023,14494003,,
ODAFLOW.VOLUMESCHOLARSHIP,ETH,2006,2453257,,
ODAFLOW.VOLUMESCHOLARSHIP,ETH,2007,1929645,,
ODAFLOW.VOLUMESCHOLARSHIP,ETH,2008,3162483,,
ODAFLOW.VOLUMESCHOLARSHIP,ETH,2009,8441345,,
ODAFLOW.VOLUMESCHOLARSHIP,ETH,2010,3878482,,
ODAFLOW.VOLUMESCHOLARSHIP,ETH,2011,5051035,,
ODAFLOW.VOLUMESCHOLARSHIP,ETH,2012,6076519,,
ODAFLOW.VOLUMESCHOLARSHIP,ETH,2013,7241339,,
ODAFLOW.VOLUMESCHOLARSHIP,ETH,2014,5653660,,
ODAFLOW.VOLUMESCHOLARSHIP,ETH,2015,7644891,,
ODAFLOW.VOLUMESCHOLARSHIP,ETH,2016,6491437,,
ODAFLOW.VOLUMESCHOLARSHIP,ETH,2017,6294977,,
ODAFLOW.VOLUMESCHOLARSHIP,ETH,2018,7342334,,
ODAFLOW.VOLUMESCHOLARSHIP,ETH,2019,18712372,,
ODAFLOW.VOLUMESCHOLARSHIP,ETH,2020,11203320,,
ODAFLOW.VOLUMESCHOLARSHIP,ETH,2021,13584616,,
ODAFLOW.VOLUMESCHOLARSHIP,ETH,2022,18265188,,
ODAFLOW.VOLUMESCHOLARSHIP,ETH,2023,22766878,,
ODAFLOW.VOLUMESCHOLARSHIP,FJI,2006,3535428,,
ODAFLOW.VOLUMESCHOLARSHIP,FJI,2007,1926658,,
ODAFLOW.VOLUMESCHOLARSHIP,FJI,2008,1176662,,
ODAFLOW.VOLUMESCHOLARSHIP,FJI,2009,6171611,,
ODAFLOW.VOLUMESCHOLARSHIP,FJI,2010,7113299,,
ODAFLOW.VOLUMESCHOLARSHIP,FJI,2011,7149936,,
ODAFLOW.VOLUMESCHOLARSHIP,FJI,2012,4893004,,
ODAFLOW.VOLUMESCHOLARSHIP,FJI,2013,5058408,,
ODAFLOW.VOLUMESCHOLARSHIP,FJI,2014,5967468,,
ODAFLOW.VOLUMESCHOLARSHIP,FJI,2015,7108443,,
ODAFLOW.VOLUMESCHOLARSHIP,FJI,2016,5522940,,
ODAFLOW.VOLUMESCHOLARSHIP,FJI,2017,3199857,,
ODAFLOW.VOLUMESCHOLARSHIP,FJI,2018,6931062,,
ODAFLOW.VOLUMESCHOLARSHIP,FJI,2019,4726948,,
ODAFLOW.VOLUMESCHOLARSHIP,FJI,2020,6081220,,
ODAFLOW.VOLUMESCHOLARSHIP,FJI,2021,1340631,,
ODAFLOW.VOLUMESCHOLARSHIP,FJI,2022,2601443,,
ODAFLOW.VOLUMESCHOLARSHIP,FJI,2023,4669824,,
ODAFLOW.VOLUMESCHOLARSHIP,FSM,2006,1425360,,
ODAFLOW.VOLUMESCHOLARSHIP,FSM,2007,674213,,
ODAFLOW.VOLUMESCHOLARSHIP,FSM,2008,817151,,
ODAFLOW.VOLUMESCHOLARSHIP,FSM,2009,753418,,
ODAFLOW.VOLUMESCHOLARSHIP,FSM,2010,281684,,
ODAFLOW.VOLUMESCHOLARSHIP,FSM,2011,93979,,
ODAFLOW.VOLUMESCHOLARSHIP,FSM,2012,74438,,
ODAFLOW.VOLUMESCHOLARSHIP,FSM,2013,124713,,
ODAFLOW.VOLUMESCHOLARSHIP,FSM,2014,120503,,
ODAFLOW.VOLUMESCHOLARSHIP,FSM,2015,197962,,
ODAFLOW.VOLUMESCHOLARSHIP,FSM,2016,161430,,
ODAFLOW.VOLUMESCHOLARSHIP,FSM,2017,1463653,,
ODAFLOW.VOLUMESCHOLARSHIP,FSM,2018,265351,,
ODAFLOW.VOLUMESCHOLARSHIP,FSM,2019,180142,,
ODAFLOW.VOLUMESCHOLARSHIP,FSM,2020,113695,,
ODAFLOW.VOLUMESCHOLARSHIP,FSM,2021,72036,,
ODAFLOW.VOLUMESCHOLARSHIP,FSM,2022,61844,,
ODAFLOW.VOLUMESCHOLARSHIP,FSM,2023,61520,,
ODAFLOW.VOLUMESCHOLARSHIP,GAB,2006,973738,,
ODAFLOW.VOLUMESCHOLARSHIP,GAB,2007,737273,,
ODAFLOW.VOLUMESCHOLARSHIP,GAB,2008,1399708,,
ODAFLOW.VOLUMESCHOLARSHIP,GAB,2009,1694012,,
ODAFLOW.VOLUMESCHOLARSHIP,GAB,2010,1030447,,
ODAFLOW.VOLUMESCHOLARSHIP,GAB,2011,457076,,
ODAFLOW.VOLUMESCHOLARSHIP,GAB,2012,353392,,
ODAFLOW.VOLUMESCHOLARSHIP,GAB,2013,2019240,,
ODAFLOW.VOLUMESCHOLARSHIP,GAB,2014,1983952,,
ODAFLOW.VOLUMESCHOLARSHIP,GAB,2015,1820251,,
ODAFLOW.VOLUMESCHOLARSHIP,GAB,2016,1881049,,
ODAFLOW.VOLUMESCHOLARSHIP,GAB,2017,2066003,,
ODAFLOW.VOLUMESCHOLARSHIP,GAB,2018,2203969,,
ODAFLOW.VOLUMESCHOLARSHIP,GAB,2019,3071341,,
ODAFLOW.VOLUMESCHOLARSHIP,GAB,2020,2975994,,
ODAFLOW.VOLUMESCHOLARSHIP,GAB,2021,3099418,,
ODAFLOW.VOLUMESCHOLARSHIP,GAB,2022,3214145,,
ODAFLOW.VOLUMESCHOLARSHIP,GAB,2023,3821058,,
ODAFLOW.VOLUMESCHOLARSHIP,GEO,2006,520291,,
ODAFLOW.VOLUMESCHOLARSHIP,GEO,2007,447148,,
ODAFLOW.VOLUMESCHOLARSHIP,GEO,2008,1367282,,
ODAFLOW.VOLUMESCHOLARSHIP,GEO,2009,2885330,,
ODAFLOW.VOLUMESCHOLARSHIP,GEO,2010,2234191,,
ODAFLOW.VOLUMESCHOLARSHIP,GEO,2011,3025506,,
ODAFLOW.VOLUMESCHOLARSHIP,GEO,2012,2645275,,
ODAFLOW.VOLUMESCHOLARSHIP,GEO,2013,6276453,,
ODAFLOW.VOLUMESCHOLARSHIP,GEO,2014,4451787,,
ODAFLOW.VOLUMESCHOLARSHIP,GEO,2015,4099033,,
ODAFLOW.VOLUMESCHOLARSHIP,GEO,2016,3996432,,
ODAFLOW.VOLUMESCHOLARSHIP,GEO,2017,5785710,,
ODAFLOW.VOLUMESCHOLARSHIP,GEO,2018,6168541,,
ODAFLOW.VOLUMESCHOLARSHIP,GEO,2019,7656625,,
ODAFLOW.VOLUMESCHOLARSHIP,GEO,2020,9007454,,
ODAFLOW.VOLUMESCHOLARSHIP,GEO,2021,6614646,,
ODAFLOW.VOLUMESCHOLARSHIP,GEO,2022,7204344,,
ODAFLOW.VOLUMESCHOLARSHIP,GEO,2023,7126118,,
ODAFLOW.VOLUMESCHOLARSHIP,GHA,2006,438073,,
ODAFLOW.VOLUMESCHOLARSHIP,GHA,2007,526879,,
ODAFLOW.VOLUMESCHOLARSHIP,GHA,2008,399103,,
ODAFLOW.VOLUMESCHOLARSHIP,GHA,2009,3493864,,
ODAFLOW.VOLUMESCHOLARSHIP,GHA,2010,2132813,,
ODAFLOW.VOLUMESCHOLARSHIP,GHA,2011,4704503,,
ODAFLOW.VOLUMESCHOLARSHIP,GHA,2012,4997012,,
ODAFLOW.VOLUMESCHOLARSHIP,GHA,2013,6032691,,
ODAFLOW.VOLUMESCHOLARSHIP,GHA,2014,4895485,,
ODAFLOW.VOLUMESCHOLARSHIP,GHA,2015,6958217,,
ODAFLOW.VOLUMESCHOLARSHIP,GHA,2016,6399499,,
ODAFLOW.VOLUMESCHOLARSHIP,GHA,2017,9462183,,
ODAFLOW.VOLUMESCHOLARSHIP,GHA,2018,10237995,,
ODAFLOW.VOLUMESCHOLARSHIP,GHA,2019,14834930,,
ODAFLOW.VOLUMESCHOLARSHIP,GHA,2020,14277792,,
ODAFLOW.VOLUMESCHOLARSHIP,GHA,2021,11522790,,
ODAFLOW.VOLUMESCHOLARSHIP,GHA,2022,12982380,,
ODAFLOW.VOLUMESCHOLARSHIP,GHA,2023,13779504,,
ODAFLOW.VOLUMESCHOLARSHIP,GIN,2006,700328,,
ODAFLOW.VOLUMESCHOLARSHIP,GIN,2007,696135,,
ODAFLOW.VOLUMESCHOLARSHIP,GIN,2008,953923,,
ODAFLOW.VOLUMESCHOLARSHIP,GIN,2009,1164182,,
ODAFLOW.VOLUMESCHOLARSHIP,GIN,2010,582368,,
ODAFLOW.VOLUMESCHOLARSHIP,GIN,2011,383319,,
ODAFLOW.VOLUMESCHOLARSHIP,GIN,2012,694676,,
ODAFLOW.VOLUMESCHOLARSHIP,GIN,2013,2916474,,
ODAFLOW.VOLUMESCHOLARSHIP,GIN,2014,3022693,,
ODAFLOW.VOLUMESCHOLARSHIP,GIN,2015,2791873,,
ODAFLOW.VOLUMESCHOLARSHIP,GIN,2016,3150396,,
ODAFLOW.VOLUMESCHOLARSHIP,GIN,2017,3950168,,
ODAFLOW.VOLUMESCHOLARSHIP,GIN,2018,4555757,,
ODAFLOW.VOLUMESCHOLARSHIP,GIN,2019,6157899,,
ODAFLOW.VOLUMESCHOLARSHIP,GIN,2020,8048210,,
ODAFLOW.VOLUMESCHOLARSHIP,GIN,2021,7112904,,
ODAFLOW.VOLUMESCHOLARSHIP,GIN,2022,7182474,,
ODAFLOW.VOLUMESCHOLARSHIP,GIN,2023,12502989,,
ODAFLOW.VOLUMESCHOLARSHIP,GMB,2006,29432,,
ODAFLOW.VOLUMESCHOLARSHIP,GMB,2007,3150,,
ODAFLOW.VOLUMESCHOLARSHIP,GMB,2008,115219,,
ODAFLOW.VOLUMESCHOLARSHIP,GMB,2009,260758,,
ODAFLOW.VOLUMESCHOLARSHIP,GMB,2010,241967,,
ODAFLOW.VOLUMESCHOLARSHIP,GMB,2011,1254466,,
ODAFLOW.VOLUMESCHOLARSHIP,GMB,2012,749869,,
ODAFLOW.VOLUMESCHOLARSHIP,GMB,2013,1231377,,
ODAFLOW.VOLUMESCHOLARSHIP,GMB,2014,740880,,
ODAFLOW.VOLUMESCHOLARSHIP,GMB,2015,1150129,,
ODAFLOW.VOLUMESCHOLARSHIP,GMB,2016,734670,,
ODAFLOW.VOLUMESCHOLARSHIP,GMB,2017,1236303,,
ODAFLOW.VOLUMESCHOLARSHIP,GMB,2018,2144413,,
ODAFLOW.VOLUMESCHOLARSHIP,GMB,2019,4875476,,
ODAFLOW.VOLUMESCHOLARSHIP,GMB,2020,4645023,,
ODAFLOW.VOLUMESCHOLARSHIP,GMB,2021,3882712,,
ODAFLOW.VOLUMESCHOLARSHIP,GMB,2022,4376205,,
ODAFLOW.VOLUMESCHOLARSHIP,GMB,2023,8906923,,
ODAFLOW.VOLUMESCHOLARSHIP,GNB,2006,1060335,,
ODAFLOW.VOLUMESCHOLARSHIP,GNB,2007,1015488,,
ODAFLOW.VOLUMESCHOLARSHIP,GNB,2008,1393436,,
ODAFLOW.VOLUMESCHOLARSHIP,GNB,2009,1144943,,
ODAFLOW.VOLUMESCHOLARSHIP,GNB,2010,955411,,
ODAFLOW.VOLUMESCHOLARSHIP,GNB,2011,761534,,
ODAFLOW.VOLUMESCHOLARSHIP,GNB,2012,839988,,
ODAFLOW.VOLUMESCHOLARSHIP,GNB,2013,802697,,
ODAFLOW.VOLUMESCHOLARSHIP,GNB,2014,622932,,
ODAFLOW.VOLUMESCHOLARSHIP,GNB,2015,511569,,
ODAFLOW.VOLUMESCHOLARSHIP,GNB,2016,692205,,
ODAFLOW.VOLUMESCHOLARSHIP,GNB,2017,943944,,
ODAFLOW.VOLUMESCHOLARSHIP,GNB,2018,1560253,,
ODAFLOW.VOLUMESCHOLARSHIP,GNB,2019,2492454,,
ODAFLOW.VOLUMESCHOLARSHIP,GNB,2020,2064800,,
ODAFLOW.VOLUMESCHOLARSHIP,GNB,2021,1611226,,
ODAFLOW.VOLUMESCHOLARSHIP,GNB,2022,1636535,,
ODAFLOW.VOLUMESCHOLARSHIP,GNB,2023,3520028,,
ODAFLOW.VOLUMESCHOLARSHIP,GNQ,2006,189239,,
ODAFLOW.VOLUMESCHOLARSHIP,GNQ,2007,561803,,
ODAFLOW.VOLUMESCHOLARSHIP,GNQ,2008,380572,,
ODAFLOW.VOLUMESCHOLARSHIP,GNQ,2009,504549,,
ODAFLOW.VOLUMESCHOLARSHIP,GNQ,2010,107843,,
ODAFLOW.VOLUMESCHOLARSHIP,GNQ,2011,61644,,
ODAFLOW.VOLUMESCHOLARSHIP,GNQ,2012,1997300,,
ODAFLOW.VOLUMESCHOLARSHIP,GNQ,2013,249082,,
ODAFLOW.VOLUMESCHOLARSHIP,GNQ,2014,271144,,
ODAFLOW.VOLUMESCHOLARSHIP,GNQ,2015,191514,,
ODAFLOW.VOLUMESCHOLARSHIP,GNQ,2016,131464,,
ODAFLOW.VOLUMESCHOLARSHIP,GNQ,2017,306783,,
ODAFLOW.VOLUMESCHOLARSHIP,GNQ,2018,344392,,
ODAFLOW.VOLUMESCHOLARSHIP,GNQ,2019,567464,,
ODAFLOW.VOLUMESCHOLARSHIP,GNQ,2020,551577,,
ODAFLOW.VOLUMESCHOLARSHIP,GNQ,2021,461597,,
ODAFLOW.VOLUMESCHOLARSHIP,GNQ,2022,528534,,
ODAFLOW.VOLUMESCHOLARSHIP,GNQ,2023,219939,,
ODAFLOW.VOLUMESCHOLARSHIP,GRD,2009,25969,,
ODAFLOW.VOLUMESCHOLARSHIP,GRD,2010,56799,,
ODAFLOW.VOLUMESCHOLARSHIP,GRD,2011,57880,,
ODAFLOW.VOLUMESCHOLARSHIP,GRD,2012,143896,,
ODAFLOW.VOLUMESCHOLARSHIP,GRD,2013,168104,,
ODAFLOW.VOLUMESCHOLARSHIP,GRD,2014,233078,,
ODAFLOW.VOLUMESCHOLARSHIP,GRD,2015,323205,,
ODAFLOW.VOLUMESCHOLARSHIP,GRD,2016,59705,,
ODAFLOW.VOLUMESCHOLARSHIP,GRD,2017,164938,,
ODAFLOW.VOLUMESCHOLARSHIP,GRD,2018,137447,,
ODAFLOW.VOLUMESCHOLARSHIP,GRD,2019,45381,,
ODAFLOW.VOLUMESCHOLARSHIP,GRD,2020,123284,,
ODAFLOW.VOLUMESCHOLARSHIP,GRD,2021,95233,,
ODAFLOW.VOLUMESCHOLARSHIP,GRD,2022,111293,,
ODAFLOW.VOLUMESCHOLARSHIP,GRD,2023,23512,,
ODAFLOW.VOLUMESCHOLARSHIP,GTM,2006,622486,,
ODAFLOW.VOLUMESCHOLARSHIP,GTM,2007,996186,,
ODAFLOW.VOLUMESCHOLARSHIP,GTM,2008,830415,,
ODAFLOW.VOLUMESCHOLARSHIP,GTM,2009,1531970,,
ODAFLOW.VOLUMESCHOLARSHIP,GTM,2010,1214986,,
ODAFLOW.VOLUMESCHOLARSHIP,GTM,2011,1150690,,
ODAFLOW.VOLUMESCHOLARSHIP,GTM,2012,1425571,,
ODAFLOW.VOLUMESCHOLARSHIP,GTM,2013,1317816,,
ODAFLOW.VOLUMESCHOLARSHIP,GTM,2014,984377,,
ODAFLOW.VOLUMESCHOLARSHIP,GTM,2015,1245985,,
ODAFLOW.VOLUMESCHOLARSHIP,GTM,2016,609871,,
ODAFLOW.VOLUMESCHOLARSHIP,GTM,2017,811826,,
ODAFLOW.VOLUMESCHOLARSHIP,GTM,2018,629905,,
ODAFLOW.VOLUMESCHOLARSHIP,GTM,2019,939125,,
ODAFLOW.VOLUMESCHOLARSHIP,GTM,2020,1076357,,
ODAFLOW.VOLUMESCHOLARSHIP,GTM,2021,1422782,,
ODAFLOW.VOLUMESCHOLARSHIP,GTM,2022,1576628,,
ODAFLOW.VOLUMESCHOLARSHIP,GTM,2023,2992775,,
ODAFLOW.VOLUMESCHOLARSHIP,GUY,2008,64506,,
ODAFLOW.VOLUMESCHOLARSHIP,GUY,2009,158324,,
ODAFLOW.VOLUMESCHOLARSHIP,GUY,2010,81926,,
ODAFLOW.VOLUMESCHOLARSHIP,GUY,2011,184107,,
ODAFLOW.VOLUMESCHOLARSHIP,GUY,2012,397029,,
ODAFLOW.VOLUMESCHOLARSHIP,GUY,2013,281140,,
ODAFLOW.VOLUMESCHOLARSHIP,GUY,2014,470324,,
ODAFLOW.VOLUMESCHOLARSHIP,GUY,2015,986781,,
ODAFLOW.VOLUMESCHOLARSHIP,GUY,2016,402494,,
ODAFLOW.VOLUMESCHOLARSHIP,GUY,2017,1252058,,
ODAFLOW.VOLUMESCHOLARSHIP,GUY,2018,1184182,,
ODAFLOW.VOLUMESCHOLARSHIP,GUY,2019,716115,,
ODAFLOW.VOLUMESCHOLARSHIP,GUY,2020,503276,,
ODAFLOW.VOLUMESCHOLARSHIP,GUY,2021,558062,,
ODAFLOW.VOLUMESCHOLARSHIP,GUY,2022,677285,,
ODAFLOW.VOLUMESCHOLARSHIP,GUY,2023,1653930,,
ODAFLOW.VOLUMESCHOLARSHIP,HND,2006,94809,,
ODAFLOW.VOLUMESCHOLARSHIP,HND,2007,780221,,
ODAFLOW.VOLUMESCHOLARSHIP,HND,2008,2450761,,
ODAFLOW.VOLUMESCHOLARSHIP,HND,2009,1216075,,
ODAFLOW.VOLUMESCHOLARSHIP,HND,2010,615335,,
ODAFLOW.VOLUMESCHOLARSHIP,HND,2011,772588,,
ODAFLOW.VOLUMESCHOLARSHIP,HND,2012,676938,,
ODAFLOW.VOLUMESCHOLARSHIP,HND,2013,840698,,
ODAFLOW.VOLUMESCHOLARSHIP,HND,2014,788879,,
ODAFLOW.VOLUMESCHOLARSHIP,HND,2015,994172,,
ODAFLOW.VOLUMESCHOLARSHIP,HND,2016,488637,,
ODAFLOW.VOLUMESCHOLARSHIP,HND,2017,686720,,
ODAFLOW.VOLUMESCHOLARSHIP,HND,2018,731783,,
ODAFLOW.VOLUMESCHOLARSHIP,HND,2019,905849,,
ODAFLOW.VOLUMESCHOLARSHIP,HND,2020,874342,,
ODAFLOW.VOLUMESCHOLARSHIP,HND,2021,781866,,
ODAFLOW.VOLUMESCHOLARSHIP,HND,2022,1023385,,
ODAFLOW.VOLUMESCHOLARSHIP,HND,2023,1099318,,
ODAFLOW.VOLUMESCHOLARSHIP,HRV,2006,297864,,
ODAFLOW.VOLUMESCHOLARSHIP,HRV,2007,270894,,
ODAFLOW.VOLUMESCHOLARSHIP,HRV,2008,695296,,
ODAFLOW.VOLUMESCHOLARSHIP,HRV,2009,1079526,,
ODAFLOW.VOLUMESCHOLARSHIP,HRV,2010,895513,,
ODAFLOW.VOLUMESCHOLARSHIP,HTI,2006,965310,,
ODAFLOW.VOLUMESCHOLARSHIP,HTI,2007,868783,,
ODAFLOW.VOLUMESCHOLARSHIP,HTI,2008,1487696,,
ODAFLOW.VOLUMESCHOLARSHIP,HTI,2009,1958778,,
ODAFLOW.VOLUMESCHOLARSHIP,HTI,2010,24507712,,
ODAFLOW.VOLUMESCHOLARSHIP,HTI,2011,338452,,
ODAFLOW.VOLUMESCHOLARSHIP,HTI,2012,2471181,,
ODAFLOW.VOLUMESCHOLARSHIP,HTI,2013,3486771,,
ODAFLOW.VOLUMESCHOLARSHIP,HTI,2014,3913170,,
ODAFLOW.VOLUMESCHOLARSHIP,HTI,2015,3956194,,
ODAFLOW.VOLUMESCHOLARSHIP,HTI,2016,3729060,,
ODAFLOW.VOLUMESCHOLARSHIP,HTI,2017,4474501,,
ODAFLOW.VOLUMESCHOLARSHIP,HTI,2018,4803402,,
ODAFLOW.VOLUMESCHOLARSHIP,HTI,2019,5269417,,
ODAFLOW.VOLUMESCHOLARSHIP,HTI,2020,4867286,,
ODAFLOW.VOLUMESCHOLARSHIP,HTI,2021,4784882,,
ODAFLOW.VOLUMESCHOLARSHIP,HTI,2022,5296745,,
ODAFLOW.VOLUMESCHOLARSHIP,HTI,2023,6891842,,
ODAFLOW.VOLUMESCHOLARSHIP,IDN,2006,60415116,,
ODAFLOW.VOLUMESCHOLARSHIP,IDN,2007,71622968,,
ODAFLOW.VOLUMESCHOLARSHIP,IDN,2008,54670460,,
ODAFLOW.VOLUMESCHOLARSHIP,IDN,2009,66359344,,
ODAFLOW.VOLUMESCHOLARSHIP,IDN,2010,72858008,,
ODAFLOW.VOLUMESCHOLARSHIP,IDN,2011,63177104,,
ODAFLOW.VOLUMESCHOLARSHIP,IDN,2012,71907904,,
ODAFLOW.VOLUMESCHOLARSHIP,IDN,2013,82296120,,
ODAFLOW.VOLUMESCHOLARSHIP,IDN,2014,78388752,,
ODAFLOW.VOLUMESCHOLARSHIP,IDN,2015,76790424,,
ODAFLOW.VOLUMESCHOLARSHIP,IDN,2016,64252996,,
ODAFLOW.VOLUMESCHOLARSHIP,IDN,2017,38326568,,
ODAFLOW.VOLUMESCHOLARSHIP,IDN,2018,59915532,,
ODAFLOW.VOLUMESCHOLARSHIP,IDN,2019,59986032,,
ODAFLOW.VOLUMESCHOLARSHIP,IDN,2020,63747184,,
ODAFLOW.VOLUMESCHOLARSHIP,IDN,2021,22288584,,
ODAFLOW.VOLUMESCHOLARSHIP,IDN,2022,37663760,,
ODAFLOW.VOLUMESCHOLARSHIP,IDN,2023,60732796,,
ODAFLOW.VOLUMESCHOLARSHIP,IND,2006,1232553,,
ODAFLOW.VOLUMESCHOLARSHIP,IND,2007,2512190,,
ODAFLOW.VOLUMESCHOLARSHIP,IND,2008,16176262,,
ODAFLOW.VOLUMESCHOLARSHIP,IND,2009,18802220,,
ODAFLOW.VOLUMESCHOLARSHIP,IND,2010,23110220,,
ODAFLOW.VOLUMESCHOLARSHIP,IND,2011,20843724,,
ODAFLOW.VOLUMESCHOLARSHIP,IND,2012,20240172,,
ODAFLOW.VOLUMESCHOLARSHIP,IND,2013,24065336,,
ODAFLOW.VOLUMESCHOLARSHIP,IND,2014,18644636,,
ODAFLOW.VOLUMESCHOLARSHIP,IND,2015,17864036,,
ODAFLOW.VOLUMESCHOLARSHIP,IND,2016,12323170,,
ODAFLOW.VOLUMESCHOLARSHIP,IND,2017,18031648,,
ODAFLOW.VOLUMESCHOLARSHIP,IND,2018,21928964,,
ODAFLOW.VOLUMESCHOLARSHIP,IND,2019,30762936,,
ODAFLOW.VOLUMESCHOLARSHIP,IND,2020,30949054,,
ODAFLOW.VOLUMESCHOLARSHIP,IND,2021,22417628,,
ODAFLOW.VOLUMESCHOLARSHIP,IND,2022,69495808,,
ODAFLOW.VOLUMESCHOLARSHIP,IND,2023,59634404,,
ODAFLOW.VOLUMESCHOLARSHIP,IRN,2006,590932,,
ODAFLOW.VOLUMESCHOLARSHIP,IRN,2007,553376,,
ODAFLOW.VOLUMESCHOLARSHIP,IRN,2008,3019593,,
ODAFLOW.VOLUMESCHOLARSHIP,IRN,2009,7839750,,
ODAFLOW.VOLUMESCHOLARSHIP,IRN,2010,4368675,,
ODAFLOW.VOLUMESCHOLARSHIP,IRN,2011,6159878,,
ODAFLOW.VOLUMESCHOLARSHIP,IRN,2012,7430842,,
ODAFLOW.VOLUMESCHOLARSHIP,IRN,2013,7592292,,
ODAFLOW.VOLUMESCHOLARSHIP,IRN,2014,6908238,,
ODAFLOW.VOLUMESCHOLARSHIP,IRN,2015,6675905,,
ODAFLOW.VOLUMESCHOLARSHIP,IRN,2016,6622256,,
ODAFLOW.VOLUMESCHOLARSHIP,IRN,2017,7014326,,
ODAFLOW.VOLUMESCHOLARSHIP,IRN,2018,7813842,,
ODAFLOW.VOLUMESCHOLARSHIP,IRN,2019,17181104,,
ODAFLOW.VOLUMESCHOLARSHIP,IRN,2020,15428905,,
ODAFLOW.VOLUMESCHOLARSHIP,IRN,2021,12685403,,
ODAFLOW.VOLUMESCHOLARSHIP,IRN,2022,32309688,,
ODAFLOW.VOLUMESCHOLARSHIP,IRN,2023,31314996,,
ODAFLOW.VOLUMESCHOLARSHIP,IRQ,2006,1028835,,
ODAFLOW.VOLUMESCHOLARSHIP,IRQ,2007,187661280,,
ODAFLOW.VOLUMESCHOLARSHIP,IRQ,2008,195759776,,
ODAFLOW.VOLUMESCHOLARSHIP,IRQ,2009,10902798,,
ODAFLOW.VOLUMESCHOLARSHIP,IRQ,2010,8910263,,
ODAFLOW.VOLUMESCHOLARSHIP,IRQ,2011,12813958,,
ODAFLOW.VOLUMESCHOLARSHIP,IRQ,2012,12912378,,
ODAFLOW.VOLUMESCHOLARSHIP,IRQ,2013,8018338,,
ODAFLOW.VOLUMESCHOLARSHIP,IRQ,2014,3851563,,
ODAFLOW.VOLUMESCHOLARSHIP,IRQ,2015,6379226,,
ODAFLOW.VOLUMESCHOLARSHIP,IRQ,2016,4452317,,
ODAFLOW.VOLUMESCHOLARSHIP,IRQ,2017,5661173,,
ODAFLOW.VOLUMESCHOLARSHIP,IRQ,2018,7345385,,
ODAFLOW.VOLUMESCHOLARSHIP,IRQ,2019,12623420,,
ODAFLOW.VOLUMESCHOLARSHIP,IRQ,2020,8385073,,
ODAFLOW.VOLUMESCHOLARSHIP,IRQ,2021,11592684,,
ODAFLOW.VOLUMESCHOLARSHIP,IRQ,2022,12251433,,
ODAFLOW.VOLUMESCHOLARSHIP,IRQ,2023,11458669,,
ODAFLOW.VOLUMESCHOLARSHIP,JAM,2008,142868,,
ODAFLOW.VOLUMESCHOLARSHIP,JAM,2009,627165,,
ODAFLOW.VOLUMESCHOLARSHIP,JAM,2010,248636,,
ODAFLOW.VOLUMESCHOLARSHIP,JAM,2011,369289,,
ODAFLOW.VOLUMESCHOLARSHIP,JAM,2012,670147,,
ODAFLOW.VOLUMESCHOLARSHIP,JAM,2013,505992,,
ODAFLOW.VOLUMESCHOLARSHIP,JAM,2014,832822,,
ODAFLOW.VOLUMESCHOLARSHIP,JAM,2015,1265333,,
ODAFLOW.VOLUMESCHOLARSHIP,JAM,2016,490935,,
ODAFLOW.VOLUMESCHOLARSHIP,JAM,2017,1648356,,
ODAFLOW.VOLUMESCHOLARSHIP,JAM,2018,1489272,,
ODAFLOW.VOLUMESCHOLARSHIP,JAM,2019,1129040,,
ODAFLOW.VOLUMESCHOLARSHIP,JAM,2020,995647,,
ODAFLOW.VOLUMESCHOLARSHIP,JAM,2021,1169987,,
ODAFLOW.VOLUMESCHOLARSHIP,JAM,2022,843751,,
ODAFLOW.VOLUMESCHOLARSHIP,JAM,2023,407439,,
ODAFLOW.VOLUMESCHOLARSHIP,JOR,2006,581689,,
ODAFLOW.VOLUMESCHOLARSHIP,JOR,2007,1695344,,
ODAFLOW.VOLUMESCHOLARSHIP,JOR,2008,2619640,,
ODAFLOW.VOLUMESCHOLARSHIP,JOR,2009,3917415,,
ODAFLOW.VOLUMESCHOLARSHIP,JOR,2010,3675696,,
ODAFLOW.VOLUMESCHOLARSHIP,JOR,2011,3655122,,
ODAFLOW.VOLUMESCHOLARSHIP,JOR,2012,3775472,,
ODAFLOW.VOLUMESCHOLARSHIP,JOR,2013,3868430,,
ODAFLOW.VOLUMESCHOLARSHIP,JOR,2014,6139685,,
ODAFLOW.VOLUMESCHOLARSHIP,JOR,2015,4917008,,
ODAFLOW.VOLUMESCHOLARSHIP,JOR,2016,6626514,,
ODAFLOW.VOLUMESCHOLARSHIP,JOR,2017,9805095,,
ODAFLOW.VOLUMESCHOLARSHIP,JOR,2018,14716410,,
ODAFLOW.VOLUMESCHOLARSHIP,JOR,2019,21423856,,
ODAFLOW.VOLUMESCHOLARSHIP,JOR,2020,20090218,,
ODAFLOW.VOLUMESCHOLARSHIP,JOR,2021,17573192,,
ODAFLOW.VOLUMESCHOLARSHIP,JOR,2022,23102152,,
ODAFLOW.VOLUMESCHOLARSHIP,JOR,2023,21729904,,
ODAFLOW.VOLUMESCHOLARSHIP,KAZ,2006,190711,,
ODAFLOW.VOLUMESCHOLARSHIP,KAZ,2007,393119,,
ODAFLOW.VOLUMESCHOLARSHIP,KAZ,2008,2450618,,
ODAFLOW.VOLUMESCHOLARSHIP,KAZ,2009,2524121,,
ODAFLOW.VOLUMESCHOLARSHIP,KAZ,2010,3525135,,
ODAFLOW.VOLUMESCHOLARSHIP,KAZ,2011,3968554,,
ODAFLOW.VOLUMESCHOLARSHIP,KAZ,2012,3364266,,
ODAFLOW.VOLUMESCHOLARSHIP,KAZ,2013,4089789,,
ODAFLOW.VOLUMESCHOLARSHIP,KAZ,2014,2869694,,
ODAFLOW.VOLUMESCHOLARSHIP,KAZ,2015,3524369,,
ODAFLOW.VOLUMESCHOLARSHIP,KAZ,2016,4361058,,
ODAFLOW.VOLUMESCHOLARSHIP,KAZ,2017,5711932,,
ODAFLOW.VOLUMESCHOLARSHIP,KAZ,2018,4995602,,
ODAFLOW.VOLUMESCHOLARSHIP,KAZ,2019,13937718,,
ODAFLOW.VOLUMESCHOLARSHIP,KAZ,2020,11960109,,
ODAFLOW.VOLUMESCHOLARSHIP,KAZ,2021,11250964,,
ODAFLOW.VOLUMESCHOLARSHIP,KAZ,2022,18066744,,
ODAFLOW.VOLUMESCHOLARSHIP,KAZ,2023,19410804,,
ODAFLOW.VOLUMESCHOLARSHIP,KEN,2006,1079800,,
ODAFLOW.VOLUMESCHOLARSHIP,KEN,2007,1084309,,
ODAFLOW.VOLUMESCHOLARSHIP,KEN,2008,4143752,,
ODAFLOW.VOLUMESCHOLARSHIP,KEN,2009,6293197,,
ODAFLOW.VOLUMESCHOLARSHIP,KEN,2010,4082350,,
ODAFLOW.VOLUMESCHOLARSHIP,KEN,2011,6925533,,
ODAFLOW.VOLUMESCHOLARSHIP,KEN,2012,6761821,,
ODAFLOW.VOLUMESCHOLARSHIP,KEN,2013,8513920,,
ODAFLOW.VOLUMESCHOLARSHIP,KEN,2014,6122559,,
ODAFLOW.VOLUMESCHOLARSHIP,KEN,2015,8624295,,
ODAFLOW.VOLUMESCHOLARSHIP,KEN,2016,5743144,,
ODAFLOW.VOLUMESCHOLARSHIP,KEN,2017,9039387,,
ODAFLOW.VOLUMESCHOLARSHIP,KEN,2018,8435821,,
ODAFLOW.VOLUMESCHOLARSHIP,KEN,2019,12209247,,
ODAFLOW.VOLUMESCHOLARSHIP,KEN,2020,12502520,,
ODAFLOW.VOLUMESCHOLARSHIP,KEN,2021,8786946,,
ODAFLOW.VOLUMESCHOLARSHIP,KEN,2022,10543984,,
ODAFLOW.VOLUMESCHOLARSHIP,KEN,2023,10825448,,
ODAFLOW.VOLUMESCHOLARSHIP,KGZ,2006,314595,,
ODAFLOW.VOLUMESCHOLARSHIP,KGZ,2007,904455,,
ODAFLOW.VOLUMESCHOLARSHIP,KGZ,2008,2249222,,
ODAFLOW.VOLUMESCHOLARSHIP,KGZ,2009,3194815,,
ODAFLOW.VOLUMESCHOLARSHIP,KGZ,2010,3348052,,
ODAFLOW.VOLUMESCHOLARSHIP,KGZ,2011,4122601,,
ODAFLOW.VOLUMESCHOLARSHIP,KGZ,2012,3852860,,
ODAFLOW.VOLUMESCHOLARSHIP,KGZ,2013,3465937,,
ODAFLOW.VOLUMESCHOLARSHIP,KGZ,2014,3176387,,
ODAFLOW.VOLUMESCHOLARSHIP,KGZ,2015,3375252,,
ODAFLOW.VOLUMESCHOLARSHIP,KGZ,2016,3474627,,
ODAFLOW.VOLUMESCHOLARSHIP,KGZ,2017,3020293,,
ODAFLOW.VOLUMESCHOLARSHIP,KGZ,2018,3033582,,
ODAFLOW.VOLUMESCHOLARSHIP,KGZ,2019,9623614,,
ODAFLOW.VOLUMESCHOLARSHIP,KGZ,2020,7951582,,
ODAFLOW.VOLUMESCHOLARSHIP,KGZ,2021,8882882,,
ODAFLOW.VOLUMESCHOLARSHIP,KGZ,2022,10428142,,
ODAFLOW.VOLUMESCHOLARSHIP,KGZ,2023,12642797,,
ODAFLOW.VOLUMESCHOLARSHIP,KHM,2006,5034894,,
ODAFLOW.VOLUMESCHOLARSHIP,KHM,2007,8972547,,
ODAFLOW.VOLUMESCHOLARSHIP,KHM,2008,4217671,,
ODAFLOW.VOLUMESCHOLARSHIP,KHM,2009,14448883,,
ODAFLOW.VOLUMESCHOLARSHIP,KHM,2010,9841147,,
ODAFLOW.VOLUMESCHOLARSHIP,KHM,2011,12913992,,
ODAFLOW.VOLUMESCHOLARSHIP,KHM,2012,14054100,,
ODAFLOW.VOLUMESCHOLARSHIP,KHM,2013,15813763,,
ODAFLOW.VOLUMESCHOLARSHIP,KHM,2014,22467380,,
ODAFLOW.VOLUMESCHOLARSHIP,KHM,2015,13980281,,
ODAFLOW.VOLUMESCHOLARSHIP,KHM,2016,13045385,,
ODAFLOW.VOLUMESCHOLARSHIP,KHM,2017,13806528,,
ODAFLOW.VOLUMESCHOLARSHIP,KHM,2018,14355450,,
ODAFLOW.VOLUMESCHOLARSHIP,KHM,2019,15111712,,
ODAFLOW.VOLUMESCHOLARSHIP,KHM,2020,15597333,,
ODAFLOW.VOLUMESCHOLARSHIP,KHM,2021,8191979,,
ODAFLOW.VOLUMESCHOLARSHIP,KHM,2022,11714192,,
ODAFLOW.VOLUMESCHOLARSHIP,KHM,2023,19276238,,
ODAFLOW.VOLUMESCHOLARSHIP,KIR,2006,2419498,,
ODAFLOW.VOLUMESCHOLARSHIP,KIR,2007,1961940,,
ODAFLOW.VOLUMESCHOLARSHIP,KIR,2008,3251384,,
ODAFLOW.VOLUMESCHOLARSHIP,KIR,2009,4036678,,
ODAFLOW.VOLUMESCHOLARSHIP,KIR,2010,6615903,,
ODAFLOW.VOLUMESCHOLARSHIP,KIR,2011,5158948,,
ODAFLOW.VOLUMESCHOLARSHIP,KIR,2012,4619383,,
ODAFLOW.VOLUMESCHOLARSHIP,KIR,2013,2504989,,
ODAFLOW.VOLUMESCHOLARSHIP,KIR,2014,2328534,,
ODAFLOW.VOLUMESCHOLARSHIP,KIR,2015,3416559,,
ODAFLOW.VOLUMESCHOLARSHIP,KIR,2016,3345639,,
ODAFLOW.VOLUMESCHOLARSHIP,KIR,2017,2222613,,
ODAFLOW.VOLUMESCHOLARSHIP,KIR,2018,3862075,,
ODAFLOW.VOLUMESCHOLARSHIP,KIR,2019,3159394,,
ODAFLOW.VOLUMESCHOLARSHIP,KIR,2020,3633712,,
ODAFLOW.VOLUMESCHOLARSHIP,KIR,2021,1594023,,
ODAFLOW.VOLUMESCHOLARSHIP,KIR,2022,2185321,,
ODAFLOW.VOLUMESCHOLARSHIP,KIR,2023,2401387,,
ODAFLOW.VOLUMESCHOLARSHIP,KNA,2008,13412,,
ODAFLOW.VOLUMESCHOLARSHIP,KNA,2009,15385,,
ODAFLOW.VOLUMESCHOLARSHIP,KNA,2010,47240,,
ODAFLOW.VOLUMESCHOLARSHIP,KNA,2011,18913,,
ODAFLOW.VOLUMESCHOLARSHIP,KNA,2012,194382,,
ODAFLOW.VOLUMESCHOLARSHIP,KNA,2013,277095,,
ODAFLOW.VOLUMESCHOLARSHIP,LAO,2006,7082481,,
ODAFLOW.VOLUMESCHOLARSHIP,LAO,2007,7168796,,
ODAFLOW.VOLUMESCHOLARSHIP,LAO,2008,4342381,,
ODAFLOW.VOLUMESCHOLARSHIP,LAO,2009,10941358,,
ODAFLOW.VOLUMESCHOLARSHIP,LAO,2010,12612183,,
ODAFLOW.VOLUMESCHOLARSHIP,LAO,2011,11503772,,
ODAFLOW.VOLUMESCHOLARSHIP,LAO,2012,11150905,,
ODAFLOW.VOLUMESCHOLARSHIP,LAO,2013,14136513,,
ODAFLOW.VOLUMESCHOLARSHIP,LAO,2014,15334954,,
ODAFLOW.VOLUMESCHOLARSHIP,LAO,2015,12048353,,
ODAFLOW.VOLUMESCHOLARSHIP,LAO,2016,11205733,,
ODAFLOW.VOLUMESCHOLARSHIP,LAO,2017,7242494,,
ODAFLOW.VOLUMESCHOLARSHIP,LAO,2018,11089441,,
ODAFLOW.VOLUMESCHOLARSHIP,LAO,2019,11423704,,
ODAFLOW.VOLUMESCHOLARSHIP,LAO,2020,11725584,,
ODAFLOW.VOLUMESCHOLARSHIP,LAO,2021,8147550,,
ODAFLOW.VOLUMESCHOLARSHIP,LAO,2022,10651156,,
ODAFLOW.VOLUMESCHOLARSHIP,LAO,2023,12057022,,
ODAFLOW.VOLUMESCHOLARSHIP,LBN,2006,884635,,
ODAFLOW.VOLUMESCHOLARSHIP,LBN,2007,721178,,
ODAFLOW.VOLUMESCHOLARSHIP,LBN,2008,3765804,,
ODAFLOW.VOLUMESCHOLARSHIP,LBN,2009,3662236,,
ODAFLOW.VOLUMESCHOLARSHIP,LBN,2010,2087330,,
ODAFLOW.VOLUMESCHOLARSHIP,LBN,2011,1568335,,
ODAFLOW.VOLUMESCHOLARSHIP,LBN,2012,2238801,,
ODAFLOW.VOLUMESCHOLARSHIP,LBN,2013,5028441,,
ODAFLOW.VOLUMESCHOLARSHIP,LBN,2014,2638717,,
ODAFLOW.VOLUMESCHOLARSHIP,LBN,2015,3025449,,
ODAFLOW.VOLUMESCHOLARSHIP,LBN,2016,3971063,,
ODAFLOW.VOLUMESCHOLARSHIP,LBN,2017,5033436,,
ODAFLOW.VOLUMESCHOLARSHIP,LBN,2018,4689153,,
ODAFLOW.VOLUMESCHOLARSHIP,LBN,2019,5981409,,
ODAFLOW.VOLUMESCHOLARSHIP,LBN,2020,7665338,,
ODAFLOW.VOLUMESCHOLARSHIP,LBN,2021,7562904,,
ODAFLOW.VOLUMESCHOLARSHIP,LBN,2022,12525814,,
ODAFLOW.VOLUMESCHOLARSHIP,LBN,2023,12503148,,
ODAFLOW.VOLUMESCHOLARSHIP,LBR,2007,13309,,
ODAFLOW.VOLUMESCHOLARSHIP,LBR,2008,376037,,
ODAFLOW.VOLUMESCHOLARSHIP,LBR,2009,212729,,
ODAFLOW.VOLUMESCHOLARSHIP,LBR,2010,81704,,
ODAFLOW.VOLUMESCHOLARSHIP,LBR,2011,1206986,,
ODAFLOW.VOLUMESCHOLARSHIP,LBR,2012,998539,,
ODAFLOW.VOLUMESCHOLARSHIP,LBR,2013,1573155,,
ODAFLOW.VOLUMESCHOLARSHIP,LBR,2014,831323,,
ODAFLOW.VOLUMESCHOLARSHIP,LBR,2015,1059288,,
ODAFLOW.VOLUMESCHOLARSHIP,LBR,2016,412849,,
ODAFLOW.VOLUMESCHOLARSHIP,LBR,2017,1492647,,
ODAFLOW.VOLUMESCHOLARSHIP,LBR,2018,695752,,
ODAFLOW.VOLUMESCHOLARSHIP,LBR,2019,1705273,,
ODAFLOW.VOLUMESCHOLARSHIP,LBR,2020,1601878,,
ODAFLOW.VOLUMESCHOLARSHIP,LBR,2021,1386755,,
ODAFLOW.VOLUMESCHOLARSHIP,LBR,2022,1431103,,
ODAFLOW.VOLUMESCHOLARSHIP,LBR,2023,5788864,,
ODAFLOW.VOLUMESCHOLARSHIP,LBY,2006,13179,,
ODAFLOW.VOLUMESCHOLARSHIP,LBY,2007,14136,,
ODAFLOW.VOLUMESCHOLARSHIP,LBY,2008,164414,,
ODAFLOW.VOLUMESCHOLARSHIP,LBY,2009,135644,,
ODAFLOW.VOLUMESCHOLARSHIP,LBY,2010,247114,,
ODAFLOW.VOLUMESCHOLARSHIP,LBY,2011,1405551,,
ODAFLOW.VOLUMESCHOLARSHIP,LBY,2012,1040925,,
ODAFLOW.VOLUMESCHOLARSHIP,LBY,2013,786990,,
ODAFLOW.VOLUMESCHOLARSHIP,LBY,2014,811393,,
ODAFLOW.VOLUMESCHOLARSHIP,LBY,2015,1351203,,
ODAFLOW.VOLUMESCHOLARSHIP,LBY,2016,460658,,
ODAFLOW.VOLUMESCHOLARSHIP,LBY,2017,1998213,,
ODAFLOW.VOLUMESCHOLARSHIP,LBY,2018,1857492,,
ODAFLOW.VOLUMESCHOLARSHIP,LBY,2019,3644412,,
ODAFLOW.VOLUMESCHOLARSHIP,LBY,2020,3682289,,
ODAFLOW.VOLUMESCHOLARSHIP,LBY,2021,3530039,,
ODAFLOW.VOLUMESCHOLARSHIP,LBY,2022,3148801,,
ODAFLOW.VOLUMESCHOLARSHIP,LBY,2023,6924726,,
ODAFLOW.VOLUMESCHOLARSHIP,LCA,2006,15315,,
ODAFLOW.VOLUMESCHOLARSHIP,LCA,2008,84611,,
ODAFLOW.VOLUMESCHOLARSHIP,LCA,2009,384339,,
ODAFLOW.VOLUMESCHOLARSHIP,LCA,2010,183268,,
ODAFLOW.VOLUMESCHOLARSHIP,LCA,2011,128009,,
ODAFLOW.VOLUMESCHOLARSHIP,LCA,2012,374187,,
ODAFLOW.VOLUMESCHOLARSHIP,LCA,2013,258500,,
ODAFLOW.VOLUMESCHOLARSHIP,LCA,2014,521572,,
ODAFLOW.VOLUMESCHOLARSHIP,LCA,2015,517724,,
ODAFLOW.VOLUMESCHOLARSHIP,LCA,2016,266393,,
ODAFLOW.VOLUMESCHOLARSHIP,LCA,2017,603973,,
ODAFLOW.VOLUMESCHOLARSHIP,LCA,2018,641390,,
ODAFLOW.VOLUMESCHOLARSHIP,LCA,2019,729999,,
ODAFLOW.VOLUMESCHOLARSHIP,LCA,2020,589721,,
ODAFLOW.VOLUMESCHOLARSHIP,LCA,2021,505142,,
ODAFLOW.VOLUMESCHOLARSHIP,LCA,2022,301331,,
ODAFLOW.VOLUMESCHOLARSHIP,LCA,2023,100162,,
ODAFLOW.VOLUMESCHOLARSHIP,LKA,2006,3402684,,
ODAFLOW.VOLUMESCHOLARSHIP,LKA,2007,2447910,,
ODAFLOW.VOLUMESCHOLARSHIP,LKA,2008,3218376,,
ODAFLOW.VOLUMESCHOLARSHIP,LKA,2009,6318164,,
ODAFLOW.VOLUMESCHOLARSHIP,LKA,2010,7837070,,
ODAFLOW.VOLUMESCHOLARSHIP,LKA,2011,10016271,,
ODAFLOW.VOLUMESCHOLARSHIP,LKA,2012,10312700,,
ODAFLOW.VOLUMESCHOLARSHIP,LKA,2013,11106550,,
ODAFLOW.VOLUMESCHOLARSHIP,LKA,2014,10409351,,
ODAFLOW.VOLUMESCHOLARSHIP,LKA,2015,10030120,,
ODAFLOW.VOLUMESCHOLARSHIP,LKA,2016,7253040,,
ODAFLOW.VOLUMESCHOLARSHIP,LKA,2017,6562600,,
ODAFLOW.VOLUMESCHOLARSHIP,LKA,2018,7493122,,
ODAFLOW.VOLUMESCHOLARSHIP,LKA,2019,9330738,,
ODAFLOW.VOLUMESCHOLARSHIP,LKA,2020,10058882,,
ODAFLOW.VOLUMESCHOLARSHIP,LKA,2021,6120820,,
ODAFLOW.VOLUMESCHOLARSHIP,LKA,2022,10026796,,
ODAFLOW.VOLUMESCHOLARSHIP,LKA,2023,12573232,,
ODAFLOW.VOLUMESCHOLARSHIP,LSO,2007,178237,,
ODAFLOW.VOLUMESCHOLARSHIP,LSO,2008,524042,,
ODAFLOW.VOLUMESCHOLARSHIP,LSO,2009,670810,,
ODAFLOW.VOLUMESCHOLARSHIP,LSO,2010,522738,,
ODAFLOW.VOLUMESCHOLARSHIP,LSO,2011,1016410,,
ODAFLOW.VOLUMESCHOLARSHIP,LSO,2012,662605,,
ODAFLOW.VOLUMESCHOLARSHIP,LSO,2013,986352,,
ODAFLOW.VOLUMESCHOLARSHIP,LSO,2014,634895,,
ODAFLOW.VOLUMESCHOLARSHIP,LSO,2015,963590,,
ODAFLOW.VOLUMESCHOLARSHIP,LSO,2016,436039,,
ODAFLOW.VOLUMESCHOLARSHIP,LSO,2017,970317,,
ODAFLOW.VOLUMESCHOLARSHIP,LSO,2018,383789,,
ODAFLOW.VOLUMESCHOLARSHIP,LSO,2019,619387,,
ODAFLOW.VOLUMESCHOLARSHIP,LSO,2020,369353,,
ODAFLOW.VOLUMESCHOLARSHIP,LSO,2021,369764,,
ODAFLOW.VOLUMESCHOLARSHIP,LSO,2022,360062,,
ODAFLOW.VOLUMESCHOLARSHIP,LSO,2023,224674,,
ODAFLOW.VOLUMESCHOLARSHIP,MAR,2006,3337386,,
ODAFLOW.VOLUMESCHOLARSHIP,MAR,2007,3933305,,
ODAFLOW.VOLUMESCHOLARSHIP,MAR,2008,7176010,,
ODAFLOW.VOLUMESCHOLARSHIP,MAR,2009,11420524,,
ODAFLOW.VOLUMESCHOLARSHIP,MAR,2010,6220055,,
ODAFLOW.VOLUMESCHOLARSHIP,MAR,2011,2431829,,
ODAFLOW.VOLUMESCHOLARSHIP,MAR,2012,7065147,,
ODAFLOW.VOLUMESCHOLARSHIP,MAR,2013,21834152,,
ODAFLOW.VOLUMESCHOLARSHIP,MAR,2014,21934548,,
ODAFLOW.VOLUMESCHOLARSHIP,MAR,2015,23632296,,
ODAFLOW.VOLUMESCHOLARSHIP,MAR,2016,22167478,,
ODAFLOW.VOLUMESCHOLARSHIP,MAR,2017,26852878,,
ODAFLOW.VOLUMESCHOLARSHIP,MAR,2018,25833628,,
ODAFLOW.VOLUMESCHOLARSHIP,MAR,2019,28273176,,
ODAFLOW.VOLUMESCHOLARSHIP,MAR,2020,28760114,,
ODAFLOW.VOLUMESCHOLARSHIP,MAR,2021,27855056,,
ODAFLOW.VOLUMESCHOLARSHIP,MAR,2022,31674792,,
ODAFLOW.VOLUMESCHOLARSHIP,MAR,2023,31248628,,
ODAFLOW.VOLUMESCHOLARSHIP,MDA,2006,412094,,
ODAFLOW.VOLUMESCHOLARSHIP,MDA,2007,325128,,
ODAFLOW.VOLUMESCHOLARSHIP,MDA,2008,1242546,,
ODAFLOW.VOLUMESCHOLARSHIP,MDA,2009,1433945,,
ODAFLOW.VOLUMESCHOLARSHIP,MDA,2010,1293518,,
ODAFLOW.VOLUMESCHOLARSHIP,MDA,2011,2177380,,
ODAFLOW.VOLUMESCHOLARSHIP,MDA,2012,1930643,,
ODAFLOW.VOLUMESCHOLARSHIP,MDA,2013,3276777,,
ODAFLOW.VOLUMESCHOLARSHIP,MDA,2014,25324030,,
ODAFLOW.VOLUMESCHOLARSHIP,MDA,2015,28851808,,
ODAFLOW.VOLUMESCHOLARSHIP,MDA,2016,29351224,,
ODAFLOW.VOLUMESCHOLARSHIP,MDA,2017,36348152,,
ODAFLOW.VOLUMESCHOLARSHIP,MDA,2018,45716064,,
ODAFLOW.VOLUMESCHOLARSHIP,MDA,2019,57236180,,
ODAFLOW.VOLUMESCHOLARSHIP,MDA,2020,65585088,,
ODAFLOW.VOLUMESCHOLARSHIP,MDA,2021,62541824,,
ODAFLOW.VOLUMESCHOLARSHIP,MDA,2022,53831344,,
ODAFLOW.VOLUMESCHOLARSHIP,MDA,2023,53131232,,
ODAFLOW.VOLUMESCHOLARSHIP,MDG,2006,664147,,
ODAFLOW.VOLUMESCHOLARSHIP,MDG,2007,562846,,
ODAFLOW.VOLUMESCHOLARSHIP,MDG,2008,1270690,,
ODAFLOW.VOLUMESCHOLARSHIP,MDG,2009,1719014,,
ODAFLOW.VOLUMESCHOLARSHIP,MDG,2010,1253565,,
ODAFLOW.VOLUMESCHOLARSHIP,MDG,2011,990720,,
ODAFLOW.VOLUMESCHOLARSHIP,MDG,2012,1580599,,
ODAFLOW.VOLUMESCHOLARSHIP,MDG,2013,3498121,,
ODAFLOW.VOLUMESCHOLARSHIP,MDG,2014,2907712,,
ODAFLOW.VOLUMESCHOLARSHIP,MDG,2015,3285575,,
ODAFLOW.VOLUMESCHOLARSHIP,MDG,2016,2888179,,
ODAFLOW.VOLUMESCHOLARSHIP,MDG,2017,4056290,,
ODAFLOW.VOLUMESCHOLARSHIP,MDG,2018,4313133,,
ODAFLOW.VOLUMESCHOLARSHIP,MDG,2019,4973779,,
ODAFLOW.VOLUMESCHOLARSHIP,MDG,2020,3862457,,
ODAFLOW.VOLUMESCHOLARSHIP,MDG,2021,3251881,,
ODAFLOW.VOLUMESCHOLARSHIP,MDG,2022,3456546,,
ODAFLOW.VOLUMESCHOLARSHIP,MDG,2023,4832993,,
ODAFLOW.VOLUMESCHOLARSHIP,MDV,2006,1640019,,
ODAFLOW.VOLUMESCHOLARSHIP,MDV,2007,1483100,,
ODAFLOW.VOLUMESCHOLARSHIP,MDV,2008,2286871,,
ODAFLOW.VOLUMESCHOLARSHIP,MDV,2009,2881296,,
ODAFLOW.VOLUMESCHOLARSHIP,MDV,2010,3062791,,
ODAFLOW.VOLUMESCHOLARSHIP,MDV,2011,2958756,,
ODAFLOW.VOLUMESCHOLARSHIP,MDV,2012,4585872,,
ODAFLOW.VOLUMESCHOLARSHIP,MDV,2013,5035276,,
ODAFLOW.VOLUMESCHOLARSHIP,MDV,2014,3827772,,
ODAFLOW.VOLUMESCHOLARSHIP,MDV,2015,4291226,,
ODAFLOW.VOLUMESCHOLARSHIP,MDV,2016,3136012,,
ODAFLOW.VOLUMESCHOLARSHIP,MDV,2017,1075922,,
ODAFLOW.VOLUMESCHOLARSHIP,MDV,2018,2246186,,
ODAFLOW.VOLUMESCHOLARSHIP,MDV,2019,2155626,,
ODAFLOW.VOLUMESCHOLARSHIP,MDV,2020,2208601,,
ODAFLOW.VOLUMESCHOLARSHIP,MDV,2021,869003,,
ODAFLOW.VOLUMESCHOLARSHIP,MDV,2022,1453190,,
ODAFLOW.VOLUMESCHOLARSHIP,MDV,2023,3414316,,
ODAFLOW.VOLUMESCHOLARSHIP,MEX,2006,15257757,,
ODAFLOW.VOLUMESCHOLARSHIP,MEX,2007,11880618,,
ODAFLOW.VOLUMESCHOLARSHIP,MEX,2008,20185088,,
ODAFLOW.VOLUMESCHOLARSHIP,MEX,2009,11987916,,
ODAFLOW.VOLUMESCHOLARSHIP,MEX,2010,5854713,,
ODAFLOW.VOLUMESCHOLARSHIP,MEX,2011,6437198,,
ODAFLOW.VOLUMESCHOLARSHIP,MEX,2012,9945224,,
ODAFLOW.VOLUMESCHOLARSHIP,MEX,2013,9758413,,
ODAFLOW.VOLUMESCHOLARSHIP,MEX,2014,8514566,,
ODAFLOW.VOLUMESCHOLARSHIP,MEX,2015,9229317,,
ODAFLOW.VOLUMESCHOLARSHIP,MEX,2016,4789345,,
ODAFLOW.VOLUMESCHOLARSHIP,MEX,2017,8830214,,
ODAFLOW.VOLUMESCHOLARSHIP,MEX,2018,9326384,,
ODAFLOW.VOLUMESCHOLARSHIP,MEX,2019,10603174,,
ODAFLOW.VOLUMESCHOLARSHIP,MEX,2020,8973723,,
ODAFLOW.VOLUMESCHOLARSHIP,MEX,2021,7299567,,
ODAFLOW.VOLUMESCHOLARSHIP,MEX,2022,10275988,,
ODAFLOW.VOLUMESCHOLARSHIP,MEX,2023,6975477,,
ODAFLOW.VOLUMESCHOLARSHIP,MHL,2006,321867,,
ODAFLOW.VOLUMESCHOLARSHIP,MHL,2007,83189,,
ODAFLOW.VOLUMESCHOLARSHIP,MHL,2008,195567,,
ODAFLOW.VOLUMESCHOLARSHIP,MHL,2009,322167,,
ODAFLOW.VOLUMESCHOLARSHIP,MHL,2010,247341,,
ODAFLOW.VOLUMESCHOLARSHIP,MHL,2011,295928,,
ODAFLOW.VOLUMESCHOLARSHIP,MHL,2012,264541,,
ODAFLOW.VOLUMESCHOLARSHIP,MHL,2013,218306,,
ODAFLOW.VOLUMESCHOLARSHIP,MHL,2014,191394,,
ODAFLOW.VOLUMESCHOLARSHIP,MHL,2015,107520,,
ODAFLOW.VOLUMESCHOLARSHIP,MHL,2016,72044,,
ODAFLOW.VOLUMESCHOLARSHIP,MHL,2017,7618560,,
ODAFLOW.VOLUMESCHOLARSHIP,MHL,2018,106037,,
ODAFLOW.VOLUMESCHOLARSHIP,MHL,2019,35453,,
ODAFLOW.VOLUMESCHOLARSHIP,MHL,2020,95498,,
ODAFLOW.VOLUMESCHOLARSHIP,MHL,2021,54934,,
ODAFLOW.VOLUMESCHOLARSHIP,MHL,2022,67941,,
ODAFLOW.VOLUMESCHOLARSHIP,MHL,2023,118273,,
ODAFLOW.VOLUMESCHOLARSHIP,MKD,2006,1110317,,
ODAFLOW.VOLUMESCHOLARSHIP,MKD,2007,935381,,
ODAFLOW.VOLUMESCHOLARSHIP,MKD,2008,1246120,,
ODAFLOW.VOLUMESCHOLARSHIP,MKD,2009,1240126,,
ODAFLOW.VOLUMESCHOLARSHIP,MKD,2010,1542985,,
ODAFLOW.VOLUMESCHOLARSHIP,MKD,2011,1605364,,
ODAFLOW.VOLUMESCHOLARSHIP,MKD,2012,1843911,,
ODAFLOW.VOLUMESCHOLARSHIP,MKD,2013,3784666,,
ODAFLOW.VOLUMESCHOLARSHIP,MKD,2014,2297731,,
ODAFLOW.VOLUMESCHOLARSHIP,MKD,2015,2107318,,
ODAFLOW.VOLUMESCHOLARSHIP,MKD,2016,1786813,,
ODAFLOW.VOLUMESCHOLARSHIP,MKD,2017,2358685,,
ODAFLOW.VOLUMESCHOLARSHIP,MKD,2018,2966879,,
ODAFLOW.VOLUMESCHOLARSHIP,MKD,2019,5046834,,
ODAFLOW.VOLUMESCHOLARSHIP,MKD,2020,3175243,,
ODAFLOW.VOLUMESCHOLARSHIP,MKD,2021,3382223,,
ODAFLOW.VOLUMESCHOLARSHIP,MKD,2022,2520559,,
ODAFLOW.VOLUMESCHOLARSHIP,MKD,2023,2998024,,
ODAFLOW.VOLUMESCHOLARSHIP,MLI,2006,991364,,
ODAFLOW.VOLUMESCHOLARSHIP,MLI,2007,1349060,,
ODAFLOW.VOLUMESCHOLARSHIP,MLI,2008,3371911,,
ODAFLOW.VOLUMESCHOLARSHIP,MLI,2009,4099747,,
ODAFLOW.VOLUMESCHOLARSHIP,MLI,2010,3315287,,
ODAFLOW.VOLUMESCHOLARSHIP,MLI,2011,2188621,,
ODAFLOW.VOLUMESCHOLARSHIP,MLI,2012,2831057,,
ODAFLOW.VOLUMESCHOLARSHIP,MLI,2013,4443715,,
ODAFLOW.VOLUMESCHOLARSHIP,MLI,2014,4106743,,
ODAFLOW.VOLUMESCHOLARSHIP,MLI,2015,3953314,,
ODAFLOW.VOLUMESCHOLARSHIP,MLI,2016,3002828,,
ODAFLOW.VOLUMESCHOLARSHIP,MLI,2017,3911032,,
ODAFLOW.VOLUMESCHOLARSHIP,MLI,2018,4877719,,
ODAFLOW.VOLUMESCHOLARSHIP,MLI,2019,7456849,,
ODAFLOW.VOLUMESCHOLARSHIP,MLI,2020,7819079,,
ODAFLOW.VOLUMESCHOLARSHIP,MLI,2021,6743665,,
ODAFLOW.VOLUMESCHOLARSHIP,MLI,2022,6855479,,
ODAFLOW.VOLUMESCHOLARSHIP,MLI,2023,8402135,,
ODAFLOW.VOLUMESCHOLARSHIP,MMR,2006,2551705,,
ODAFLOW.VOLUMESCHOLARSHIP,MMR,2007,2248234,,
ODAFLOW.VOLUMESCHOLARSHIP,MMR,2008,3413891,,
ODAFLOW.VOLUMESCHOLARSHIP,MMR,2009,6408056,,
ODAFLOW.VOLUMESCHOLARSHIP,MMR,2010,6943832,,
ODAFLOW.VOLUMESCHOLARSHIP,MMR,2011,9314452,,
ODAFLOW.VOLUMESCHOLARSHIP,MMR,2012,7320806,,
ODAFLOW.VOLUMESCHOLARSHIP,MMR,2013,8983290,,
ODAFLOW.VOLUMESCHOLARSHIP,MMR,2014,10834185,,
ODAFLOW.VOLUMESCHOLARSHIP,MMR,2015,12558873,,
ODAFLOW.VOLUMESCHOLARSHIP,MMR,2016,12142523,,
ODAFLOW.VOLUMESCHOLARSHIP,MMR,2017,10139049,,
ODAFLOW.VOLUMESCHOLARSHIP,MMR,2018,13919181,,
ODAFLOW.VOLUMESCHOLARSHIP,MMR,2019,15000624,,
ODAFLOW.VOLUMESCHOLARSHIP,MMR,2020,15414048,,
ODAFLOW.VOLUMESCHOLARSHIP,MMR,2021,7720616,,
ODAFLOW.VOLUMESCHOLARSHIP,MMR,2022,7823410,,
ODAFLOW.VOLUMESCHOLARSHIP,MMR,2023,13744472,,
ODAFLOW.VOLUMESCHOLARSHIP,MNE,2006,161335,,
ODAFLOW.VOLUMESCHOLARSHIP,MNE,2007,172645,,
ODAFLOW.VOLUMESCHOLARSHIP,MNE,2008,182676,,
ODAFLOW.VOLUMESCHOLARSHIP,MNE,2009,628781,,
ODAFLOW.VOLUMESCHOLARSHIP,MNE,2010,494288,,
ODAFLOW.VOLUMESCHOLARSHIP,MNE,2011,496015,,
ODAFLOW.VOLUMESCHOLARSHIP,MNE,2012,643502,,
ODAFLOW.VOLUMESCHOLARSHIP,MNE,2013,782734,,
ODAFLOW.VOLUMESCHOLARSHIP,MNE,2014,556595,,
ODAFLOW.VOLUMESCHOLARSHIP,MNE,2015,797375,,
ODAFLOW.VOLUMESCHOLARSHIP,MNE,2016,377753,,
ODAFLOW.VOLUMESCHOLARSHIP,MNE,2017,970622,,
ODAFLOW.VOLUMESCHOLARSHIP,MNE,2018,1267112,,
ODAFLOW.VOLUMESCHOLARSHIP,MNE,2019,2905275,,
ODAFLOW.VOLUMESCHOLARSHIP,MNE,2020,1796874,,
ODAFLOW.VOLUMESCHOLARSHIP,MNE,2021,2295020,,
ODAFLOW.VOLUMESCHOLARSHIP,MNE,2022,2041754,,
ODAFLOW.VOLUMESCHOLARSHIP,MNE,2023,1772764,,
ODAFLOW.VOLUMESCHOLARSHIP,MNG,2006,3715341,,
ODAFLOW.VOLUMESCHOLARSHIP,MNG,2007,4852058,,
ODAFLOW.VOLUMESCHOLARSHIP,MNG,2008,4928666,,
ODAFLOW.VOLUMESCHOLARSHIP,MNG,2009,10962268,,
ODAFLOW.VOLUMESCHOLARSHIP,MNG,2010,11266348,,
ODAFLOW.VOLUMESCHOLARSHIP,MNG,2011,17487978,,
ODAFLOW.VOLUMESCHOLARSHIP,MNG,2012,12864279,,
ODAFLOW.VOLUMESCHOLARSHIP,MNG,2013,13640011,,
ODAFLOW.VOLUMESCHOLARSHIP,MNG,2014,14861662,,
ODAFLOW.VOLUMESCHOLARSHIP,MNG,2015,11464228,,
ODAFLOW.VOLUMESCHOLARSHIP,MNG,2016,8507213,,
ODAFLOW.VOLUMESCHOLARSHIP,MNG,2017,6916349,,
ODAFLOW.VOLUMESCHOLARSHIP,MNG,2018,11416652,,
ODAFLOW.VOLUMESCHOLARSHIP,MNG,2019,16108255,,
ODAFLOW.VOLUMESCHOLARSHIP,MNG,2020,15409507,,
ODAFLOW.VOLUMESCHOLARSHIP,MNG,2021,12364446,,
ODAFLOW.VOLUMESCHOLARSHIP,MNG,2022,15574784,,
ODAFLOW.VOLUMESCHOLARSHIP,MNG,2023,13060323,,
ODAFLOW.VOLUMESCHOLARSHIP,MOZ,2006,2437934,,
ODAFLOW.VOLUMESCHOLARSHIP,MOZ,2007,3192259,,
ODAFLOW.VOLUMESCHOLARSHIP,MOZ,2008,6433517,,
ODAFLOW.VOLUMESCHOLARSHIP,MOZ,2009,4943173,,
ODAFLOW.VOLUMESCHOLARSHIP,MOZ,2010,3326411,,
ODAFLOW.VOLUMESCHOLARSHIP,MOZ,2011,4609786,,
ODAFLOW.VOLUMESCHOLARSHIP,MOZ,2012,3292965,,
ODAFLOW.VOLUMESCHOLARSHIP,MOZ,2013,3884022,,
ODAFLOW.VOLUMESCHOLARSHIP,MOZ,2014,2374741,,
ODAFLOW.VOLUMESCHOLARSHIP,MOZ,2015,2862924,,
ODAFLOW.VOLUMESCHOLARSHIP,MOZ,2016,2908211,,
ODAFLOW.VOLUMESCHOLARSHIP,MOZ,2017,12513594,,
ODAFLOW.VOLUMESCHOLARSHIP,MOZ,2018,3515252,,
ODAFLOW.VOLUMESCHOLARSHIP,MOZ,2019,4003808,,
ODAFLOW.VOLUMESCHOLARSHIP,MOZ,2020,3229606,,
ODAFLOW.VOLUMESCHOLARSHIP,MOZ,2021,2156611,,
ODAFLOW.VOLUMESCHOLARSHIP,MOZ,2022,2258494,,
ODAFLOW.VOLUMESCHOLARSHIP,MOZ,2023,3571236,,
ODAFLOW.VOLUMESCHOLARSHIP,MRT,2006,793892,,
ODAFLOW.VOLUMESCHOLARSHIP,MRT,2007,1000707,,
ODAFLOW.VOLUMESCHOLARSHIP,MRT,2008,1937170,,
ODAFLOW.VOLUMESCHOLARSHIP,MRT,2009,1899976,,
ODAFLOW.VOLUMESCHOLARSHIP,MRT,2010,1134987,,
ODAFLOW.VOLUMESCHOLARSHIP,MRT,2011,248815,,
ODAFLOW.VOLUMESCHOLARSHIP,MRT,2012,1092432,,
ODAFLOW.VOLUMESCHOLARSHIP,MRT,2013,1573351,,
ODAFLOW.VOLUMESCHOLARSHIP,MRT,2014,1437802,,
ODAFLOW.VOLUMESCHOLARSHIP,MRT,2015,1368119,,
ODAFLOW.VOLUMESCHOLARSHIP,MRT,2016,1170891,,
ODAFLOW.VOLUMESCHOLARSHIP,MRT,2017,1522311,,
ODAFLOW.VOLUMESCHOLARSHIP,MRT,2018,1783685,,
ODAFLOW.VOLUMESCHOLARSHIP,MRT,2019,3985900,,
ODAFLOW.VOLUMESCHOLARSHIP,MRT,2020,2573223,,
ODAFLOW.VOLUMESCHOLARSHIP,MRT,2021,2174618,,
ODAFLOW.VOLUMESCHOLARSHIP,MRT,2022,2103602,,
ODAFLOW.VOLUMESCHOLARSHIP,MRT,2023,3316311,,
ODAFLOW.VOLUMESCHOLARSHIP,MSR,2012,19640,,
ODAFLOW.VOLUMESCHOLARSHIP,MSR,2013,22592,,
ODAFLOW.VOLUMESCHOLARSHIP,MSR,2014,37601,,
ODAFLOW.VOLUMESCHOLARSHIP,MSR,2015,58125,,
ODAFLOW.VOLUMESCHOLARSHIP,MSR,2017,131196,,
ODAFLOW.VOLUMESCHOLARSHIP,MSR,2018,153981,,
ODAFLOW.VOLUMESCHOLARSHIP,MSR,2019,126569,,
ODAFLOW.VOLUMESCHOLARSHIP,MSR,2020,76730,,
ODAFLOW.VOLUMESCHOLARSHIP,MSR,2021,74565,,
ODAFLOW.VOLUMESCHOLARSHIP,MSR,2022,61978,,
ODAFLOW.VOLUMESCHOLARSHIP,MUS,2006,53235,,
ODAFLOW.VOLUMESCHOLARSHIP,MUS,2007,54817,,
ODAFLOW.VOLUMESCHOLARSHIP,MUS,2008,1971870,,
ODAFLOW.VOLUMESCHOLARSHIP,MUS,2009,2159170,,
ODAFLOW.VOLUMESCHOLARSHIP,MUS,2010,1746688,,
ODAFLOW.VOLUMESCHOLARSHIP,MUS,2011,770867,,
ODAFLOW.VOLUMESCHOLARSHIP,MUS,2012,1823432,,
ODAFLOW.VOLUMESCHOLARSHIP,MUS,2013,2879129,,
ODAFLOW.VOLUMESCHOLARSHIP,MUS,2014,1809075,,
ODAFLOW.VOLUMESCHOLARSHIP,MUS,2015,2285817,,
ODAFLOW.VOLUMESCHOLARSHIP,MUS,2016,1663492,,
ODAFLOW.VOLUMESCHOLARSHIP,MUS,2017,5118765,,
ODAFLOW.VOLUMESCHOLARSHIP,MUS,2018,2241633,,
ODAFLOW.VOLUMESCHOLARSHIP,MUS,2019,2587681,,
ODAFLOW.VOLUMESCHOLARSHIP,MUS,2020,1965252,,
ODAFLOW.VOLUMESCHOLARSHIP,MUS,2021,1326667,,
ODAFLOW.VOLUMESCHOLARSHIP,MUS,2022,1629210,,
ODAFLOW.VOLUMESCHOLARSHIP,MUS,2023,1277372,,
ODAFLOW.VOLUMESCHOLARSHIP,MWI,2006,316295,,
ODAFLOW.VOLUMESCHOLARSHIP,MWI,2007,612027,,
ODAFLOW.VOLUMESCHOLARSHIP,MWI,2008,591425,,
ODAFLOW.VOLUMESCHOLARSHIP,MWI,2009,1366470,,
ODAFLOW.VOLUMESCHOLARSHIP,MWI,2010,810097,,
ODAFLOW.VOLUMESCHOLARSHIP,MWI,2011,2513407,,
ODAFLOW.VOLUMESCHOLARSHIP,MWI,2012,2326804,,
ODAFLOW.VOLUMESCHOLARSHIP,MWI,2013,3688775,,
ODAFLOW.VOLUMESCHOLARSHIP,MWI,2014,1822320,,
ODAFLOW.VOLUMESCHOLARSHIP,MWI,2015,2192473,,
ODAFLOW.VOLUMESCHOLARSHIP,MWI,2016,1427094,,
ODAFLOW.VOLUMESCHOLARSHIP,MWI,2017,3047960,,
ODAFLOW.VOLUMESCHOLARSHIP,MWI,2018,2771816,,
ODAFLOW.VOLUMESCHOLARSHIP,MWI,2019,3126060,,
ODAFLOW.VOLUMESCHOLARSHIP,MWI,2020,2281806,,
ODAFLOW.VOLUMESCHOLARSHIP,MWI,2021,2247938,,
ODAFLOW.VOLUMESCHOLARSHIP,MWI,2022,1535739,,
ODAFLOW.VOLUMESCHOLARSHIP,MWI,2023,1855238,,
ODAFLOW.VOLUMESCHOLARSHIP,MYS,2006,7464073,,
ODAFLOW.VOLUMESCHOLARSHIP,MYS,2007,2114213,,
ODAFLOW.VOLUMESCHOLARSHIP,MYS,2008,2434201,,
ODAFLOW.VOLUMESCHOLARSHIP,MYS,2009,7278875,,
ODAFLOW.VOLUMESCHOLARSHIP,MYS,2010,9898237,,
ODAFLOW.VOLUMESCHOLARSHIP,MYS,2011,11386151,,
ODAFLOW.VOLUMESCHOLARSHIP,MYS,2012,6934748,,
ODAFLOW.VOLUMESCHOLARSHIP,MYS,2013,3320233,,
ODAFLOW.VOLUMESCHOLARSHIP,MYS,2014,6553472,,
ODAFLOW.VOLUMESCHOLARSHIP,MYS,2015,4072244,,
ODAFLOW.VOLUMESCHOLARSHIP,MYS,2016,1365666,,
ODAFLOW.VOLUMESCHOLARSHIP,MYS,2017,3577768,,
ODAFLOW.VOLUMESCHOLARSHIP,MYS,2018,6764108,,
ODAFLOW.VOLUMESCHOLARSHIP,MYS,2019,10617512,,
ODAFLOW.VOLUMESCHOLARSHIP,MYS,2020,10560410,,
ODAFLOW.VOLUMESCHOLARSHIP,MYS,2021,7913810,,
ODAFLOW.VOLUMESCHOLARSHIP,MYS,2022,8607692,,
ODAFLOW.VOLUMESCHOLARSHIP,MYS,2023,8114094,,
ODAFLOW.VOLUMESCHOLARSHIP,NAM,2006,7598,,
ODAFLOW.VOLUMESCHOLARSHIP,NAM,2007,371551,,
ODAFLOW.VOLUMESCHOLARSHIP,NAM,2008,566835,,
ODAFLOW.VOLUMESCHOLARSHIP,NAM,2009,808699,,
ODAFLOW.VOLUMESCHOLARSHIP,NAM,2010,442417,,
ODAFLOW.VOLUMESCHOLARSHIP,NAM,2011,1159338,,
ODAFLOW.VOLUMESCHOLARSHIP,NAM,2012,905778,,
ODAFLOW.VOLUMESCHOLARSHIP,NAM,2013,1444990,,
ODAFLOW.VOLUMESCHOLARSHIP,NAM,2014,1611893,,
ODAFLOW.VOLUMESCHOLARSHIP,NAM,2015,1526051,,
ODAFLOW.VOLUMESCHOLARSHIP,NAM,2016,607879,,
ODAFLOW.VOLUMESCHOLARSHIP,NAM,2017,1433951,,
ODAFLOW.VOLUMESCHOLARSHIP,NAM,2018,824732,,
ODAFLOW.VOLUMESCHOLARSHIP,NAM,2019,1050726,,
ODAFLOW.VOLUMESCHOLARSHIP,NAM,2020,999406,,
ODAFLOW.VOLUMESCHOLARSHIP,NAM,2021,994354,,
ODAFLOW.VOLUMESCHOLARSHIP,NAM,2022,793620,,
ODAFLOW.VOLUMESCHOLARSHIP,NAM,2023,545226,,
ODAFLOW.VOLUMESCHOLARSHIP,NER,2006,1310869,,
ODAFLOW.VOLUMESCHOLARSHIP,NER,2007,2381722,,
ODAFLOW.VOLUMESCHOLARSHIP,NER,2008,1760442,,
ODAFLOW.VOLUMESCHOLARSHIP,NER,2009,1990534,,
ODAFLOW.VOLUMESCHOLARSHIP,NER,2010,21562238,,
ODAFLOW.VOLUMESCHOLARSHIP,NER,2011,813019,,
ODAFLOW.VOLUMESCHOLARSHIP,NER,2012,1376314,,
ODAFLOW.VOLUMESCHOLARSHIP,NER,2013,1561040,,
ODAFLOW.VOLUMESCHOLARSHIP,NER,2014,991435,,
ODAFLOW.VOLUMESCHOLARSHIP,NER,2015,1457373,,
ODAFLOW.VOLUMESCHOLARSHIP,NER,2016,781865,,
ODAFLOW.VOLUMESCHOLARSHIP,NER,2017,1089520,,
ODAFLOW.VOLUMESCHOLARSHIP,NER,2018,1431464,,
ODAFLOW.VOLUMESCHOLARSHIP,NER,2019,3606128,,
ODAFLOW.VOLUMESCHOLARSHIP,NER,2020,2745116,,
ODAFLOW.VOLUMESCHOLARSHIP,NER,2021,1760107,,
ODAFLOW.VOLUMESCHOLARSHIP,NER,2022,2411752,,
ODAFLOW.VOLUMESCHOLARSHIP,NER,2023,4111692,,
ODAFLOW.VOLUMESCHOLARSHIP,NGA,2006,1478702,,
ODAFLOW.VOLUMESCHOLARSHIP,NGA,2007,1418654,,
ODAFLOW.VOLUMESCHOLARSHIP,NGA,2008,1326719,,
ODAFLOW.VOLUMESCHOLARSHIP,NGA,2009,3617107,,
ODAFLOW.VOLUMESCHOLARSHIP,NGA,2010,1653754,,
ODAFLOW.VOLUMESCHOLARSHIP,NGA,2011,3683119,,
ODAFLOW.VOLUMESCHOLARSHIP,NGA,2012,3740448,,
ODAFLOW.VOLUMESCHOLARSHIP,NGA,2013,5170308,,
ODAFLOW.VOLUMESCHOLARSHIP,NGA,2014,4148004,,
ODAFLOW.VOLUMESCHOLARSHIP,NGA,2015,6022228,,
ODAFLOW.VOLUMESCHOLARSHIP,NGA,2016,4999552,,
ODAFLOW.VOLUMESCHOLARSHIP,NGA,2017,12112690,,
ODAFLOW.VOLUMESCHOLARSHIP,NGA,2018,11680176,,
ODAFLOW.VOLUMESCHOLARSHIP,NGA,2019,19428104,,
ODAFLOW.VOLUMESCHOLARSHIP,NGA,2020,21146424,,
ODAFLOW.VOLUMESCHOLARSHIP,NGA,2021,13974885,,
ODAFLOW.VOLUMESCHOLARSHIP,NGA,2022,15697905,,
ODAFLOW.VOLUMESCHOLARSHIP,NGA,2023,18163812,,
ODAFLOW.VOLUMESCHOLARSHIP,NIC,2006,307013,,
ODAFLOW.VOLUMESCHOLARSHIP,NIC,2007,1129514,,
ODAFLOW.VOLUMESCHOLARSHIP,NIC,2008,1088436,,
ODAFLOW.VOLUMESCHOLARSHIP,NIC,2009,1623769,,
ODAFLOW.VOLUMESCHOLARSHIP,NIC,2010,762714,,
ODAFLOW.VOLUMESCHOLARSHIP,NIC,2011,764158,,
ODAFLOW.VOLUMESCHOLARSHIP,NIC,2012,732309,,
ODAFLOW.VOLUMESCHOLARSHIP,NIC,2013,947204,,
ODAFLOW.VOLUMESCHOLARSHIP,NIC,2014,608663,,
ODAFLOW.VOLUMESCHOLARSHIP,NIC,2015,939805,,
ODAFLOW.VOLUMESCHOLARSHIP,NIC,2016,597353,,
ODAFLOW.VOLUMESCHOLARSHIP,NIC,2017,723847,,
ODAFLOW.VOLUMESCHOLARSHIP,NIC,2018,717478,,
ODAFLOW.VOLUMESCHOLARSHIP,NIC,2019,905552,,
ODAFLOW.VOLUMESCHOLARSHIP,NIC,2020,716250,,
ODAFLOW.VOLUMESCHOLARSHIP,NIC,2021,431178,,
ODAFLOW.VOLUMESCHOLARSHIP,NIC,2022,455441,,
ODAFLOW.VOLUMESCHOLARSHIP,NIC,2023,421342,,
ODAFLOW.VOLUMESCHOLARSHIP,NIU,2006,328673,,
ODAFLOW.VOLUMESCHOLARSHIP,NIU,2007,170257,,
ODAFLOW.VOLUMESCHOLARSHIP,NIU,2008,214534,,
ODAFLOW.VOLUMESCHOLARSHIP,NIU,2009,703555,,
ODAFLOW.VOLUMESCHOLARSHIP,NIU,2010,250882,,
ODAFLOW.VOLUMESCHOLARSHIP,NIU,2011,411262,,
ODAFLOW.VOLUMESCHOLARSHIP,NIU,2012,161019,,
ODAFLOW.VOLUMESCHOLARSHIP,NIU,2013,434227,,
ODAFLOW.VOLUMESCHOLARSHIP,NIU,2014,192484,,
ODAFLOW.VOLUMESCHOLARSHIP,NIU,2015,155063,,
ODAFLOW.VOLUMESCHOLARSHIP,NIU,2016,280527,,
ODAFLOW.VOLUMESCHOLARSHIP,NIU,2017,269978,,
ODAFLOW.VOLUMESCHOLARSHIP,NIU,2018,425606,,
ODAFLOW.VOLUMESCHOLARSHIP,NIU,2019,435888,,
ODAFLOW.VOLUMESCHOLARSHIP,NIU,2020,193980,,
ODAFLOW.VOLUMESCHOLARSHIP,NIU,2021,239557,,
ODAFLOW.VOLUMESCHOLARSHIP,NIU,2022,163250,,
ODAFLOW.VOLUMESCHOLARSHIP,NIU,2023,278694,,
ODAFLOW.VOLUMESCHOLARSHIP,NPL,2006,1787039,,
ODAFLOW.VOLUMESCHOLARSHIP,NPL,2007,1166400,,
ODAFLOW.VOLUMESCHOLARSHIP,NPL,2008,2247298,,
ODAFLOW.VOLUMESCHOLARSHIP,NPL,2009,8421544,,
ODAFLOW.VOLUMESCHOLARSHIP,NPL,2010,8522679,,
ODAFLOW.VOLUMESCHOLARSHIP,NPL,2011,9760882,,
ODAFLOW.VOLUMESCHOLARSHIP,NPL,2012,7942720,,
ODAFLOW.VOLUMESCHOLARSHIP,NPL,2013,7808135,,
ODAFLOW.VOLUMESCHOLARSHIP,NPL,2014,5831779,,
ODAFLOW.VOLUMESCHOLARSHIP,NPL,2015,7396635,,
ODAFLOW.VOLUMESCHOLARSHIP,NPL,2016,4902021,,
ODAFLOW.VOLUMESCHOLARSHIP,NPL,2017,5212500,,
ODAFLOW.VOLUMESCHOLARSHIP,NPL,2018,4401327,,
ODAFLOW.VOLUMESCHOLARSHIP,NPL,2019,7577624,,
ODAFLOW.VOLUMESCHOLARSHIP,NPL,2020,8979197,,
ODAFLOW.VOLUMESCHOLARSHIP,NPL,2021,7211437,,
ODAFLOW.VOLUMESCHOLARSHIP,NPL,2022,8005033,,
ODAFLOW.VOLUMESCHOLARSHIP,NPL,2023,12507228,,
ODAFLOW.VOLUMESCHOLARSHIP,NRU,2007,391687,,
ODAFLOW.VOLUMESCHOLARSHIP,NRU,2008,40131,,
ODAFLOW.VOLUMESCHOLARSHIP,NRU,2009,498588,,
ODAFLOW.VOLUMESCHOLARSHIP,NRU,2010,373401,,
ODAFLOW.VOLUMESCHOLARSHIP,NRU,2011,484642,,
ODAFLOW.VOLUMESCHOLARSHIP,NRU,2012,12187,,
ODAFLOW.VOLUMESCHOLARSHIP,NRU,2013,355265,,
ODAFLOW.VOLUMESCHOLARSHIP,NRU,2014,473503,,
ODAFLOW.VOLUMESCHOLARSHIP,NRU,2015,769212,,
ODAFLOW.VOLUMESCHOLARSHIP,NRU,2016,575455,,
ODAFLOW.VOLUMESCHOLARSHIP,NRU,2017,5915064,,
ODAFLOW.VOLUMESCHOLARSHIP,NRU,2018,862405,,
ODAFLOW.VOLUMESCHOLARSHIP,NRU,2019,730186,,
ODAFLOW.VOLUMESCHOLARSHIP,NRU,2020,1094427,,
ODAFLOW.VOLUMESCHOLARSHIP,NRU,2021,165140,,
ODAFLOW.VOLUMESCHOLARSHIP,NRU,2022,842993,,
ODAFLOW.VOLUMESCHOLARSHIP,NRU,2023,1239561,,
ODAFLOW.VOLUMESCHOLARSHIP,OMN,2006,2827,,
ODAFLOW.VOLUMESCHOLARSHIP,OMN,2007,5362,,
ODAFLOW.VOLUMESCHOLARSHIP,OMN,2008,117395,,
ODAFLOW.VOLUMESCHOLARSHIP,OMN,2009,422319,,
ODAFLOW.VOLUMESCHOLARSHIP,OMN,2010,703185,,
ODAFLOW.VOLUMESCHOLARSHIP,PAK,2006,2631344,,
ODAFLOW.VOLUMESCHOLARSHIP,PAK,2007,2411912,,
ODAFLOW.VOLUMESCHOLARSHIP,PAK,2008,4193428,,
ODAFLOW.VOLUMESCHOLARSHIP,PAK,2009,9952181,,
ODAFLOW.VOLUMESCHOLARSHIP,PAK,2010,15363394,,
ODAFLOW.VOLUMESCHOLARSHIP,PAK,2011,11543827,,
ODAFLOW.VOLUMESCHOLARSHIP,PAK,2012,15082326,,
ODAFLOW.VOLUMESCHOLARSHIP,PAK,2013,16752492,,
ODAFLOW.VOLUMESCHOLARSHIP,PAK,2014,17068836,,
ODAFLOW.VOLUMESCHOLARSHIP,PAK,2015,16768130,,
ODAFLOW.VOLUMESCHOLARSHIP,PAK,2016,14268551,,
ODAFLOW.VOLUMESCHOLARSHIP,PAK,2017,15648664,,
ODAFLOW.VOLUMESCHOLARSHIP,PAK,2018,18684484,,
ODAFLOW.VOLUMESCHOLARSHIP,PAK,2019,26090762,,
ODAFLOW.VOLUMESCHOLARSHIP,PAK,2020,24669396,,
ODAFLOW.VOLUMESCHOLARSHIP,PAK,2021,25672850,,
ODAFLOW.VOLUMESCHOLARSHIP,PAK,2022,33368428,,
ODAFLOW.VOLUMESCHOLARSHIP,PAK,2023,36735400,,
ODAFLOW.VOLUMESCHOLARSHIP,PAN,2006,133283,,
ODAFLOW.VOLUMESCHOLARSHIP,PAN,2007,441138,,
ODAFLOW.VOLUMESCHOLARSHIP,PAN,2008,623980,,
ODAFLOW.VOLUMESCHOLARSHIP,PAN,2009,1269597,,
ODAFLOW.VOLUMESCHOLARSHIP,PAN,2010,800389,,
ODAFLOW.VOLUMESCHOLARSHIP,PAN,2011,943884,,
ODAFLOW.VOLUMESCHOLARSHIP,PAN,2012,666800,,
ODAFLOW.VOLUMESCHOLARSHIP,PAN,2013,619818,,
ODAFLOW.VOLUMESCHOLARSHIP,PAN,2014,605334,,
ODAFLOW.VOLUMESCHOLARSHIP,PAN,2015,1069941,,
ODAFLOW.VOLUMESCHOLARSHIP,PAN,2016,397255,,
ODAFLOW.VOLUMESCHOLARSHIP,PAN,2017,847059,,
ODAFLOW.VOLUMESCHOLARSHIP,PAN,2018,1036313,,
ODAFLOW.VOLUMESCHOLARSHIP,PAN,2019,797557,,
ODAFLOW.VOLUMESCHOLARSHIP,PAN,2020,781812,,
ODAFLOW.VOLUMESCHOLARSHIP,PAN,2021,752351,,
ODAFLOW.VOLUMESCHOLARSHIP,PAN,2022,1017129,,
ODAFLOW.VOLUMESCHOLARSHIP,PAN,2023,1038130,,
ODAFLOW.VOLUMESCHOLARSHIP,PER,2006,756615,,
ODAFLOW.VOLUMESCHOLARSHIP,PER,2007,2650764,,
ODAFLOW.VOLUMESCHOLARSHIP,PER,2008,6295777,,
ODAFLOW.VOLUMESCHOLARSHIP,PER,2009,6059274,,
ODAFLOW.VOLUMESCHOLARSHIP,PER,2010,2780302,,
ODAFLOW.VOLUMESCHOLARSHIP,PER,2011,2825931,,
ODAFLOW.VOLUMESCHOLARSHIP,PER,2012,3139716,,
ODAFLOW.VOLUMESCHOLARSHIP,PER,2013,4054479,,
ODAFLOW.VOLUMESCHOLARSHIP,PER,2014,3562791,,
ODAFLOW.VOLUMESCHOLARSHIP,PER,2015,4270032,,
ODAFLOW.VOLUMESCHOLARSHIP,PER,2016,2618894,,
ODAFLOW.VOLUMESCHOLARSHIP,PER,2017,2919137,,
ODAFLOW.VOLUMESCHOLARSHIP,PER,2018,3525224,,
ODAFLOW.VOLUMESCHOLARSHIP,PER,2019,4418764,,
ODAFLOW.VOLUMESCHOLARSHIP,PER,2020,4258337,,
ODAFLOW.VOLUMESCHOLARSHIP,PER,2021,3743462,,
ODAFLOW.VOLUMESCHOLARSHIP,PER,2022,4468569,,
ODAFLOW.VOLUMESCHOLARSHIP,PER,2023,3262781,,
ODAFLOW.VOLUMESCHOLARSHIP,PHL,2006,9785810,,
ODAFLOW.VOLUMESCHOLARSHIP,PHL,2007,11464209,,
ODAFLOW.VOLUMESCHOLARSHIP,PHL,2008,4912196,,
ODAFLOW.VOLUMESCHOLARSHIP,PHL,2009,18987448,,
ODAFLOW.VOLUMESCHOLARSHIP,PHL,2010,22834402,,
ODAFLOW.VOLUMESCHOLARSHIP,PHL,2011,15757957,,
ODAFLOW.VOLUMESCHOLARSHIP,PHL,2012,19332496,,
ODAFLOW.VOLUMESCHOLARSHIP,PHL,2013,22034176,,
ODAFLOW.VOLUMESCHOLARSHIP,PHL,2014,20567460,,
ODAFLOW.VOLUMESCHOLARSHIP,PHL,2015,15859706,,
ODAFLOW.VOLUMESCHOLARSHIP,PHL,2016,13889190,,
ODAFLOW.VOLUMESCHOLARSHIP,PHL,2017,7726545,,
ODAFLOW.VOLUMESCHOLARSHIP,PHL,2018,90926792,,
ODAFLOW.VOLUMESCHOLARSHIP,PHL,2019,19742880,,
ODAFLOW.VOLUMESCHOLARSHIP,PHL,2020,19187002,,
ODAFLOW.VOLUMESCHOLARSHIP,PHL,2021,11979498,,
ODAFLOW.VOLUMESCHOLARSHIP,PHL,2022,14918951,,
ODAFLOW.VOLUMESCHOLARSHIP,PHL,2023,26139764,,
ODAFLOW.VOLUMESCHOLARSHIP,PLW,2006,229267,,
ODAFLOW.VOLUMESCHOLARSHIP,PLW,2007,147513,,
ODAFLOW.VOLUMESCHOLARSHIP,PLW,2008,1009185,,
ODAFLOW.VOLUMESCHOLARSHIP,PLW,2009,73124,,
ODAFLOW.VOLUMESCHOLARSHIP,PLW,2010,36182,,
ODAFLOW.VOLUMESCHOLARSHIP,PLW,2011,45913,,
ODAFLOW.VOLUMESCHOLARSHIP,PLW,2012,101280,,
ODAFLOW.VOLUMESCHOLARSHIP,PLW,2013,181846,,
ODAFLOW.VOLUMESCHOLARSHIP,PLW,2014,207777,,
ODAFLOW.VOLUMESCHOLARSHIP,PLW,2015,109072,,
ODAFLOW.VOLUMESCHOLARSHIP,PLW,2016,121043,,
ODAFLOW.VOLUMESCHOLARSHIP,PLW,2017,200016,,
ODAFLOW.VOLUMESCHOLARSHIP,PLW,2018,92863,,
ODAFLOW.VOLUMESCHOLARSHIP,PLW,2019,74275,,
ODAFLOW.VOLUMESCHOLARSHIP,PLW,2020,41025,,
ODAFLOW.VOLUMESCHOLARSHIP,PLW,2021,43884,,
ODAFLOW.VOLUMESCHOLARSHIP,PLW,2022,12306,,
ODAFLOW.VOLUMESCHOLARSHIP,PLW,2023,67537,,
ODAFLOW.VOLUMESCHOLARSHIP,PNG,2006,22256786,,
ODAFLOW.VOLUMESCHOLARSHIP,PNG,2007,18380152,,
ODAFLOW.VOLUMESCHOLARSHIP,PNG,2008,15803269,,
ODAFLOW.VOLUMESCHOLARSHIP,PNG,2009,20961512,,
ODAFLOW.VOLUMESCHOLARSHIP,PNG,2010,17492944,,
ODAFLOW.VOLUMESCHOLARSHIP,PNG,2011,19776452,,
ODAFLOW.VOLUMESCHOLARSHIP,PNG,2012,19634518,,
ODAFLOW.VOLUMESCHOLARSHIP,PNG,2013,31831404,,
ODAFLOW.VOLUMESCHOLARSHIP,PNG,2014,25103882,,
ODAFLOW.VOLUMESCHOLARSHIP,PNG,2015,31818712,,
ODAFLOW.VOLUMESCHOLARSHIP,PNG,2016,31106612,,
ODAFLOW.VOLUMESCHOLARSHIP,PNG,2017,6928524,,
ODAFLOW.VOLUMESCHOLARSHIP,PNG,2018,15750667,,
ODAFLOW.VOLUMESCHOLARSHIP,PNG,2019,11361112,,
ODAFLOW.VOLUMESCHOLARSHIP,PNG,2020,13042449,,
ODAFLOW.VOLUMESCHOLARSHIP,PNG,2021,2747187,,
ODAFLOW.VOLUMESCHOLARSHIP,PNG,2022,4944204,,
ODAFLOW.VOLUMESCHOLARSHIP,PNG,2023,10348845,,
ODAFLOW.VOLUMESCHOLARSHIP,PRK,2006,11645,,
ODAFLOW.VOLUMESCHOLARSHIP,PRK,2007,19170,,
ODAFLOW.VOLUMESCHOLARSHIP,PRK,2008,530221,,
ODAFLOW.VOLUMESCHOLARSHIP,PRK,2009,554982,,
ODAFLOW.VOLUMESCHOLARSHIP,PRK,2010,454240,,
ODAFLOW.VOLUMESCHOLARSHIP,PRK,2011,311121,,
ODAFLOW.VOLUMESCHOLARSHIP,PRK,2012,438141,,
ODAFLOW.VOLUMESCHOLARSHIP,PRK,2013,554784,,
ODAFLOW.VOLUMESCHOLARSHIP,PRK,2014,391302,,
ODAFLOW.VOLUMESCHOLARSHIP,PRK,2015,1082452,,
ODAFLOW.VOLUMESCHOLARSHIP,PRK,2016,138750,,
ODAFLOW.VOLUMESCHOLARSHIP,PRK,2017,126493,,
ODAFLOW.VOLUMESCHOLARSHIP,PRK,2018,169532,,
ODAFLOW.VOLUMESCHOLARSHIP,PRK,2019,125753,,
ODAFLOW.VOLUMESCHOLARSHIP,PRK,2020,74219,,
ODAFLOW.VOLUMESCHOLARSHIP,PRK,2021,125765,,
ODAFLOW.VOLUMESCHOLARSHIP,PRK,2022,753162,,
ODAFLOW.VOLUMESCHOLARSHIP,PRK,2023,970432,,
ODAFLOW.VOLUMESCHOLARSHIP,PRY,2006,102332,,
ODAFLOW.VOLUMESCHOLARSHIP,PRY,2007,414670,,
ODAFLOW.VOLUMESCHOLARSHIP,PRY,2008,746544,,
ODAFLOW.VOLUMESCHOLARSHIP,PRY,2009,1234595,,
ODAFLOW.VOLUMESCHOLARSHIP,PRY,2010,714436,,
ODAFLOW.VOLUMESCHOLARSHIP,PRY,2011,973379,,
ODAFLOW.VOLUMESCHOLARSHIP,PRY,2012,754322,,
ODAFLOW.VOLUMESCHOLARSHIP,PRY,2013,1136206,,
ODAFLOW.VOLUMESCHOLARSHIP,PRY,2014,895657,,
ODAFLOW.VOLUMESCHOLARSHIP,PRY,2015,1027694,,
ODAFLOW.VOLUMESCHOLARSHIP,PRY,2016,554053,,
ODAFLOW.VOLUMESCHOLARSHIP,PRY,2017,634557,,
ODAFLOW.VOLUMESCHOLARSHIP,PRY,2018,1368971,,
ODAFLOW.VOLUMESCHOLARSHIP,PRY,2019,1330395,,
ODAFLOW.VOLUMESCHOLARSHIP,PRY,2020,1221290,,
ODAFLOW.VOLUMESCHOLARSHIP,PRY,2021,1430013,,
ODAFLOW.VOLUMESCHOLARSHIP,PRY,2022,1455666,,
ODAFLOW.VOLUMESCHOLARSHIP,PRY,2023,2550565,,
ODAFLOW.VOLUMESCHOLARSHIP,PSE,2006,24244488,,
ODAFLOW.VOLUMESCHOLARSHIP,PSE,2007,9780231,,
ODAFLOW.VOLUMESCHOLARSHIP,PSE,2008,4269651,,
ODAFLOW.VOLUMESCHOLARSHIP,PSE,2009,5336881,,
ODAFLOW.VOLUMESCHOLARSHIP,PSE,2010,23095672,,
ODAFLOW.VOLUMESCHOLARSHIP,PSE,2011,3692789,,
ODAFLOW.VOLUMESCHOLARSHIP,PSE,2012,6196107,,
ODAFLOW.VOLUMESCHOLARSHIP,PSE,2013,5922512,,
ODAFLOW.VOLUMESCHOLARSHIP,PSE,2014,4788003,,
ODAFLOW.VOLUMESCHOLARSHIP,PSE,2015,7051169,,
ODAFLOW.VOLUMESCHOLARSHIP,PSE,2016,6149280,,
ODAFLOW.VOLUMESCHOLARSHIP,PSE,2017,12336748,,
ODAFLOW.VOLUMESCHOLARSHIP,PSE,2018,6482735,,
ODAFLOW.VOLUMESCHOLARSHIP,PSE,2019,15784074,,
ODAFLOW.VOLUMESCHOLARSHIP,PSE,2020,11307807,,
ODAFLOW.VOLUMESCHOLARSHIP,PSE,2021,16643533,,
ODAFLOW.VOLUMESCHOLARSHIP,PSE,2022,19164126,,
ODAFLOW.VOLUMESCHOLARSHIP,PSE,2023,21240188,,
ODAFLOW.VOLUMESCHOLARSHIP,RWA,2006,1001687,,
ODAFLOW.VOLUMESCHOLARSHIP,RWA,2007,1518762,,
ODAFLOW.VOLUMESCHOLARSHIP,RWA,2008,2786185,,
ODAFLOW.VOLUMESCHOLARSHIP,RWA,2009,5517748,,
ODAFLOW.VOLUMESCHOLARSHIP,RWA,2010,23450482,,
ODAFLOW.VOLUMESCHOLARSHIP,RWA,2011,2743853,,
ODAFLOW.VOLUMESCHOLARSHIP,RWA,2012,1921455,,
ODAFLOW.VOLUMESCHOLARSHIP,RWA,2013,3664352,,
ODAFLOW.VOLUMESCHOLARSHIP,RWA,2014,3534717,,
ODAFLOW.VOLUMESCHOLARSHIP,RWA,2015,4174571,,
ODAFLOW.VOLUMESCHOLARSHIP,RWA,2016,3328821,,
ODAFLOW.VOLUMESCHOLARSHIP,RWA,2017,13158120,,
ODAFLOW.VOLUMESCHOLARSHIP,RWA,2018,4312283,,
ODAFLOW.VOLUMESCHOLARSHIP,RWA,2019,7316607,,
ODAFLOW.VOLUMESCHOLARSHIP,RWA,2020,5439539,,
ODAFLOW.VOLUMESCHOLARSHIP,RWA,2021,6424410,,
ODAFLOW.VOLUMESCHOLARSHIP,RWA,2022,5514670,,
ODAFLOW.VOLUMESCHOLARSHIP,RWA,2023,6620466,,
ODAFLOW.VOLUMESCHOLARSHIP,SAU,2006,6502,,
ODAFLOW.VOLUMESCHOLARSHIP,SAU,2007,5049,,
ODAFLOW.VOLUMESCHOLARSHIP,SDN,2006,1795644,,
ODAFLOW.VOLUMESCHOLARSHIP,SDN,2007,1158758,,
ODAFLOW.VOLUMESCHOLARSHIP,SDN,2008,2107549,,
ODAFLOW.VOLUMESCHOLARSHIP,SDN,2009,1898261,,
ODAFLOW.VOLUMESCHOLARSHIP,SDN,2010,1632804,,
ODAFLOW.VOLUMESCHOLARSHIP,SDN,2011,2133507,,
ODAFLOW.VOLUMESCHOLARSHIP,SDN,2012,2596976,,
ODAFLOW.VOLUMESCHOLARSHIP,SDN,2013,2471512,,
ODAFLOW.VOLUMESCHOLARSHIP,SDN,2014,2144479,,
ODAFLOW.VOLUMESCHOLARSHIP,SDN,2015,2753092,,
ODAFLOW.VOLUMESCHOLARSHIP,SDN,2016,1886756,,
ODAFLOW.VOLUMESCHOLARSHIP,SDN,2017,2629652,,
ODAFLOW.VOLUMESCHOLARSHIP,SDN,2018,3748212,,
ODAFLOW.VOLUMESCHOLARSHIP,SDN,2019,10827404,,
ODAFLOW.VOLUMESCHOLARSHIP,SDN,2020,7825703,,
ODAFLOW.VOLUMESCHOLARSHIP,SDN,2021,8786028,,
ODAFLOW.VOLUMESCHOLARSHIP,SDN,2022,10262460,,
ODAFLOW.VOLUMESCHOLARSHIP,SDN,2023,14212321,,
ODAFLOW.VOLUMESCHOLARSHIP,SEN,2006,2083897,,
ODAFLOW.VOLUMESCHOLARSHIP,SEN,2007,2428449,,
ODAFLOW.VOLUMESCHOLARSHIP,SEN,2008,2531218,,
ODAFLOW.VOLUMESCHOLARSHIP,SEN,2009,4204818,,
ODAFLOW.VOLUMESCHOLARSHIP,SEN,2010,4332068,,
ODAFLOW.VOLUMESCHOLARSHIP,SEN,2011,1301392,,
ODAFLOW.VOLUMESCHOLARSHIP,SEN,2012,1615271,,
ODAFLOW.VOLUMESCHOLARSHIP,SEN,2013,5445654,,
ODAFLOW.VOLUMESCHOLARSHIP,SEN,2014,5051288,,
ODAFLOW.VOLUMESCHOLARSHIP,SEN,2015,6795917,,
ODAFLOW.VOLUMESCHOLARSHIP,SEN,2016,4580810,,
ODAFLOW.VOLUMESCHOLARSHIP,SEN,2017,5990146,,
ODAFLOW.VOLUMESCHOLARSHIP,SEN,2018,7244933,,
ODAFLOW.VOLUMESCHOLARSHIP,SEN,2019,9179688,,
ODAFLOW.VOLUMESCHOLARSHIP,SEN,2020,9675846,,
ODAFLOW.VOLUMESCHOLARSHIP,SEN,2021,7561461,,
ODAFLOW.VOLUMESCHOLARSHIP,SEN,2022,8596191,,
ODAFLOW.VOLUMESCHOLARSHIP,SEN,2023,13132070,,
ODAFLOW.VOLUMESCHOLARSHIP,SLB,2006,2398724,,
ODAFLOW.VOLUMESCHOLARSHIP,SLB,2007,2739515,,
ODAFLOW.VOLUMESCHOLARSHIP,SLB,2008,2163898,,
ODAFLOW.VOLUMESCHOLARSHIP,SLB,2009,4240546,,
ODAFLOW.VOLUMESCHOLARSHIP,SLB,2010,5270464,,
ODAFLOW.VOLUMESCHOLARSHIP,SLB,2011,6504401,,
ODAFLOW.VOLUMESCHOLARSHIP,SLB,2012,5986743,,
ODAFLOW.VOLUMESCHOLARSHIP,SLB,2013,6953339,,
ODAFLOW.VOLUMESCHOLARSHIP,SLB,2014,5952269,,
ODAFLOW.VOLUMESCHOLARSHIP,SLB,2015,6916778,,
ODAFLOW.VOLUMESCHOLARSHIP,SLB,2016,5831910,,
ODAFLOW.VOLUMESCHOLARSHIP,SLB,2017,9003160,,
ODAFLOW.VOLUMESCHOLARSHIP,SLB,2018,5002639,,
ODAFLOW.VOLUMESCHOLARSHIP,SLB,2019,5009776,,
ODAFLOW.VOLUMESCHOLARSHIP,SLB,2020,5762699,,
ODAFLOW.VOLUMESCHOLARSHIP,SLB,2021,2182011,,
ODAFLOW.VOLUMESCHOLARSHIP,SLB,2022,3184600,,
ODAFLOW.VOLUMESCHOLARSHIP,SLB,2023,5838284,,
ODAFLOW.VOLUMESCHOLARSHIP,SLE,2006,74851,,
ODAFLOW.VOLUMESCHOLARSHIP,SLE,2007,183276,,
ODAFLOW.VOLUMESCHOLARSHIP,SLE,2008,106866,,
ODAFLOW.VOLUMESCHOLARSHIP,SLE,2009,121686,,
ODAFLOW.VOLUMESCHOLARSHIP,SLE,2010,98988,,
ODAFLOW.VOLUMESCHOLARSHIP,SLE,2011,1075483,,
ODAFLOW.VOLUMESCHOLARSHIP,SLE,2012,945846,,
ODAFLOW.VOLUMESCHOLARSHIP,SLE,2013,1299341,,
ODAFLOW.VOLUMESCHOLARSHIP,SLE,2014,790398,,
ODAFLOW.VOLUMESCHOLARSHIP,SLE,2015,1010279,,
ODAFLOW.VOLUMESCHOLARSHIP,SLE,2016,337499,,
ODAFLOW.VOLUMESCHOLARSHIP,SLE,2017,2387361,,
ODAFLOW.VOLUMESCHOLARSHIP,SLE,2018,933349,,
ODAFLOW.VOLUMESCHOLARSHIP,SLE,2019,2493753,,
ODAFLOW.VOLUMESCHOLARSHIP,SLE,2020,2987541,,
ODAFLOW.VOLUMESCHOLARSHIP,SLE,2021,2015580,,
ODAFLOW.VOLUMESCHOLARSHIP,SLE,2022,2355820,,
ODAFLOW.VOLUMESCHOLARSHIP,SLE,2023,4607452,,
ODAFLOW.VOLUMESCHOLARSHIP,SLV,2006,177585,,
ODAFLOW.VOLUMESCHOLARSHIP,SLV,2007,495316,,
ODAFLOW.VOLUMESCHOLARSHIP,SLV,2008,763542,,
ODAFLOW.VOLUMESCHOLARSHIP,SLV,2009,1606437,,
ODAFLOW.VOLUMESCHOLARSHIP,SLV,2010,978845,,
ODAFLOW.VOLUMESCHOLARSHIP,SLV,2011,1075854,,
ODAFLOW.VOLUMESCHOLARSHIP,SLV,2012,875584,,
ODAFLOW.VOLUMESCHOLARSHIP,SLV,2013,1010468,,
ODAFLOW.VOLUMESCHOLARSHIP,SLV,2014,766358,,
ODAFLOW.VOLUMESCHOLARSHIP,SLV,2015,1027930,,
ODAFLOW.VOLUMESCHOLARSHIP,SLV,2016,489485,,
ODAFLOW.VOLUMESCHOLARSHIP,SLV,2017,738082,,
ODAFLOW.VOLUMESCHOLARSHIP,SLV,2018,813590,,
ODAFLOW.VOLUMESCHOLARSHIP,SLV,2019,903889,,
ODAFLOW.VOLUMESCHOLARSHIP,SLV,2020,807700,,
ODAFLOW.VOLUMESCHOLARSHIP,SLV,2021,567379,,
ODAFLOW.VOLUMESCHOLARSHIP,SLV,2022,768582,,
ODAFLOW.VOLUMESCHOLARSHIP,SLV,2023,1371028,,
ODAFLOW.VOLUMESCHOLARSHIP,SOM,2007,48922,,
ODAFLOW.VOLUMESCHOLARSHIP,SOM,2009,54080,,
ODAFLOW.VOLUMESCHOLARSHIP,SOM,2011,56335,,
ODAFLOW.VOLUMESCHOLARSHIP,SOM,2012,266314,,
ODAFLOW.VOLUMESCHOLARSHIP,SOM,2013,326937,,
ODAFLOW.VOLUMESCHOLARSHIP,SOM,2014,222456,,
ODAFLOW.VOLUMESCHOLARSHIP,SOM,2015,330702,,
ODAFLOW.VOLUMESCHOLARSHIP,SOM,2016,251510,,
ODAFLOW.VOLUMESCHOLARSHIP,SOM,2017,733587,,
ODAFLOW.VOLUMESCHOLARSHIP,SOM,2018,1872837,,
ODAFLOW.VOLUMESCHOLARSHIP,SOM,2019,8348727,,
ODAFLOW.VOLUMESCHOLARSHIP,SOM,2020,4461163,,
ODAFLOW.VOLUMESCHOLARSHIP,SOM,2021,5793360,,
ODAFLOW.VOLUMESCHOLARSHIP,SOM,2022,6316284,,
ODAFLOW.VOLUMESCHOLARSHIP,SOM,2023,8877583,,
ODAFLOW.VOLUMESCHOLARSHIP,SRB,2006,1720900,,
ODAFLOW.VOLUMESCHOLARSHIP,SRB,2007,1133849,,
ODAFLOW.VOLUMESCHOLARSHIP,SRB,2008,2225266,,
ODAFLOW.VOLUMESCHOLARSHIP,SRB,2009,3779688,,
ODAFLOW.VOLUMESCHOLARSHIP,SRB,2010,3351304,,
ODAFLOW.VOLUMESCHOLARSHIP,SRB,2011,3051188,,
ODAFLOW.VOLUMESCHOLARSHIP,SRB,2012,3346834,,
ODAFLOW.VOLUMESCHOLARSHIP,SRB,2013,6848153,,
ODAFLOW.VOLUMESCHOLARSHIP,SRB,2014,8011156,,
ODAFLOW.VOLUMESCHOLARSHIP,SRB,2015,6659101,,
ODAFLOW.VOLUMESCHOLARSHIP,SRB,2016,10397641,,
ODAFLOW.VOLUMESCHOLARSHIP,SRB,2017,14469190,,
ODAFLOW.VOLUMESCHOLARSHIP,SRB,2018,9538993,,
ODAFLOW.VOLUMESCHOLARSHIP,SRB,2019,16360259,,
ODAFLOW.VOLUMESCHOLARSHIP,SRB,2020,13465840,,
ODAFLOW.VOLUMESCHOLARSHIP,SRB,2021,10787200,,
ODAFLOW.VOLUMESCHOLARSHIP,SRB,2022,8725600,,
ODAFLOW.VOLUMESCHOLARSHIP,SRB,2023,7725216,,
ODAFLOW.VOLUMESCHOLARSHIP,SSD,2011,185965,,
ODAFLOW.VOLUMESCHOLARSHIP,SSD,2012,376064,,
ODAFLOW.VOLUMESCHOLARSHIP,SSD,2013,1015558,,
ODAFLOW.VOLUMESCHOLARSHIP,SSD,2014,375445,,
ODAFLOW.VOLUMESCHOLARSHIP,SSD,2015,541365,,
ODAFLOW.VOLUMESCHOLARSHIP,SSD,2016,460203,,
ODAFLOW.VOLUMESCHOLARSHIP,SSD,2017,1743815,,
ODAFLOW.VOLUMESCHOLARSHIP,SSD,2018,853279,,
ODAFLOW.VOLUMESCHOLARSHIP,SSD,2019,1290186,,
ODAFLOW.VOLUMESCHOLARSHIP,SSD,2020,645402,,
ODAFLOW.VOLUMESCHOLARSHIP,SSD,2021,1043891,,
ODAFLOW.VOLUMESCHOLARSHIP,SSD,2022,845327,,
ODAFLOW.VOLUMESCHOLARSHIP,SSD,2023,3436933,,
ODAFLOW.VOLUMESCHOLARSHIP,STP,2006,935258,,
ODAFLOW.VOLUMESCHOLARSHIP,STP,2007,1194118,,
ODAFLOW.VOLUMESCHOLARSHIP,STP,2008,1512701,,
ODAFLOW.VOLUMESCHOLARSHIP,STP,2009,1361257,,
ODAFLOW.VOLUMESCHOLARSHIP,STP,2010,1150079,,
ODAFLOW.VOLUMESCHOLARSHIP,STP,2011,805080,,
ODAFLOW.VOLUMESCHOLARSHIP,STP,2012,2279513,,
ODAFLOW.VOLUMESCHOLARSHIP,STP,2013,1370230,,
ODAFLOW.VOLUMESCHOLARSHIP,STP,2014,936556,,
ODAFLOW.VOLUMESCHOLARSHIP,STP,2015,564614,,
ODAFLOW.VOLUMESCHOLARSHIP,STP,2016,590422,,
ODAFLOW.VOLUMESCHOLARSHIP,STP,2017,942698,,
ODAFLOW.VOLUMESCHOLARSHIP,STP,2018,861790,,
ODAFLOW.VOLUMESCHOLARSHIP,STP,2019,902504,,
ODAFLOW.VOLUMESCHOLARSHIP,STP,2020,829984,,
ODAFLOW.VOLUMESCHOLARSHIP,STP,2021,777334,,
ODAFLOW.VOLUMESCHOLARSHIP,STP,2022,755215,,
ODAFLOW.VOLUMESCHOLARSHIP,STP,2023,1237658,,
ODAFLOW.VOLUMESCHOLARSHIP,SUR,2007,22587,,
ODAFLOW.VOLUMESCHOLARSHIP,SUR,2009,41304,,
ODAFLOW.VOLUMESCHOLARSHIP,SUR,2010,10318,,
ODAFLOW.VOLUMESCHOLARSHIP,SUR,2012,33486,,
ODAFLOW.VOLUMESCHOLARSHIP,SUR,2013,432654,,
ODAFLOW.VOLUMESCHOLARSHIP,SUR,2014,560368,,
ODAFLOW.VOLUMESCHOLARSHIP,SUR,2015,736783,,
ODAFLOW.VOLUMESCHOLARSHIP,SUR,2016,723352,,
ODAFLOW.VOLUMESCHOLARSHIP,SUR,2017,866724,,
ODAFLOW.VOLUMESCHOLARSHIP,SUR,2018,946388,,
ODAFLOW.VOLUMESCHOLARSHIP,SUR,2019,850313,,
ODAFLOW.VOLUMESCHOLARSHIP,SUR,2020,831746,,
ODAFLOW.VOLUMESCHOLARSHIP,SUR,2021,771623,,
ODAFLOW.VOLUMESCHOLARSHIP,SUR,2022,516404,,
ODAFLOW.VOLUMESCHOLARSHIP,SUR,2023,416719,,
ODAFLOW.VOLUMESCHOLARSHIP,SWZ,2007,107330,,
ODAFLOW.VOLUMESCHOLARSHIP,SWZ,2008,224863,,
ODAFLOW.VOLUMESCHOLARSHIP,SWZ,2009,149429,,
ODAFLOW.VOLUMESCHOLARSHIP,SWZ,2010,70008,,
ODAFLOW.VOLUMESCHOLARSHIP,SWZ,2011,1000870,,
ODAFLOW.VOLUMESCHOLARSHIP,SWZ,2012,696371,,
ODAFLOW.VOLUMESCHOLARSHIP,SWZ,2013,1280928,,
ODAFLOW.VOLUMESCHOLARSHIP,SWZ,2014,693847,,
ODAFLOW.VOLUMESCHOLARSHIP,SWZ,2015,1199054,,
ODAFLOW.VOLUMESCHOLARSHIP,SWZ,2016,626835,,
ODAFLOW.VOLUMESCHOLARSHIP,SWZ,2017,7546883,,
ODAFLOW.VOLUMESCHOLARSHIP,SWZ,2018,570702,,
ODAFLOW.VOLUMESCHOLARSHIP,SWZ,2019,739958,,
ODAFLOW.VOLUMESCHOLARSHIP,SWZ,2020,571648,,
ODAFLOW.VOLUMESCHOLARSHIP,SWZ,2021,312006,,
ODAFLOW.VOLUMESCHOLARSHIP,SWZ,2022,510368,,
ODAFLOW.VOLUMESCHOLARSHIP,SWZ,2023,1541791,,
ODAFLOW.VOLUMESCHOLARSHIP,SYC,2006,156871,,
ODAFLOW.VOLUMESCHOLARSHIP,SYC,2007,197971,,
ODAFLOW.VOLUMESCHOLARSHIP,SYC,2008,346334,,
ODAFLOW.VOLUMESCHOLARSHIP,SYC,2009,499491,,
ODAFLOW.VOLUMESCHOLARSHIP,SYC,2010,316446,,
ODAFLOW.VOLUMESCHOLARSHIP,SYC,2011,713385,,
ODAFLOW.VOLUMESCHOLARSHIP,SYC,2012,708648,,
ODAFLOW.VOLUMESCHOLARSHIP,SYC,2013,1231774,,
ODAFLOW.VOLUMESCHOLARSHIP,SYC,2014,697291,,
ODAFLOW.VOLUMESCHOLARSHIP,SYC,2015,1011214,,
ODAFLOW.VOLUMESCHOLARSHIP,SYC,2016,467921,,
ODAFLOW.VOLUMESCHOLARSHIP,SYC,2017,1775692,,
ODAFLOW.VOLUMESCHOLARSHIP,SYR,2006,895289,,
ODAFLOW.VOLUMESCHOLARSHIP,SYR,2007,751959,,
ODAFLOW.VOLUMESCHOLARSHIP,SYR,2008,2003614,,
ODAFLOW.VOLUMESCHOLARSHIP,SYR,2009,2972578,,
ODAFLOW.VOLUMESCHOLARSHIP,SYR,2010,3187108,,
ODAFLOW.VOLUMESCHOLARSHIP,SYR,2011,3252243,,
ODAFLOW.VOLUMESCHOLARSHIP,SYR,2012,2970868,,
ODAFLOW.VOLUMESCHOLARSHIP,SYR,2013,3686400,,
ODAFLOW.VOLUMESCHOLARSHIP,SYR,2014,5726574,,
ODAFLOW.VOLUMESCHOLARSHIP,SYR,2015,10142572,,
ODAFLOW.VOLUMESCHOLARSHIP,SYR,2016,17265912,,
ODAFLOW.VOLUMESCHOLARSHIP,SYR,2017,14550522,,
ODAFLOW.VOLUMESCHOLARSHIP,SYR,2018,17563502,,
ODAFLOW.VOLUMESCHOLARSHIP,SYR,2019,58774648,,
ODAFLOW.VOLUMESCHOLARSHIP,SYR,2020,18617830,,
ODAFLOW.VOLUMESCHOLARSHIP,SYR,2021,26172724,,
ODAFLOW.VOLUMESCHOLARSHIP,SYR,2022,23661534,,
ODAFLOW.VOLUMESCHOLARSHIP,SYR,2023,32660056,,
ODAFLOW.VOLUMESCHOLARSHIP,TCD,2006,1310645,,
ODAFLOW.VOLUMESCHOLARSHIP,TCD,2007,955142,,
ODAFLOW.VOLUMESCHOLARSHIP,TCD,2008,1605052,,
ODAFLOW.VOLUMESCHOLARSHIP,TCD,2009,1756162,,
ODAFLOW.VOLUMESCHOLARSHIP,TCD,2010,1301209,,
ODAFLOW.VOLUMESCHOLARSHIP,TCD,2011,163176,,
ODAFLOW.VOLUMESCHOLARSHIP,TCD,2012,1239024,,
ODAFLOW.VOLUMESCHOLARSHIP,TCD,2013,1550056,,
ODAFLOW.VOLUMESCHOLARSHIP,TCD,2014,1359630,,
ODAFLOW.VOLUMESCHOLARSHIP,TCD,2015,1372127,,
ODAFLOW.VOLUMESCHOLARSHIP,TCD,2016,1413866,,
ODAFLOW.VOLUMESCHOLARSHIP,TCD,2017,1564522,,
ODAFLOW.VOLUMESCHOLARSHIP,TCD,2018,2378097,,
ODAFLOW.VOLUMESCHOLARSHIP,TCD,2019,5865796,,
ODAFLOW.VOLUMESCHOLARSHIP,TCD,2020,3137047,,
ODAFLOW.VOLUMESCHOLARSHIP,TCD,2021,4825618,,
ODAFLOW.VOLUMESCHOLARSHIP,TCD,2022,4548274,,
ODAFLOW.VOLUMESCHOLARSHIP,TCD,2023,7076355,,
ODAFLOW.VOLUMESCHOLARSHIP,TGO,2006,972294,,
ODAFLOW.VOLUMESCHOLARSHIP,TGO,2007,766276,,
ODAFLOW.VOLUMESCHOLARSHIP,TGO,2008,1435081,,
ODAFLOW.VOLUMESCHOLARSHIP,TGO,2009,2021442,,
ODAFLOW.VOLUMESCHOLARSHIP,TGO,2010,1494149,,
ODAFLOW.VOLUMESCHOLARSHIP,TGO,2011,853776,,
ODAFLOW.VOLUMESCHOLARSHIP,TGO,2012,1518595,,
ODAFLOW.VOLUMESCHOLARSHIP,TGO,2013,2273088,,
ODAFLOW.VOLUMESCHOLARSHIP,TGO,2014,1839443,,
ODAFLOW.VOLUMESCHOLARSHIP,TGO,2015,1862900,,
ODAFLOW.VOLUMESCHOLARSHIP,TGO,2016,1520166,,
ODAFLOW.VOLUMESCHOLARSHIP,TGO,2017,2106497,,
ODAFLOW.VOLUMESCHOLARSHIP,TGO,2018,2353716,,
ODAFLOW.VOLUMESCHOLARSHIP,TGO,2019,4662781,,
ODAFLOW.VOLUMESCHOLARSHIP,TGO,2020,3185402,,
ODAFLOW.VOLUMESCHOLARSHIP,TGO,2021,2819724,,
ODAFLOW.VOLUMESCHOLARSHIP,TGO,2022,3355151,,
ODAFLOW.VOLUMESCHOLARSHIP,TGO,2023,5019838,,
ODAFLOW.VOLUMESCHOLARSHIP,THA,2006,554386,,
ODAFLOW.VOLUMESCHOLARSHIP,THA,2007,959040,,
ODAFLOW.VOLUMESCHOLARSHIP,THA,2008,4225007,,
ODAFLOW.VOLUMESCHOLARSHIP,THA,2009,9732105,,
ODAFLOW.VOLUMESCHOLARSHIP,THA,2010,16705097,,
ODAFLOW.VOLUMESCHOLARSHIP,THA,2011,19245244,,
ODAFLOW.VOLUMESCHOLARSHIP,THA,2012,14604776,,
ODAFLOW.VOLUMESCHOLARSHIP,THA,2013,14697193,,
ODAFLOW.VOLUMESCHOLARSHIP,THA,2014,15489026,,
ODAFLOW.VOLUMESCHOLARSHIP,THA,2015,5354786,,
ODAFLOW.VOLUMESCHOLARSHIP,THA,2016,3884976,,
ODAFLOW.VOLUMESCHOLARSHIP,THA,2017,5867894,,
ODAFLOW.VOLUMESCHOLARSHIP,THA,2018,6299226,,
ODAFLOW.VOLUMESCHOLARSHIP,THA,2019,11360527,,
ODAFLOW.VOLUMESCHOLARSHIP,THA,2020,11013087,,
ODAFLOW.VOLUMESCHOLARSHIP,THA,2021,9292330,,
ODAFLOW.VOLUMESCHOLARSHIP,THA,2022,9443746,,
ODAFLOW.VOLUMESCHOLARSHIP,THA,2023,11303278,,
ODAFLOW.VOLUMESCHOLARSHIP,TJK,2006,5497,,
ODAFLOW.VOLUMESCHOLARSHIP,TJK,2007,2063,,
ODAFLOW.VOLUMESCHOLARSHIP,TJK,2008,370193,,
ODAFLOW.VOLUMESCHOLARSHIP,TJK,2009,458786,,
ODAFLOW.VOLUMESCHOLARSHIP,TJK,2010,877689,,
ODAFLOW.VOLUMESCHOLARSHIP,TJK,2011,1564833,,
ODAFLOW.VOLUMESCHOLARSHIP,TJK,2012,1746741,,
ODAFLOW.VOLUMESCHOLARSHIP,TJK,2013,1912745,,
ODAFLOW.VOLUMESCHOLARSHIP,TJK,2014,1805745,,
ODAFLOW.VOLUMESCHOLARSHIP,TJK,2015,1996640,,
ODAFLOW.VOLUMESCHOLARSHIP,TJK,2016,1563010,,
ODAFLOW.VOLUMESCHOLARSHIP,TJK,2017,1358815,,
ODAFLOW.VOLUMESCHOLARSHIP,TJK,2018,1847061,,
ODAFLOW.VOLUMESCHOLARSHIP,TJK,2019,4653701,,
ODAFLOW.VOLUMESCHOLARSHIP,TJK,2020,3296239,,
ODAFLOW.VOLUMESCHOLARSHIP,TJK,2021,6485360,,
ODAFLOW.VOLUMESCHOLARSHIP,TJK,2022,4208346,,
ODAFLOW.VOLUMESCHOLARSHIP,TJK,2023,5060798,,
ODAFLOW.VOLUMESCHOLARSHIP,TKL,2006,257737,,
ODAFLOW.VOLUMESCHOLARSHIP,TKL,2007,175587,,
ODAFLOW.VOLUMESCHOLARSHIP,TKL,2008,121492,,
ODAFLOW.VOLUMESCHOLARSHIP,TKL,2009,93491,,
ODAFLOW.VOLUMESCHOLARSHIP,TKL,2010,231337,,
ODAFLOW.VOLUMESCHOLARSHIP,TKL,2012,20858,,
ODAFLOW.VOLUMESCHOLARSHIP,TKL,2014,29293,,
ODAFLOW.VOLUMESCHOLARSHIP,TKL,2016,111800,,
ODAFLOW.VOLUMESCHOLARSHIP,TKL,2017,62768,,
ODAFLOW.VOLUMESCHOLARSHIP,TKL,2018,7813,,
ODAFLOW.VOLUMESCHOLARSHIP,TKL,2019,540,,
ODAFLOW.VOLUMESCHOLARSHIP,TKL,2020,93901,,
ODAFLOW.VOLUMESCHOLARSHIP,TKL,2021,13862,,
ODAFLOW.VOLUMESCHOLARSHIP,TKL,2022,14499,,
ODAFLOW.VOLUMESCHOLARSHIP,TKL,2023,1178,,
ODAFLOW.VOLUMESCHOLARSHIP,TKM,2007,1148,,
ODAFLOW.VOLUMESCHOLARSHIP,TKM,2008,132845,,
ODAFLOW.VOLUMESCHOLARSHIP,TKM,2009,332837,,
ODAFLOW.VOLUMESCHOLARSHIP,TKM,2010,929831,,
ODAFLOW.VOLUMESCHOLARSHIP,TKM,2011,772113,,
ODAFLOW.VOLUMESCHOLARSHIP,TKM,2012,560846,,
ODAFLOW.VOLUMESCHOLARSHIP,TKM,2013,651636,,
ODAFLOW.VOLUMESCHOLARSHIP,TKM,2014,903582,,
ODAFLOW.VOLUMESCHOLARSHIP,TKM,2015,1123978,,
ODAFLOW.VOLUMESCHOLARSHIP,TKM,2016,698070,,
ODAFLOW.VOLUMESCHOLARSHIP,TKM,2017,971975,,
ODAFLOW.VOLUMESCHOLARSHIP,TKM,2018,1125271,,
ODAFLOW.VOLUMESCHOLARSHIP,TKM,2019,1822241,,
ODAFLOW.VOLUMESCHOLARSHIP,TKM,2020,2061151,,
ODAFLOW.VOLUMESCHOLARSHIP,TKM,2021,2042845,,
ODAFLOW.VOLUMESCHOLARSHIP,TKM,2022,1950384,,
ODAFLOW.VOLUMESCHOLARSHIP,TKM,2023,1894273,,
ODAFLOW.VOLUMESCHOLARSHIP,TLS,2006,3370373,,
ODAFLOW.VOLUMESCHOLARSHIP,TLS,2007,2596796,,
ODAFLOW.VOLUMESCHOLARSHIP,TLS,2008,2684072,,
ODAFLOW.VOLUMESCHOLARSHIP,TLS,2009,3185020,,
ODAFLOW.VOLUMESCHOLARSHIP,TLS,2010,4451236,,
ODAFLOW.VOLUMESCHOLARSHIP,TLS,2011,4821900,,
ODAFLOW.VOLUMESCHOLARSHIP,TLS,2012,6723770,,
ODAFLOW.VOLUMESCHOLARSHIP,TLS,2013,7789987,,
ODAFLOW.VOLUMESCHOLARSHIP,TLS,2014,7239898,,
ODAFLOW.VOLUMESCHOLARSHIP,TLS,2015,9064078,,
ODAFLOW.VOLUMESCHOLARSHIP,TLS,2016,7845129,,
ODAFLOW.VOLUMESCHOLARSHIP,TLS,2017,6311659,,
ODAFLOW.VOLUMESCHOLARSHIP,TLS,2018,5390456,,
ODAFLOW.VOLUMESCHOLARSHIP,TLS,2019,5727117,,
ODAFLOW.VOLUMESCHOLARSHIP,TLS,2020,4830003,,
ODAFLOW.VOLUMESCHOLARSHIP,TLS,2021,1851035,,
ODAFLOW.VOLUMESCHOLARSHIP,TLS,2022,2281920,,
ODAFLOW.VOLUMESCHOLARSHIP,TLS,2023,5018723,,
ODAFLOW.VOLUMESCHOLARSHIP,TON,2006,1745369,,
ODAFLOW.VOLUMESCHOLARSHIP,TON,2007,1179653,,
ODAFLOW.VOLUMESCHOLARSHIP,TON,2008,1506854,,
ODAFLOW.VOLUMESCHOLARSHIP,TON,2009,3547892,,
ODAFLOW.VOLUMESCHOLARSHIP,TON,2010,2543049,,
ODAFLOW.VOLUMESCHOLARSHIP,TON,2011,2773956,,
ODAFLOW.VOLUMESCHOLARSHIP,TON,2012,3152289,,
ODAFLOW.VOLUMESCHOLARSHIP,TON,2013,3511241,,
ODAFLOW.VOLUMESCHOLARSHIP,TON,2014,3554663,,
ODAFLOW.VOLUMESCHOLARSHIP,TON,2015,3648023,,
ODAFLOW.VOLUMESCHOLARSHIP,TON,2016,2425747,,
ODAFLOW.VOLUMESCHOLARSHIP,TON,2017,3457203,,
ODAFLOW.VOLUMESCHOLARSHIP,TON,2018,3213838,,
ODAFLOW.VOLUMESCHOLARSHIP,TON,2019,2787254,,
ODAFLOW.VOLUMESCHOLARSHIP,TON,2020,3693120,,
ODAFLOW.VOLUMESCHOLARSHIP,TON,2021,1487565,,
ODAFLOW.VOLUMESCHOLARSHIP,TON,2022,1579179,,
ODAFLOW.VOLUMESCHOLARSHIP,TON,2023,3160540,,
ODAFLOW.VOLUMESCHOLARSHIP,TTO,2008,118869,,
ODAFLOW.VOLUMESCHOLARSHIP,TTO,2009,333143,,
ODAFLOW.VOLUMESCHOLARSHIP,TTO,2010,95061,,
ODAFLOW.VOLUMESCHOLARSHIP,TUN,2006,1476760,,
ODAFLOW.VOLUMESCHOLARSHIP,TUN,2007,1506036,,
ODAFLOW.VOLUMESCHOLARSHIP,TUN,2008,5974998,,
ODAFLOW.VOLUMESCHOLARSHIP,TUN,2009,10421771,,
ODAFLOW.VOLUMESCHOLARSHIP,TUN,2010,5590255,,
ODAFLOW.VOLUMESCHOLARSHIP,TUN,2011,2838546,,
ODAFLOW.VOLUMESCHOLARSHIP,TUN,2012,5514094,,
ODAFLOW.VOLUMESCHOLARSHIP,TUN,2013,14490813,,
ODAFLOW.VOLUMESCHOLARSHIP,TUN,2014,13284686,,
ODAFLOW.VOLUMESCHOLARSHIP,TUN,2015,17032440,,
ODAFLOW.VOLUMESCHOLARSHIP,TUN,2016,14822875,,
ODAFLOW.VOLUMESCHOLARSHIP,TUN,2017,21536508,,
ODAFLOW.VOLUMESCHOLARSHIP,TUN,2018,19510544,,
ODAFLOW.VOLUMESCHOLARSHIP,TUN,2019,21772580,,
ODAFLOW.VOLUMESCHOLARSHIP,TUN,2020,18666098,,
ODAFLOW.VOLUMESCHOLARSHIP,TUN,2021,17236216,,
ODAFLOW.VOLUMESCHOLARSHIP,TUN,2022,20086144,,
ODAFLOW.VOLUMESCHOLARSHIP,TUN,2023,20473268,,
ODAFLOW.VOLUMESCHOLARSHIP,TUR,2006,1037402,,
ODAFLOW.VOLUMESCHOLARSHIP,TUR,2007,987514,,
ODAFLOW.VOLUMESCHOLARSHIP,TUR,2008,3948443,,
ODAFLOW.VOLUMESCHOLARSHIP,TUR,2009,5343667,,
ODAFLOW.VOLUMESCHOLARSHIP,TUR,2010,5502652,,
ODAFLOW.VOLUMESCHOLARSHIP,TUR,2011,5886863,,
ODAFLOW.VOLUMESCHOLARSHIP,TUR,2012,7216508,,
ODAFLOW.VOLUMESCHOLARSHIP,TUR,2013,9179833,,
ODAFLOW.VOLUMESCHOLARSHIP,TUR,2014,9475850,,
ODAFLOW.VOLUMESCHOLARSHIP,TUR,2015,10879242,,
ODAFLOW.VOLUMESCHOLARSHIP,TUR,2016,19152996,,
ODAFLOW.VOLUMESCHOLARSHIP,TUR,2017,19182266,,
ODAFLOW.VOLUMESCHOLARSHIP,TUR,2018,24916392,,
ODAFLOW.VOLUMESCHOLARSHIP,TUR,2019,28275452,,
ODAFLOW.VOLUMESCHOLARSHIP,TUR,2020,28106172,,
ODAFLOW.VOLUMESCHOLARSHIP,TUR,2021,16664314,,
ODAFLOW.VOLUMESCHOLARSHIP,TUR,2022,24697896,,
ODAFLOW.VOLUMESCHOLARSHIP,TUR,2023,23715006,,
ODAFLOW.VOLUMESCHOLARSHIP,TUV,2006,1151585,,
ODAFLOW.VOLUMESCHOLARSHIP,TUV,2007,1093814,,
ODAFLOW.VOLUMESCHOLARSHIP,TUV,2008,320198,,
ODAFLOW.VOLUMESCHOLARSHIP,TUV,2009,745023,,
ODAFLOW.VOLUMESCHOLARSHIP,TUV,2010,1022620,,
ODAFLOW.VOLUMESCHOLARSHIP,TUV,2011,963865,,
ODAFLOW.VOLUMESCHOLARSHIP,TUV,2012,860622,,
ODAFLOW.VOLUMESCHOLARSHIP,TUV,2013,1296265,,
ODAFLOW.VOLUMESCHOLARSHIP,TUV,2014,1511123,,
ODAFLOW.VOLUMESCHOLARSHIP,TUV,2015,1922759,,
ODAFLOW.VOLUMESCHOLARSHIP,TUV,2016,1767719,,
ODAFLOW.VOLUMESCHOLARSHIP,TUV,2017,1629302,,
ODAFLOW.VOLUMESCHOLARSHIP,TUV,2018,1223736,,
ODAFLOW.VOLUMESCHOLARSHIP,TUV,2019,1106181,,
ODAFLOW.VOLUMESCHOLARSHIP,TUV,2020,1355898,,
ODAFLOW.VOLUMESCHOLARSHIP,TUV,2021,775292,,
ODAFLOW.VOLUMESCHOLARSHIP,TUV,2022,723806,,
ODAFLOW.VOLUMESCHOLARSHIP,TUV,2023,1460779,,
ODAFLOW.VOLUMESCHOLARSHIP,TZA,2006,1226670,,
ODAFLOW.VOLUMESCHOLARSHIP,TZA,2007,1850710,,
ODAFLOW.VOLUMESCHOLARSHIP,TZA,2008,2522422,,
ODAFLOW.VOLUMESCHOLARSHIP,TZA,2009,5723431,,
ODAFLOW.VOLUMESCHOLARSHIP,TZA,2010,3514942,,
ODAFLOW.VOLUMESCHOLARSHIP,TZA,2011,6187593,,
ODAFLOW.VOLUMESCHOLARSHIP,TZA,2012,5293838,,
ODAFLOW.VOLUMESCHOLARSHIP,TZA,2013,7004263,,
ODAFLOW.VOLUMESCHOLARSHIP,TZA,2014,5364416,,
ODAFLOW.VOLUMESCHOLARSHIP,TZA,2015,8303320,,
ODAFLOW.VOLUMESCHOLARSHIP,TZA,2016,5009486,,
ODAFLOW.VOLUMESCHOLARSHIP,TZA,2017,4650122,,
ODAFLOW.VOLUMESCHOLARSHIP,TZA,2018,5573935,,
ODAFLOW.VOLUMESCHOLARSHIP,TZA,2019,7852029,,
ODAFLOW.VOLUMESCHOLARSHIP,TZA,2020,5862102,,
ODAFLOW.VOLUMESCHOLARSHIP,TZA,2021,6658503,,
ODAFLOW.VOLUMESCHOLARSHIP,TZA,2022,7581070,,
ODAFLOW.VOLUMESCHOLARSHIP,TZA,2023,8419280,,
ODAFLOW.VOLUMESCHOLARSHIP,UGA,2006,899255,,
ODAFLOW.VOLUMESCHOLARSHIP,UGA,2007,2300218,,
ODAFLOW.VOLUMESCHOLARSHIP,UGA,2008,1794528,,
ODAFLOW.VOLUMESCHOLARSHIP,UGA,2009,3751451,,
ODAFLOW.VOLUMESCHOLARSHIP,UGA,2010,2351416,,
ODAFLOW.VOLUMESCHOLARSHIP,UGA,2011,5196000,,
ODAFLOW.VOLUMESCHOLARSHIP,UGA,2012,4205248,,
ODAFLOW.VOLUMESCHOLARSHIP,UGA,2013,5203453,,
ODAFLOW.VOLUMESCHOLARSHIP,UGA,2014,4304570,,
ODAFLOW.VOLUMESCHOLARSHIP,UGA,2015,6148254,,
ODAFLOW.VOLUMESCHOLARSHIP,UGA,2016,4886459,,
ODAFLOW.VOLUMESCHOLARSHIP,UGA,2017,4224454,,
ODAFLOW.VOLUMESCHOLARSHIP,UGA,2018,4078298,,
ODAFLOW.VOLUMESCHOLARSHIP,UGA,2019,6879382,,
ODAFLOW.VOLUMESCHOLARSHIP,UGA,2020,5708195,,
ODAFLOW.VOLUMESCHOLARSHIP,UGA,2021,6439606,,
ODAFLOW.VOLUMESCHOLARSHIP,UGA,2022,5844762,,
ODAFLOW.VOLUMESCHOLARSHIP,UGA,2023,6741372,,
ODAFLOW.VOLUMESCHOLARSHIP,UKR,2006,1246445,,
ODAFLOW.VOLUMESCHOLARSHIP,UKR,2007,1252307,,
ODAFLOW.VOLUMESCHOLARSHIP,UKR,2008,3859860,,
ODAFLOW.VOLUMESCHOLARSHIP,UKR,2009,4875655,,
ODAFLOW.VOLUMESCHOLARSHIP,UKR,2010,5657054,,
ODAFLOW.VOLUMESCHOLARSHIP,UKR,2011,5777398,,
ODAFLOW.VOLUMESCHOLARSHIP,UKR,2012,6837872,,
ODAFLOW.VOLUMESCHOLARSHIP,UKR,2013,10468409,,
ODAFLOW.VOLUMESCHOLARSHIP,UKR,2014,13576418,,
ODAFLOW.VOLUMESCHOLARSHIP,UKR,2015,13154229,,
ODAFLOW.VOLUMESCHOLARSHIP,UKR,2016,13833464,,
ODAFLOW.VOLUMESCHOLARSHIP,UKR,2017,14404641,,
ODAFLOW.VOLUMESCHOLARSHIP,UKR,2018,12870175,,
ODAFLOW.VOLUMESCHOLARSHIP,UKR,2019,16600256,,
ODAFLOW.VOLUMESCHOLARSHIP,UKR,2020,16435494,,
ODAFLOW.VOLUMESCHOLARSHIP,UKR,2021,12816979,,
ODAFLOW.VOLUMESCHOLARSHIP,UKR,2022,47591948,,
ODAFLOW.VOLUMESCHOLARSHIP,UKR,2023,51681024,,
ODAFLOW.VOLUMESCHOLARSHIP,URY,2006,177960,,
ODAFLOW.VOLUMESCHOLARSHIP,URY,2007,317321,,
ODAFLOW.VOLUMESCHOLARSHIP,URY,2008,1936295,,
ODAFLOW.VOLUMESCHOLARSHIP,URY,2009,1379029,,
ODAFLOW.VOLUMESCHOLARSHIP,URY,2010,614121,,
ODAFLOW.VOLUMESCHOLARSHIP,URY,2011,440372,,
ODAFLOW.VOLUMESCHOLARSHIP,URY,2012,784841,,
ODAFLOW.VOLUMESCHOLARSHIP,URY,2013,793156,,
ODAFLOW.VOLUMESCHOLARSHIP,URY,2014,569349,,
ODAFLOW.VOLUMESCHOLARSHIP,URY,2015,1589307,,
ODAFLOW.VOLUMESCHOLARSHIP,URY,2016,424447,,
ODAFLOW.VOLUMESCHOLARSHIP,URY,2017,904996,,
ODAFLOW.VOLUMESCHOLARSHIP,UZB,2006,2619223,,
ODAFLOW.VOLUMESCHOLARSHIP,UZB,2007,2633684,,
ODAFLOW.VOLUMESCHOLARSHIP,UZB,2008,3473952,,
ODAFLOW.VOLUMESCHOLARSHIP,UZB,2009,3820296,,
ODAFLOW.VOLUMESCHOLARSHIP,UZB,2010,3794248,,
ODAFLOW.VOLUMESCHOLARSHIP,UZB,2011,6077842,,
ODAFLOW.VOLUMESCHOLARSHIP,UZB,2012,4868458,,
ODAFLOW.VOLUMESCHOLARSHIP,UZB,2013,4728137,,
ODAFLOW.VOLUMESCHOLARSHIP,UZB,2014,4888718,,
ODAFLOW.VOLUMESCHOLARSHIP,UZB,2015,4039275,,
ODAFLOW.VOLUMESCHOLARSHIP,UZB,2016,3501905,,
ODAFLOW.VOLUMESCHOLARSHIP,UZB,2017,6173459,,
ODAFLOW.VOLUMESCHOLARSHIP,UZB,2018,3399569,,
ODAFLOW.VOLUMESCHOLARSHIP,UZB,2019,7255307,,
ODAFLOW.VOLUMESCHOLARSHIP,UZB,2020,8014831,,
ODAFLOW.VOLUMESCHOLARSHIP,UZB,2021,8619590,,
ODAFLOW.VOLUMESCHOLARSHIP,UZB,2022,10478514,,
ODAFLOW.VOLUMESCHOLARSHIP,UZB,2023,11327283,,
ODAFLOW.VOLUMESCHOLARSHIP,VCT,2008,70663,,
ODAFLOW.VOLUMESCHOLARSHIP,VCT,2009,147325,,
ODAFLOW.VOLUMESCHOLARSHIP,VCT,2010,89245,,
ODAFLOW.VOLUMESCHOLARSHIP,VCT,2011,84928,,
ODAFLOW.VOLUMESCHOLARSHIP,VCT,2012,283924,,
ODAFLOW.VOLUMESCHOLARSHIP,VCT,2013,158635,,
ODAFLOW.VOLUMESCHOLARSHIP,VCT,2014,249901,,
ODAFLOW.VOLUMESCHOLARSHIP,VCT,2015,490455,,
ODAFLOW.VOLUMESCHOLARSHIP,VCT,2016,84233,,
ODAFLOW.VOLUMESCHOLARSHIP,VCT,2017,237447,,
ODAFLOW.VOLUMESCHOLARSHIP,VCT,2018,198816,,
ODAFLOW.VOLUMESCHOLARSHIP,VCT,2019,200624,,
ODAFLOW.VOLUMESCHOLARSHIP,VCT,2020,108469,,
ODAFLOW.VOLUMESCHOLARSHIP,VCT,2021,66940,,
ODAFLOW.VOLUMESCHOLARSHIP,VCT,2022,221935,,
ODAFLOW.VOLUMESCHOLARSHIP,VCT,2023,23334,,
ODAFLOW.VOLUMESCHOLARSHIP,VEN,2006,122005,,
ODAFLOW.VOLUMESCHOLARSHIP,VEN,2007,632793,,
ODAFLOW.VOLUMESCHOLARSHIP,VEN,2008,2157624,,
ODAFLOW.VOLUMESCHOLARSHIP,VEN,2009,2478625,,
ODAFLOW.VOLUMESCHOLARSHIP,VEN,2010,1368919,,
ODAFLOW.VOLUMESCHOLARSHIP,VEN,2011,1748998,,
ODAFLOW.VOLUMESCHOLARSHIP,VEN,2012,1744527,,
ODAFLOW.VOLUMESCHOLARSHIP,VEN,2013,2024903,,
ODAFLOW.VOLUMESCHOLARSHIP,VEN,2014,1555351,,
ODAFLOW.VOLUMESCHOLARSHIP,VEN,2015,1573089,,
ODAFLOW.VOLUMESCHOLARSHIP,VEN,2016,1112138,,
ODAFLOW.VOLUMESCHOLARSHIP,VEN,2017,1390143,,
ODAFLOW.VOLUMESCHOLARSHIP,VEN,2018,1646866,,
ODAFLOW.VOLUMESCHOLARSHIP,VEN,2019,2045998,,
ODAFLOW.VOLUMESCHOLARSHIP,VEN,2020,2099206,,
ODAFLOW.VOLUMESCHOLARSHIP,VEN,2021,1496215,,
ODAFLOW.VOLUMESCHOLARSHIP,VEN,2022,1568080,,
ODAFLOW.VOLUMESCHOLARSHIP,VEN,2023,1606817,,
ODAFLOW.VOLUMESCHOLARSHIP,VNM,2006,28015304,,
ODAFLOW.VOLUMESCHOLARSHIP,VNM,2007,26131564,,
ODAFLOW.VOLUMESCHOLARSHIP,VNM,2008,13274512,,
ODAFLOW.VOLUMESCHOLARSHIP,VNM,2009,35956336,,
ODAFLOW.VOLUMESCHOLARSHIP,VNM,2010,50947960,,
ODAFLOW.VOLUMESCHOLARSHIP,VNM,2011,49368068,,
ODAFLOW.VOLUMESCHOLARSHIP,VNM,2012,56705100,,
ODAFLOW.VOLUMESCHOLARSHIP,VNM,2013,69489616,,
ODAFLOW.VOLUMESCHOLARSHIP,VNM,2014,66744040,,
ODAFLOW.VOLUMESCHOLARSHIP,VNM,2015,50686340,,
ODAFLOW.VOLUMESCHOLARSHIP,VNM,2016,41920820,,
ODAFLOW.VOLUMESCHOLARSHIP,VNM,2017,18092736,,
ODAFLOW.VOLUMESCHOLARSHIP,VNM,2018,32862232,,
ODAFLOW.VOLUMESCHOLARSHIP,VNM,2019,30050484,,
ODAFLOW.VOLUMESCHOLARSHIP,VNM,2020,29932288,,
ODAFLOW.VOLUMESCHOLARSHIP,VNM,2021,20289742,,
ODAFLOW.VOLUMESCHOLARSHIP,VNM,2022,23978486,,
ODAFLOW.VOLUMESCHOLARSHIP,VNM,2023,20887468,,
ODAFLOW.VOLUMESCHOLARSHIP,VUT,2006,3104331,,
ODAFLOW.VOLUMESCHOLARSHIP,VUT,2007,1737890,,
ODAFLOW.VOLUMESCHOLARSHIP,VUT,2008,3152527,,
ODAFLOW.VOLUMESCHOLARSHIP,VUT,2009,5922392,,
ODAFLOW.VOLUMESCHOLARSHIP,VUT,2010,4866315,,
ODAFLOW.VOLUMESCHOLARSHIP,VUT,2011,4383626,,
ODAFLOW.VOLUMESCHOLARSHIP,VUT,2012,3757241,,
ODAFLOW.VOLUMESCHOLARSHIP,VUT,2013,4594550,,
ODAFLOW.VOLUMESCHOLARSHIP,VUT,2014,4217582,,
ODAFLOW.VOLUMESCHOLARSHIP,VUT,2015,3626871,,
ODAFLOW.VOLUMESCHOLARSHIP,VUT,2016,3123505,,
ODAFLOW.VOLUMESCHOLARSHIP,VUT,2017,4590690,,
ODAFLOW.VOLUMESCHOLARSHIP,VUT,2018,3420796,,
ODAFLOW.VOLUMESCHOLARSHIP,VUT,2019,2622375,,
ODAFLOW.VOLUMESCHOLARSHIP,VUT,2020,3877273,,
ODAFLOW.VOLUMESCHOLARSHIP,VUT,2021,1324615,,
ODAFLOW.VOLUMESCHOLARSHIP,VUT,2022,2078462,,
ODAFLOW.VOLUMESCHOLARSHIP,VUT,2023,3079368,,
ODAFLOW.VOLUMESCHOLARSHIP,WSM,2006,3582693,,
ODAFLOW.VOLUMESCHOLARSHIP,WSM,2007,2848867,,
ODAFLOW.VOLUMESCHOLARSHIP,WSM,2008,2048500,,
ODAFLOW.VOLUMESCHOLARSHIP,WSM,2009,5352088,,
ODAFLOW.VOLUMESCHOLARSHIP,WSM,2010,6278342,,
ODAFLOW.VOLUMESCHOLARSHIP,WSM,2011,6788526,,
ODAFLOW.VOLUMESCHOLARSHIP,WSM,2012,7131897,,
ODAFLOW.VOLUMESCHOLARSHIP,WSM,2013,7841231,,
ODAFLOW.VOLUMESCHOLARSHIP,WSM,2014,7159187,,
ODAFLOW.VOLUMESCHOLARSHIP,WSM,2015,6720799,,
ODAFLOW.VOLUMESCHOLARSHIP,WSM,2016,6920615,,
ODAFLOW.VOLUMESCHOLARSHIP,WSM,2017,7235844,,
ODAFLOW.VOLUMESCHOLARSHIP,WSM,2018,8821948,,
ODAFLOW.VOLUMESCHOLARSHIP,WSM,2019,7829131,,
ODAFLOW.VOLUMESCHOLARSHIP,WSM,2020,8559490,,
ODAFLOW.VOLUMESCHOLARSHIP,WSM,2021,4043031,,
ODAFLOW.VOLUMESCHOLARSHIP,WSM,2022,7647974,,
ODAFLOW.VOLUMESCHOLARSHIP,WSM,2023,8379053,,
ODAFLOW.VOLUMESCHOLARSHIP,YEM,2006,61576,,
ODAFLOW.VOLUMESCHOLARSHIP,YEM,2007,28141,,
ODAFLOW.VOLUMESCHOLARSHIP,YEM,2008,806202,,
ODAFLOW.VOLUMESCHOLARSHIP,YEM,2009,1579736,,
ODAFLOW.VOLUMESCHOLARSHIP,YEM,2010,1326636,,
ODAFLOW.VOLUMESCHOLARSHIP,YEM,2011,1911441,,
ODAFLOW.VOLUMESCHOLARSHIP,YEM,2012,1825813,,
ODAFLOW.VOLUMESCHOLARSHIP,YEM,2013,2137031,,
ODAFLOW.VOLUMESCHOLARSHIP,YEM,2014,1772799,,
ODAFLOW.VOLUMESCHOLARSHIP,YEM,2015,30434558,,
ODAFLOW.VOLUMESCHOLARSHIP,YEM,2016,27803936,,
ODAFLOW.VOLUMESCHOLARSHIP,YEM,2017,27266818,,
ODAFLOW.VOLUMESCHOLARSHIP,YEM,2018,3778044,,
ODAFLOW.VOLUMESCHOLARSHIP,YEM,2019,14025234,,
ODAFLOW.VOLUMESCHOLARSHIP,YEM,2020,14591023,,
ODAFLOW.VOLUMESCHOLARSHIP,YEM,2021,13411393,,
ODAFLOW.VOLUMESCHOLARSHIP,YEM,2022,11178574,,
ODAFLOW.VOLUMESCHOLARSHIP,YEM,2023,25965632,,
ODAFLOW.VOLUMESCHOLARSHIP,ZAF,2006,449501,,
ODAFLOW.VOLUMESCHOLARSHIP,ZAF,2007,986822,,
ODAFLOW.VOLUMESCHOLARSHIP,ZAF,2008,2222756,,
ODAFLOW.VOLUMESCHOLARSHIP,ZAF,2009,3025185,,
ODAFLOW.VOLUMESCHOLARSHIP,ZAF,2010,6956782,,
ODAFLOW.VOLUMESCHOLARSHIP,ZAF,2011,8151169,,
ODAFLOW.VOLUMESCHOLARSHIP,ZAF,2012,8383767,,
ODAFLOW.VOLUMESCHOLARSHIP,ZAF,2013,10277006,,
ODAFLOW.VOLUMESCHOLARSHIP,ZAF,2014,9552239,,
ODAFLOW.VOLUMESCHOLARSHIP,ZAF,2015,9563354,,
ODAFLOW.VOLUMESCHOLARSHIP,ZAF,2016,9211413,,
ODAFLOW.VOLUMESCHOLARSHIP,ZAF,2017,13517530,,
ODAFLOW.VOLUMESCHOLARSHIP,ZAF,2018,8072386,,
ODAFLOW.VOLUMESCHOLARSHIP,ZAF,2019,10437338,,
ODAFLOW.VOLUMESCHOLARSHIP,ZAF,2020,29318212,,
ODAFLOW.VOLUMESCHOLARSHIP,ZAF,2021,6416739,,
ODAFLOW.VOLUMESCHOLARSHIP,ZAF,2022,7689620,,
ODAFLOW.VOLUMESCHOLARSHIP,ZAF,2023,4918893,,
ODAFLOW.VOLUMESCHOLARSHIP,ZMB,2006,666940,,
ODAFLOW.VOLUMESCHOLARSHIP,ZMB,2007,345268,,
ODAFLOW.VOLUMESCHOLARSHIP,ZMB,2008,5788053,,
ODAFLOW.VOLUMESCHOLARSHIP,ZMB,2009,3471079,,
ODAFLOW.VOLUMESCHOLARSHIP,ZMB,2010,1646596,,
ODAFLOW.VOLUMESCHOLARSHIP,ZMB,2011,3857192,,
ODAFLOW.VOLUMESCHOLARSHIP,ZMB,2012,3202959,,
ODAFLOW.VOLUMESCHOLARSHIP,ZMB,2013,4149823,,
ODAFLOW.VOLUMESCHOLARSHIP,ZMB,2014,2453644,,
ODAFLOW.VOLUMESCHOLARSHIP,ZMB,2015,3056164,,
ODAFLOW.VOLUMESCHOLARSHIP,ZMB,2016,2247113,,
ODAFLOW.VOLUMESCHOLARSHIP,ZMB,2017,5853947,,
ODAFLOW.VOLUMESCHOLARSHIP,ZMB,2018,3866288,,
ODAFLOW.VOLUMESCHOLARSHIP,ZMB,2019,3975509,,
ODAFLOW.VOLUMESCHOLARSHIP,ZMB,2020,2936703,,
ODAFLOW.VOLUMESCHOLARSHIP,ZMB,2021,2709134,,
ODAFLOW.VOLUMESCHOLARSHIP,ZMB,2022,2629967,,
ODAFLOW.VOLUMESCHOLARSHIP,ZMB,2023,3047159,,
ODAFLOW.VOLUMESCHOLARSHIP,ZWE,2006,149720,,
ODAFLOW.VOLUMESCHOLARSHIP,ZWE,2007,53282,,
ODAFLOW.VOLUMESCHOLARSHIP,ZWE,2008,230940,,
ODAFLOW.VOLUMESCHOLARSHIP,ZWE,2009,2767512,,
ODAFLOW.VOLUMESCHOLARSHIP,ZWE,2010,981519,,
ODAFLOW.VOLUMESCHOLARSHIP,ZWE,2011,1003203,,
ODAFLOW.VOLUMESCHOLARSHIP,ZWE,2012,1419101,,
ODAFLOW.VOLUMESCHOLARSHIP,ZWE,2013,1628302,,
ODAFLOW.VOLUMESCHOLARSHIP,ZWE,2014,1738677,,
ODAFLOW.VOLUMESCHOLARSHIP,ZWE,2015,3487065,,
ODAFLOW.VOLUMESCHOLARSHIP,ZWE,2016,1508983,,
ODAFLOW.VOLUMESCHOLARSHIP,ZWE,2017,1911220,,
ODAFLOW.VOLUMESCHOLARSHIP,ZWE,2018,2874692,,
ODAFLOW.VOLUMESCHOLARSHIP,ZWE,2019,3868115,,
ODAFLOW.VOLUMESCHOLARSHIP,ZWE,2020,1965207,,
ODAFLOW.VOLUMESCHOLARSHIP,ZWE,2021,2499624,,
ODAFLOW.VOLUMESCHOLARSHIP,ZWE,2022,2049955,,
ODAFLOW.VOLUMESCHOLARSHIP,ZWE,2023,1917744,,
XGDP.FSGOV,ABW,2000,4.714680194854736,,
XGDP.FSGOV,ABW,2001,4.798980236053467,,
XGDP.FSGOV,ABW,2002,4.872200012207031,,
XGDP.FSGOV,ABW,2004,4.356989860534668,,
XGDP.FSGOV,ABW,2005,4.623219966888428,,
XGDP.FSGOV,ABW,2007,4.702549934387207,,
XGDP.FSGOV,ABW,2008,4.827300071716309,,
XGDP.FSGOV,ABW,2009,5.797399997711182,,
XGDP.FSGOV,ABW,2010,6.751090049743652,,
XGDP.FSGOV,ABW,2011,5.914669990539551,,
XGDP.FSGOV,ABW,2012,6.3472900390625,,
XGDP.FSGOV,ABW,2013,6.442959785461426,,
XGDP.FSGOV,ABW,2014,5.851280212402344,,
XGDP.FSGOV,ABW,2015,5.888269901275635,,
XGDP.FSGOV,ABW,2016,5.491360187530518,,
XGDP.FSGOV,ABW,2017,4.455819961275041,,
XGDP.FSGOV,ABW,2018,4.548763552436153,,
XGDP.FSGOV,ABW,2019,4.435036867769574,,
XGDP.FSGOV,ABW,2021,3.618557556366949,,
XGDP.FSGOV,AFG,2010,3.479449987411499,,
XGDP.FSGOV,AFG,2011,3.462009906768799,,
XGDP.FSGOV,AFG,2012,2.604199886322021,,
XGDP.FSGOV,AFG,2013,3.45445990562439,,
XGDP.FSGOV,AFG,2014,3.695219993591309,,
XGDP.FSGOV,AFG,2015,3.255800008773804,,
XGDP.FSGOV,AFG,2016,4.543970108032227,UIS_EST,
XGDP.FSGOV,AFG,2017,4.34319019317627,UIS_EST,
XGDP.FSGOV,AGO,2000,2.607530117034912,,
XGDP.FSGOV,AGO,2005,2.120110034942627,,
XGDP.FSGOV,AGO,2006,2.281460046768188,,
XGDP.FSGOV,AGO,2010,3.421319961547852,,
XGDP.FSGOV,AGO,2012,3.08191085718142,,
XGDP.FSGOV,AGO,2013,4.43894951297476,,
XGDP.FSGOV,AGO,2015,3.486895803934126,,
XGDP.FSGOV,AGO,2016,2.754936645827247,,
XGDP.FSGOV,AGO,2017,2.466878811048856,,
XGDP.FSGOV,AGO,2018,2.183512989462747,,
XGDP.FSGOV,AGO,2019,2.07306438181603,,
XGDP.FSGOV,AGO,2020,2.667447336892847,,
XGDP.FSGOV,AGO,2021,2.297196895132406,,
XGDP.FSGOV,AGO,2022,2.385358984166333,,
XGDP.FSGOV,AGO,2023,2.51273663315785,,
XGDP.FSGOV,AIA,2000,3.781780004501343,UIS_EST,
XGDP.FSGOV,AIA,2001,5.367650032043457,UIS_EST,
XGDP.FSGOV,AIA,2002,5.448390007019043,,
XGDP.FSGOV,AIA,2003,5.09991979598999,,
XGDP.FSGOV,AIA,2005,2.9583899974823,,
XGDP.FSGOV,AIA,2008,2.830889940261841,,
XGDP.FSGOV,AIA,2011,3.154357383275851,,
XGDP.FSGOV,AIA,2012,3.370353025852436,,
XGDP.FSGOV,AIA,2013,3.383008224902446,,
XGDP.FSGOV,AIA,2014,3.039221344429111,,
XGDP.FSGOV,AIA,2015,2.979636913890531,,
XGDP.FSGOV,AIA,2016,3.140121483095378,,
XGDP.FSGOV,AIA,2017,3.647183764907426,,
XGDP.FSGOV,AIA,2018,3.296697448973732,,
XGDP.FSGOV,AIA,2019,2.812934878782516,,
XGDP.FSGOV,AIA,2020,4.063554651112799,,
XGDP.FSGOV,AIA,2021,3.569035735380981,,
XGDP.FSGOV,AIA,2022,2.50012405750642,,
XGDP.FSGOV,ALB,2000,3.430170059204102,,
XGDP.FSGOV,ALB,2001,3.458699941635132,,
XGDP.FSGOV,ALB,2002,3.117799997329712,,
XGDP.FSGOV,ALB,2003,3.138230085372925,,
XGDP.FSGOV,ALB,2004,3.227519989013672,,
XGDP.FSGOV,ALB,2005,3.28154993057251,,
XGDP.FSGOV,ALB,2006,3.191459894180298,,
XGDP.FSGOV,ALB,2007,3.275929927825928,,
XGDP.FSGOV,ALB,2011,3.178813107430264,,
XGDP.FSGOV,ALB,2012,3.295339869285979,,
XGDP.FSGOV,ALB,2013,3.539299964904785,,
XGDP.FSGOV,ALB,2014,3.181777345532536,,
XGDP.FSGOV,ALB,2015,3.437969923019409,,
XGDP.FSGOV,ALB,2016,3.962090015411377,,
XGDP.FSGOV,ALB,2017,3.611720085144043,,
XGDP.FSGOV,ALB,2018,3.082013704073892,,
XGDP.FSGOV,ALB,2019,3.870189905166626,,
XGDP.FSGOV,ALB,2020,3.325040102005005,,
XGDP.FSGOV,ALB,2021,3.005559921264648,,
XGDP.FSGOV,ALB,2022,2.729769945144653,,
XGDP.FSGOV,ALB,2023,3.091530084609985,,
XGDP.FSGOV,AND,2002,1.659710049629211,,
XGDP.FSGOV,AND,2004,1.544119954109192,,
XGDP.FSGOV,AND,2005,1.644970059394836,,
XGDP.FSGOV,AND,2006,2.244899988174438,,
XGDP.FSGOV,AND,2007,2.104690074920654,,
XGDP.FSGOV,AND,2008,2.873929977416992,,
XGDP.FSGOV,AND,2009,3.142920017242432,,
XGDP.FSGOV,AND,2010,2.976629972457886,,
XGDP.FSGOV,AND,2011,2.987060070037842,,
XGDP.FSGOV,AND,2012,2.56577895521486,,
XGDP.FSGOV,AND,2013,2.506160020828247,,
XGDP.FSGOV,AND,2014,3.074209928512573,,
XGDP.FSGOV,AND,2015,3.280349969863892,,
XGDP.FSGOV,AND,2016,3.237070083618164,,
XGDP.FSGOV,AND,2017,3.217089891433716,,
XGDP.FSGOV,AND,2018,3.2467200756073,,
XGDP.FSGOV,AND,2019,3.150609970092773,,
XGDP.FSGOV,AND,2020,2.632130465530661,,
XGDP.FSGOV,AND,2021,2.381921736036997,,
XGDP.FSGOV,AND,2022,2.647279977798462,,
XGDP.FSGOV,AND,2023,1.898679971694946,,
XGDP.FSGOV,ARE,2019,3.860209941864014,,
XGDP.FSGOV,ARE,2020,3.984179973602295,,
XGDP.FSGOV,ARE,2021,3.894030094146729,,
XGDP.FSGOV,ARG,2000,4.580309867858887,,
XGDP.FSGOV,ARG,2001,4.833740234375,,
XGDP.FSGOV,ARG,2002,4.017340183258057,,
XGDP.FSGOV,ARG,2003,3.535049915313721,,
XGDP.FSGOV,ARG,2004,3.486520051956177,,
XGDP.FSGOV,ARG,2005,3.860009908676147,,
XGDP.FSGOV,ARG,2006,4.128210067749023,,
XGDP.FSGOV,ARG,2007,4.462600231170654,,
XGDP.FSGOV,ARG,2008,4.844409942626953,,
XGDP.FSGOV,ARG,2009,5.531050205230713,,
XGDP.FSGOV,ARG,2010,5.019710063934326,,
XGDP.FSGOV,ARG,2011,5.290629863739014,,
XGDP.FSGOV,ARG,2012,5.345829963684082,,
XGDP.FSGOV,ARG,2013,5.436610221862793,,
XGDP.FSGOV,ARG,2014,5.361440181732178,,
XGDP.FSGOV,ARG,2015,5.776110172271729,,
XGDP.FSGOV,ARG,2016,5.54548978805542,,
XGDP.FSGOV,ARG,2017,5.454319953918457,,
XGDP.FSGOV,ARG,2018,4.877739906311035,,
XGDP.FSGOV,ARG,2019,4.771649837493896,,
XGDP.FSGOV,ARG,2020,5.276899814605713,,
XGDP.FSGOV,ARG,2021,4.653930187225342,,
XGDP.FSGOV,ARG,2022,4.792630195617676,,
XGDP.FSGOV,ARG,2023,5.897540236902439,,
XGDP.FSGOV,ARM,2000,2.772730112075806,,
XGDP.FSGOV,ARM,2001,2.46943998336792,,
XGDP.FSGOV,ARM,2002,2.135040044784546,,
XGDP.FSGOV,ARM,2003,2.145040035247803,,
XGDP.FSGOV,ARM,2004,2.486730098724365,,
XGDP.FSGOV,ARM,2005,2.712029933929443,,
XGDP.FSGOV,ARM,2006,2.71577000617981,,
XGDP.FSGOV,ARM,2007,3.018939971923828,,
XGDP.FSGOV,ARM,2008,3.172729969024658,,
XGDP.FSGOV,ARM,2009,3.840790033340454,,
XGDP.FSGOV,ARM,2010,3.249000072479248,,
XGDP.FSGOV,ARM,2011,3.143850088119507,,
XGDP.FSGOV,ARM,2012,2.772480010986328,,
XGDP.FSGOV,ARM,2013,2.650180101394653,,
XGDP.FSGOV,ARM,2014,2.24724006652832,,
XGDP.FSGOV,ARM,2015,2.805910110473633,,
XGDP.FSGOV,ARM,2016,2.758120059967041,,
XGDP.FSGOV,ARM,2017,2.707590103149414,,
XGDP.FSGOV,ARM,2018,2.113311805122895,,
XGDP.FSGOV,ARM,2019,2.159842398397707,,
XGDP.FSGOV,ARM,2020,2.705559968948364,,
XGDP.FSGOV,ARM,2021,2.767849922180176,,
XGDP.FSGOV,ARM,2022,2.491899967193604,,
XGDP.FSGOV,ARM,2023,2.438699960708618,,
XGDP.FSGOV,ASM,2006,14.71704959869385,,
XGDP.FSGOV,ATG,2002,3.079139947891235,,
XGDP.FSGOV,ATG,2009,2.222759962081909,,
XGDP.FSGOV,ATG,2012,2.130430259070828,,
XGDP.FSGOV,ATG,2013,2.35972143126598,,
XGDP.FSGOV,ATG,2014,2.304440937563795,,
XGDP.FSGOV,ATG,2015,1.993475530276099,,
XGDP.FSGOV,ATG,2016,2.171499315046356,,
XGDP.FSGOV,ATG,2017,2.281583150388969,,
XGDP.FSGOV,ATG,2018,2.269227084368933,,
XGDP.FSGOV,ATG,2019,3.357256533825629,,
XGDP.FSGOV,ATG,2020,3.005183046086398,,
XGDP.FSGOV,ATG,2021,2.508973931988649,,
XGDP.FSGOV,ATG,2022,2.503687555523828,,
XGDP.FSGOV,ATG,2023,3.105051618321362,,
XGDP.FSGOV,AUS,2020,5.386250019073486,,
XGDP.FSGOV,AUS,2021,5.341090202331543,,
XGDP.FSGOV,AUS,2022,5.059160232543945,,
XGDP.FSGOV,AUT,2000,5.620369911193848,,
XGDP.FSGOV,AUT,2001,5.604750156402588,,
XGDP.FSGOV,AUT,2002,5.562550067901611,,
XGDP.FSGOV,AUT,2003,5.392539978027344,,
XGDP.FSGOV,AUT,2004,5.342249870300293,,
XGDP.FSGOV,AUT,2005,5.285150051116943,,
XGDP.FSGOV,AUT,2006,5.263679981231689,,
XGDP.FSGOV,AUT,2007,5.179180145263672,,
XGDP.FSGOV,AUT,2008,5.298510074615479,,
XGDP.FSGOV,AUT,2009,5.765679836273193,,
XGDP.FSGOV,AUT,2010,5.736259937286377,,
XGDP.FSGOV,AUT,2011,5.627870082855225,,
XGDP.FSGOV,AUT,2012,5.516119956970215,,
XGDP.FSGOV,AUT,2013,5.594059944152832,,
XGDP.FSGOV,AUT,2014,5.497660160064697,,
XGDP.FSGOV,AUT,2015,5.49144983291626,,
XGDP.FSGOV,AUT,2016,5.50954008102417,,
XGDP.FSGOV,AUT,2017,5.401810169219971,,
XGDP.FSGOV,AUT,2018,5.254370212554932,,
XGDP.FSGOV,AUT,2019,5.236780166625977,,
XGDP.FSGOV,AUT,2020,5.579619884490967,,
XGDP.FSGOV,AUT,2021,5.480710029602051,,
XGDP.FSGOV,AUT,2022,5.277480125427246,,
XGDP.FSGOV,AZE,2000,3.853990077972412,,
XGDP.FSGOV,AZE,2001,3.503420114517212,,
XGDP.FSGOV,AZE,2002,3.154459953308105,,
XGDP.FSGOV,AZE,2003,3.286149978637695,,
XGDP.FSGOV,AZE,2004,3.447700023651123,,
XGDP.FSGOV,AZE,2005,2.97462010383606,,
XGDP.FSGOV,AZE,2006,2.555520057678223,,
XGDP.FSGOV,AZE,2007,2.549279928207397,,
XGDP.FSGOV,AZE,2008,2.440929889678955,,
XGDP.FSGOV,AZE,2009,3.224309921264648,,
XGDP.FSGOV,AZE,2010,2.780620098114014,,
XGDP.FSGOV,AZE,2011,2.435640096664429,,
XGDP.FSGOV,AZE,2012,2.067630052566528,,
XGDP.FSGOV,AZE,2013,2.442130088806152,,
XGDP.FSGOV,AZE,2014,2.633039951324463,,
XGDP.FSGOV,AZE,2015,2.951679944992065,,
XGDP.FSGOV,AZE,2016,2.903409957885742,,
XGDP.FSGOV,AZE,2017,2.473819971084595,,
XGDP.FSGOV,AZE,2018,2.455430030822754,,
XGDP.FSGOV,AZE,2019,3.176460027694702,NAT_EST,
XGDP.FSGOV,AZE,2020,4.33204984664917,NAT_EST,
XGDP.FSGOV,AZE,2021,3.702080011367798,,
XGDP.FSGOV,AZE,2022,3.046900033950806,,
XGDP.FSGOV,AZE,2023,3.664000034332275,,
XGDP.FSGOV,BDI,2000,2.645479917526245,,
XGDP.FSGOV,BDI,2001,2.903909921646118,,
XGDP.FSGOV,BDI,2002,3.004930019378662,,
XGDP.FSGOV,BDI,2004,3.744960069656372,,
XGDP.FSGOV,BDI,2005,3.632159948348999,,
XGDP.FSGOV,BDI,2008,5.19290018081665,,
XGDP.FSGOV,BDI,2009,6.171949863433838,,
XGDP.FSGOV,BDI,2010,6.77524995803833,,
XGDP.FSGOV,BDI,2011,6.319250106811523,,
XGDP.FSGOV,BDI,2012,6.167779922485352,,
XGDP.FSGOV,BDI,2013,5.995399951934814,,
XGDP.FSGOV,BDI,2014,6.784520149230957,UIS_EST,
XGDP.FSGOV,BDI,2015,6.371339797973633,UIS_EST,
XGDP.FSGOV,BDI,2016,4.691999912261963,UIS_EST,
XGDP.FSGOV,BDI,2017,4.762020111083984,UIS_EST,
XGDP.FSGOV,BDI,2018,5.078649997711182,,
XGDP.FSGOV,BDI,2019,5.346684453784007,,
XGDP.FSGOV,BDI,2020,5.321585068387312,,
XGDP.FSGOV,BDI,2021,4.871141738923751,,
XGDP.FSGOV,BEL,2005,5.795859813690186,,
XGDP.FSGOV,BEL,2008,6.332940101623535,,
XGDP.FSGOV,BEL,2009,6.434659957885742,,
XGDP.FSGOV,BEL,2010,6.440770149230957,,
XGDP.FSGOV,BEL,2011,6.384819984436035,,
XGDP.FSGOV,BEL,2012,6.566269874572754,,
XGDP.FSGOV,BEL,2013,6.601359844207764,,
XGDP.FSGOV,BEL,2014,6.558650016784668,,
XGDP.FSGOV,BEL,2015,6.469639778137207,,
XGDP.FSGOV,BEL,2016,6.486130237579346,,
XGDP.FSGOV,BEL,2017,6.449150085449219,,
XGDP.FSGOV,BEL,2018,6.388830184936523,,
XGDP.FSGOV,BEL,2019,6.32381010055542,,
XGDP.FSGOV,BEL,2020,6.754700183868408,,
XGDP.FSGOV,BEL,2021,6.381120204925537,,
XGDP.FSGOV,BEL,2022,6.277969837188721,,
XGDP.FSGOV,BEN,2000,2.113660097122192,,
XGDP.FSGOV,BEN,2001,2.365099906921387,,
XGDP.FSGOV,BEN,2002,2.15949010848999,,
XGDP.FSGOV,BEN,2003,2.283159971237183,,
XGDP.FSGOV,BEN,2004,2.566900014877319,,
XGDP.FSGOV,BEN,2005,2.656680107116699,,
XGDP.FSGOV,BEN,2006,2.563400030136108,,
XGDP.FSGOV,BEN,2007,2.363310098648071,,
XGDP.FSGOV,BEN,2008,2.77728009223938,,
XGDP.FSGOV,BEN,2009,3.089270114898682,,
XGDP.FSGOV,BEN,2010,3.679970026016235,,
XGDP.FSGOV,BEN,2012,3.562020063400269,,
XGDP.FSGOV,BEN,2013,3.327510118484497,,
XGDP.FSGOV,BEN,2014,3.161789894104004,,
XGDP.FSGOV,BEN,2015,3.172980070114136,,
XGDP.FSGOV,BEN,2016,2.899100065231323,UIS_EST,
XGDP.FSGOV,BEN,2017,3.535589933395386,UIS_EST,
XGDP.FSGOV,BEN,2018,2.931619882583618,UIS_EST,
XGDP.FSGOV,BEN,2019,2.732047414606282,,
XGDP.FSGOV,BEN,2020,2.898984319116178,,
XGDP.FSGOV,BEN,2021,3.096926380903812,,
XGDP.FSGOV,BEN,2022,3.097264267830495,,
XGDP.FSGOV,BEN,2023,3.229743220566077,,
XGDP.FSGOV,BFA,2005,3.941139936447144,,
XGDP.FSGOV,BFA,2006,3.982189893722534,,
XGDP.FSGOV,BFA,2007,4.079830169677734,,
XGDP.FSGOV,BFA,2010,3.502229928970337,,
XGDP.FSGOV,BFA,2011,3.985150098800659,,
XGDP.FSGOV,BFA,2012,3.60315990447998,,
XGDP.FSGOV,BFA,2013,4.083439826965332,,
XGDP.FSGOV,BFA,2014,4.053299903869629,,
XGDP.FSGOV,BFA,2015,3.670089960098267,,
XGDP.FSGOV,BFA,2017,5.628469944000244,UIS_EST,
XGDP.FSGOV,BFA,2018,5.488609790802002,UIS_EST,
XGDP.FSGOV,BFA,2019,5.456156325202511,,
XGDP.FSGOV,BFA,2020,5.211482770301663,,
XGDP.FSGOV,BFA,2021,5.24913346712028,,
XGDP.FSGOV,BFA,2022,5.294567533042409,,
XGDP.FSGOV,BFA,2023,5.327578409971871,,
XGDP.FSGOV,BGD,2000,2.125080108642578,,
XGDP.FSGOV,BGD,2001,2.171930074691772,,
XGDP.FSGOV,BGD,2002,2.017149925231934,,
XGDP.FSGOV,BGD,2003,2.069390058517456,,
XGDP.FSGOV,BGD,2004,1.940140008926392,,
XGDP.FSGOV,BGD,2006,2.131289958953857,,
XGDP.FSGOV,BGD,2007,2.20221996307373,,
XGDP.FSGOV,BGD,2008,2.054569959640503,,
XGDP.FSGOV,BGD,2009,1.939419984817505,,
XGDP.FSGOV,BGD,2011,2.132699966430664,,
XGDP.FSGOV,BGD,2012,2.17549991607666,,
XGDP.FSGOV,BGD,2013,1.96616005897522,UIS_EST,
XGDP.FSGOV,BGD,2014,2.09871663086838,,
XGDP.FSGOV,BGD,2015,1.872254171099784,,
XGDP.FSGOV,BGD,2016,1.281839966773987,,
XGDP.FSGOV,BGD,2017,2.11342875356648,,
XGDP.FSGOV,BGD,2018,2.094774735456656,,
XGDP.FSGOV,BGD,2019,1.130949974060059,,
XGDP.FSGOV,BGD,2020,2.139743517418768,,
XGDP.FSGOV,BGD,2021,2.170908825046537,,
XGDP.FSGOV,BGD,2022,2.085386578062429,,
XGDP.FSGOV,BGD,2023,2.162138263447007,,
XGDP.FSGOV,BGD,2024,2.034384779138396,,
XGDP.FSGOV,BGR,2001,3.384239912033081,,
XGDP.FSGOV,BGR,2002,3.386080026626587,,
XGDP.FSGOV,BGR,2003,3.998450040817261,,
XGDP.FSGOV,BGR,2004,4.249889850616455,,
XGDP.FSGOV,BGR,2005,4.108799934387207,,
XGDP.FSGOV,BGR,2006,3.903460025787354,,
XGDP.FSGOV,BGR,2007,3.680340051651001,,
XGDP.FSGOV,BGR,2008,4.219089984893799,,
XGDP.FSGOV,BGR,2009,4.274290084838867,,
XGDP.FSGOV,BGR,2010,3.857460021972656,,
XGDP.FSGOV,BGR,2011,3.546900033950806,,
XGDP.FSGOV,BGR,2012,3.476500034332275,,
XGDP.FSGOV,BGR,2013,4.057660102844238,,
XGDP.FSGOV,BGR,2017,4.077559947967529,,
XGDP.FSGOV,BGR,2018,4.052020072937012,,
XGDP.FSGOV,BGR,2019,4.214290142059326,,
XGDP.FSGOV,BGR,2020,4.482970237731934,,
XGDP.FSGOV,BGR,2021,4.709239959716797,,
XGDP.FSGOV,BGR,2022,4.501090049743652,,
XGDP.FSGOV,BHR,2006,2.874409914016724,,
XGDP.FSGOV,BHR,2007,2.575000047683716,,
XGDP.FSGOV,BHR,2008,2.496779918670654,,
XGDP.FSGOV,BHR,2010,2.351149749849765,,
XGDP.FSGOV,BHR,2011,2.312353964879852,,
XGDP.FSGOV,BHR,2012,2.544830083847046,,
XGDP.FSGOV,BHR,2013,2.382869958877563,,
XGDP.FSGOV,BHR,2014,2.369189977645874,,
XGDP.FSGOV,BHR,2015,2.553440093994141,,
XGDP.FSGOV,BHR,2016,2.802482902511535,,
XGDP.FSGOV,BHR,2017,2.216370105743408,,
XGDP.FSGOV,BHR,2018,2.388939768336617,,
XGDP.FSGOV,BHR,2019,2.111469828124909,,
XGDP.FSGOV,BHR,2020,2.058019075220523,,
XGDP.FSGOV,BHR,2021,1.851159401159178,,
XGDP.FSGOV,BHR,2022,1.711921270940046,,
XGDP.FSGOV,BHR,2023,1.887781679129928,,
XGDP.FSGOV,BHS,2000,2.232840061187744,UIS_EST,
XGDP.FSGOV,BHS,2010,2.451659904752094,,
XGDP.FSGOV,BHS,2011,2.355766385811955,,
XGDP.FSGOV,BHS,2012,2.303911972389348,,
XGDP.FSGOV,BHS,2013,2.424288424171301,,
XGDP.FSGOV,BHS,2014,2.24714705533939,,
XGDP.FSGOV,BHS,2015,2.272317591823097,,
XGDP.FSGOV,BHS,2016,2.58786212973921,,
XGDP.FSGOV,BHS,2017,2.695101620534948,,
XGDP.FSGOV,BHS,2018,2.492641124621506,,
XGDP.FSGOV,BHS,2019,2.625731765031269,,
XGDP.FSGOV,BHS,2020,3.712522996123798,,
XGDP.FSGOV,BHS,2021,3.048906552085074,,
XGDP.FSGOV,BHS,2022,2.623670214061692,,
XGDP.FSGOV,BHS,2023,2.741915702479339,,
XGDP.FSGOV,BIH,2014,3.314739656746312,,
XGDP.FSGOV,BIH,2015,3.018112866777204,,
XGDP.FSGOV,BIH,2016,4.264510154724121,,
XGDP.FSGOV,BIH,2017,2.83868424239217,,
XGDP.FSGOV,BIH,2018,3.892970085144043,,
XGDP.FSGOV,BIH,2019,4.04449987411499,,
XGDP.FSGOV,BIH,2020,3.019540883711231,,
XGDP.FSGOV,BIH,2021,4.136229991912842,,
XGDP.FSGOV,BIH,2022,2.970129864265237,,
XGDP.FSGOV,BIH,2023,3.245648265977786,,
XGDP.FSGOV,BLR,2000,6.196619987487793,,
XGDP.FSGOV,BLR,2004,5.712259769439697,,
XGDP.FSGOV,BLR,2005,5.871029853820801,,
XGDP.FSGOV,BLR,2006,6.07696008682251,,
XGDP.FSGOV,BLR,2007,5.152100086212158,,
XGDP.FSGOV,BLR,2009,4.368939876556396,,
XGDP.FSGOV,BLR,2010,5.220039844512939,,
XGDP.FSGOV,BLR,2011,4.684790134429932,,
XGDP.FSGOV,BLR,2012,4.959640026092529,,
XGDP.FSGOV,BLR,2013,5.009419918060303,,
XGDP.FSGOV,BLR,2014,4.818329811096191,,
XGDP.FSGOV,BLR,2015,4.787509918212891,,
XGDP.FSGOV,BLR,2016,4.946549892425537,,
XGDP.FSGOV,BLR,2017,4.795000076293945,,
XGDP.FSGOV,BLR,2018,4.836569786071777,,
XGDP.FSGOV,BLR,2019,4.979489803314209,,
XGDP.FSGOV,BLR,2020,4.862639904022217,,
XGDP.FSGOV,BLR,2021,4.606410026550293,,
XGDP.FSGOV,BLR,2022,4.628230094909668,,
XGDP.FSGOV,BLR,2023,4.951479911804199,,
XGDP.FSGOV,BLZ,2000,3.68356990814209,,
XGDP.FSGOV,BLZ,2001,4.235199928283691,,
XGDP.FSGOV,BLZ,2003,3.90120005607605,,
XGDP.FSGOV,BLZ,2004,4.009669780731201,,
XGDP.FSGOV,BLZ,2008,4.299960136413574,,
XGDP.FSGOV,BLZ,2009,4.801199913024902,,
XGDP.FSGOV,BLZ,2010,5.242519855499268,,
XGDP.FSGOV,BLZ,2011,5.517869102335882,,
XGDP.FSGOV,BLZ,2012,5.473519895397871,,
XGDP.FSGOV,BLZ,2013,5.124740123748779,,
XGDP.FSGOV,BLZ,2014,5.139500141143799,,
XGDP.FSGOV,BLZ,2015,5.357110023498535,,
XGDP.FSGOV,BLZ,2016,5.726039886474609,,
XGDP.FSGOV,BLZ,2017,5.950719833374023,,
XGDP.FSGOV,BLZ,2018,6.127799987792969,,
XGDP.FSGOV,BLZ,2019,5.963779926300049,,
XGDP.FSGOV,BLZ,2020,5.213019847869873,,
XGDP.FSGOV,BLZ,2021,5.962989807128906,,
XGDP.FSGOV,BLZ,2022,4.604159832000732,,
XGDP.FSGOV,BLZ,2023,4.231430053710938,,
XGDP.FSGOV,BLZ,2024,4.622763172329727,,
XGDP.FSGOV,BMU,2003,1.666270017623901,,
XGDP.FSGOV,BMU,2004,1.775879979133606,,
XGDP.FSGOV,BMU,2005,1.988770008087158,,
XGDP.FSGOV,BMU,2009,2.289200067520142,,
XGDP.FSGOV,BMU,2010,2.306689977645874,,
XGDP.FSGOV,BMU,2011,2.196569883063237,,
XGDP.FSGOV,BMU,2012,2.385971371004854,,
XGDP.FSGOV,BMU,2013,2.279503206866903,,
XGDP.FSGOV,BMU,2014,1.536880016326904,,
XGDP.FSGOV,BMU,2015,1.50163996219635,,
XGDP.FSGOV,BMU,2016,2.039058741992874,,
XGDP.FSGOV,BMU,2017,1.324959993362427,,
XGDP.FSGOV,BMU,2018,1.935954667925642,,
XGDP.FSGOV,BMU,2019,1.926798272399705,,
XGDP.FSGOV,BMU,2020,1.748347974968563,,
XGDP.FSGOV,BMU,2021,1.945653258163358,,
XGDP.FSGOV,BMU,2022,1.775833388571663,,
XGDP.FSGOV,BMU,2023,1.865104407522758,,
XGDP.FSGOV,BOL,2006,6.434219837188721,,
XGDP.FSGOV,BOL,2007,6.720489978790283,,
XGDP.FSGOV,BOL,2008,6.723020076751709,,
XGDP.FSGOV,BOL,2009,7.574860095977783,,
XGDP.FSGOV,BOL,2010,6.973790168762207,,
XGDP.FSGOV,BOL,2011,6.450560092926025,,
XGDP.FSGOV,BOL,2012,6.627999782562256,,
XGDP.FSGOV,BOL,2013,6.803219795227051,,
XGDP.FSGOV,BOL,2014,7.478129863739014,,
XGDP.FSGOV,BOL,2015,8.14342975616455,,
XGDP.FSGOV,BOL,2016,8.150609970092773,,
XGDP.FSGOV,BOL,2017,8.097240447998047,,
XGDP.FSGOV,BOL,2018,8.015870094299316,,
XGDP.FSGOV,BOL,2019,8.091039657592773,,
XGDP.FSGOV,BOL,2020,8.43710994720459,,
XGDP.FSGOV,BOL,2021,7.962150096893311,,
XGDP.FSGOV,BOL,2022,7.575500011444092,,
XGDP.FSGOV,BOL,2023,8.315890714123565,,
XGDP.FSGOV,BRA,2000,3.948930025100708,,
XGDP.FSGOV,BRA,2001,3.844680070877075,,
XGDP.FSGOV,BRA,2002,3.750370025634766,,
XGDP.FSGOV,BRA,2004,3.974479913711548,,
XGDP.FSGOV,BRA,2005,4.479080200195313,,
XGDP.FSGOV,BRA,2006,4.87060022354126,,
XGDP.FSGOV,BRA,2007,4.974259853363037,,
XGDP.FSGOV,BRA,2008,5.268839836120605,,
XGDP.FSGOV,BRA,2009,5.463550090789795,,
XGDP.FSGOV,BRA,2010,5.648799896240234,,
XGDP.FSGOV,BRA,2011,5.737410068511963,,
XGDP.FSGOV,BRA,2012,5.855100154876709,,
XGDP.FSGOV,BRA,2013,5.838850021362305,,
XGDP.FSGOV,BRA,2014,5.948480129241943,,
XGDP.FSGOV,BRA,2015,6.24105978012085,,
XGDP.FSGOV,BRA,2016,6.314040184020996,,
XGDP.FSGOV,BRA,2017,6.320479869842529,,
XGDP.FSGOV,BRA,2018,6.088510036468506,,
XGDP.FSGOV,BRA,2019,5.963469982147217,,
XGDP.FSGOV,BRA,2020,5.771500110626221,,
XGDP.FSGOV,BRA,2021,5.4969801902771,,
XGDP.FSGOV,BRA,2022,5.619229793548584,,
XGDP.FSGOV,BRB,2000,4.715859889984131,,
XGDP.FSGOV,BRB,2001,6.055369853973389,,
XGDP.FSGOV,BRB,2002,5.880620002746582,,
XGDP.FSGOV,BRB,2003,6.245699882507324,,
XGDP.FSGOV,BRB,2004,6.024280071258545,,
XGDP.FSGOV,BRB,2005,5.669650077819824,,
XGDP.FSGOV,BRB,2007,5.22061014175415,,
XGDP.FSGOV,BRB,2008,4.920740127563477,,
XGDP.FSGOV,BRB,2009,5.110400199890137,,
XGDP.FSGOV,BRB,2010,6.052619934082031,,
XGDP.FSGOV,BRB,2012,4.588230133056641,,
XGDP.FSGOV,BRB,2013,4.503069877624512,,
XGDP.FSGOV,BRB,2014,5.359509944915771,,
XGDP.FSGOV,BRB,2015,5.159975172324714,,
XGDP.FSGOV,BRB,2016,4.197199821472168,,
XGDP.FSGOV,BRB,2017,3.956209897994995,,
XGDP.FSGOV,BRB,2018,5.404478255970884,,
XGDP.FSGOV,BRB,2019,3.722280025482178,,
XGDP.FSGOV,BRB,2020,3.865299940109253,,
XGDP.FSGOV,BRB,2021,4.49793004989624,,
XGDP.FSGOV,BRB,2022,4.140009880065918,,
XGDP.FSGOV,BRB,2023,3.775449991226196,,
XGDP.FSGOV,BRB,2024,3.555931881063215,,
XGDP.FSGOV,BRN,2000,3.384609937667847,,
XGDP.FSGOV,BRN,2010,1.843840003013611,,
XGDP.FSGOV,BRN,2011,3.322139978408813,,
XGDP.FSGOV,BRN,2012,2.889640092849731,,
XGDP.FSGOV,BRN,2014,3.353219985961914,,
XGDP.FSGOV,BRN,2016,4.425399780273438,,
XGDP.FSGOV,BTN,2000,5.786759853363037,,
XGDP.FSGOV,BTN,2001,5.449850082397461,,
XGDP.FSGOV,BTN,2004,6.123119831085205,,
XGDP.FSGOV,BTN,2005,6.764200210571289,,
XGDP.FSGOV,BTN,2008,4.569509983062744,,
XGDP.FSGOV,BTN,2009,4.418879985809326,,
XGDP.FSGOV,BTN,2010,3.823189973831177,,
XGDP.FSGOV,BTN,2011,4.316589832305908,,
XGDP.FSGOV,BTN,2013,5.165639877319336,,
XGDP.FSGOV,BTN,2014,5.461830139160156,,
XGDP.FSGOV,BTN,2015,6.928890228271484,,
XGDP.FSGOV,BTN,2016,6.40447998046875,UIS_EST,
XGDP.FSGOV,BTN,2017,6.617239952087402,UIS_EST,
XGDP.FSGOV,BTN,2018,6.478099822998047,UIS_EST,
XGDP.FSGOV,BTN,2019,4.509827838186626,,
XGDP.FSGOV,BTN,2020,5.469917782614635,,
XGDP.FSGOV,BTN,2021,6.5983860642268,,
XGDP.FSGOV,BTN,2022,7.469819802800528,,
XGDP.FSGOV,BTN,2023,5.845190048217773,,
XGDP.FSGOV,BWA,2005,10.67858982086182,,
XGDP.FSGOV,BWA,2007,9.046669960021973,,
XGDP.FSGOV,BWA,2009,9.825300216674805,,
XGDP.FSGOV,BWA,2011,10.82655374166309,,
XGDP.FSGOV,BWA,2012,8.109872974111402,,
XGDP.FSGOV,BWA,2013,8.0172064061589,,
XGDP.FSGOV,BWA,2014,7.88874188960311,,
XGDP.FSGOV,BWA,2015,8.394579416446737,,
XGDP.FSGOV,BWA,2016,8.735892963589285,,
XGDP.FSGOV,BWA,2017,7.809244439473921,,
XGDP.FSGOV,BWA,2018,7.905386053297099,,
XGDP.FSGOV,BWA,2019,8.398996603344601,,
XGDP.FSGOV,BWA,2020,8.058336609915406,,
XGDP.FSGOV,CAF,2000,1.612650036811829,,
XGDP.FSGOV,CAF,2002,1.519569993019104,,
XGDP.FSGOV,CAF,2003,1.539800047874451,,
XGDP.FSGOV,CAF,2004,1.624529957771301,,
XGDP.FSGOV,CAF,2005,1.652220010757446,,
XGDP.FSGOV,CAF,2006,1.415060043334961,,
XGDP.FSGOV,CAF,2007,1.31332004070282,,
XGDP.FSGOV,CAF,2008,1.29000997543335,,
XGDP.FSGOV,CAF,2009,1.254580020904541,,
XGDP.FSGOV,CAF,2010,1.117609977722168,,
XGDP.FSGOV,CAF,2011,1.107920050621033,,
XGDP.FSGOV,CAF,2012,1.980347248394731,,
XGDP.FSGOV,CAF,2013,2.638214238263553,,
XGDP.FSGOV,CAF,2014,2.220153316986932,,
XGDP.FSGOV,CAF,2015,1.910228587501197,,
XGDP.FSGOV,CAF,2016,1.754088982502339,,
XGDP.FSGOV,CAF,2017,1.753650139114652,,
XGDP.FSGOV,CAF,2018,1.565875968175352,,
XGDP.FSGOV,CAF,2019,1.767920746373609,,
XGDP.FSGOV,CAF,2020,2.144680611639768,,
XGDP.FSGOV,CAF,2021,1.8725169173301,,
XGDP.FSGOV,CAF,2022,2.115091294763655,,
XGDP.FSGOV,CAF,2023,1.829959113104194,,
XGDP.FSGOV,CAN,2000,5.423319816589355,,
XGDP.FSGOV,CAN,2001,4.953030109405518,,
XGDP.FSGOV,CAN,2002,4.993080139160156,,
XGDP.FSGOV,CAN,2005,4.765880107879639,,
XGDP.FSGOV,CAN,2007,4.766409873962402,,
XGDP.FSGOV,CAN,2008,4.626120090484619,,
XGDP.FSGOV,CAN,2009,4.840579986572266,,
XGDP.FSGOV,CAN,2010,5.356369972229004,,
XGDP.FSGOV,CAN,2011,5.262050151824951,,
XGDP.FSGOV,CAN,2013,4.589009761810303,,
XGDP.FSGOV,CAN,2014,4.843589782714844,,
XGDP.FSGOV,CAN,2015,4.7393798828125,,
XGDP.FSGOV,CAN,2016,4.816420078277588,,
XGDP.FSGOV,CAN,2017,4.959969997406006,,
XGDP.FSGOV,CAN,2018,4.888979911804199,,
XGDP.FSGOV,CAN,2019,4.772930145263672,,
XGDP.FSGOV,CAN,2020,4.88794994354248,,
XGDP.FSGOV,CAN,2021,4.748600006103516,,
XGDP.FSGOV,CAN,2022,4.88021993637085,,
XGDP.FSGOV,CHE,2000,4.658780097961426,,
XGDP.FSGOV,CHE,2001,4.822189807891846,,
XGDP.FSGOV,CHE,2002,5.178810119628906,,
XGDP.FSGOV,CHE,2003,5.384009838104248,,
XGDP.FSGOV,CHE,2004,5.314290046691895,,
XGDP.FSGOV,CHE,2005,5.084720134735107,,
XGDP.FSGOV,CHE,2006,4.841209888458252,,
XGDP.FSGOV,CHE,2007,4.583950042724609,,
XGDP.FSGOV,CHE,2008,4.757259845733643,,
XGDP.FSGOV,CHE,2009,4.925610065460205,,
XGDP.FSGOV,CHE,2010,4.80210018157959,,
XGDP.FSGOV,CHE,2011,4.856639862060547,,
XGDP.FSGOV,CHE,2012,4.898620128631592,,
XGDP.FSGOV,CHE,2013,4.91392993927002,,
XGDP.FSGOV,CHE,2014,4.930570125579834,,
XGDP.FSGOV,CHE,2015,4.995590209960938,,
XGDP.FSGOV,CHE,2016,4.981639862060547,,
XGDP.FSGOV,CHE,2017,5.017650127410889,,
XGDP.FSGOV,CHE,2018,4.930089950561523,,
XGDP.FSGOV,CHE,2019,5.014389991760254,,
XGDP.FSGOV,CHE,2020,5.276760101318359,,
XGDP.FSGOV,CHE,2021,5.037089824676514,,
XGDP.FSGOV,CHE,2022,4.924190044403076,,
XGDP.FSGOV,CHL,2000,3.757070064544678,,
XGDP.FSGOV,CHL,2002,4.048810005187988,,
XGDP.FSGOV,CHL,2003,3.918689966201782,,
XGDP.FSGOV,CHL,2004,3.543070077896118,,
XGDP.FSGOV,CHL,2005,3.28016996383667,,
XGDP.FSGOV,CHL,2006,3.040149927139282,,
XGDP.FSGOV,CHL,2007,3.233160018920898,,
XGDP.FSGOV,CHL,2008,3.791899919509888,,
XGDP.FSGOV,CHL,2009,4.254759788513184,,
XGDP.FSGOV,CHL,2010,4.189539909362793,,
XGDP.FSGOV,CHL,2011,4.061729907989502,,
XGDP.FSGOV,CHL,2013,4.548140048980713,,
XGDP.FSGOV,CHL,2014,4.75167989730835,,
XGDP.FSGOV,CHL,2015,4.903900146484375,,
XGDP.FSGOV,CHL,2016,5.366469860076904,,
XGDP.FSGOV,CHL,2017,5.43278980255127,,
XGDP.FSGOV,CHL,2018,5.473060131072998,,
XGDP.FSGOV,CHL,2019,5.626309871673584,,
XGDP.FSGOV,CHL,2020,5.629930019378662,,
XGDP.FSGOV,CHL,2021,4.999239921569824,,
XGDP.FSGOV,CHL,2022,4.897530078887939,,
XGDP.FSGOV,CHN,2023,4.001279830932617,,
XGDP.FSGOV,CIV,2000,2.400310039520264,,
XGDP.FSGOV,CIV,2001,2.444770097732544,,
XGDP.FSGOV,CIV,2002,2.810480117797852,,
XGDP.FSGOV,CIV,2003,2.864370107650757,,
XGDP.FSGOV,CIV,2004,2.911760091781616,,
XGDP.FSGOV,CIV,2005,2.919440031051636,,
XGDP.FSGOV,CIV,2006,2.819999933242798,,
XGDP.FSGOV,CIV,2007,3.016139984130859,,
XGDP.FSGOV,CIV,2008,3.098530054092407,,
XGDP.FSGOV,CIV,2009,3.173939943313599,,
XGDP.FSGOV,CIV,2010,3.246510028839111,,
XGDP.FSGOV,CIV,2011,2.865760087966919,,
XGDP.FSGOV,CIV,2012,3.434469938278198,,
XGDP.FSGOV,CIV,2013,3.458600044250488,,
XGDP.FSGOV,CIV,2014,3.314169883728027,,
XGDP.FSGOV,CIV,2015,3.49412989616394,UIS_EST,
XGDP.FSGOV,CIV,2016,3.935930013656616,,
XGDP.FSGOV,CIV,2017,3.736540079116821,,
XGDP.FSGOV,CIV,2018,3.211649894714355,,
XGDP.FSGOV,CIV,2019,3.4130699634552,,
XGDP.FSGOV,CIV,2020,3.786740064620972,,
XGDP.FSGOV,CIV,2021,3.327189922332764,,
XGDP.FSGOV,CIV,2022,3.511970043182373,,
XGDP.FSGOV,CIV,2023,3.426170110702515,,
XGDP.FSGOV,CMR,2000,1.702849984169006,,
XGDP.FSGOV,CMR,2001,2.297339916229248,,
XGDP.FSGOV,CMR,2003,2.822590112686157,,
XGDP.FSGOV,CMR,2004,2.795300006866455,,
XGDP.FSGOV,CMR,2005,2.656519889831543,,
XGDP.FSGOV,CMR,2006,2.539910078048706,,
XGDP.FSGOV,CMR,2007,2.878159999847412,,
XGDP.FSGOV,CMR,2008,2.498270034790039,,
XGDP.FSGOV,CMR,2009,2.907900094985962,,
XGDP.FSGOV,CMR,2010,2.848030090332031,,
XGDP.FSGOV,CMR,2011,2.653369903564453,,
XGDP.FSGOV,CMR,2012,2.603060007095337,,
XGDP.FSGOV,CMR,2013,2.655479907989502,,
XGDP.FSGOV,CMR,2014,2.583960056304932,UIS_EST,
XGDP.FSGOV,CMR,2015,2.657919883728027,UIS_EST,
XGDP.FSGOV,CMR,2016,2.562340021133423,UIS_EST,
XGDP.FSGOV,CMR,2017,3.059629917144775,UIS_EST,
XGDP.FSGOV,CMR,2018,3.030960083007813,UIS_EST,
XGDP.FSGOV,CMR,2019,3.047399493246804,,
XGDP.FSGOV,CMR,2020,3.103901398584921,,
XGDP.FSGOV,CMR,2021,2.849307627230595,,
XGDP.FSGOV,CMR,2022,2.65952378267367,,
XGDP.FSGOV,CMR,2023,2.839076236679354,,
XGDP.FSGOV,COD,2010,1.524979948997498,,
XGDP.FSGOV,COD,2013,2.062210083007813,,
XGDP.FSGOV,COD,2014,1.951429963111877,UIS_EST,
XGDP.FSGOV,COD,2015,2.170439958572388,,
XGDP.FSGOV,COD,2016,2.118690013885498,UIS_EST,
XGDP.FSGOV,COD,2017,1.454949975013733,UIS_EST,
XGDP.FSGOV,COD,2020,2.622638353115713,,
XGDP.FSGOV,COD,2021,2.66048474102788,,
XGDP.FSGOV,COD,2022,2.844665144630053,,
XGDP.FSGOV,COG,2002,3.208319902420044,UIS_EST,
XGDP.FSGOV,COG,2003,2.836159944534302,,
XGDP.FSGOV,COG,2004,2.288130044937134,,
XGDP.FSGOV,COG,2005,1.681020021438599,,
XGDP.FSGOV,COG,2010,5.686729907989502,,
XGDP.FSGOV,COG,2011,2.646529781738668,,
XGDP.FSGOV,COG,2012,2.739230616220469,,
XGDP.FSGOV,COG,2013,5.013881408941496,,
XGDP.FSGOV,COG,2014,3.182569980621338,UIS_EST,
XGDP.FSGOV,COG,2015,3.138829946517944,UIS_EST,
XGDP.FSGOV,COG,2016,4.871140968786213,,
XGDP.FSGOV,COG,2017,4.172369956970215,UIS_EST,
XGDP.FSGOV,COG,2018,2.77167010307312,UIS_EST,
XGDP.FSGOV,COG,2019,3.247164139708676,,
XGDP.FSGOV,COG,2020,4.222088794661485,,
XGDP.FSGOV,COG,2021,3.312815362740686,,
XGDP.FSGOV,COG,2022,2.72738253259215,,
XGDP.FSGOV,COG,2023,3.340052092569164,,
XGDP.FSGOV,COK,2000,1.897650003433228,,
XGDP.FSGOV,COK,2011,3.272170066833496,,
XGDP.FSGOV,COK,2012,2.973819971084595,,
XGDP.FSGOV,COK,2013,2.9894700050354,,
XGDP.FSGOV,COK,2014,4.09607982635498,,
XGDP.FSGOV,COK,2015,3.855910062789917,,
XGDP.FSGOV,COK,2016,4.356190204620361,,
XGDP.FSGOV,COK,2017,2.916932739866642,,
XGDP.FSGOV,COK,2018,4.015508408839443,,
XGDP.FSGOV,COK,2019,3.50426664598535,,
XGDP.FSGOV,COK,2020,3.663785542431186,,
XGDP.FSGOV,COK,2021,4.592104088913094,,
XGDP.FSGOV,COK,2022,5.970940113067627,,
XGDP.FSGOV,COK,2023,4.414909839630127,,
XGDP.FSGOV,COK,2024,3.383179903030396,,
XGDP.FSGOV,COL,2000,3.511209964752197,,
XGDP.FSGOV,COL,2001,3.708679914474487,,
XGDP.FSGOV,COL,2002,4.268129825592041,,
XGDP.FSGOV,COL,2003,4.325139999389648,UIS_EST,
XGDP.FSGOV,COL,2004,4.079349994659424,,
XGDP.FSGOV,COL,2005,4.020989894866943,,
XGDP.FSGOV,COL,2006,3.916719913482666,,
XGDP.FSGOV,COL,2007,4.083010196685791,,
XGDP.FSGOV,COL,2008,3.938780069351196,,
XGDP.FSGOV,COL,2009,4.776519775390625,,
XGDP.FSGOV,COL,2010,4.833829879760742,,
XGDP.FSGOV,COL,2011,4.466080188751221,,
XGDP.FSGOV,COL,2012,4.370389938354492,,
XGDP.FSGOV,COL,2013,4.878550052642822,,
XGDP.FSGOV,COL,2014,4.629459857940674,,
XGDP.FSGOV,COL,2015,4.470389842987061,,
XGDP.FSGOV,COL,2016,4.47721004486084,,
XGDP.FSGOV,COL,2017,4.535510063171387,,
XGDP.FSGOV,COL,2018,4.449100017547607,,
XGDP.FSGOV,COL,2019,4.510690212249756,,
XGDP.FSGOV,COL,2020,5.261660099029541,,
XGDP.FSGOV,COM,2002,2.258419990539551,,
XGDP.FSGOV,COM,2008,4.42264986038208,,
XGDP.FSGOV,COM,2011,2.830450057983398,,
XGDP.FSGOV,COM,2012,2.74783992767334,,
XGDP.FSGOV,COM,2013,2.382760047912598,,
XGDP.FSGOV,COM,2014,2.744729995727539,,
XGDP.FSGOV,COM,2015,2.5450599193573,,
XGDP.FSGOV,COM,2020,2.378050766796171,,
XGDP.FSGOV,COM,2021,2.27485390045927,,
XGDP.FSGOV,COM,2022,2.431644241109244,,
XGDP.FSGOV,COM,2023,2.341468966829894,,
XGDP.FSGOV,CPV,2002,7.876820087432861,,
XGDP.FSGOV,CPV,2004,7.476640224456787,,
XGDP.FSGOV,CPV,2006,6.529600143432617,,
XGDP.FSGOV,CPV,2007,4.959819793701172,,
XGDP.FSGOV,CPV,2008,5.034649848937988,,
XGDP.FSGOV,CPV,2009,4.865869998931885,,
XGDP.FSGOV,CPV,2010,5.076580047607422,,
XGDP.FSGOV,CPV,2011,4.59784984588623,,
XGDP.FSGOV,CPV,2012,5.397695757952081,,
XGDP.FSGOV,CPV,2013,4.561570167541504,,
XGDP.FSGOV,CPV,2014,4.521349906921387,,
XGDP.FSGOV,CPV,2015,4.806220054626465,,
XGDP.FSGOV,CPV,2016,4.754759788513184,,
XGDP.FSGOV,CPV,2017,4.592780113220215,,
XGDP.FSGOV,CPV,2018,4.787922701845367,,
XGDP.FSGOV,CPV,2019,4.165299892425537,,
XGDP.FSGOV,CPV,2020,7.094007024066618,,
XGDP.FSGOV,CPV,2021,6.154903030892839,,
XGDP.FSGOV,CPV,2022,4.725255480072198,,
XGDP.FSGOV,CPV,2023,4.348285413669305,,
XGDP.FSGOV,CRI,2000,4.666950225830078,,
XGDP.FSGOV,CRI,2001,4.832029819488525,,
XGDP.FSGOV,CRI,2002,5.150440216064453,,
XGDP.FSGOV,CRI,2003,5.133739948272705,UIS_EST,
XGDP.FSGOV,CRI,2004,4.890629768371582,,
XGDP.FSGOV,CRI,2006,4.616139888763428,,
XGDP.FSGOV,CRI,2007,4.634510040283203,,
XGDP.FSGOV,CRI,2008,4.886970043182373,,
XGDP.FSGOV,CRI,2009,6.010300159454346,,
XGDP.FSGOV,CRI,2010,6.56574010848999,,
XGDP.FSGOV,CRI,2011,6.379889965057373,,
XGDP.FSGOV,CRI,2012,6.582399845123291,,
XGDP.FSGOV,CRI,2013,6.687399864196777,,
XGDP.FSGOV,CRI,2014,6.679520130157471,,
XGDP.FSGOV,CRI,2015,6.873499870300293,,
XGDP.FSGOV,CRI,2016,6.893959999084473,,
XGDP.FSGOV,CRI,2017,7.069809913635254,,
XGDP.FSGOV,CRI,2018,6.769919872283936,,
XGDP.FSGOV,CRI,2019,6.738080024719238,,
XGDP.FSGOV,CRI,2020,6.628980159759521,,
XGDP.FSGOV,CRI,2021,6.248419761657715,,
XGDP.FSGOV,CUB,2000,7.70481014251709,,
XGDP.FSGOV,CUB,2001,8.3580904006958,,
XGDP.FSGOV,CUB,2002,9.57116985321045,,
XGDP.FSGOV,CUB,2003,9.9408597946167,UIS_EST,
XGDP.FSGOV,CUB,2004,10.26823043823242,,
XGDP.FSGOV,CUB,2005,10.55778026580811,,
XGDP.FSGOV,CUB,2006,9.057169914245605,,
XGDP.FSGOV,CUB,2007,11.86820983886719,,
XGDP.FSGOV,CUB,2008,14.05908012390137,,
XGDP.FSGOV,CUB,2009,13.12485980987549,,
XGDP.FSGOV,CUB,2010,12.83730983734131,,
XGDP.FSGOV,CUB,2012,11.55166049137966,,
XGDP.FSGOV,CUB,2013,10.67169596101001,,
XGDP.FSGOV,CUB,2014,9.607456844553603,,
XGDP.FSGOV,CUB,2015,8.963357855939199,,
XGDP.FSGOV,CUB,2016,9.01309318032688,,
XGDP.FSGOV,CUB,2017,8.444135404387932,,
XGDP.FSGOV,CUB,2018,8.024984610986191,,
XGDP.FSGOV,CUB,2019,9.047004861371626,,
XGDP.FSGOV,CUB,2020,11.5248184008093,,
XGDP.FSGOV,CUB,2021,9.385862056253105,,
XGDP.FSGOV,CUB,2022,8.440863516692838,,
XGDP.FSGOV,CUW,2011,5.647253928346951,,
XGDP.FSGOV,CUW,2012,5.382835903877058,,
XGDP.FSGOV,CUW,2013,5.116330146789551,,
XGDP.FSGOV,CUW,2014,5.954647186028185,,
XGDP.FSGOV,CUW,2015,5.950112090333241,,
XGDP.FSGOV,CUW,2016,6.234953895189386,,
XGDP.FSGOV,CUW,2017,5.914447855949509,,
XGDP.FSGOV,CUW,2018,5.938732707937207,,
XGDP.FSGOV,CUW,2019,5.81155632881729,,
XGDP.FSGOV,CUW,2020,7.116452388343469,,
XGDP.FSGOV,CUW,2021,6.181602367266637,,
XGDP.FSGOV,CUW,2022,6.081670336058129,,
XGDP.FSGOV,CUW,2023,5.300741590057882,,
XGDP.FSGOV,CUW,2024,5.443137254901961,,
XGDP.FSGOV,CYM,2018,2.163769459971063,,
XGDP.FSGOV,CYM,2019,1.136700034141541,,
XGDP.FSGOV,CYM,2020,1.455420017242432,,
XGDP.FSGOV,CYM,2021,1.312530040740967,,
XGDP.FSGOV,CYM,2022,1.488940000534058,,
XGDP.FSGOV,CYM,2023,1.570240020751953,,
XGDP.FSGOV,CYP,2000,4.989540100097656,,
XGDP.FSGOV,CYP,2001,5.115520000457764,,
XGDP.FSGOV,CYP,2002,5.581669807434082,,
XGDP.FSGOV,CYP,2003,6.670229911804199,,
XGDP.FSGOV,CYP,2004,6.117720127105713,,
XGDP.FSGOV,CYP,2005,6.286670207977295,,
XGDP.FSGOV,CYP,2006,6.33027982711792,,
XGDP.FSGOV,CYP,2007,6.280839920043945,,
XGDP.FSGOV,CYP,2008,6.722770214080811,,
XGDP.FSGOV,CYP,2009,7.205470085144043,,
XGDP.FSGOV,CYP,2010,6.525599956512451,,
XGDP.FSGOV,CYP,2011,6.520420074462891,,
XGDP.FSGOV,CYP,2013,6.467470169067383,,
XGDP.FSGOV,CYP,2014,6.421110153198242,,
XGDP.FSGOV,CYP,2015,6.304910182952881,,
XGDP.FSGOV,CYP,2016,6.118110179901123,,
XGDP.FSGOV,CYP,2017,5.699619770050049,,
XGDP.FSGOV,CYP,2019,5.162930011749268,,
XGDP.FSGOV,CYP,2020,5.564620018005371,,
XGDP.FSGOV,CYP,2021,5.08243989944458,,
XGDP.FSGOV,CYP,2022,4.735889911651611,,
XGDP.FSGOV,CZE,2000,3.619990110397339,,
XGDP.FSGOV,CZE,2001,3.714900016784668,,
XGDP.FSGOV,CZE,2002,3.939039945602417,,
XGDP.FSGOV,CZE,2003,4.103119850158691,,
XGDP.FSGOV,CZE,2004,3.981300115585327,,
XGDP.FSGOV,CZE,2005,3.862509965896606,,
XGDP.FSGOV,CZE,2006,4.196249961853027,,
XGDP.FSGOV,CZE,2007,3.850069999694824,,
XGDP.FSGOV,CZE,2008,3.732079982757568,,
XGDP.FSGOV,CZE,2009,4.155320167541504,,
XGDP.FSGOV,CZE,2010,3.993419885635376,,
XGDP.FSGOV,CZE,2011,4.207880020141602,,
XGDP.FSGOV,CZE,2012,4.190499782562256,,
XGDP.FSGOV,CZE,2013,4.021329879760742,,
XGDP.FSGOV,CZE,2014,3.936039924621582,,
XGDP.FSGOV,CZE,2015,5.719130039215088,,
XGDP.FSGOV,CZE,2016,5.500800132751465,,
XGDP.FSGOV,CZE,2017,3.75573992729187,,
XGDP.FSGOV,CZE,2018,4.215410232543945,,
XGDP.FSGOV,CZE,2019,4.46737003326416,,
XGDP.FSGOV,CZE,2020,4.625030040740967,,
XGDP.FSGOV,CZE,2021,4.651639938354492,,
XGDP.FSGOV,CZE,2022,4.302919864654541,,
XGDP.FSGOV,DEU,2008,4.47337007522583,,
XGDP.FSGOV,DEU,2010,4.995250225067139,,
XGDP.FSGOV,DEU,2011,4.885839939117432,,
XGDP.FSGOV,DEU,2012,4.831530094146729,,
XGDP.FSGOV,DEU,2013,4.839119911193848,,
XGDP.FSGOV,DEU,2014,4.825829982757568,,
XGDP.FSGOV,DEU,2015,4.761579990386963,,
XGDP.FSGOV,DEU,2016,4.746310234069824,,
XGDP.FSGOV,DEU,2017,4.77830982208252,,
XGDP.FSGOV,DEU,2018,4.884009838104248,,
XGDP.FSGOV,DEU,2019,5.027579784393311,,
XGDP.FSGOV,DEU,2020,5.51600980758667,,
XGDP.FSGOV,DEU,2021,5.367340087890625,,
XGDP.FSGOV,DEU,2022,5.239160060882568,,
XGDP.FSGOV,DJI,2000,9.65999984741211,,
XGDP.FSGOV,DJI,2001,7.805429935455322,,
XGDP.FSGOV,DJI,2002,8.447600364685059,,
XGDP.FSGOV,DJI,2003,8.889849662780762,,
XGDP.FSGOV,DJI,2004,9.264670372009277,,
XGDP.FSGOV,DJI,2005,8.365889549255371,,
XGDP.FSGOV,DJI,2006,8.278779983520508,,
XGDP.FSGOV,DJI,2007,8.40625,,
XGDP.FSGOV,DJI,2010,4.490220069885254,,
XGDP.FSGOV,DJI,2012,6.35127551762696,,
XGDP.FSGOV,DJI,2013,4.647825331033123,,
XGDP.FSGOV,DJI,2014,4.384075212585091,,
XGDP.FSGOV,DJI,2015,3.598949909210205,UIS_EST,
XGDP.FSGOV,DJI,2016,3.922260046005249,UIS_EST,
XGDP.FSGOV,DJI,2017,3.733449935913086,UIS_EST,
XGDP.FSGOV,DJI,2018,3.751430034637451,UIS_EST,
XGDP.FSGOV,DMA,2012,4.528962878851385,,
XGDP.FSGOV,DMA,2013,4.354281031663445,,
XGDP.FSGOV,DMA,2014,4.332166301346466,,
XGDP.FSGOV,DMA,2015,3.407119989395142,,
XGDP.FSGOV,DMA,2016,5.12971951862684,,
XGDP.FSGOV,DMA,2017,4.71605005720456,,
XGDP.FSGOV,DMA,2018,5.153604627216498,,
XGDP.FSGOV,DMA,2019,5.53449010848999,,
XGDP.FSGOV,DMA,2020,4.696300029754639,,
XGDP.FSGOV,DMA,2021,5.716891830348617,,
XGDP.FSGOV,DMA,2022,6.043142434065714,,
XGDP.FSGOV,DMA,2023,4.694237462865927,,
XGDP.FSGOV,DMA,2024,5.385721890609249,,
XGDP.FSGOV,DNK,2000,8.09000015258789,,
XGDP.FSGOV,DNK,2001,8.210949897766113,,
XGDP.FSGOV,DNK,2002,8.206000328063965,,
XGDP.FSGOV,DNK,2003,8.109840393066406,,
XGDP.FSGOV,DNK,2004,8.187660217285156,,
XGDP.FSGOV,DNK,2005,8.064749717712402,,
XGDP.FSGOV,DNK,2006,7.716239929199219,,
XGDP.FSGOV,DNK,2007,7.596819877624512,,
XGDP.FSGOV,DNK,2008,7.441959857940674,,
XGDP.FSGOV,DNK,2009,8.412799835205078,,
XGDP.FSGOV,DNK,2010,8.550250053405762,,
XGDP.FSGOV,DNK,2011,8.477160453796387,,
XGDP.FSGOV,DNK,2012,7.245709896087646,,
XGDP.FSGOV,DNK,2013,8.468640327453613,,
XGDP.FSGOV,DNK,2014,7.638339996337891,,
XGDP.FSGOV,DNK,2016,7.715340137481689,,
XGDP.FSGOV,DNK,2017,7.370009899139404,,
XGDP.FSGOV,DNK,2018,7.327469825744629,,
XGDP.FSGOV,DNK,2019,7.275879859924316,,
XGDP.FSGOV,DNK,2020,7.385739803314209,,
XGDP.FSGOV,DNK,2021,6.959159851074219,,
XGDP.FSGOV,DNK,2022,6.355869770050049,,
XGDP.FSGOV,DOM,2000,1.888290047645569,UIS_EST,
XGDP.FSGOV,DOM,2001,1.967829942703247,,
XGDP.FSGOV,DOM,2002,1.914010047912598,,
XGDP.FSGOV,DOM,2003,1.844650030136108,UIS_EST,
XGDP.FSGOV,DOM,2007,2.046789884567261,,
XGDP.FSGOV,DOM,2010,1.887287886801289,,
XGDP.FSGOV,DOM,2011,1.879257557861533,,
XGDP.FSGOV,DOM,2013,3.628181520191884,,
XGDP.FSGOV,DOM,2014,3.622434431445135,,
XGDP.FSGOV,DOM,2015,3.604002773066728,,
XGDP.FSGOV,DOM,2016,3.850495607924688,,
XGDP.FSGOV,DOM,2017,3.920267522792724,,
XGDP.FSGOV,DOM,2018,3.928494674768024,,
XGDP.FSGOV,DOM,2019,4.042768731260534,,
XGDP.FSGOV,DOM,2020,4.517698507789853,,
XGDP.FSGOV,DOM,2021,3.580432716149572,,
XGDP.FSGOV,DOM,2022,3.610888720702714,,
XGDP.FSGOV,DOM,2023,3.760647737525598,,
XGDP.FSGOV,DZA,2008,4.111420154571533,,
XGDP.FSGOV,DZA,2010,8.691770900789098,,
XGDP.FSGOV,DZA,2011,9.124534486428919,,
XGDP.FSGOV,DZA,2012,7.029508897722608,,
XGDP.FSGOV,DZA,2013,6.65906035504841,,
XGDP.FSGOV,DZA,2014,6.548898415452769,,
XGDP.FSGOV,DZA,2015,6.176330145640466,,
XGDP.FSGOV,DZA,2016,6.502108434724575,,
XGDP.FSGOV,DZA,2017,5.734823508887958,,
XGDP.FSGOV,DZA,2018,5.812751272017596,,
XGDP.FSGOV,DZA,2019,5.575365634465231,,
XGDP.FSGOV,DZA,2020,6.193917244965153,,
XGDP.FSGOV,DZA,2021,5.514032817699239,,
XGDP.FSGOV,DZA,2022,4.749246730006033,,
XGDP.FSGOV,DZA,2023,5.610157177266362,,
XGDP.FSGOV,ECU,2000,1.202659964561462,,
XGDP.FSGOV,ECU,2009,4.517630100250244,,
XGDP.FSGOV,ECU,2010,4.600289821624756,,
XGDP.FSGOV,ECU,2011,4.744249820709229,,
XGDP.FSGOV,ECU,2012,4.65310001373291,,
XGDP.FSGOV,ECU,2013,4.929979801177979,,
XGDP.FSGOV,ECU,2014,5.210209846496582,,
XGDP.FSGOV,ECU,2015,5.105700016021729,,
XGDP.FSGOV,ECU,2016,4.463976688045521,,
XGDP.FSGOV,ECU,2017,4.606677334993971,,
XGDP.FSGOV,ECU,2018,4.625026058588098,,
XGDP.FSGOV,ECU,2019,4.245779991149902,,
XGDP.FSGOV,ECU,2020,4.261030197143555,,
XGDP.FSGOV,ECU,2021,3.647769927978516,,
XGDP.FSGOV,ECU,2022,3.598979949951172,,
XGDP.FSGOV,ECU,2023,3.893650054931641,,
XGDP.FSGOV,EGY,2003,4.945630073547363,,
XGDP.FSGOV,EGY,2004,4.670720100402832,,
XGDP.FSGOV,EGY,2005,4.794429779052734,,
XGDP.FSGOV,EGY,2006,4.001780033111572,,
XGDP.FSGOV,EGY,2007,3.684609889984131,,
XGDP.FSGOV,EGY,2008,3.760829925537109,,
XGDP.FSGOV,ERI,2001,4.047160148620605,UIS_EST,
XGDP.FSGOV,ERI,2002,3.523900032043457,,
XGDP.FSGOV,ERI,2004,3.148969888687134,,
XGDP.FSGOV,ERI,2006,2.127000093460083,,
XGDP.FSGOV,ESP,2000,4.16786003112793,,
XGDP.FSGOV,ESP,2001,4.111470222473145,,
XGDP.FSGOV,ESP,2002,4.133510112762451,,
XGDP.FSGOV,ESP,2003,4.17126989364624,,
XGDP.FSGOV,ESP,2004,4.154850006103516,,
XGDP.FSGOV,ESP,2005,4.140900135040283,,
XGDP.FSGOV,ESP,2006,4.180019855499268,,
XGDP.FSGOV,ESP,2007,4.246150016784668,,
XGDP.FSGOV,ESP,2008,4.516290187835693,,
XGDP.FSGOV,ESP,2009,4.895209789276123,,
XGDP.FSGOV,ESP,2010,4.836080074310303,,
XGDP.FSGOV,ESP,2011,4.718979835510254,,
XGDP.FSGOV,ESP,2012,4.460110187530518,,
XGDP.FSGOV,ESP,2013,4.328519821166992,,
XGDP.FSGOV,ESP,2014,4.27524995803833,,
XGDP.FSGOV,ESP,2015,4.249020099639893,,
XGDP.FSGOV,ESP,2016,4.193280220031738,,
XGDP.FSGOV,ESP,2017,4.178450107574463,,
XGDP.FSGOV,ESP,2018,4.150469779968262,,
XGDP.FSGOV,ESP,2019,4.202559947967529,,
XGDP.FSGOV,ESP,2020,4.851160049438477,,
XGDP.FSGOV,ESP,2021,4.813159942626953,,
XGDP.FSGOV,ESP,2022,4.585539817810059,,
XGDP.FSGOV,EST,2000,5.339459896087646,,
XGDP.FSGOV,EST,2001,5.232170104980469,,
XGDP.FSGOV,EST,2002,5.433030128479004,,
XGDP.FSGOV,EST,2003,5.271719932556152,,
XGDP.FSGOV,EST,2004,4.875669956207275,,
XGDP.FSGOV,EST,2005,4.80935001373291,,
XGDP.FSGOV,EST,2007,4.619669914245605,,
XGDP.FSGOV,EST,2008,5.483759880065918,,
XGDP.FSGOV,EST,2009,5.959760189056396,,
XGDP.FSGOV,EST,2010,5.517539978027344,,
XGDP.FSGOV,EST,2011,4.995140075683594,,
XGDP.FSGOV,EST,2012,4.673409938812256,,
XGDP.FSGOV,EST,2013,4.780069828033447,,
XGDP.FSGOV,EST,2014,4.325860023498535,,
XGDP.FSGOV,EST,2015,5.051270008087158,,
XGDP.FSGOV,EST,2016,5.05511999130249,,
XGDP.FSGOV,EST,2017,4.862880229949951,,
XGDP.FSGOV,EST,2018,5.13962984085083,,
XGDP.FSGOV,EST,2019,5.164150238037109,,
XGDP.FSGOV,EST,2020,5.441800117492676,,
XGDP.FSGOV,EST,2021,5.215149879455566,,
XGDP.FSGOV,EST,2022,5.207339763641357,,
XGDP.FSGOV,ETH,2000,3.886149883270264,,
XGDP.FSGOV,ETH,2001,3.700289964675903,,
XGDP.FSGOV,ETH,2002,3.632450103759766,UIS_EST,
XGDP.FSGOV,ETH,2006,5.490960121154785,,
XGDP.FSGOV,ETH,2007,5.451129913330078,,
XGDP.FSGOV,ETH,2008,5.408199787139893,,
XGDP.FSGOV,ETH,2009,4.422070026397705,,
XGDP.FSGOV,ETH,2010,4.496590137481689,,
XGDP.FSGOV,ETH,2011,5.48576021194458,,
XGDP.FSGOV,ETH,2012,5.566780090332031,,
XGDP.FSGOV,ETH,2013,4.498549938201904,,
XGDP.FSGOV,ETH,2014,4.602019786834717,,
XGDP.FSGOV,ETH,2015,4.737918688787595,,
XGDP.FSGOV,ETH,2016,5.061513999984468,,
XGDP.FSGOV,ETH,2017,5.499050760252714,,
XGDP.FSGOV,ETH,2018,5.220111895223992,,
XGDP.FSGOV,ETH,2019,4.480869461270539,,
XGDP.FSGOV,ETH,2020,4.090565422069898,,
XGDP.FSGOV,ETH,2021,4.065248743090963,,
XGDP.FSGOV,ETH,2022,3.736495121888292,,
XGDP.FSGOV,ETH,2023,2.927244776892699,,
XGDP.FSGOV,ETH,2024,2.297806956599102,,
XGDP.FSGOV,FIN,2000,5.711639881134033,,
XGDP.FSGOV,FIN,2001,5.840849876403809,,
XGDP.FSGOV,FIN,2002,6.018650054931641,,
XGDP.FSGOV,FIN,2003,6.168869972229004,,
XGDP.FSGOV,FIN,2004,6.158239841461182,,
XGDP.FSGOV,FIN,2005,6.025829792022705,,
XGDP.FSGOV,FIN,2006,5.929609775543213,,
XGDP.FSGOV,FIN,2007,5.671649932861328,,
XGDP.FSGOV,FIN,2008,5.830460071563721,,
XGDP.FSGOV,FIN,2009,6.459980010986328,,
XGDP.FSGOV,FIN,2010,6.504310131072998,,
XGDP.FSGOV,FIN,2011,6.456240177154541,,
XGDP.FSGOV,FIN,2012,7.171549797058105,,
XGDP.FSGOV,FIN,2013,7.152880191802979,,
XGDP.FSGOV,FIN,2014,7.138329982757568,,
XGDP.FSGOV,FIN,2015,7.071990013122559,,
XGDP.FSGOV,FIN,2016,6.908730030059814,,
XGDP.FSGOV,FIN,2017,6.408269882202148,,
XGDP.FSGOV,FIN,2018,6.31771993637085,,
XGDP.FSGOV,FIN,2019,6.453000068664551,,
XGDP.FSGOV,FIN,2020,6.681280136108398,,
XGDP.FSGOV,FIN,2021,6.588200092315674,,
XGDP.FSGOV,FIN,2022,6.376039981842041,,
XGDP.FSGOV,FJI,2000,5.877739906311035,,
XGDP.FSGOV,FJI,2001,5.643109798431396,,
XGDP.FSGOV,FJI,2002,6.275869846343994,,
XGDP.FSGOV,FJI,2004,6.209159851074219,,
XGDP.FSGOV,FJI,2005,5.167059898376465,,
XGDP.FSGOV,FJI,2006,5.655320167541504,,
XGDP.FSGOV,FJI,2007,5.894720077514648,,
XGDP.FSGOV,FJI,2008,4.253570079803467,,
XGDP.FSGOV,FJI,2009,4.498479843139648,,
XGDP.FSGOV,FJI,2011,4.173059940338135,,
XGDP.FSGOV,FJI,2012,4.46150592221937,,
XGDP.FSGOV,FJI,2013,3.882889986038208,,
XGDP.FSGOV,FJI,2014,3.769609235808963,,
XGDP.FSGOV,FJI,2015,4.809317810246949,,
XGDP.FSGOV,FJI,2016,4.835902491753216,,
XGDP.FSGOV,FJI,2017,4.651191605754516,,
XGDP.FSGOV,FJI,2018,4.797060493836018,,
XGDP.FSGOV,FJI,2019,5.15273175975853,,
XGDP.FSGOV,FJI,2020,5.805195129020547,,
XGDP.FSGOV,FJI,2021,4.852686271293499,,
XGDP.FSGOV,FJI,2022,3.938395390741944,,
XGDP.FSGOV,FJI,2023,4.246797908906035,,
XGDP.FSGOV,FRA,2017,5.464829921722412,,
XGDP.FSGOV,FRA,2018,5.42540979385376,,
XGDP.FSGOV,FRA,2019,5.366380214691162,,
XGDP.FSGOV,FRA,2020,5.658720016479492,,
XGDP.FSGOV,FRA,2021,5.41742992401123,,
XGDP.FSGOV,FRA,2022,5.324359893798828,,
XGDP.FSGOV,FSM,2000,6.706870079040527,UIS_EST,
XGDP.FSGOV,FSM,2012,11.71922913673912,,
XGDP.FSGOV,FSM,2013,12.34388319067482,,
XGDP.FSGOV,FSM,2014,12.22816809032572,,
XGDP.FSGOV,FSM,2015,12.40791988372803,,
XGDP.FSGOV,FSM,2016,13.814728,,
XGDP.FSGOV,FSM,2017,12.68158217270195,,
XGDP.FSGOV,FSM,2018,9.942744642857141,,
XGDP.FSGOV,FSM,2019,10.69316827411167,,
XGDP.FSGOV,FSM,2020,11.55913978494624,,
XGDP.FSGOV,GAB,2000,3.82709002494812,UIS_EST,
XGDP.FSGOV,GAB,2010,3.078089952468872,,
XGDP.FSGOV,GAB,2011,2.987459897994995,,
XGDP.FSGOV,GAB,2012,3.013400077819824,,
XGDP.FSGOV,GAB,2013,3.029710054397583,,
XGDP.FSGOV,GAB,2014,2.666670083999634,,
XGDP.FSGOV,GAB,2015,2.824359858235116,,
XGDP.FSGOV,GAB,2016,2.667730896701992,,
XGDP.FSGOV,GAB,2017,3.555708010599309,,
XGDP.FSGOV,GAB,2018,3.071542956298995,,
XGDP.FSGOV,GAB,2019,2.874309832333694,,
XGDP.FSGOV,GAB,2020,3.398740879287884,,
XGDP.FSGOV,GAB,2021,2.700792899397604,,
XGDP.FSGOV,GAB,2022,2.207736503579309,,
XGDP.FSGOV,GAB,2023,2.315942877260556,,
XGDP.FSGOV,GBR,2000,4.018219947814941,,
XGDP.FSGOV,GBR,2001,4.10014009475708,,
XGDP.FSGOV,GBR,2002,4.611929893493652,,
XGDP.FSGOV,GBR,2003,4.801290035247803,,
XGDP.FSGOV,GBR,2004,4.735549926757813,,
XGDP.FSGOV,GBR,2005,4.929769992828369,,
XGDP.FSGOV,GBR,2006,4.976490020751953,,
XGDP.FSGOV,GBR,2007,4.924449920654297,,
XGDP.FSGOV,GBR,2008,4.909739971160889,,
XGDP.FSGOV,GBR,2009,5.062630176544189,,
XGDP.FSGOV,GBR,2010,5.69867992401123,,
XGDP.FSGOV,GBR,2011,5.572189807891846,,
XGDP.FSGOV,GBR,2013,5.525300025939941,,
XGDP.FSGOV,GBR,2014,5.601349830627441,,
XGDP.FSGOV,GBR,2015,5.554520130157471,,
XGDP.FSGOV,GBR,2016,5.42795991897583,,
XGDP.FSGOV,GBR,2017,5.452569961547852,,
XGDP.FSGOV,GBR,2018,5.204370021820068,,
XGDP.FSGOV,GBR,2019,5.261159896850586,,
XGDP.FSGOV,GBR,2020,5.439350128173828,,
XGDP.FSGOV,GBR,2021,5.906829833984375,,
XGDP.FSGOV,GEO,2000,2.181050062179565,,
XGDP.FSGOV,GEO,2001,2.137500047683716,,
XGDP.FSGOV,GEO,2002,2.23501992225647,,
XGDP.FSGOV,GEO,2003,2.065599918365479,,
XGDP.FSGOV,GEO,2004,2.914200067520142,,
XGDP.FSGOV,GEO,2005,2.484319925308228,,
XGDP.FSGOV,GEO,2006,3.003649950027466,,
XGDP.FSGOV,GEO,2007,2.696870088577271,,
XGDP.FSGOV,GEO,2008,2.919549942016602,,
XGDP.FSGOV,GEO,2009,3.222379922866821,NAT_EST,
XGDP.FSGOV,GEO,2010,2.761793333606224,,
XGDP.FSGOV,GEO,2011,2.514919996261597,,
XGDP.FSGOV,GEO,2012,1.860339999198914,,
XGDP.FSGOV,GEO,2013,2.833096685717505,,
XGDP.FSGOV,GEO,2014,2.941139477362723,,
XGDP.FSGOV,GEO,2015,3.108703688773453,,
XGDP.FSGOV,GEO,2016,3.523380041122437,,
XGDP.FSGOV,GEO,2017,3.524420022964478,,
XGDP.FSGOV,GEO,2018,3.460949897766113,,
XGDP.FSGOV,GEO,2019,3.829859972000122,,
XGDP.FSGOV,GEO,2020,3.809511307081248,,
XGDP.FSGOV,GEO,2021,3.594419956207275,,
XGDP.FSGOV,GEO,2022,3.754980087280273,,
XGDP.FSGOV,GEO,2023,3.709180116653442,,
XGDP.FSGOV,GEO,2024,3.98011682083814,,
XGDP.FSGOV,GHA,2001,5.354440212249756,,
XGDP.FSGOV,GHA,2004,7.535580158233643,,
XGDP.FSGOV,GHA,2005,7.422080039978027,,
XGDP.FSGOV,GHA,2006,5.147940158843994,,
XGDP.FSGOV,GHA,2007,5.519869804382324,,
XGDP.FSGOV,GHA,2008,5.757959842681885,,
XGDP.FSGOV,GHA,2009,5.317440032958984,,
XGDP.FSGOV,GHA,2010,5.540599822998047,,
XGDP.FSGOV,GHA,2011,8.140970230102539,,
XGDP.FSGOV,GHA,2012,7.919139862060547,,
XGDP.FSGOV,GHA,2013,4.576469898223877,,
XGDP.FSGOV,GHA,2014,4.399789810180664,,
XGDP.FSGOV,GHA,2015,4.4340500831604,UIS_EST,
XGDP.FSGOV,GHA,2016,4.394519805908203,UIS_EST,
XGDP.FSGOV,GHA,2017,3.533629894256592,UIS_EST,
XGDP.FSGOV,GHA,2018,3.886130094528198,UIS_EST,
XGDP.FSGOV,GHA,2019,3.153071148425728,,
XGDP.FSGOV,GHA,2020,3.409159913517251,,
XGDP.FSGOV,GHA,2021,3.400504268472202,,
XGDP.FSGOV,GHA,2022,2.909638316384515,,
XGDP.FSGOV,GIN,2000,1.778650045394897,,
XGDP.FSGOV,GIN,2001,1.427850008010864,,
XGDP.FSGOV,GIN,2002,1.778970003128052,,
XGDP.FSGOV,GIN,2003,1.626129984855652,,
XGDP.FSGOV,GIN,2004,1.515689969062805,,
XGDP.FSGOV,GIN,2005,1.268149971961975,,
XGDP.FSGOV,GIN,2008,1.581120014190674,,
XGDP.FSGOV,GIN,2009,2.207250118255615,,
XGDP.FSGOV,GIN,2010,2.55118989944458,,
XGDP.FSGOV,GIN,2011,2.287420034408569,,
XGDP.FSGOV,GIN,2012,1.833709955215454,,
XGDP.FSGOV,GIN,2013,2.634210109710693,,
XGDP.FSGOV,GIN,2014,2.422810077667236,,
XGDP.FSGOV,GIN,2015,2.517139911651611,,
XGDP.FSGOV,GIN,2016,2.544500112533569,,
XGDP.FSGOV,GIN,2017,2.320339918136597,,
XGDP.FSGOV,GIN,2018,2.384320020675659,,
XGDP.FSGOV,GIN,2019,1.858129978179932,,
XGDP.FSGOV,GIN,2020,2.448060035705566,,
XGDP.FSGOV,GIN,2021,2.040748206105857,,
XGDP.FSGOV,GIN,2022,2.007223029811844,,
XGDP.FSGOV,GIN,2023,1.72470879088585,,
XGDP.FSGOV,GMB,2000,1.465870022773743,,
XGDP.FSGOV,GMB,2001,1.158100008964539,,
XGDP.FSGOV,GMB,2002,1.442919969558716,,
XGDP.FSGOV,GMB,2003,1.363379955291748,,
XGDP.FSGOV,GMB,2004,0.6224700212478638,,
XGDP.FSGOV,GMB,2005,0.6918799877166748,,
XGDP.FSGOV,GMB,2006,0.7516300082206726,,
XGDP.FSGOV,GMB,2007,0.816860020160675,,
XGDP.FSGOV,GMB,2008,2.181299924850464,,
XGDP.FSGOV,GMB,2009,1.908139944076538,,
XGDP.FSGOV,GMB,2010,2.563220024108887,,
XGDP.FSGOV,GMB,2011,2.501169919967651,,
XGDP.FSGOV,GMB,2012,2.637569904327393,,
XGDP.FSGOV,GMB,2013,1.818390011787415,,
XGDP.FSGOV,GMB,2014,2.230940103530884,,
XGDP.FSGOV,GMB,2015,2.160029888153076,,
XGDP.FSGOV,GMB,2016,2.0244300365448,UIS_EST,
XGDP.FSGOV,GMB,2017,2.459194450965247,,
XGDP.FSGOV,GMB,2018,2.365439891815186,UIS_EST,
XGDP.FSGOV,GMB,2019,2.808097033326556,,
XGDP.FSGOV,GMB,2020,2.887345697978075,,
XGDP.FSGOV,GMB,2021,3.044776946352264,,
XGDP.FSGOV,GMB,2022,2.891687445517012,,
XGDP.FSGOV,GMB,2023,2.808381565449767,,
XGDP.FSGOV,GNB,2010,1.682209968566895,,
XGDP.FSGOV,GNB,2011,1.76593005657196,,
XGDP.FSGOV,GNB,2012,1.886379957199097,,
XGDP.FSGOV,GNB,2013,2.010270118713379,,
XGDP.FSGOV,GRC,2000,3.350850105285645,,
XGDP.FSGOV,GRC,2001,3.473089933395386,,
XGDP.FSGOV,GRC,2002,3.522540092468262,,
XGDP.FSGOV,GRC,2003,3.524070024490356,,
XGDP.FSGOV,GRC,2004,3.760580062866211,,
XGDP.FSGOV,GRC,2005,4.054910182952881,,
XGDP.FSGOV,GRC,2015,3.682399988174438,,
XGDP.FSGOV,GRC,2017,3.467780113220215,,
XGDP.FSGOV,GRC,2018,3.57627010345459,,
XGDP.FSGOV,GRC,2019,3.550620079040527,,
XGDP.FSGOV,GRC,2022,3.375479936599731,,
XGDP.FSGOV,GRD,2003,3.926739931106567,,
XGDP.FSGOV,GRD,2010,5.075082334969784,,
XGDP.FSGOV,GRD,2011,5.485323420710913,,
XGDP.FSGOV,GRD,2012,5.072258806860275,,
XGDP.FSGOV,GRD,2014,4.477565947729415,,
XGDP.FSGOV,GRD,2015,4.238610359891824,,
XGDP.FSGOV,GRD,2017,3.173799991607666,,
XGDP.FSGOV,GRD,2018,3.559193418825943,,
XGDP.FSGOV,GRD,2021,4.090303342173667,,
XGDP.FSGOV,GRD,2022,4.037672848691613,,
XGDP.FSGOV,GRD,2023,5.125448459688934,,
XGDP.FSGOV,GTM,2006,3.032850027084351,,
XGDP.FSGOV,GTM,2007,3.088089942932129,,
XGDP.FSGOV,GTM,2008,3.236860036849976,,
XGDP.FSGOV,GTM,2010,2.848649978637695,,
XGDP.FSGOV,GTM,2011,2.968650102615356,,
XGDP.FSGOV,GTM,2012,3.005249977111816,,
XGDP.FSGOV,GTM,2013,2.888089895248413,,
XGDP.FSGOV,GTM,2014,2.985620021820068,,
XGDP.FSGOV,GTM,2015,3.030329942703247,,
XGDP.FSGOV,GTM,2016,2.944740056991577,,
XGDP.FSGOV,GTM,2017,2.950099945068359,,
XGDP.FSGOV,GTM,2018,3.131939888000488,,
XGDP.FSGOV,GTM,2019,3.192970037460327,,
XGDP.FSGOV,GTM,2020,3.29485011100769,,
XGDP.FSGOV,GTM,2021,3.091059923171997,,
XGDP.FSGOV,GTM,2022,3.208230018615723,,
XGDP.FSGOV,GTM,2023,3.106339931488037,,
XGDP.FSGOV,GUY,2000,8.484149932861328,UIS_EST,
XGDP.FSGOV,GUY,2001,8.397299766540527,UIS_EST,
XGDP.FSGOV,GUY,2002,8.36553955078125,,
XGDP.FSGOV,GUY,2003,6.955900192260742,UIS_EST,
XGDP.FSGOV,GUY,2004,5.512939929962158,,
XGDP.FSGOV,GUY,2005,8.139730453491211,,
XGDP.FSGOV,GUY,2006,3.118910074234009,,
XGDP.FSGOV,GUY,2007,2.391170024871826,,
XGDP.FSGOV,GUY,2009,2.150579929351807,,
XGDP.FSGOV,GUY,2010,2.409389972686768,,
XGDP.FSGOV,GUY,2011,2.50669002532959,,
XGDP.FSGOV,GUY,2012,2.241319894790649,,
XGDP.FSGOV,GUY,2014,4.360330104827881,,
XGDP.FSGOV,GUY,2015,3.895699977874756,,
XGDP.FSGOV,GUY,2016,4.737750053405762,,
XGDP.FSGOV,GUY,2017,4.664780139923096,UIS_EST,
XGDP.FSGOV,GUY,2018,4.45058012008667,UIS_EST,
XGDP.FSGOV,HKG,2001,3.903700113296509,,
XGDP.FSGOV,HKG,2002,4.01554012298584,,
XGDP.FSGOV,HKG,2003,4.285299777984619,,
XGDP.FSGOV,HKG,2004,4.5589599609375,,
XGDP.FSGOV,HKG,2005,4.13463020324707,,
XGDP.FSGOV,HKG,2006,3.842789888381958,,
XGDP.FSGOV,HKG,2007,3.45455002784729,,
XGDP.FSGOV,HKG,2008,3.260629892349243,,
XGDP.FSGOV,HKG,2009,4.392129898071289,,
XGDP.FSGOV,HKG,2010,3.510030031204224,,
XGDP.FSGOV,HKG,2011,3.418220043182373,,
XGDP.FSGOV,HKG,2012,3.509609937667847,,
XGDP.FSGOV,HKG,2013,3.760319948196411,,
XGDP.FSGOV,HKG,2014,3.572550058364868,,
XGDP.FSGOV,HKG,2015,3.262120008468628,,
XGDP.FSGOV,HKG,2016,3.29269003868103,,
XGDP.FSGOV,HKG,2017,3.309890031814575,,
XGDP.FSGOV,HKG,2018,3.326240062713623,,
XGDP.FSGOV,HKG,2019,3.810179948806763,,
XGDP.FSGOV,HKG,2020,4.405620098114014,,
XGDP.FSGOV,HKG,2021,4.000309944152832,,
XGDP.FSGOV,HKG,2022,3.728660106658936,,
XGDP.FSGOV,HKG,2023,3.803270101547241,,
XGDP.FSGOV,HKG,2024,3.808049917221069,,
XGDP.FSGOV,HND,2012,6.299727935773913,,
XGDP.FSGOV,HND,2013,5.874929904937744,,
XGDP.FSGOV,HND,2014,7.0901198387146,,
XGDP.FSGOV,HND,2015,6.412970066070557,,
XGDP.FSGOV,HND,2016,6.095094920792972,,
XGDP.FSGOV,HND,2017,5.74434396129576,,
XGDP.FSGOV,HND,2018,6.056469917297363,,
XGDP.FSGOV,HND,2019,5.981982663115932,,
XGDP.FSGOV,HND,2020,6.098013286488893,,
XGDP.FSGOV,HND,2021,5.88160201792279,,
XGDP.FSGOV,HND,2022,4.482800308020556,,
XGDP.FSGOV,HND,2023,4.549620371727023,,
XGDP.FSGOV,HRV,2002,3.823050022125244,,
XGDP.FSGOV,HRV,2003,3.870199918746948,,
XGDP.FSGOV,HRV,2004,3.823869943618774,,
XGDP.FSGOV,HRV,2007,3.968980073928833,,
XGDP.FSGOV,HRV,2008,4.278389930725098,,
XGDP.FSGOV,HRV,2009,4.362170219421387,,
XGDP.FSGOV,HRV,2010,4.206510066986084,,
XGDP.FSGOV,HRV,2011,4.10584020614624,,
XGDP.FSGOV,HRV,2013,4.501279830932617,,
XGDP.FSGOV,HRV,2017,3.872070074081421,,
XGDP.FSGOV,HRV,2018,3.924329996109009,,
XGDP.FSGOV,HRV,2019,3.945559978485107,,
XGDP.FSGOV,HRV,2020,4.408549785614014,,
XGDP.FSGOV,HRV,2021,4.091660022735596,,
XGDP.FSGOV,HTI,2014,1.752269983291626,,
XGDP.FSGOV,HTI,2015,1.854979991912842,,
XGDP.FSGOV,HTI,2016,1.387760043144226,,
XGDP.FSGOV,HTI,2017,1.498469948768616,,
XGDP.FSGOV,HTI,2018,1.637159943580627,,
XGDP.FSGOV,HTI,2019,1.084149780674085,,
XGDP.FSGOV,HTI,2020,1.113536415586431,,
XGDP.FSGOV,HTI,2021,1.242751811170482,,
XGDP.FSGOV,HTI,2022,1.026898122067983,,
XGDP.FSGOV,HTI,2023,0.9646480129779644,,
XGDP.FSGOV,HUN,2000,4.868400096893311,,
XGDP.FSGOV,HUN,2001,4.931009769439697,,
XGDP.FSGOV,HUN,2002,5.179230213165283,,
XGDP.FSGOV,HUN,2003,5.792300224304199,,
XGDP.FSGOV,HUN,2004,5.327620029449463,,
XGDP.FSGOV,HUN,2005,5.320079803466797,,
XGDP.FSGOV,HUN,2006,5.289740085601807,,
XGDP.FSGOV,HUN,2007,5.134950160980225,,
XGDP.FSGOV,HUN,2008,4.967639923095703,,
XGDP.FSGOV,HUN,2009,4.946360111236572,,
XGDP.FSGOV,HUN,2010,4.723750114440918,,
XGDP.FSGOV,HUN,2011,4.563179969787598,,
XGDP.FSGOV,HUN,2012,4.142499923706055,,
XGDP.FSGOV,HUN,2013,4.189219951629639,,
XGDP.FSGOV,HUN,2014,4.601870059967041,,
XGDP.FSGOV,HUN,2015,4.495399951934814,,
XGDP.FSGOV,HUN,2016,4.615479946136475,,
XGDP.FSGOV,HUN,2017,4.647570133209229,,
XGDP.FSGOV,HUN,2018,4.623439788818359,,
XGDP.FSGOV,HUN,2019,4.224880218505859,,
XGDP.FSGOV,HUN,2020,4.153570175170898,,
XGDP.FSGOV,HUN,2021,4.684060096740723,,
XGDP.FSGOV,HUN,2022,3.812589883804321,,
XGDP.FSGOV,IDN,2001,2.460030078887939,UIS_EST,
XGDP.FSGOV,IDN,2002,2.645689964294434,UIS_EST,
XGDP.FSGOV,IDN,2003,3.217999935150146,UIS_EST,
XGDP.FSGOV,IDN,2004,2.748470067977905,UIS_EST,
XGDP.FSGOV,IDN,2005,2.872819900512695,UIS_EST,
XGDP.FSGOV,IDN,2007,3.044250011444092,,
XGDP.FSGOV,IDN,2008,2.901900053024292,,
XGDP.FSGOV,IDN,2009,3.525130033493042,,
XGDP.FSGOV,IDN,2010,2.812279939651489,,
XGDP.FSGOV,IDN,2011,3.189440011978149,,
XGDP.FSGOV,IDN,2012,3.407480001449585,,
XGDP.FSGOV,IDN,2013,3.359040021896362,,
XGDP.FSGOV,IDN,2014,3.288009881973267,,
XGDP.FSGOV,IDN,2015,3.583600044250488,,
XGDP.FSGOV,IDN,2016,1.210234524969644,,
XGDP.FSGOV,IDN,2017,1.053243824900565,,
XGDP.FSGOV,IDN,2018,0.9944364608461786,,
XGDP.FSGOV,IDN,2019,0.9643990776229273,,
XGDP.FSGOV,IDN,2020,1.015932213478094,,
XGDP.FSGOV,IDN,2021,1.032217506583739,,
XGDP.FSGOV,IDN,2022,0.8639433495759075,,
XGDP.FSGOV,IDN,2023,1.275170882456738,,
XGDP.FSGOV,IND,2000,4.324790000915527,,
XGDP.FSGOV,IND,2003,3.613409996032715,,
XGDP.FSGOV,IND,2004,3.352540016174316,,
XGDP.FSGOV,IND,2005,3.188750028610229,,
XGDP.FSGOV,IND,2006,3.142849922180176,,
XGDP.FSGOV,IND,2009,3.278249979019165,,
XGDP.FSGOV,IND,2010,3.377690076828003,,
XGDP.FSGOV,IND,2011,3.796180009841919,,
XGDP.FSGOV,IND,2012,3.867500066757202,,
XGDP.FSGOV,IND,2013,3.844670057296753,,
XGDP.FSGOV,IND,2014,3.89878023242693,,
XGDP.FSGOV,IND,2015,4.114570140838623,,
XGDP.FSGOV,IND,2016,4.254079818725586,,
XGDP.FSGOV,IND,2017,4.305449962615967,,
XGDP.FSGOV,IND,2018,4.363739967346191,,
XGDP.FSGOV,IND,2019,3.897320032119751,,
XGDP.FSGOV,IND,2020,4.293350219726563,,
XGDP.FSGOV,IND,2021,4.629499912261963,,
XGDP.FSGOV,IND,2022,4.098658141745892,,
XGDP.FSGOV,IRL,2000,4.132259845733643,,
XGDP.FSGOV,IRL,2001,4.087490081787109,,
XGDP.FSGOV,IRL,2002,4.104879856109619,,
XGDP.FSGOV,IRL,2003,4.204939842224121,,
XGDP.FSGOV,IRL,2004,4.482960224151611,,
XGDP.FSGOV,IRL,2005,4.518980026245117,,
XGDP.FSGOV,IRL,2006,4.547420024871826,,
XGDP.FSGOV,IRL,2007,4.715410232543945,,
XGDP.FSGOV,IRL,2008,5.458280086517334,,
XGDP.FSGOV,IRL,2009,6.156109809875488,,
XGDP.FSGOV,IRL,2010,6.048369884490967,,
XGDP.FSGOV,IRL,2011,5.771999835968018,,
XGDP.FSGOV,IRL,2012,5.707779884338379,,
XGDP.FSGOV,IRL,2013,5.231770038604736,,
XGDP.FSGOV,IRL,2014,4.735549926757813,,
XGDP.FSGOV,IRL,2015,3.624380111694336,,
XGDP.FSGOV,IRL,2016,3.658829927444458,,
XGDP.FSGOV,IRL,2017,3.377379894256592,,
XGDP.FSGOV,IRL,2018,3.303479909896851,,
XGDP.FSGOV,IRL,2019,3.229840040206909,,
XGDP.FSGOV,IRL,2020,3.19163990020752,,
XGDP.FSGOV,IRL,2021,2.904629945755005,,
XGDP.FSGOV,IRN,2000,4.030640125274658,,
XGDP.FSGOV,IRN,2001,4.071680068969727,,
XGDP.FSGOV,IRN,2002,4.484879970550537,,
XGDP.FSGOV,IRN,2003,4.36322021484375,,
XGDP.FSGOV,IRN,2004,4.296629905700684,,
XGDP.FSGOV,IRN,2005,4.056509971618652,,
XGDP.FSGOV,IRN,2006,4.289989948272705,,
XGDP.FSGOV,IRN,2007,4.596809864044189,,
XGDP.FSGOV,IRN,2008,3.91375994682312,,
XGDP.FSGOV,IRN,2009,3.842449903488159,,
XGDP.FSGOV,IRN,2010,3.709180116653442,,
XGDP.FSGOV,IRN,2011,3.484970092773438,,
XGDP.FSGOV,IRN,2012,2.938999891281128,,
XGDP.FSGOV,IRN,2013,2.852790117263794,,
XGDP.FSGOV,IRN,2014,2.616689920425415,,
XGDP.FSGOV,IRN,2015,2.629110097885132,,
XGDP.FSGOV,IRN,2016,3.173969984054565,,
XGDP.FSGOV,IRN,2017,3.459569931030273,,
XGDP.FSGOV,IRN,2018,3.619790077209473,,
XGDP.FSGOV,IRN,2019,3.240050077438354,,
XGDP.FSGOV,IRN,2020,3.204950094223022,,
XGDP.FSGOV,IRN,2022,2.669980049133301,,
XGDP.FSGOV,IRN,2023,2.824432909587118,,
XGDP.FSGOV,ISL,2000,6.431439876556396,,
XGDP.FSGOV,ISL,2001,6.705920219421387,,
XGDP.FSGOV,ISL,2002,7.298920154571533,,
XGDP.FSGOV,ISL,2003,7.24507999420166,,
XGDP.FSGOV,ISL,2004,7.161180019378662,,
XGDP.FSGOV,ISL,2005,7.33843994140625,,
XGDP.FSGOV,ISL,2006,7.195219993591309,,
XGDP.FSGOV,ISL,2007,6.944330215454102,,
XGDP.FSGOV,ISL,2008,7.036019802093506,,
XGDP.FSGOV,ISL,2009,7.189849853515625,,
XGDP.FSGOV,ISL,2010,6.944240093231201,,
XGDP.FSGOV,ISL,2011,6.789979934692383,,
XGDP.FSGOV,ISL,2012,7.582230091094971,,
XGDP.FSGOV,ISL,2013,7.448689937591553,,
XGDP.FSGOV,ISL,2014,7.641409873962402,,
XGDP.FSGOV,ISL,2015,7.457970142364502,,
XGDP.FSGOV,ISL,2016,7.432199954986572,,
XGDP.FSGOV,ISL,2017,7.583859920501709,,
XGDP.FSGOV,ISL,2018,7.563499927520752,,
XGDP.FSGOV,ISL,2019,7.60129976272583,,
XGDP.FSGOV,ISL,2020,8.583829879760742,,
XGDP.FSGOV,ISL,2021,8.20907974243164,,
XGDP.FSGOV,ISL,2022,7.289239883422852,,
XGDP.FSGOV,ISR,2000,5.943679809570313,,
XGDP.FSGOV,ISR,2001,6.193840026855469,,
XGDP.FSGOV,ISR,2002,6.26308012008667,,
XGDP.FSGOV,ISR,2003,6.139249801635742,,
XGDP.FSGOV,ISR,2004,5.756519794464111,,
XGDP.FSGOV,ISR,2005,5.580649852752686,,
XGDP.FSGOV,ISR,2006,5.590340137481689,,
XGDP.FSGOV,ISR,2007,5.34945011138916,,
XGDP.FSGOV,ISR,2008,5.423820018768311,,
XGDP.FSGOV,ISR,2009,5.365610122680664,,
XGDP.FSGOV,ISR,2010,5.421430110931396,,
XGDP.FSGOV,ISR,2011,5.443270206451416,,
XGDP.FSGOV,ISR,2012,5.575419902801514,,
XGDP.FSGOV,ISR,2013,5.786069869995117,,
XGDP.FSGOV,ISR,2014,5.709070205688477,,
XGDP.FSGOV,ISR,2015,5.810910224914551,,
XGDP.FSGOV,ISR,2016,5.820479869842529,,
XGDP.FSGOV,ISR,2017,6.024849891662598,,
XGDP.FSGOV,ISR,2018,6.087769985198975,,
XGDP.FSGOV,ISR,2019,6.084090232849121,,
XGDP.FSGOV,ISR,2020,6.503039836883545,,
XGDP.FSGOV,ISR,2021,6.169089794158936,,
XGDP.FSGOV,ISR,2022,5.934969902038574,,
XGDP.FSGOV,ITA,2000,4.279940128326416,,
XGDP.FSGOV,ITA,2001,4.63415002822876,,
XGDP.FSGOV,ITA,2002,4.415200233459473,,
XGDP.FSGOV,ITA,2003,4.526559829711914,,
XGDP.FSGOV,ITA,2004,4.370039939880371,,
XGDP.FSGOV,ITA,2005,4.222929954528809,,
XGDP.FSGOV,ITA,2006,4.504630088806152,,
XGDP.FSGOV,ITA,2007,4.087629795074463,,
XGDP.FSGOV,ITA,2008,4.371880054473877,,
XGDP.FSGOV,ITA,2009,4.504159927368164,,
XGDP.FSGOV,ITA,2010,4.316259860992432,,
XGDP.FSGOV,ITA,2011,4.09430980682373,,
XGDP.FSGOV,ITA,2012,4.034810066223145,,
XGDP.FSGOV,ITA,2013,4.121920108795166,,
XGDP.FSGOV,ITA,2014,4.04026985168457,,
XGDP.FSGOV,ITA,2015,4.054220199584961,,
XGDP.FSGOV,ITA,2016,3.795490026473999,,
XGDP.FSGOV,ITA,2017,4.02662992477417,,
XGDP.FSGOV,ITA,2018,4.240930080413818,,
XGDP.FSGOV,ITA,2019,4.07843017578125,,
XGDP.FSGOV,ITA,2020,4.41802978515625,,
XGDP.FSGOV,ITA,2021,4.171189785003662,,
XGDP.FSGOV,ITA,2022,4.069829940795898,,
XGDP.FSGOV,JAM,2000,4.98346996307373,,
XGDP.FSGOV,JAM,2001,5.381030082702637,,
XGDP.FSGOV,JAM,2002,5.375229835510254,,
XGDP.FSGOV,JAM,2003,4.256849765777588,,
XGDP.FSGOV,JAM,2004,3.91254997253418,,
XGDP.FSGOV,JAM,2005,4.616419792175293,,
XGDP.FSGOV,JAM,2007,5.490220069885254,,
XGDP.FSGOV,JAM,2008,6.191319942474365,,
XGDP.FSGOV,JAM,2009,6.198480129241943,,
XGDP.FSGOV,JAM,2010,6.37060022354126,,
XGDP.FSGOV,JAM,2011,6.266640186309814,,
XGDP.FSGOV,JAM,2012,6.112460136413574,,
XGDP.FSGOV,JAM,2013,6.25108003616333,,
XGDP.FSGOV,JAM,2014,6.015860080718994,,
XGDP.FSGOV,JAM,2015,5.455220222473145,,
XGDP.FSGOV,JAM,2016,5.314610004425049,,
XGDP.FSGOV,JAM,2017,5.260169982910156,,
XGDP.FSGOV,JAM,2018,5.413809776306152,,
XGDP.FSGOV,JAM,2019,5.163640022277832,,
XGDP.FSGOV,JAM,2020,5.380658281973415,,
XGDP.FSGOV,JAM,2021,5.631239891052246,,
XGDP.FSGOV,JAM,2022,5.354350090026855,,
XGDP.FSGOV,JAM,2023,5.654536939794264,,
XGDP.FSGOV,JAM,2024,5.513830184936523,,
XGDP.FSGOV,JOR,2010,3.168509890033227,,
XGDP.FSGOV,JOR,2011,3.599005805984778,,
XGDP.FSGOV,JOR,2012,3.637160084512309,,
XGDP.FSGOV,JOR,2013,3.783722280320991,,
XGDP.FSGOV,JOR,2014,3.766924086635555,,
XGDP.FSGOV,JOR,2015,3.712721333516289,,
XGDP.FSGOV,JOR,2016,3.452820062637329,,
XGDP.FSGOV,JOR,2017,3.213059902191162,,
XGDP.FSGOV,JOR,2018,2.954619884490967,,
XGDP.FSGOV,JOR,2019,2.988460063934326,,
XGDP.FSGOV,JOR,2020,3.553034839801578,,
XGDP.FSGOV,JOR,2021,3.138370037078857,,
XGDP.FSGOV,JOR,2022,3.153000116348267,,
XGDP.FSGOV,JOR,2023,3.514863155963245,,
XGDP.FSGOV,JPN,2000,3.460119962692261,,
XGDP.FSGOV,JPN,2001,3.400820016860962,,
XGDP.FSGOV,JPN,2002,3.408989906311035,,
XGDP.FSGOV,JPN,2003,3.466629981994629,,
XGDP.FSGOV,JPN,2004,3.426110029220581,,
XGDP.FSGOV,JPN,2005,3.314939975738525,,
XGDP.FSGOV,JPN,2006,3.276679992675781,,
XGDP.FSGOV,JPN,2007,3.279340028762817,,
XGDP.FSGOV,JPN,2008,3.272419929504395,,
XGDP.FSGOV,JPN,2010,3.599519968032837,,
XGDP.FSGOV,JPN,2011,3.605279922485352,,
XGDP.FSGOV,JPN,2012,3.419450044631958,,
XGDP.FSGOV,JPN,2013,3.408750057220459,,
XGDP.FSGOV,JPN,2014,3.415299892425537,,
XGDP.FSGOV,JPN,2015,3.312210083007813,,
XGDP.FSGOV,JPN,2016,3.146430015563965,,
XGDP.FSGOV,JPN,2017,3.130579948425293,,
XGDP.FSGOV,JPN,2018,3.077820062637329,,
XGDP.FSGOV,JPN,2019,3.155339956283569,,
XGDP.FSGOV,JPN,2020,3.306289911270142,,
XGDP.FSGOV,JPN,2021,3.335639953613281,,
XGDP.FSGOV,KAZ,2000,3.256619930267334,,
XGDP.FSGOV,KAZ,2002,3.029700040817261,,
XGDP.FSGOV,KAZ,2004,2.25590991973877,,
XGDP.FSGOV,KAZ,2005,2.263530015945435,,
XGDP.FSGOV,KAZ,2006,2.626780033111572,,
XGDP.FSGOV,KAZ,2007,2.831389904022217,,
XGDP.FSGOV,KAZ,2008,2.589459896087646,,
XGDP.FSGOV,KAZ,2009,3.060719966888428,,
XGDP.FSGOV,KAZ,2010,3.587354817215655,,
XGDP.FSGOV,KAZ,2011,3.614340173645605,,
XGDP.FSGOV,KAZ,2012,3.901637012881941,,
XGDP.FSGOV,KAZ,2013,3.445648865641087,,
XGDP.FSGOV,KAZ,2014,3.429039545128238,,
XGDP.FSGOV,KAZ,2015,2.788579940795898,,
XGDP.FSGOV,KAZ,2016,2.978100061416626,,
XGDP.FSGOV,KAZ,2017,2.75081992149353,,
XGDP.FSGOV,KAZ,2018,2.615950107574463,,
XGDP.FSGOV,KAZ,2019,2.856970071792603,,
XGDP.FSGOV,KAZ,2020,4.446203801696185,,
XGDP.FSGOV,KAZ,2021,4.385693975714663,,
XGDP.FSGOV,KAZ,2022,4.361853608514047,,
XGDP.FSGOV,KAZ,2023,4.84984016418457,,
XGDP.FSGOV,KEN,2000,5.186729907989502,,
XGDP.FSGOV,KEN,2001,5.206210136413574,,
XGDP.FSGOV,KEN,2002,6.171999931335449,UIS_EST,
XGDP.FSGOV,KEN,2003,6.494269847869873,,
XGDP.FSGOV,KEN,2004,6.796929836273193,,
XGDP.FSGOV,KEN,2005,7.335649967193604,,
XGDP.FSGOV,KEN,2006,7.049839973449707,,
XGDP.FSGOV,KEN,2010,4.815489768981934,,
XGDP.FSGOV,KEN,2011,4.700129985809326,,
XGDP.FSGOV,KEN,2012,4.931210041046143,,
XGDP.FSGOV,KEN,2013,4.837210178375244,,
XGDP.FSGOV,KEN,2014,4.717299938201904,,
XGDP.FSGOV,KEN,2015,4.743500232696533,,
XGDP.FSGOV,KEN,2016,4.895180225372314,UIS_EST,
XGDP.FSGOV,KEN,2017,4.963089942932129,UIS_EST,
XGDP.FSGOV,KEN,2018,5.107619762420654,UIS_EST,
XGDP.FSGOV,KEN,2019,5.373592109980967,,
XGDP.FSGOV,KEN,2020,5.045748924541551,,
XGDP.FSGOV,KEN,2021,4.890402022571948,,
XGDP.FSGOV,KEN,2022,4.511018018298153,,
XGDP.FSGOV,KEN,2023,3.962293044132629,,
XGDP.FSGOV,KEN,2024,4.022423460989741,,
XGDP.FSGOV,KGZ,2000,3.508389949798584,,
XGDP.FSGOV,KGZ,2001,3.854180097579956,,
XGDP.FSGOV,KGZ,2002,4.445459842681885,,
XGDP.FSGOV,KGZ,2003,4.475419998168945,,
XGDP.FSGOV,KGZ,2004,4.622439861297607,,
XGDP.FSGOV,KGZ,2005,4.873839855194092,,
XGDP.FSGOV,KGZ,2006,5.549860000610352,,
XGDP.FSGOV,KGZ,2007,6.467000007629395,,
XGDP.FSGOV,KGZ,2008,5.913189888000488,,
XGDP.FSGOV,KGZ,2009,6.232679843902588,,
XGDP.FSGOV,KGZ,2010,5.818830013275146,,
XGDP.FSGOV,KGZ,2011,6.790619850158691,,
XGDP.FSGOV,KGZ,2012,7.384230136871338,,
XGDP.FSGOV,KGZ,2013,6.780200004577637,,
XGDP.FSGOV,KGZ,2014,5.531599998474121,,
XGDP.FSGOV,KGZ,2015,5.985509872436523,,
XGDP.FSGOV,KGZ,2016,6.586150169372559,,
XGDP.FSGOV,KGZ,2017,6.026189804077148,,
XGDP.FSGOV,KGZ,2018,5.552670001983643,,
XGDP.FSGOV,KGZ,2019,5.080259799957275,,
XGDP.FSGOV,KGZ,2020,5.733160018920898,,
XGDP.FSGOV,KGZ,2021,5.166679859161377,,
XGDP.FSGOV,KGZ,2022,7.168843822440992,,
XGDP.FSGOV,KGZ,2023,6.82694680798777,,
XGDP.FSGOV,KHM,2000,1.648699998855591,,
XGDP.FSGOV,KHM,2001,1.655060052871704,,
XGDP.FSGOV,KHM,2002,1.628630042076111,,
XGDP.FSGOV,KHM,2004,1.560369968414307,,
XGDP.FSGOV,KHM,2007,1.364230036735535,,
XGDP.FSGOV,KHM,2009,1.385769963264465,,
XGDP.FSGOV,KHM,2010,1.248729944229126,,
XGDP.FSGOV,KHM,2011,1.208879947662354,,
XGDP.FSGOV,KHM,2012,1.23062002658844,,
XGDP.FSGOV,KHM,2013,1.576480031013489,,
XGDP.FSGOV,KHM,2014,1.446900010108948,,
XGDP.FSGOV,KHM,2018,1.603369951248169,,
XGDP.FSGOV,KHM,2019,2.133453878939777,,
XGDP.FSGOV,KHM,2020,2.247646249597199,,
XGDP.FSGOV,KHM,2021,1.962326918127561,,
XGDP.FSGOV,KHM,2022,1.957932795764161,,
XGDP.FSGOV,KHM,2023,2.180912834029497,,
XGDP.FSGOV,KIR,2000,10.04244041442871,,
XGDP.FSGOV,KIR,2001,11.649169921875,,
XGDP.FSGOV,KIR,2012,12.499488,,
XGDP.FSGOV,KIR,2013,12.09029425837321,,
XGDP.FSGOV,KIR,2014,11.51313603603604,,
XGDP.FSGOV,KIR,2015,10.76839019607843,,
XGDP.FSGOV,KIR,2016,11.64647338129496,,
XGDP.FSGOV,KIR,2017,11.47616494845361,,
XGDP.FSGOV,KIR,2018,12.92041948881789,,
XGDP.FSGOV,KIR,2019,14.51974134615385,,
XGDP.FSGOV,KIR,2020,16.23037561419753,,
XGDP.FSGOV,KIR,2021,13.98715168831169,,
XGDP.FSGOV,KIR,2022,14.78603128205128,,
XGDP.FSGOV,KIR,2023,16.39053,,
XGDP.FSGOV,KNA,2000,4.740389823913574,,
XGDP.FSGOV,KNA,2001,4.421549797058105,,
XGDP.FSGOV,KNA,2002,3.920510053634644,,
XGDP.FSGOV,KNA,2003,3.790990114212036,,
XGDP.FSGOV,KNA,2004,3.971349954605103,,
XGDP.FSGOV,KNA,2005,3.83144998550415,,
XGDP.FSGOV,KNA,2006,4.05925989151001,,
XGDP.FSGOV,KNA,2007,4.193809986114502,,
XGDP.FSGOV,KNA,2010,2.545540156192034,,
XGDP.FSGOV,KNA,2011,2.497065272763516,,
XGDP.FSGOV,KNA,2012,2.492001453873181,,
XGDP.FSGOV,KNA,2013,3.262058572021234,,
XGDP.FSGOV,KNA,2014,2.853075037927413,,
XGDP.FSGOV,KNA,2015,2.54938006401062,,
XGDP.FSGOV,KNA,2016,3.000761474538425,,
XGDP.FSGOV,KNA,2017,2.771003279791439,,
XGDP.FSGOV,KNA,2018,3.035249838303494,,
XGDP.FSGOV,KNA,2019,2.728895664296388,,
XGDP.FSGOV,KNA,2020,3.105686355846626,,
XGDP.FSGOV,KNA,2021,2.783790111541748,,
XGDP.FSGOV,KNA,2022,3.557961552685803,,
XGDP.FSGOV,KNA,2023,3.497261716290988,,
XGDP.FSGOV,KOR,2015,4.454239845275879,,
XGDP.FSGOV,KOR,2016,4.333099842071533,,
XGDP.FSGOV,KOR,2017,4.328239917755127,,
XGDP.FSGOV,KOR,2018,4.458079814910889,,
XGDP.FSGOV,KOR,2019,4.684659957885742,,
XGDP.FSGOV,KOR,2020,4.801720142364502,,
XGDP.FSGOV,KOR,2021,4.866270065307617,,
XGDP.FSGOV,KOR,2022,5.814469814300537,,
XGDP.FSGOV,KWT,2001,6.585830211639404,UIS_EST,
XGDP.FSGOV,KWT,2002,6.551109790802002,,
XGDP.FSGOV,KWT,2004,5.535069942474365,,
XGDP.FSGOV,KWT,2005,4.738339900970459,,
XGDP.FSGOV,KWT,2006,3.759979963302612,UIS_EST,
XGDP.FSGOV,KWT,2016,5.95593958839578,,
XGDP.FSGOV,KWT,2017,6.354442221569867,,
XGDP.FSGOV,KWT,2018,6.391652568303817,,
XGDP.FSGOV,KWT,2019,6.727895514029909,,
XGDP.FSGOV,KWT,2020,6.245130349139658,,
XGDP.FSGOV,KWT,2021,7.762467064679285,,
XGDP.FSGOV,KWT,2022,6.582364999888908,,
XGDP.FSGOV,KWT,2023,5.026260831127895,,
XGDP.FSGOV,KWT,2024,6.435926678896848,,
XGDP.FSGOV,LAO,2000,1.503690004348755,,
XGDP.FSGOV,LAO,2001,1.990280032157898,,
XGDP.FSGOV,LAO,2002,2.825220108032227,,
XGDP.FSGOV,LAO,2004,2.413000106811523,,
XGDP.FSGOV,LAO,2005,2.414089918136597,,
XGDP.FSGOV,LAO,2006,2.958790063858032,,
XGDP.FSGOV,LAO,2007,3.078419923782349,,
XGDP.FSGOV,LAO,2008,2.278549909591675,,
XGDP.FSGOV,LAO,2009,1.654850006103516,,
XGDP.FSGOV,LAO,2010,1.709789991378784,,
XGDP.FSGOV,LAO,2011,1.708019971847534,,
XGDP.FSGOV,LAO,2012,1.821470022201538,,
XGDP.FSGOV,LAO,2013,3.233809947967529,,
XGDP.FSGOV,LAO,2014,2.937809944152832,,
XGDP.FSGOV,LAO,2015,2.736897878842152,,
XGDP.FSGOV,LAO,2016,2.774429761103876,,
XGDP.FSGOV,LAO,2017,2.497972614140207,,
XGDP.FSGOV,LAO,2018,2.335012290183165,,
XGDP.FSGOV,LAO,2019,2.122013937489976,,
XGDP.FSGOV,LAO,2020,1.915972732238569,,
XGDP.FSGOV,LAO,2021,1.859491768765364,,
XGDP.FSGOV,LAO,2022,1.460834404340695,,
XGDP.FSGOV,LAO,2023,1.233751603557408,,
XGDP.FSGOV,LBN,2001,2.841480016708374,,
XGDP.FSGOV,LBN,2002,2.552710056304932,,
XGDP.FSGOV,LBN,2004,2.640949964523315,,
XGDP.FSGOV,LBN,2005,2.64618992805481,,
XGDP.FSGOV,LBN,2006,2.779759883880615,,
XGDP.FSGOV,LBN,2007,2.583570003509521,,
XGDP.FSGOV,LBN,2008,2.014790058135986,,
XGDP.FSGOV,LBN,2009,1.76570999622345,,
XGDP.FSGOV,LBN,2010,1.613309979438782,,
XGDP.FSGOV,LBN,2011,1.652519941329956,,
XGDP.FSGOV,LBN,2012,2.149029970169067,,
XGDP.FSGOV,LBN,2013,2.433969974517822,,
XGDP.FSGOV,LBN,2016,2.178202708414052,,
XGDP.FSGOV,LBN,2017,2.216068444232378,,
XGDP.FSGOV,LBN,2018,2.616525122573401,,
XGDP.FSGOV,LBN,2019,2.51957250612723,,
XGDP.FSGOV,LBN,2020,2.4354185601396,,
XGDP.FSGOV,LBN,2022,1.331514276287109,,
XGDP.FSGOV,LBN,2023,1.504163611080857,,
XGDP.FSGOV,LBN,2024,1.224908699930848,,
XGDP.FSGOV,LBR,2008,1.70166003704071,,
XGDP.FSGOV,LBR,2012,1.777119994163513,,
XGDP.FSGOV,LBR,2013,1.69078004360199,UIS_EST,
XGDP.FSGOV,LBR,2014,2.200050115585327,UIS_EST,
XGDP.FSGOV,LBR,2015,2.115874682079778,,
XGDP.FSGOV,LBR,2016,2.114796842230878,,
XGDP.FSGOV,LBR,2017,2.663300037384033,UIS_EST,
XGDP.FSGOV,LBR,2018,2.503910064697266,UIS_EST,
XGDP.FSGOV,LBR,2019,2.165081939261322,,
XGDP.FSGOV,LBR,2020,2.136014151117462,,
XGDP.FSGOV,LBR,2021,2.4235999584198,,
XGDP.FSGOV,LBR,2022,2.276096006870202,,
XGDP.FSGOV,LBR,2023,2.266525623268698,,
XGDP.FSGOV,LCA,2001,5.707330226898193,UIS_EST,
XGDP.FSGOV,LCA,2003,3.53449010848999,UIS_EST,
XGDP.FSGOV,LCA,2004,3.436460018157959,,
XGDP.FSGOV,LCA,2005,4.238959789276123,,
XGDP.FSGOV,LCA,2006,4.696690082550049,,
XGDP.FSGOV,LCA,2008,4.483530044555664,,
XGDP.FSGOV,LCA,2009,3.067660093307495,,
XGDP.FSGOV,LCA,2010,3.482899904251099,NAT_EST,
XGDP.FSGOV,LCA,2011,3.598819971084595,,
XGDP.FSGOV,LCA,2012,3.290980100631714,,
XGDP.FSGOV,LCA,2013,3.876610040664673,,
XGDP.FSGOV,LCA,2014,3.891429901123047,,
XGDP.FSGOV,LCA,2015,3.880880117416382,,
XGDP.FSGOV,LCA,2016,5.209579944610596,,
XGDP.FSGOV,LCA,2017,3.627315220601498,,
XGDP.FSGOV,LCA,2018,3.332760095596313,,
XGDP.FSGOV,LCA,2019,3.27266001701355,,
XGDP.FSGOV,LCA,2020,3.615170001983643,,
XGDP.FSGOV,LCA,2021,5.861977463358823,,
XGDP.FSGOV,LCA,2022,4.642350196838379,,
XGDP.FSGOV,LCA,2023,2.742120027542114,,
XGDP.FSGOV,LCA,2024,3.847000186534027,,
XGDP.FSGOV,LIE,2003,2.460139989852905,,
XGDP.FSGOV,LIE,2004,2.433330059051514,,
XGDP.FSGOV,LIE,2006,2.053809881210327,,
XGDP.FSGOV,LIE,2007,1.921190023422241,,
XGDP.FSGOV,LIE,2008,2.048369884490967,,
XGDP.FSGOV,LIE,2011,2.556040048599243,,
XGDP.FSGOV,LKA,2009,2.055900096893311,,
XGDP.FSGOV,LKA,2010,1.661779999732971,,
XGDP.FSGOV,LKA,2011,1.74292004108429,,
XGDP.FSGOV,LKA,2012,1.453420042991638,,
XGDP.FSGOV,LKA,2013,1.564589977264404,,
XGDP.FSGOV,LKA,2014,1.858590006828308,,
XGDP.FSGOV,LKA,2015,2.10998010635376,,
XGDP.FSGOV,LKA,2016,3.229290008544922,,
XGDP.FSGOV,LKA,2017,2.593169927597046,,
XGDP.FSGOV,LKA,2018,1.987810015678406,,
XGDP.FSGOV,LKA,2020,1.557923922237233,,
XGDP.FSGOV,LKA,2021,1.506505796039284,,
XGDP.FSGOV,LKA,2022,1.203972186611856,,
XGDP.FSGOV,LKA,2023,1.82774571561927,,
XGDP.FSGOV,LSO,2000,10.09154987335205,,
XGDP.FSGOV,LSO,2001,9.365050315856934,,
XGDP.FSGOV,LSO,2002,10.10044956207275,,
XGDP.FSGOV,LSO,2003,13.21957015991211,,
XGDP.FSGOV,LSO,2004,11.10900974273682,,
XGDP.FSGOV,LSO,2005,12.07966041564941,,
XGDP.FSGOV,LSO,2006,11.27128028869629,,
XGDP.FSGOV,LSO,2008,12.32874011993408,,
XGDP.FSGOV,LSO,2015,7.642720557281807,,
XGDP.FSGOV,LSO,2016,7.552474112160233,,
XGDP.FSGOV,LSO,2017,8.155320167541504,UIS_EST,
XGDP.FSGOV,LSO,2018,7.283609867095947,,
XGDP.FSGOV,LSO,2023,7.290113555909573,,
XGDP.FSGOV,LSO,2024,6.622530660965964,,
XGDP.FSGOV,LTU,2001,5.836440086364746,,
XGDP.FSGOV,LTU,2002,5.790939807891846,,
XGDP.FSGOV,LTU,2003,5.106709957122803,,
XGDP.FSGOV,LTU,2004,5.147970199584961,,
XGDP.FSGOV,LTU,2005,4.876989841461182,,
XGDP.FSGOV,LTU,2006,4.836530208587646,,
XGDP.FSGOV,LTU,2007,4.591599941253662,,
XGDP.FSGOV,LTU,2008,4.836490154266357,,
XGDP.FSGOV,LTU,2009,5.569419860839844,,
XGDP.FSGOV,LTU,2010,5.368800163269043,,
XGDP.FSGOV,LTU,2011,5.154699802398682,,
XGDP.FSGOV,LTU,2012,4.782320022583008,,
XGDP.FSGOV,LTU,2013,4.624169826507568,,
XGDP.FSGOV,LTU,2014,4.507669925689697,,
XGDP.FSGOV,LTU,2015,4.216460227966309,,
XGDP.FSGOV,LTU,2016,4.011439800262451,,
XGDP.FSGOV,LTU,2017,3.812360048294067,,
XGDP.FSGOV,LTU,2018,3.856280088424683,,
XGDP.FSGOV,LTU,2019,3.941550016403198,,
XGDP.FSGOV,LTU,2020,4.473480224609375,,
XGDP.FSGOV,LTU,2021,4.239779949188232,,
XGDP.FSGOV,LTU,2022,4.25285005569458,,
XGDP.FSGOV,LUX,2001,3.539730072021484,,
XGDP.FSGOV,LUX,2012,3.878159999847412,,
XGDP.FSGOV,LUX,2014,3.855690002441406,,
XGDP.FSGOV,LUX,2015,3.767920017242432,,
XGDP.FSGOV,LUX,2017,3.486459970474243,,
XGDP.FSGOV,LUX,2018,3.662110090255737,,
XGDP.FSGOV,LUX,2019,3.736069917678833,,
XGDP.FSGOV,LUX,2020,3.853499889373779,,
XGDP.FSGOV,LUX,2021,3.719890117645264,,
XGDP.FSGOV,LUX,2022,3.705990076065063,,
XGDP.FSGOV,LVA,2000,5.408549785614014,,
XGDP.FSGOV,LVA,2001,5.561019897460938,,
XGDP.FSGOV,LVA,2002,5.78911018371582,,
XGDP.FSGOV,LVA,2003,5.294459819793701,,
XGDP.FSGOV,LVA,2004,5.046840190887451,,
XGDP.FSGOV,LVA,2006,4.944900035858154,,
XGDP.FSGOV,LVA,2007,4.890590190887451,,
XGDP.FSGOV,LVA,2008,5.636710166931152,,
XGDP.FSGOV,LVA,2009,5.677289962768555,,
XGDP.FSGOV,LVA,2010,5.14355993270874,,
XGDP.FSGOV,LVA,2011,5.243159770965576,,
XGDP.FSGOV,LVA,2012,6.838520050048828,,
XGDP.FSGOV,LVA,2013,7.249629974365234,,
XGDP.FSGOV,LVA,2014,5.474790096282959,,
XGDP.FSGOV,LVA,2015,5.466700077056885,,
XGDP.FSGOV,LVA,2016,4.823500156402588,,
XGDP.FSGOV,LVA,2017,4.529059886932373,,
XGDP.FSGOV,LVA,2018,4.394309997558594,,
XGDP.FSGOV,LVA,2019,4.586750030517578,,
XGDP.FSGOV,LVA,2020,4.997499942779541,,
XGDP.FSGOV,LVA,2021,4.767529964447021,,
XGDP.FSGOV,LVA,2022,4.319200038909912,,
XGDP.FSGOV,MAC,2000,3.314389944076538,,
XGDP.FSGOV,MAC,2001,2.714469909667969,,
XGDP.FSGOV,MAC,2002,2.842959880828857,,
XGDP.FSGOV,MAC,2003,2.78016996383667,,
XGDP.FSGOV,MAC,2004,2.233489990234375,,
XGDP.FSGOV,MAC,2005,2.277879953384399,,
XGDP.FSGOV,MAC,2006,2.193860054016113,,
XGDP.FSGOV,MAC,2007,2.043450117111206,,
XGDP.FSGOV,MAC,2008,2.196409940719604,,
XGDP.FSGOV,MAC,2009,2.533230066299438,,
XGDP.FSGOV,MAC,2010,2.618489980697632,,
XGDP.FSGOV,MAC,2011,2.675280094146729,,
XGDP.FSGOV,MAC,2012,3.325160026550293,,
XGDP.FSGOV,MAC,2013,2.050489902496338,,
XGDP.FSGOV,MAC,2014,2.048530101776123,,
XGDP.FSGOV,MAC,2015,3.002470016479492,,
XGDP.FSGOV,MAC,2016,3.099529981613159,,
XGDP.FSGOV,MAC,2017,2.709490060806274,,
XGDP.FSGOV,MAC,2018,2.733409881591797,,
XGDP.FSGOV,MAC,2019,3.065439939498901,,
XGDP.FSGOV,MAC,2020,6.389480113983154,,
XGDP.FSGOV,MAC,2021,5.106979846954346,,
XGDP.FSGOV,MAC,2022,6.057069778442383,,
XGDP.FSGOV,MAC,2023,3.501830101013184,,
XGDP.FSGOV,MAR,2008,4.853390216827393,,
XGDP.FSGOV,MAR,2009,4.83119010925293,,
XGDP.FSGOV,MAR,2012,5.552948385772083,,
XGDP.FSGOV,MAR,2014,5.482760366427215,,
XGDP.FSGOV,MAR,2015,5.133369043676997,,
XGDP.FSGOV,MAR,2016,5.085301974230728,,
XGDP.FSGOV,MAR,2017,4.735649820044477,,
XGDP.FSGOV,MAR,2018,4.960227134869486,,
XGDP.FSGOV,MAR,2019,5.003256721050203,,
XGDP.FSGOV,MAR,2020,6.28428263644307,,
XGDP.FSGOV,MAR,2021,5.642734012851379,,
XGDP.FSGOV,MAR,2022,5.912246740612769,,
XGDP.FSGOV,MAR,2023,6.020969288013288,,
XGDP.FSGOV,MCO,2000,1.255370020866394,,
XGDP.FSGOV,MCO,2004,1.266680002212524,,
XGDP.FSGOV,MCO,2009,1.354310035705566,,
XGDP.FSGOV,MCO,2010,1.317350029945374,,
XGDP.FSGOV,MCO,2011,1.589890003204346,,
XGDP.FSGOV,MCO,2012,1.78004002571106,,
XGDP.FSGOV,MCO,2013,1.334400057792664,,
XGDP.FSGOV,MCO,2014,1.021860003471375,,
XGDP.FSGOV,MCO,2016,1.371260046958923,,
XGDP.FSGOV,MCO,2017,1.458160042762756,,
XGDP.FSGOV,MCO,2019,1.15896999835968,,
XGDP.FSGOV,MCO,2021,1.419260025024414,,
XGDP.FSGOV,MCO,2022,1.171059966087341,,
XGDP.FSGOV,MCO,2023,1.732239961624146,,
XGDP.FSGOV,MDA,2000,4.486390113830566,,
XGDP.FSGOV,MDA,2001,4.846849918365479,,
XGDP.FSGOV,MDA,2002,5.497910022735596,,
XGDP.FSGOV,MDA,2003,5.424890041351318,,
XGDP.FSGOV,MDA,2004,6.771039962768555,,
XGDP.FSGOV,MDA,2005,7.162700176239014,,
XGDP.FSGOV,MDA,2006,7.498990058898926,,
XGDP.FSGOV,MDA,2007,8.293370246887207,,
XGDP.FSGOV,MDA,2008,8.23727035522461,,
XGDP.FSGOV,MDA,2009,9.509759902954102,,
XGDP.FSGOV,MDA,2010,7.592299938201904,,
XGDP.FSGOV,MDA,2011,7.136380195617676,,
XGDP.FSGOV,MDA,2012,6.983389854431152,,
XGDP.FSGOV,MDA,2013,5.909755164944768,,
XGDP.FSGOV,MDA,2014,6.338069915771484,,
XGDP.FSGOV,MDA,2015,5.766654059442463,,
XGDP.FSGOV,MDA,2016,5.672080039978027,,
XGDP.FSGOV,MDA,2017,5.710169792175293,,
XGDP.FSGOV,MDA,2018,5.538879871368408,,
XGDP.FSGOV,MDA,2019,6.225769996643066,,
XGDP.FSGOV,MDA,2020,6.601260185241699,,
XGDP.FSGOV,MDA,2021,5.824059963226318,,
XGDP.FSGOV,MDA,2022,6.11053991317749,,
XGDP.FSGOV,MDA,2023,6.625470161437988,,
XGDP.FSGOV,MDG,2000,2.438689947128296,,
XGDP.FSGOV,MDG,2001,2.707200050354004,,
XGDP.FSGOV,MDG,2002,2.231790065765381,,
XGDP.FSGOV,MDG,2003,2.610949993133545,,
XGDP.FSGOV,MDG,2004,2.812619924545288,,
XGDP.FSGOV,MDG,2005,3.309639930725098,,
XGDP.FSGOV,MDG,2006,2.830970048904419,,
XGDP.FSGOV,MDG,2007,2.902740001678467,,
XGDP.FSGOV,MDG,2008,2.55433988571167,,
XGDP.FSGOV,MDG,2009,2.825129985809326,,
XGDP.FSGOV,MDG,2010,2.288561511481679,,
XGDP.FSGOV,MDG,2011,2.381680011749268,,
XGDP.FSGOV,MDG,2012,2.340670108795166,,
XGDP.FSGOV,MDG,2013,1.776939988136292,,
XGDP.FSGOV,MDG,2014,2.381230115890503,UIS_EST,
XGDP.FSGOV,MDG,2015,2.210119962692261,UIS_EST,
XGDP.FSGOV,MDG,2016,2.687190055847168,UIS_EST,
XGDP.FSGOV,MDG,2017,2.701374167075668,,
XGDP.FSGOV,MDG,2018,2.844099998474121,UIS_EST,
XGDP.FSGOV,MDG,2019,3.013383898977282,,
XGDP.FSGOV,MDG,2020,3.254433851036361,,
XGDP.FSGOV,MDG,2021,3.198075421172246,,
XGDP.FSGOV,MDG,2022,3.067728230032039,,
XGDP.FSGOV,MDG,2023,3.047703866935644,,
XGDP.FSGOV,MDV,2002,5.791860103607178,UIS_EST,
XGDP.FSGOV,MDV,2003,5.324069976806641,,
XGDP.FSGOV,MDV,2004,4.661600112915039,UIS_EST,
XGDP.FSGOV,MDV,2005,5.016839981079102,,
XGDP.FSGOV,MDV,2006,4.64523983001709,,
XGDP.FSGOV,MDV,2007,4.417880058288574,,
XGDP.FSGOV,MDV,2008,4.470290184020996,,
XGDP.FSGOV,MDV,2009,5.081689834594727,,
XGDP.FSGOV,MDV,2010,3.633280038833618,,
XGDP.FSGOV,MDV,2011,3.080729961395264,,
XGDP.FSGOV,MDV,2012,3.340859889984131,,
XGDP.FSGOV,MDV,2013,3.388299942016602,,
XGDP.FSGOV,MDV,2014,3.088589906692505,,
XGDP.FSGOV,MDV,2015,3.868599891662598,,
XGDP.FSGOV,MDV,2016,3.661230087280273,,
XGDP.FSGOV,MDV,2017,3.82268559882407,,
XGDP.FSGOV,MDV,2018,3.856817798472592,,
XGDP.FSGOV,MDV,2019,4.123569447954881,,
XGDP.FSGOV,MDV,2020,5.847607931088042,,
XGDP.FSGOV,MDV,2021,4.613797475001373,,
XGDP.FSGOV,MDV,2022,4.67344315449896,,
XGDP.FSGOV,MDV,2023,5.167063746648292,,
XGDP.FSGOV,MEX,2000,3.808700084686279,,
XGDP.FSGOV,MEX,2001,4.0313401222229,,
XGDP.FSGOV,MEX,2002,4.243070125579834,,
XGDP.FSGOV,MEX,2003,4.832620143890381,,
XGDP.FSGOV,MEX,2004,4.512040138244629,,
XGDP.FSGOV,MEX,2005,4.633950233459473,,
XGDP.FSGOV,MEX,2006,4.493169784545898,,
XGDP.FSGOV,MEX,2007,4.479219913482666,,
XGDP.FSGOV,MEX,2008,4.606090068817139,,
XGDP.FSGOV,MEX,2009,4.949339866638184,,
XGDP.FSGOV,MEX,2010,4.936950206756592,,
XGDP.FSGOV,MEX,2011,4.904059886932373,,
XGDP.FSGOV,MEX,2012,4.883480072021484,,
XGDP.FSGOV,MEX,2013,4.508580207824707,,
XGDP.FSGOV,MEX,2014,5.068089962005615,,
XGDP.FSGOV,MEX,2015,5.050879955291748,,
XGDP.FSGOV,MEX,2016,4.757959842681885,,
XGDP.FSGOV,MEX,2017,4.397520065307617,,
XGDP.FSGOV,MEX,2018,4.139450073242188,,
XGDP.FSGOV,MEX,2020,4.499670028686523,,
XGDP.FSGOV,MEX,2021,4.238230228424072,,
XGDP.FSGOV,MEX,2022,4.065859794616699,,
XGDP.FSGOV,MHL,2002,8.1951904296875,,
XGDP.FSGOV,MHL,2003,11.84412956237793,,
XGDP.FSGOV,MHL,2019,9.882089614868164,,
XGDP.FSGOV,MHL,2020,13.83503745402339,,
XGDP.FSGOV,MHL,2021,15.18244117278188,,
XGDP.FSGOV,MHL,2022,7.70088005065918,,
XGDP.FSGOV,MKD,2002,3.300149917602539,,
XGDP.FSGOV,MLI,2000,2.971560001373291,,
XGDP.FSGOV,MLI,2001,2.65844988822937,,
XGDP.FSGOV,MLI,2002,2.896229982376099,,
XGDP.FSGOV,MLI,2003,3.805599927902222,,
XGDP.FSGOV,MLI,2004,3.859220027923584,,
XGDP.FSGOV,MLI,2005,3.522180080413818,,
XGDP.FSGOV,MLI,2008,3.403559923171997,,
XGDP.FSGOV,MLI,2009,3.869040012359619,,
XGDP.FSGOV,MLI,2010,3.343889951705933,,
XGDP.FSGOV,MLI,2011,3.75423002243042,,
XGDP.FSGOV,MLI,2012,3.479490041732788,,
XGDP.FSGOV,MLI,2013,3.284650087356567,,
XGDP.FSGOV,MLI,2014,3.648190021514893,,
XGDP.FSGOV,MLI,2015,3.801520109176636,,
XGDP.FSGOV,MLI,2016,3.094779968261719,,
XGDP.FSGOV,MLI,2017,3.789769887924194,,
XGDP.FSGOV,MLI,2018,3.558170080184937,,
XGDP.FSGOV,MLI,2019,3.555049896240234,,
XGDP.FSGOV,MLI,2020,3.95445990562439,,
XGDP.FSGOV,MLI,2021,4.363709926605225,,
XGDP.FSGOV,MLI,2022,4.045122275292753,,
XGDP.FSGOV,MLI,2023,4.184650942181158,,
XGDP.FSGOV,MLT,2002,4.157440185546875,,
XGDP.FSGOV,MLT,2004,4.430260181427002,,
XGDP.FSGOV,MLT,2007,5.959939956665039,,
XGDP.FSGOV,MLT,2008,5.474299907684326,,
XGDP.FSGOV,MLT,2009,5.047810077667236,,
XGDP.FSGOV,MLT,2010,6.207980155944824,,
XGDP.FSGOV,MLT,2011,7.577710151672363,,
XGDP.FSGOV,MLT,2012,6.247889995574951,,
XGDP.FSGOV,MLT,2013,7.406720161437988,,
XGDP.FSGOV,MLT,2014,6.849730014801025,,
XGDP.FSGOV,MLT,2015,4.913529872894287,,
XGDP.FSGOV,MLT,2016,4.955709934234619,,
XGDP.FSGOV,MLT,2017,4.342810153961182,,
XGDP.FSGOV,MLT,2019,4.79941987991333,,
XGDP.FSGOV,MLT,2021,4.930890083312988,,
XGDP.FSGOV,MLT,2022,4.71973991394043,,
XGDP.FSGOV,MMR,2011,0.7874400019645691,,
XGDP.FSGOV,MMR,2017,2.166529893875122,,
XGDP.FSGOV,MMR,2018,1.99249005317688,,
XGDP.FSGOV,MMR,2019,1.999760031700134,,
XGDP.FSGOV,MNG,2000,5.550370216369629,,
XGDP.FSGOV,MNG,2002,7.210780143737793,,
XGDP.FSGOV,MNG,2004,4.325729846954346,,
XGDP.FSGOV,MNG,2007,4.690130233764648,,
XGDP.FSGOV,MNG,2009,5.14484977722168,,
XGDP.FSGOV,MNG,2010,4.645100116729736,,
XGDP.FSGOV,MNG,2011,4.609029769897461,,
XGDP.FSGOV,MNG,2012,5.195209980010986,,
XGDP.FSGOV,MNG,2013,4.940770149230957,,
XGDP.FSGOV,MNG,2014,4.714849948883057,,
XGDP.FSGOV,MNG,2015,4.223619937896729,,
XGDP.FSGOV,MNG,2016,5.18310022354126,,
XGDP.FSGOV,MNG,2017,4.068970203399658,,
XGDP.FSGOV,MNG,2023,3.657649993896484,,
XGDP.FSGOV,MOZ,2004,3.198390007019043,,
XGDP.FSGOV,MOZ,2005,3.85834002494812,,
XGDP.FSGOV,MOZ,2006,3.7359299659729,,
XGDP.FSGOV,MOZ,2010,5.245397894700584,,
XGDP.FSGOV,MOZ,2011,5.530524940307727,,
XGDP.FSGOV,MOZ,2012,5.557509899139404,,
XGDP.FSGOV,MOZ,2013,6.035769939422607,,
XGDP.FSGOV,MOZ,2014,6.399208435282236,,
XGDP.FSGOV,MOZ,2015,5.915156605752975,,
XGDP.FSGOV,MOZ,2016,5.800869941711426,UIS_EST,
XGDP.FSGOV,MOZ,2017,5.486649990081787,UIS_EST,
XGDP.FSGOV,MOZ,2018,5.38976001739502,UIS_EST,
XGDP.FSGOV,MOZ,2019,5.999695235843539,,
XGDP.FSGOV,MOZ,2020,6.170595569578079,,
XGDP.FSGOV,MOZ,2021,6.34063583505687,,
XGDP.FSGOV,MOZ,2022,5.976073420543141,,
XGDP.FSGOV,MRT,2001,2.106839895248413,,
XGDP.FSGOV,MRT,2002,2.27714991569519,,
XGDP.FSGOV,MRT,2003,2.365010023117065,,
XGDP.FSGOV,MRT,2004,1.950799942016602,UIS_EST,
XGDP.FSGOV,MRT,2006,1.958510041236877,,
XGDP.FSGOV,MRT,2011,2.33102011680603,,
XGDP.FSGOV,MRT,2012,2.158210039138794,,
XGDP.FSGOV,MRT,2013,2.293540000915527,,
XGDP.FSGOV,MRT,2014,2.557964235070345,,
XGDP.FSGOV,MRT,2015,2.829565988714448,,
XGDP.FSGOV,MRT,2016,1.94405996799469,UIS_EST,
XGDP.FSGOV,MRT,2019,1.823179960250854,,
XGDP.FSGOV,MRT,2020,1.802649974822998,,
XGDP.FSGOV,MRT,2021,1.891970038414001,,
XGDP.FSGOV,MRT,2022,1.389660000801086,,
XGDP.FSGOV,MRT,2023,4.715219974517822,,
XGDP.FSGOV,MSR,2000,3.774689912796021,,
XGDP.FSGOV,MSR,2001,4.78911018371582,,
XGDP.FSGOV,MSR,2004,3.843790054321289,,
XGDP.FSGOV,MSR,2006,4.776549816131592,,
XGDP.FSGOV,MSR,2007,5.328080177307129,,
XGDP.FSGOV,MSR,2008,5.246049880981445,,
XGDP.FSGOV,MSR,2009,5.127530097961426,,
XGDP.FSGOV,MSR,2010,5.517213771016814,,
XGDP.FSGOV,MSR,2011,6.076581196581197,,
XGDP.FSGOV,MSR,2012,5.804913304921478,,
XGDP.FSGOV,MSR,2013,5.501120727227446,,
XGDP.FSGOV,MSR,2014,5.271191104410102,,
XGDP.FSGOV,MSR,2015,6.443187714958063,,
XGDP.FSGOV,MSR,2016,6.389162442532123,,
XGDP.FSGOV,MSR,2017,6.724777157045314,,
XGDP.FSGOV,MSR,2018,8.881879806518555,,
XGDP.FSGOV,MSR,2019,9.07444953918457,,
XGDP.FSGOV,MSR,2020,6.427743284896521,,
XGDP.FSGOV,MSR,2021,6.65066485677877,,
XGDP.FSGOV,MSR,2022,7.72079592586759,,
XGDP.FSGOV,MSR,2023,7.190200399774486,,
XGDP.FSGOV,MUS,2000,3.719039916992188,,
XGDP.FSGOV,MUS,2001,3.073479890823364,,
XGDP.FSGOV,MUS,2002,3.020240068435669,,
XGDP.FSGOV,MUS,2003,4.357170104980469,,
XGDP.FSGOV,MUS,2004,4.255770206451416,,
XGDP.FSGOV,MUS,2005,4.024020195007324,,
XGDP.FSGOV,MUS,2006,3.648390054702759,,
XGDP.FSGOV,MUS,2007,3.185400009155273,,
XGDP.FSGOV,MUS,2008,3.063070058822632,,
XGDP.FSGOV,MUS,2009,3.04731011390686,,
XGDP.FSGOV,MUS,2010,3.551470041275024,,
XGDP.FSGOV,MUS,2011,3.332070112228394,,
XGDP.FSGOV,MUS,2012,3.418200016021729,,
XGDP.FSGOV,MUS,2013,3.567759990692139,,
XGDP.FSGOV,MUS,2014,4.815149784088135,,
XGDP.FSGOV,MUS,2015,4.758470058441162,,
XGDP.FSGOV,MUS,2016,4.882070064544678,,
XGDP.FSGOV,MUS,2017,4.878870010375977,,
XGDP.FSGOV,MUS,2018,4.674479961395264,,
XGDP.FSGOV,MUS,2019,4.541950225830078,,
XGDP.FSGOV,MUS,2020,4.352439880371094,,
XGDP.FSGOV,MUS,2021,4.671510219573975,,
XGDP.FSGOV,MUS,2022,4.840859889984131,,
XGDP.FSGOV,MUS,2023,4.567639827728271,,
XGDP.FSGOV,MUS,2024,4.089799880981445,,
XGDP.FSGOV,MWI,2000,3.606129884719849,,
XGDP.FSGOV,MWI,2001,3.098340034484863,,
XGDP.FSGOV,MWI,2003,2.209640026092529,,
XGDP.FSGOV,MWI,2010,2.432369947433472,,
XGDP.FSGOV,MWI,2011,2.853460073471069,,
XGDP.FSGOV,MWI,2012,2.528611856252534,,
XGDP.FSGOV,MWI,2013,3.721709966659546,,
XGDP.FSGOV,MWI,2014,3.325690031051636,,
XGDP.FSGOV,MWI,2015,3.85398006439209,,
XGDP.FSGOV,MWI,2016,3.282579898834229,,
XGDP.FSGOV,MWI,2017,2.768990039825439,UIS_EST,
XGDP.FSGOV,MWI,2018,3.322959899902344,UIS_EST,
XGDP.FSGOV,MWI,2022,2.748883711058105,,
XGDP.FSGOV,MYS,2000,5.971610069274902,,
XGDP.FSGOV,MYS,2001,7.484469890594482,,
XGDP.FSGOV,MYS,2002,7.65792989730835,,
XGDP.FSGOV,MYS,2003,7.502880096435547,,
XGDP.FSGOV,MYS,2004,5.923890113830566,,
XGDP.FSGOV,MYS,2006,4.48576021194458,,
XGDP.FSGOV,MYS,2007,4.37253999710083,,
XGDP.FSGOV,MYS,2008,3.95851993560791,,
XGDP.FSGOV,MYS,2009,5.974180221557617,,
XGDP.FSGOV,MYS,2010,4.966450214385986,,
XGDP.FSGOV,MYS,2011,5.762939929962158,,
XGDP.FSGOV,MYS,2012,5.739029884338379,,
XGDP.FSGOV,MYS,2013,5.481200218200684,,
XGDP.FSGOV,MYS,2014,5.212639808654785,,
XGDP.FSGOV,MYS,2015,4.894869804382324,,
XGDP.FSGOV,MYS,2016,4.751920223236084,,
XGDP.FSGOV,MYS,2017,4.675310134887695,,
XGDP.FSGOV,MYS,2018,4.478650093078613,,
XGDP.FSGOV,MYS,2019,4.157760143280029,,
XGDP.FSGOV,MYS,2020,3.911760091781616,,
XGDP.FSGOV,MYS,2021,4.261093933988669,,
XGDP.FSGOV,MYS,2022,3.499337819562841,,
XGDP.FSGOV,MYS,2023,3.514800071716309,,
XGDP.FSGOV,NAM,2000,6.901780128479004,,
XGDP.FSGOV,NAM,2001,6.888869762420654,UIS_EST,
XGDP.FSGOV,NAM,2002,6.742330074310303,UIS_EST,
XGDP.FSGOV,NAM,2003,6.137139797210693,,
XGDP.FSGOV,NAM,2006,6.031710147857666,,
XGDP.FSGOV,NAM,2008,6.403429985046387,,
XGDP.FSGOV,NAM,2010,8.243300437927246,,
XGDP.FSGOV,NAM,2011,8.021379308181094,,
XGDP.FSGOV,NAM,2012,9.242812379851651,,
XGDP.FSGOV,NAM,2013,8.595416595232535,,
XGDP.FSGOV,NAM,2014,3.667111663532185,,
XGDP.FSGOV,NAM,2015,9.850768502038797,,
XGDP.FSGOV,NAM,2016,10.59279485351438,,
XGDP.FSGOV,NAM,2017,1.395245346058309,,
XGDP.FSGOV,NAM,2018,8.881122494151846,,
XGDP.FSGOV,NAM,2019,9.32253195522987,,
XGDP.FSGOV,NAM,2020,9.277998790734287,,
XGDP.FSGOV,NAM,2021,10.39144773808952,,
XGDP.FSGOV,NAM,2022,9.391947084523798,,
XGDP.FSGOV,NAM,2024,9.084408194348164,,
XGDP.FSGOV,NER,2000,2.565020084381104,,
XGDP.FSGOV,NER,2001,2.279819965362549,,
XGDP.FSGOV,NER,2002,2.401340007781982,,
XGDP.FSGOV,NER,2003,1.937059998512268,,
XGDP.FSGOV,NER,2006,2.558520078659058,,
XGDP.FSGOV,NER,2007,3.014620065689087,,
XGDP.FSGOV,NER,2008,2.723119974136353,,
XGDP.FSGOV,NER,2009,3.335880041122437,,
XGDP.FSGOV,NER,2010,2.721950054168701,,
XGDP.FSGOV,NER,2011,3.077620029449463,,
XGDP.FSGOV,NER,2012,3.186820030212402,,
XGDP.FSGOV,NER,2013,3.689529895782471,,
XGDP.FSGOV,NER,2014,5.10368013381958,,
XGDP.FSGOV,NER,2015,4.486690044403076,,
XGDP.FSGOV,NER,2016,2.958430051803589,,
XGDP.FSGOV,NER,2017,2.578180074691772,,
XGDP.FSGOV,NER,2018,3.449569940567017,,
XGDP.FSGOV,NER,2019,3.533586218160125,,
XGDP.FSGOV,NER,2020,3.819067927543221,,
XGDP.FSGOV,NER,2021,3.82175828133515,,
XGDP.FSGOV,NER,2022,3.71231832079626,,
XGDP.FSGOV,NER,2023,4.074127076181141,,
XGDP.FSGOV,NGA,2012,0.5492330861219286,,
XGDP.FSGOV,NGA,2013,0.534206768008091,,
XGDP.FSGOV,NGA,2014,0.4707425391334693,,
XGDP.FSGOV,NGA,2015,0.4369549051206445,,
XGDP.FSGOV,NGA,2016,0.3930456462493638,,
XGDP.FSGOV,NGA,2017,0.3963540135913455,,
XGDP.FSGOV,NGA,2018,0.4199984937961266,,
XGDP.FSGOV,NGA,2019,0.358479005206684,,
XGDP.FSGOV,NGA,2020,0.3596376371849798,,
XGDP.FSGOV,NGA,2021,0.3819191043973254,,
XGDP.FSGOV,NGA,2022,0.3485167078908774,,
XGDP.FSGOV,NGA,2023,0.3190690497923434,,
XGDP.FSGOV,NIC,2000,3.001600027084351,,
XGDP.FSGOV,NIC,2002,2.391010046005249,,
XGDP.FSGOV,NIC,2003,2.422009944915771,UIS_EST,
XGDP.FSGOV,NIC,2010,4.484240055084229,,
XGDP.FSGOV,NIC,2014,4.083290100097656,UIS_EST,
XGDP.FSGOV,NIC,2015,4.07843017578125,UIS_EST,
XGDP.FSGOV,NIC,2016,4.081140041351318,UIS_EST,
XGDP.FSGOV,NIC,2017,4.357679843902588,UIS_EST,
XGDP.FSGOV,NIC,2018,4.473806932562508,,
XGDP.FSGOV,NIC,2019,4.599919691213321,,
XGDP.FSGOV,NIC,2020,4.580340591626848,,
XGDP.FSGOV,NIC,2021,4.08717467298944,,
XGDP.FSGOV,NIC,2022,3.800014961740692,,
XGDP.FSGOV,NIC,2023,2.865789890289307,,
XGDP.FSGOV,NLD,2000,4.583250045776367,,
XGDP.FSGOV,NLD,2001,4.689330101013184,,
XGDP.FSGOV,NLD,2002,4.789040088653564,,
XGDP.FSGOV,NLD,2003,5.019949913024902,,
XGDP.FSGOV,NLD,2004,5.041190147399902,,
XGDP.FSGOV,NLD,2005,5.088719844818115,,
XGDP.FSGOV,NLD,2006,5.019139766693115,,
XGDP.FSGOV,NLD,2007,4.858540058135986,,
XGDP.FSGOV,NLD,2008,4.997379779815674,,
XGDP.FSGOV,NLD,2009,5.385610103607178,,
XGDP.FSGOV,NLD,2010,5.456349849700928,,
XGDP.FSGOV,NLD,2011,5.41595983505249,,
XGDP.FSGOV,NLD,2012,5.366940021514893,,
XGDP.FSGOV,NLD,2013,5.484179973602295,,
XGDP.FSGOV,NLD,2014,5.402050018310547,,
XGDP.FSGOV,NLD,2015,5.278029918670654,,
XGDP.FSGOV,NLD,2016,5.389520168304443,,
XGDP.FSGOV,NLD,2017,5.087470054626465,,
XGDP.FSGOV,NLD,2018,5.267230033874512,,
XGDP.FSGOV,NLD,2019,5.0559401512146,,
XGDP.FSGOV,NLD,2020,5.291399955749512,,
XGDP.FSGOV,NLD,2021,5.376619815826416,,
XGDP.FSGOV,NLD,2022,5.179180145263672,,
XGDP.FSGOV,NOR,2000,6.45934009552002,,
XGDP.FSGOV,NOR,2001,6.820159912109375,,
XGDP.FSGOV,NOR,2002,7.422460079193115,,
XGDP.FSGOV,NOR,2003,7.399330139160156,,
XGDP.FSGOV,NOR,2004,7.277440071105957,,
XGDP.FSGOV,NOR,2005,6.840829849243164,,
XGDP.FSGOV,NOR,2006,6.358220100402832,,
XGDP.FSGOV,NOR,2007,6.506710052490234,,
XGDP.FSGOV,NOR,2008,6.249159812927246,,
XGDP.FSGOV,NOR,2009,7.070670127868652,,
XGDP.FSGOV,NOR,2010,6.71042013168335,,
XGDP.FSGOV,NOR,2011,6.414909839630127,,
XGDP.FSGOV,NOR,2012,7.327660083770752,,
XGDP.FSGOV,NOR,2013,7.439060211181641,,
XGDP.FSGOV,NOR,2014,7.644030094146729,,
XGDP.FSGOV,NOR,2015,7.523349761962891,,
XGDP.FSGOV,NOR,2016,7.984449863433838,,
XGDP.FSGOV,NOR,2017,7.845980167388916,,
XGDP.FSGOV,NOR,2018,7.595630168914795,,
XGDP.FSGOV,NOR,2019,7.864560127258301,,
XGDP.FSGOV,NOR,2020,8.372819900512695,,
XGDP.FSGOV,NOR,2021,6.960219860076904,,
XGDP.FSGOV,NOR,2022,5.455860137939453,,
XGDP.FSGOV,NPL,2000,2.975150108337402,UIS_EST,
XGDP.FSGOV,NPL,2001,3.708379983901978,UIS_EST,
XGDP.FSGOV,NPL,2002,3.15283989906311,,
XGDP.FSGOV,NPL,2003,3.114350080490112,,
XGDP.FSGOV,NPL,2004,3.171940088272095,,
XGDP.FSGOV,NPL,2005,3.3646399974823,,
XGDP.FSGOV,NPL,2006,3.60536003112793,,
XGDP.FSGOV,NPL,2007,3.517210006713867,,
XGDP.FSGOV,NPL,2008,3.805170059204102,,
XGDP.FSGOV,NPL,2009,4.663760185241699,,
XGDP.FSGOV,NPL,2010,3.631720066070557,,
XGDP.FSGOV,NPL,2011,3.842619895935059,,
XGDP.FSGOV,NPL,2012,3.297369956970215,,
XGDP.FSGOV,NPL,2013,3.018110036849976,,
XGDP.FSGOV,NPL,2014,3.472130060195923,,
XGDP.FSGOV,NPL,2015,3.259020090103149,,
XGDP.FSGOV,NPL,2016,3.903209924697876,UIS_EST,
XGDP.FSGOV,NPL,2017,4.767220020294189,UIS_EST,
XGDP.FSGOV,NPL,2018,4.434450149536133,,
XGDP.FSGOV,NPL,2019,3.892128868817525,,
XGDP.FSGOV,NPL,2020,4.243556709345021,,
XGDP.FSGOV,NPL,2021,4.428010346330915,,
XGDP.FSGOV,NPL,2022,4.136450816903965,,
XGDP.FSGOV,NPL,2023,3.956411480367056,,
XGDP.FSGOV,NPL,2024,3.688491737645951,,
XGDP.FSGOV,NRU,2002,15.86347007751465,,
XGDP.FSGOV,NRU,2007,4.246150016784668,NAT_EST,
XGDP.FSGOV,NRU,2014,4.472784259259259,,
XGDP.FSGOV,NRU,2015,6.252602941176471,,
XGDP.FSGOV,NRU,2016,4.822146268656716,,
XGDP.FSGOV,NRU,2017,6.273975172413793,,
XGDP.FSGOV,NRU,2018,5.052966272189349,,
XGDP.FSGOV,NRU,2019,5.718281714285714,,
XGDP.FSGOV,NRU,2020,5.905029032258065,,
XGDP.FSGOV,NRU,2021,5.16034,,
XGDP.FSGOV,NRU,2022,5.918279716981132,,
XGDP.FSGOV,NRU,2023,5.675439834594727,,
XGDP.FSGOV,NZL,2000,5.604420185089111,,
XGDP.FSGOV,NZL,2013,5.888559818267822,,
XGDP.FSGOV,NZL,2014,5.808539867401123,,
XGDP.FSGOV,NZL,2015,5.70734977722168,,
XGDP.FSGOV,NZL,2016,5.505599975585938,,
XGDP.FSGOV,NZL,2017,5.28000020980835,,
XGDP.FSGOV,NZL,2018,5.193089962005615,,
XGDP.FSGOV,NZL,2019,5.177979946136475,,
XGDP.FSGOV,NZL,2020,5.651490211486816,,
XGDP.FSGOV,NZL,2021,5.548220157623291,,
XGDP.FSGOV,NZL,2022,5.225570201873779,,
XGDP.FSGOV,NZL,2023,5.275680065155029,,
XGDP.FSGOV,OMN,2000,2.804569959640503,,
XGDP.FSGOV,OMN,2001,3.521759986877441,,
XGDP.FSGOV,OMN,2002,3.777009963989258,,
XGDP.FSGOV,OMN,2003,3.408570051193237,,
XGDP.FSGOV,OMN,2004,3.515180110931396,,
XGDP.FSGOV,OMN,2005,3.078890085220337,,
XGDP.FSGOV,OMN,2006,3.373330116271973,,
XGDP.FSGOV,OMN,2009,3.654160022735596,,
XGDP.FSGOV,OMN,2013,4.353839874267578,,
XGDP.FSGOV,OMN,2017,5.995940208435059,,
XGDP.FSGOV,OMN,2018,4.585659980773926,,
XGDP.FSGOV,OMN,2019,5.063630104064941,,
XGDP.FSGOV,OMN,2020,6.877689838409424,,
XGDP.FSGOV,OMN,2022,4.301239967346191,,
XGDP.FSGOV,PAK,2000,1.837820053100586,,
XGDP.FSGOV,PAK,2004,1.443379998207092,,
XGDP.FSGOV,PAK,2005,1.67058002948761,,
XGDP.FSGOV,PAK,2006,1.980559945106506,,
XGDP.FSGOV,PAK,2007,2.234659910202026,,
XGDP.FSGOV,PAK,2008,2.272639989852905,,
XGDP.FSGOV,PAK,2009,2.179160118103027,,
XGDP.FSGOV,PAK,2010,2.052680015563965,,
XGDP.FSGOV,PAK,2011,2.001009941101074,,
XGDP.FSGOV,PAK,2012,1.978790044784546,,
XGDP.FSGOV,PAK,2013,2.236989974975586,,
XGDP.FSGOV,PAK,2014,2.204339981079102,,
XGDP.FSGOV,PAK,2015,2.386090040206909,,
XGDP.FSGOV,PAK,2016,2.668040037155151,,
XGDP.FSGOV,PAK,2017,2.576169967651367,,
XGDP.FSGOV,PAK,2018,2.332169496882934,,
XGDP.FSGOV,PAK,2019,2.214920043945313,,
XGDP.FSGOV,PAK,2020,2.057182407184226,,
XGDP.FSGOV,PAK,2021,1.687461292139914,,
XGDP.FSGOV,PAK,2022,1.973009457569884,,
XGDP.FSGOV,PAK,2023,1.946580052375793,,
XGDP.FSGOV,PAN,2000,4.893970012664795,,
XGDP.FSGOV,PAN,2001,4.189350128173828,,
XGDP.FSGOV,PAN,2002,4.254990100860596,,
XGDP.FSGOV,PAN,2003,4.19644021987915,UIS_EST,
XGDP.FSGOV,PAN,2004,3.558079957962036,UIS_EST,
XGDP.FSGOV,PAN,2008,3.425290107727051,,
XGDP.FSGOV,PAN,2011,3.070349931716919,,
XGDP.FSGOV,PAN,2014,3.081079959869385,,
XGDP.FSGOV,PAN,2015,3.265520095825195,,
XGDP.FSGOV,PAN,2016,3.322789907455444,,
XGDP.FSGOV,PAN,2017,3.378340005874634,,
XGDP.FSGOV,PAN,2018,3.452419996261597,,
XGDP.FSGOV,PAN,2019,3.281220115791729,,
XGDP.FSGOV,PAN,2020,4.304870128631592,,
XGDP.FSGOV,PAN,2021,3.711980104446411,,
XGDP.FSGOV,PAN,2022,3.377810001373291,,
XGDP.FSGOV,PAN,2023,2.472259998321533,,
XGDP.FSGOV,PER,2000,3.22802996635437,,
XGDP.FSGOV,PER,2001,3.03712010383606,,
XGDP.FSGOV,PER,2002,2.82056999206543,,
XGDP.FSGOV,PER,2003,2.93779993057251,,
XGDP.FSGOV,PER,2004,2.957870006561279,,
XGDP.FSGOV,PER,2005,2.839030027389526,,
XGDP.FSGOV,PER,2006,2.652810096740723,,
XGDP.FSGOV,PER,2007,2.629400014877319,,
XGDP.FSGOV,PER,2008,2.867749929428101,,
XGDP.FSGOV,PER,2009,3.139940023422241,,
XGDP.FSGOV,PER,2010,2.867300033569336,,
XGDP.FSGOV,PER,2011,2.663500070571899,,
XGDP.FSGOV,PER,2012,2.922760009765625,,
XGDP.FSGOV,PER,2013,3.297290086746216,,
XGDP.FSGOV,PER,2014,3.695990085601807,,
XGDP.FSGOV,PER,2015,3.969330072402954,,
XGDP.FSGOV,PER,2016,3.813169956207275,,
XGDP.FSGOV,PER,2017,3.931309938430786,,
XGDP.FSGOV,PER,2018,3.713920116424561,,
XGDP.FSGOV,PER,2019,3.822429895401001,,
XGDP.FSGOV,PER,2020,4.259379863739014,,
XGDP.FSGOV,PER,2021,3.927210092544556,,
XGDP.FSGOV,PER,2022,3.833159923553467,,
XGDP.FSGOV,PER,2023,4.235169887542725,,
XGDP.FSGOV,PHL,2000,3.164400100708008,,
XGDP.FSGOV,PHL,2001,2.924639940261841,,
XGDP.FSGOV,PHL,2002,2.892220020294189,,
XGDP.FSGOV,PHL,2003,2.935179948806763,,
XGDP.FSGOV,PHL,2004,2.46983003616333,,
XGDP.FSGOV,PHL,2005,2.328069925308228,,
XGDP.FSGOV,PHL,2006,2.425790071487427,,
XGDP.FSGOV,PHL,2007,2.485179901123047,,
XGDP.FSGOV,PHL,2008,2.58282995223999,,
XGDP.FSGOV,PHL,2009,2.53777003288269,,
XGDP.FSGOV,PHL,2014,2.664542381299682,,
XGDP.FSGOV,PHL,2015,2.830523037852032,,
XGDP.FSGOV,PHL,2016,3.301281090424427,,
XGDP.FSGOV,PHL,2017,3.963840874039152,,
XGDP.FSGOV,PHL,2018,3.855027607454556,,
XGDP.FSGOV,PHL,2019,3.407486491421337,,
XGDP.FSGOV,PHL,2020,3.858290513080631,,
XGDP.FSGOV,PHL,2021,3.872497547846333,,
XGDP.FSGOV,PHL,2022,3.57960089528426,,
XGDP.FSGOV,PHL,2023,3.6236863467978,,
XGDP.FSGOV,PHL,2024,3.925010874738207,,
XGDP.FSGOV,PHL,2025,3.969226466753456,,
XGDP.FSGOV,PLW,2000,7.84434986114502,UIS_EST,
XGDP.FSGOV,PLW,2001,7.584159851074219,,
XGDP.FSGOV,PLW,2002,7.54601001739502,UIS_EST,
XGDP.FSGOV,PLW,2020,3.47118076238812,,
XGDP.FSGOV,PLW,2021,3.944171058045329,,
XGDP.FSGOV,PLW,2022,3.576201334155248,,
XGDP.FSGOV,PLW,2023,3.52595777106229,,
XGDP.FSGOV,PNG,2015,1.625156910175047,,
XGDP.FSGOV,PNG,2016,0.8538063963014576,,
XGDP.FSGOV,PNG,2017,1.964930057525635,UIS_EST,
XGDP.FSGOV,PNG,2018,1.874830007553101,UIS_EST,
XGDP.FSGOV,PNG,2019,0.7617611439146336,,
XGDP.FSGOV,PNG,2020,0.8980185420832575,,
XGDP.FSGOV,PNG,2021,0.7139849059324027,,
XGDP.FSGOV,PNG,2022,0.6433769207518154,,
XGDP.FSGOV,PNG,2023,0.7821228046857319,,
XGDP.FSGOV,POL,2000,4.962810039520264,,
XGDP.FSGOV,POL,2001,5.293580055236816,,
XGDP.FSGOV,POL,2002,5.370520114898682,,
XGDP.FSGOV,POL,2003,5.306640148162842,,
XGDP.FSGOV,POL,2004,5.331299781799316,,
XGDP.FSGOV,POL,2005,5.410659790039063,,
XGDP.FSGOV,POL,2006,5.188509941101074,,
XGDP.FSGOV,POL,2007,4.860869884490967,,
XGDP.FSGOV,POL,2008,5.023449897766113,,
XGDP.FSGOV,POL,2009,4.976640224456787,,
XGDP.FSGOV,POL,2010,5.081260204315186,,
XGDP.FSGOV,POL,2011,4.82903003692627,,
XGDP.FSGOV,POL,2012,4.833119869232178,,
XGDP.FSGOV,POL,2013,4.997809886932373,,
XGDP.FSGOV,POL,2014,4.938590049743652,,
XGDP.FSGOV,POL,2015,4.787479877471924,,
XGDP.FSGOV,POL,2016,4.627260208129883,,
XGDP.FSGOV,POL,2017,4.542479991912842,,
XGDP.FSGOV,POL,2018,4.559850215911865,,
XGDP.FSGOV,POL,2019,4.62736988067627,,
XGDP.FSGOV,POL,2020,4.800819873809814,,
XGDP.FSGOV,POL,2021,4.61998987197876,,
XGDP.FSGOV,POL,2022,4.313729763031006,,
XGDP.FSGOV,PRI,2013,6.481080055236816,,
XGDP.FSGOV,PRI,2014,6.072659969329834,,
XGDP.FSGOV,PRI,2015,3.340322416820233,,
XGDP.FSGOV,PRI,2016,2.783584299675953,,
XGDP.FSGOV,PRI,2017,2.725388731264289,,
XGDP.FSGOV,PRI,2018,2.603887157147371,,
XGDP.FSGOV,PRI,2019,3.327910020698892,,
XGDP.FSGOV,PRI,2020,4.286631843608463,,
XGDP.FSGOV,PRI,2021,3.729670026102497,,
XGDP.FSGOV,PRI,2022,3.861299307735079,,
XGDP.FSGOV,PRI,2023,4.268987539598733,,
XGDP.FSGOV,PRI,2024,4.271019496747893,,
XGDP.FSGOV,PRT,2000,5.163849830627441,,
XGDP.FSGOV,PRT,2001,5.337130069732666,,
XGDP.FSGOV,PRT,2002,5.258719921112061,,
XGDP.FSGOV,PRT,2003,5.281529903411865,,
XGDP.FSGOV,PRT,2004,5.046380043029785,,
XGDP.FSGOV,PRT,2005,5.073949813842773,,
XGDP.FSGOV,PRT,2006,4.907670021057129,,
XGDP.FSGOV,PRT,2007,4.921470165252686,,
XGDP.FSGOV,PRT,2008,4.696090221405029,,
XGDP.FSGOV,PRT,2009,5.563149929046631,,
XGDP.FSGOV,PRT,2010,5.404980182647705,,
XGDP.FSGOV,PRT,2011,5.116889953613281,,
XGDP.FSGOV,PRT,2012,4.942269802093506,,
XGDP.FSGOV,PRT,2013,5.265299797058105,,
XGDP.FSGOV,PRT,2014,5.120069980621338,,
XGDP.FSGOV,PRT,2015,4.894269943237305,,
XGDP.FSGOV,PRT,2017,5.02685022354126,,
XGDP.FSGOV,PRT,2018,4.679409980773926,,
XGDP.FSGOV,PRT,2019,4.627530097961426,,
XGDP.FSGOV,PRT,2020,4.864089965820313,,
XGDP.FSGOV,PRT,2021,4.773429870605469,,
XGDP.FSGOV,PRT,2022,4.551599979400635,,
XGDP.FSGOV,PRY,2000,4.230209827423096,,
XGDP.FSGOV,PRY,2001,3.833570003509521,,
XGDP.FSGOV,PRY,2002,3.407730102539063,,
XGDP.FSGOV,PRY,2003,3.382760047912598,,
XGDP.FSGOV,PRY,2004,2.869899988174438,,
XGDP.FSGOV,PRY,2007,2.739510059356689,,
XGDP.FSGOV,PRY,2010,2.7707200050354,,
XGDP.FSGOV,PRY,2011,3.692820072174072,,
XGDP.FSGOV,PRY,2012,3.668790102005005,,
XGDP.FSGOV,PRY,2013,2.678711938922318,,
XGDP.FSGOV,PRY,2014,2.59655894629063,,
XGDP.FSGOV,PRY,2015,3.33377822870463,,
XGDP.FSGOV,PRY,2016,3.434979915618896,,
XGDP.FSGOV,PRY,2017,3.090620702422794,,
XGDP.FSGOV,PRY,2018,3.296196060694298,,
XGDP.FSGOV,PRY,2019,3.489830271943342,,
XGDP.FSGOV,PRY,2020,3.936150074005127,,
XGDP.FSGOV,PRY,2021,3.410700082778931,,
XGDP.FSGOV,PRY,2022,3.396199941635132,,
XGDP.FSGOV,PRY,2023,3.406490087509155,,
XGDP.FSGOV,PSE,2010,6.191679954528809,,
XGDP.FSGOV,PSE,2011,5.335279941558838,,
XGDP.FSGOV,PSE,2012,4.742109775543213,,
XGDP.FSGOV,PSE,2013,4.894670009613037,,
XGDP.FSGOV,PSE,2015,4.663219928741455,,
XGDP.FSGOV,PSE,2016,4.982960224151611,,
XGDP.FSGOV,PSE,2017,4.721539974212646,,
XGDP.FSGOV,PSE,2021,5.434420108795166,,
XGDP.FSGOV,QAT,2000,3.725980043411255,,
XGDP.FSGOV,QAT,2001,3.20019006729126,,
XGDP.FSGOV,QAT,2002,3.846560001373291,,
XGDP.FSGOV,QAT,2003,3.373939990997314,,
XGDP.FSGOV,QAT,2004,3.462589979171753,,
XGDP.FSGOV,QAT,2005,3.971879959106445,,
XGDP.FSGOV,QAT,2008,4.227550029754639,,
XGDP.FSGOV,QAT,2009,3.413150072097778,,
XGDP.FSGOV,QAT,2010,4.539659976959229,,
XGDP.FSGOV,QAT,2011,4.012239933013916,,
XGDP.FSGOV,QAT,2012,3.507440090179443,,
XGDP.FSGOV,QAT,2013,4.073840141296387,,
XGDP.FSGOV,QAT,2014,3.605350017547607,,
XGDP.FSGOV,QAT,2017,2.967459917068481,,
XGDP.FSGOV,QAT,2019,2.803780078887939,,
XGDP.FSGOV,QAT,2020,3.233669996261597,,
XGDP.FSGOV,ROU,2000,2.868629932403564,,
XGDP.FSGOV,ROU,2001,3.266289949417114,,
XGDP.FSGOV,ROU,2002,3.504129886627197,,
XGDP.FSGOV,ROU,2003,3.543970108032227,,
XGDP.FSGOV,ROU,2004,3.312730073928833,,
XGDP.FSGOV,ROU,2005,3.50039005279541,,
XGDP.FSGOV,ROU,2006,4.306509971618652,,
XGDP.FSGOV,ROU,2007,4.149539947509766,,
XGDP.FSGOV,ROU,2008,4.097219944000244,,
XGDP.FSGOV,ROU,2009,4.00193977355957,,
XGDP.FSGOV,ROU,2010,3.416470050811768,,
XGDP.FSGOV,ROU,2011,2.913599967956543,,
XGDP.FSGOV,ROU,2012,2.823460102081299,,
XGDP.FSGOV,ROU,2013,3.067850112915039,,
XGDP.FSGOV,ROU,2014,3.124949932098389,,
XGDP.FSGOV,ROU,2015,3.106930017471313,,
XGDP.FSGOV,ROU,2016,3.025540113449097,,
XGDP.FSGOV,ROU,2017,3.118190050125122,,
XGDP.FSGOV,ROU,2018,3.317100048065186,,
XGDP.FSGOV,ROU,2019,3.557610034942627,,
XGDP.FSGOV,ROU,2020,3.579699993133545,,
XGDP.FSGOV,ROU,2021,3.315619945526123,,
XGDP.FSGOV,ROU,2022,3.278820037841797,,
XGDP.FSGOV,RUS,2000,2.939790010452271,,
XGDP.FSGOV,RUS,2001,3.106019973754883,,
XGDP.FSGOV,RUS,2002,3.835020065307617,,
XGDP.FSGOV,RUS,2003,3.678539991378784,,
XGDP.FSGOV,RUS,2004,3.547869920730591,,
XGDP.FSGOV,RUS,2005,3.771929979324341,,
XGDP.FSGOV,RUS,2006,3.866260051727295,,
XGDP.FSGOV,RUS,2008,4.101749897003174,,
XGDP.FSGOV,RUS,2010,4.089742305268243,,
XGDP.FSGOV,RUS,2011,3.712612702531856,,
XGDP.FSGOV,RUS,2012,3.793100118637085,,
XGDP.FSGOV,RUS,2013,3.763829946517944,,
XGDP.FSGOV,RUS,2014,4.013879776000977,,
XGDP.FSGOV,RUS,2015,3.834029912948608,,
XGDP.FSGOV,RUS,2016,3.760440111160278,,
XGDP.FSGOV,RUS,2017,4.689909934997559,,
XGDP.FSGOV,RUS,2018,4.678199768066406,,
XGDP.FSGOV,RUS,2019,3.695614291983362,,
XGDP.FSGOV,RUS,2020,4.016418643836367,,
XGDP.FSGOV,RUS,2021,3.994806978647738,,
XGDP.FSGOV,RUS,2022,4.054027553237774,,
XGDP.FSGOV,RUS,2023,4.164548533942253,,
XGDP.FSGOV,RWA,2000,3.434180021286011,,
XGDP.FSGOV,RWA,2001,4.825019836425781,,
XGDP.FSGOV,RWA,2007,3.985029935836792,,
XGDP.FSGOV,RWA,2008,3.50216007232666,,
XGDP.FSGOV,RWA,2010,4.631269931793213,,
XGDP.FSGOV,RWA,2011,4.38346004486084,,
XGDP.FSGOV,RWA,2012,4.421030044555664,,
XGDP.FSGOV,RWA,2013,4.742149829864502,,
XGDP.FSGOV,RWA,2014,4.19644021987915,UIS_EST,
XGDP.FSGOV,RWA,2015,3.647119998931885,UIS_EST,
XGDP.FSGOV,RWA,2016,3.434839963912964,UIS_EST,
XGDP.FSGOV,RWA,2017,3.1247398853302,UIS_EST,
XGDP.FSGOV,RWA,2018,3.073750019073486,,
XGDP.FSGOV,RWA,2019,3.238212226055821,,
XGDP.FSGOV,RWA,2020,3.33309745728459,,
XGDP.FSGOV,RWA,2021,5.589849948883057,,
XGDP.FSGOV,RWA,2022,4.746230125427246,,
XGDP.FSGOV,RWA,2023,4.920040130615234,,
XGDP.FSGOV,RWA,2024,4.691349983215332,,
XGDP.FSGOV,SAU,2000,5.909820079803467,,
XGDP.FSGOV,SAU,2001,7.718870162963867,,
XGDP.FSGOV,SAU,2002,7.636889934539795,,
XGDP.FSGOV,SAU,2003,7.105090141296387,,
XGDP.FSGOV,SAU,2004,6.277470111846924,,
XGDP.FSGOV,SAU,2005,5.430920124053955,,
XGDP.FSGOV,SAU,2006,5.891170024871826,,
XGDP.FSGOV,SAU,2008,5.137810230255127,,
XGDP.FSGOV,SAU,2023,5.114669799804688,,
XGDP.FSGOV,SDN,2000,1.012179970741272,,
XGDP.FSGOV,SDN,2002,1.164250016212463,,
XGDP.FSGOV,SDN,2004,1.312549948692322,,
XGDP.FSGOV,SDN,2005,1.178429961204529,,
XGDP.FSGOV,SDN,2006,1.553539991378784,,
XGDP.FSGOV,SDN,2008,1.851500034332275,,
XGDP.FSGOV,SDN,2009,2.022130012512207,,
XGDP.FSGOV,SEN,2000,2.463350057601929,,
XGDP.FSGOV,SEN,2001,2.47150993347168,,
XGDP.FSGOV,SEN,2002,2.594419956207275,,
XGDP.FSGOV,SEN,2003,2.751250028610229,,
XGDP.FSGOV,SEN,2004,3.07778000831604,,
XGDP.FSGOV,SEN,2005,4.064430236816406,,
XGDP.FSGOV,SEN,2006,3.821379899978638,,
XGDP.FSGOV,SEN,2008,4.025680065155029,UIS_EST,
XGDP.FSGOV,SEN,2009,4.920730113983154,,
XGDP.FSGOV,SEN,2010,0.5447700023651123,,
XGDP.FSGOV,SEN,2011,4.903029918670654,,
XGDP.FSGOV,SEN,2012,4.776989936828613,,
XGDP.FSGOV,SEN,2013,5.686560153961182,,
XGDP.FSGOV,SEN,2014,5.72907018661499,,
XGDP.FSGOV,SEN,2015,5.456379890441895,,
XGDP.FSGOV,SEN,2016,5.113090038299561,,
XGDP.FSGOV,SEN,2017,4.740079879760742,,
XGDP.FSGOV,SEN,2018,5.110199928283691,,
XGDP.FSGOV,SEN,2019,5.035270214080811,,
XGDP.FSGOV,SEN,2020,5.6869797706604,,
XGDP.FSGOV,SEN,2021,5.61201000213623,,
XGDP.FSGOV,SEN,2022,5.987539768218994,,
XGDP.FSGOV,SEN,2023,6.162770453663287,,
XGDP.FSGOV,SGP,2000,3.321300029754639,,
XGDP.FSGOV,SGP,2001,3.542490005493164,,
XGDP.FSGOV,SGP,2002,3.878530025482178,,
XGDP.FSGOV,SGP,2003,3.981940031051636,,
XGDP.FSGOV,SGP,2004,3.652760028839111,,
XGDP.FSGOV,SGP,2005,3.19596004486084,,
XGDP.FSGOV,SGP,2006,2.859119892120361,,
XGDP.FSGOV,SGP,2007,2.946749925613403,,
XGDP.FSGOV,SGP,2008,2.764600038528442,,
XGDP.FSGOV,SGP,2009,3.010129928588867,,
XGDP.FSGOV,SGP,2010,3.080440044403076,,
XGDP.FSGOV,SGP,2011,3.030770063400269,,
XGDP.FSGOV,SGP,2012,3.070859909057617,,
XGDP.FSGOV,SGP,2013,2.854350090026855,,
XGDP.FSGOV,SGP,2014,3.013586655036775,,
XGDP.FSGOV,SGP,2015,2.991618705099087,,
XGDP.FSGOV,SGP,2016,2.944662589465764,,
XGDP.FSGOV,SGP,2017,2.879163824217418,,
XGDP.FSGOV,SGP,2018,2.856600046157837,,
XGDP.FSGOV,SGP,2019,2.729510068893433,,
XGDP.FSGOV,SGP,2020,2.686990022659302,,
XGDP.FSGOV,SGP,2021,2.824709892272949,,
XGDP.FSGOV,SGP,2022,2.488919973373413,,
XGDP.FSGOV,SGP,2023,2.148260116577148,,
XGDP.FSGOV,SGP,2024,2.190998578197574,,
XGDP.FSGOV,SLB,2007,7.333270072937012,,
XGDP.FSGOV,SLB,2008,6.895150184631348,,
XGDP.FSGOV,SLB,2009,6.658589839935303,,
XGDP.FSGOV,SLB,2010,7.478370189666748,,
XGDP.FSGOV,SLB,2020,9.643546203693429,,
XGDP.FSGOV,SLB,2021,8.332327043800394,,
XGDP.FSGOV,SLB,2022,8.487378297311048,,
XGDP.FSGOV,SLB,2023,8.293490800629437,,
XGDP.FSGOV,SLE,2000,4.94936990737915,UIS_EST,
XGDP.FSGOV,SLE,2001,2.226180076599121,UIS_EST,
XGDP.FSGOV,SLE,2002,2.297669887542725,UIS_EST,
XGDP.FSGOV,SLE,2003,2.108870029449463,UIS_EST,
XGDP.FSGOV,SLE,2004,2.011670112609863,UIS_EST,
XGDP.FSGOV,SLE,2005,1.81370997428894,UIS_EST,
XGDP.FSGOV,SLE,2007,1.659980058670044,,
XGDP.FSGOV,SLE,2008,1.576310038566589,,
XGDP.FSGOV,SLE,2009,1.801530003547668,,
XGDP.FSGOV,SLE,2010,1.654700040817261,,
XGDP.FSGOV,SLE,2011,1.712069988250732,,
XGDP.FSGOV,SLE,2012,1.842049956321716,,
XGDP.FSGOV,SLE,2013,1.521289944648743,,
XGDP.FSGOV,SLE,2014,1.702250003814697,,
XGDP.FSGOV,SLE,2015,3.217862735639929,,
XGDP.FSGOV,SLE,2016,1.861070036888123,,
XGDP.FSGOV,SLE,2017,2.979439973831177,,
XGDP.FSGOV,SLE,2018,4.468090057373047,,
XGDP.FSGOV,SLE,2019,4.653629779815674,,
XGDP.FSGOV,SLE,2020,5.351250171661377,,
XGDP.FSGOV,SLE,2021,5.599589824676514,,
XGDP.FSGOV,SLE,2022,4.911300182342529,,
XGDP.FSGOV,SLE,2023,2.624552779420462,,
XGDP.FSGOV,SLV,2000,2.838680028915405,UIS_EST,
XGDP.FSGOV,SLV,2002,3.242840051651001,,
XGDP.FSGOV,SLV,2003,3.13467001914978,,
XGDP.FSGOV,SLV,2005,3.177850008010864,UIS_EST,
XGDP.FSGOV,SLV,2006,3.492980003356934,,
XGDP.FSGOV,SLV,2007,3.60984992980957,NAT_EST,
XGDP.FSGOV,SLV,2008,4.458109855651855,,
XGDP.FSGOV,SLV,2009,4.659500122070313,,
XGDP.FSGOV,SLV,2010,4.048079967498779,,
XGDP.FSGOV,SLV,2011,3.898540019989014,,
XGDP.FSGOV,SLV,2012,3.712440013885498,,
XGDP.FSGOV,SLV,2013,3.801490068435669,,
XGDP.FSGOV,SLV,2014,3.824160099029541,,
XGDP.FSGOV,SLV,2015,3.909879922866821,,
XGDP.FSGOV,SLV,2016,3.825239896774292,,
XGDP.FSGOV,SLV,2017,3.725229978561401,,
XGDP.FSGOV,SLV,2018,3.60575008392334,,
XGDP.FSGOV,SLV,2019,3.387109994888306,,
XGDP.FSGOV,SLV,2020,3.660880088806152,,
XGDP.FSGOV,SLV,2021,3.577660083770752,,
XGDP.FSGOV,SLV,2022,3.256340026855469,,
XGDP.FSGOV,SLV,2023,3.172189950942993,,
XGDP.FSGOV,SMR,2010,2.62883996963501,,
XGDP.FSGOV,SMR,2011,2.702960014343262,,
XGDP.FSGOV,SMR,2013,3.267235346518987,,
XGDP.FSGOV,SMR,2014,3.19357628015873,,
XGDP.FSGOV,SMR,2015,3.119142795793684,,
XGDP.FSGOV,SMR,2016,3.026979771428552,,
XGDP.FSGOV,SMR,2017,3.369970083236694,,
XGDP.FSGOV,SMR,2018,3.555160045623779,,
XGDP.FSGOV,SMR,2019,3.379699945449829,,
XGDP.FSGOV,SMR,2020,3.424619913101196,,
XGDP.FSGOV,SMR,2021,3.108920097351074,,
XGDP.FSGOV,SMR,2022,2.897530078887939,,
XGDP.FSGOV,SOM,2018,0.00000400990834307,,
XGDP.FSGOV,SOM,2019,0.00000573281247182,,
XGDP.FSGOV,SOM,2020,0.00000612054361034,,
XGDP.FSGOV,SOM,2021,0.00000675308344309,,
XGDP.FSGOV,SOM,2022,0.00000721674775437,,
XGDP.FSGOV,SOM,2023,0.00000814262404011,,
XGDP.FSGOV,SRB,2007,4.048799991607666,,
XGDP.FSGOV,SRB,2009,4.312749862670898,,
XGDP.FSGOV,SRB,2011,4.073550224304199,,
XGDP.FSGOV,SRB,2016,3.502749919891357,,
XGDP.FSGOV,SRB,2017,3.565390110015869,,
XGDP.FSGOV,SRB,2018,3.436630010604858,,
XGDP.FSGOV,SRB,2019,3.458659887313843,,
XGDP.FSGOV,SRB,2021,3.146159887313843,,
XGDP.FSGOV,SRB,2022,3.082550048828125,,
XGDP.FSGOV,SRB,2023,3.403779983520508,,
XGDP.FSGOV,SSD,2010,1.045330079345848,,
XGDP.FSGOV,SSD,2011,0.9628900289535522,,
XGDP.FSGOV,SSD,2012,1.576749380854813,,
XGDP.FSGOV,SSD,2013,1.024500012397766,,
XGDP.FSGOV,SSD,2014,1.232460021972656,,
XGDP.FSGOV,SSD,2015,1.465559959411621,,
XGDP.FSGOV,SSD,2016,1.56539228959694,,
XGDP.FSGOV,STP,2002,2.720580101013184,,
XGDP.FSGOV,STP,2003,3.246929883956909,,
XGDP.FSGOV,STP,2004,3.234709978103638,,
XGDP.FSGOV,STP,2005,4.856450080871582,,
XGDP.FSGOV,STP,2006,4.271180152893066,,
XGDP.FSGOV,STP,2007,6.286829948425293,,
XGDP.FSGOV,STP,2008,5.554490089416504,,
XGDP.FSGOV,STP,2009,9.994290351867676,,
XGDP.FSGOV,STP,2010,9.988269805908203,,
XGDP.FSGOV,STP,2011,8.794102450424667,,
XGDP.FSGOV,STP,2012,6.928460121154785,,
XGDP.FSGOV,STP,2013,6.685090065002441,,
XGDP.FSGOV,STP,2014,4.432169914245605,,
XGDP.FSGOV,STP,2015,4.697949886322021,,
XGDP.FSGOV,STP,2016,6.11515998840332,,
XGDP.FSGOV,STP,2017,5.874899864196777,UIS_EST,
XGDP.FSGOV,STP,2018,5.624549865722656,UIS_EST,
XGDP.FSGOV,STP,2019,6.105738918969782,,
XGDP.FSGOV,STP,2020,5.029311733725912,,
XGDP.FSGOV,STP,2021,5.539850411242826,,
XGDP.FSGOV,STP,2022,5.193921017126131,,
XGDP.FSGOV,STP,2023,5.028857642872704,,
XGDP.FSGOV,SUR,2015,5.534796105225529,,
XGDP.FSGOV,SUR,2016,5.640519049709742,,
XGDP.FSGOV,SUR,2017,5.458613115143494,,
XGDP.FSGOV,SUR,2018,4.922593557612687,,
XGDP.FSGOV,SUR,2019,6.778572890126644,,
XGDP.FSGOV,SUR,2020,4.584257082657823,,
XGDP.FSGOV,SUR,2021,4.131549729477391,,
XGDP.FSGOV,SUR,2022,3.43460841988051,,
XGDP.FSGOV,SUR,2023,2.866233414913631,,
XGDP.FSGOV,SVK,2000,3.868230104446411,,
XGDP.FSGOV,SVK,2001,3.942369937896729,,
XGDP.FSGOV,SVK,2002,4.251930236816406,,
XGDP.FSGOV,SVK,2003,4.236999988555908,,
XGDP.FSGOV,SVK,2004,4.117479801177979,,
XGDP.FSGOV,SVK,2005,3.775650024414063,,
XGDP.FSGOV,SVK,2006,3.708509922027588,,
XGDP.FSGOV,SVK,2007,3.522239923477173,,
XGDP.FSGOV,SVK,2008,3.523390054702759,,
XGDP.FSGOV,SVK,2009,4.008930206298828,,
XGDP.FSGOV,SVK,2010,4.047049999237061,,
XGDP.FSGOV,SVK,2011,3.906869888305664,,
XGDP.FSGOV,SVK,2012,3.854909896850586,,
XGDP.FSGOV,SVK,2013,4.060780048370361,,
XGDP.FSGOV,SVK,2014,4.204460144042969,,
XGDP.FSGOV,SVK,2015,4.564169883728027,,
XGDP.FSGOV,SVK,2016,3.88375997543335,,
XGDP.FSGOV,SVK,2017,3.918760061264038,,
XGDP.FSGOV,SVK,2018,3.935349941253662,,
XGDP.FSGOV,SVK,2019,4.267799854278564,,
XGDP.FSGOV,SVK,2020,4.720290184020996,,
XGDP.FSGOV,SVK,2021,4.716469764709473,,
XGDP.FSGOV,SVK,2022,4.655089855194092,,
XGDP.FSGOV,SVN,2001,5.814610004425049,,
XGDP.FSGOV,SVN,2002,5.740139961242676,,
XGDP.FSGOV,SVN,2003,5.756579875946045,,
XGDP.FSGOV,SVN,2004,5.686930179595947,,
XGDP.FSGOV,SVN,2005,5.644370079040527,,
XGDP.FSGOV,SVN,2006,5.622079849243164,,
XGDP.FSGOV,SVN,2007,5.136600017547607,,
XGDP.FSGOV,SVN,2008,5.134389877319336,,
XGDP.FSGOV,SVN,2009,5.620790004730225,,
XGDP.FSGOV,SVN,2010,5.593629837036133,,
XGDP.FSGOV,SVN,2011,5.582900047302246,,
XGDP.FSGOV,SVN,2012,5.670229911804199,,
XGDP.FSGOV,SVN,2013,5.467679977416992,,
XGDP.FSGOV,SVN,2014,5.343289852142334,,
XGDP.FSGOV,SVN,2015,4.955289840698242,,
XGDP.FSGOV,SVN,2016,4.844190120697021,,
XGDP.FSGOV,SVN,2017,4.82381010055542,,
XGDP.FSGOV,SVN,2018,4.979489803314209,,
XGDP.FSGOV,SVN,2019,4.934790134429932,,
XGDP.FSGOV,SVN,2020,5.419010162353516,,
XGDP.FSGOV,SVN,2021,5.391670227050781,,
XGDP.FSGOV,SVN,2022,5.28065013885498,,
XGDP.FSGOV,SWE,2000,6.738359928131104,,
XGDP.FSGOV,SWE,2001,6.614820003509521,,
XGDP.FSGOV,SWE,2002,6.91077995300293,,
XGDP.FSGOV,SWE,2003,6.796780109405518,,
XGDP.FSGOV,SWE,2004,6.672999858856201,,
XGDP.FSGOV,SWE,2005,6.515160083770752,,
XGDP.FSGOV,SWE,2006,6.372769832611084,,
XGDP.FSGOV,SWE,2007,6.186729907989502,,
XGDP.FSGOV,SWE,2008,6.38263988494873,,
XGDP.FSGOV,SWE,2009,6.784259796142578,,
XGDP.FSGOV,SWE,2010,6.56318998336792,,
XGDP.FSGOV,SWE,2011,6.406569957733154,,
XGDP.FSGOV,SWE,2012,7.574560165405273,,
XGDP.FSGOV,SWE,2013,7.646570205688477,,
XGDP.FSGOV,SWE,2014,7.629240036010742,,
XGDP.FSGOV,SWE,2015,7.494430065155029,,
XGDP.FSGOV,SWE,2016,7.639900207519531,,
XGDP.FSGOV,SWE,2017,7.638500213623047,,
XGDP.FSGOV,SWE,2018,7.698249816894531,,
XGDP.FSGOV,SWE,2019,7.663060188293457,,
XGDP.FSGOV,SWE,2020,7.953330039978027,,
XGDP.FSGOV,SWE,2021,7.602240085601807,,
XGDP.FSGOV,SWE,2022,7.319099903106689,,
XGDP.FSGOV,SWZ,2000,5.508480072021484,,
XGDP.FSGOV,SWZ,2001,4.838240146636963,,
XGDP.FSGOV,SWZ,2002,4.440869808197021,,
XGDP.FSGOV,SWZ,2003,5.816770076751709,,
XGDP.FSGOV,SWZ,2004,5.401609897613525,,
XGDP.FSGOV,SWZ,2005,6.484620094299316,,
XGDP.FSGOV,SWZ,2006,6.554759979248047,,
XGDP.FSGOV,SWZ,2008,6.618120193481445,,
XGDP.FSGOV,SWZ,2009,6.471350193023682,,
XGDP.FSGOV,SWZ,2010,6.118370056152344,,
XGDP.FSGOV,SWZ,2011,6.864329814910889,,
XGDP.FSGOV,SWZ,2012,5.593282197781552,,
XGDP.FSGOV,SWZ,2013,5.084610296948712,,
XGDP.FSGOV,SWZ,2014,7.3573899269104,,
XGDP.FSGOV,SWZ,2015,5.354947230064713,,
XGDP.FSGOV,SWZ,2016,5.433553092109788,,
XGDP.FSGOV,SWZ,2017,6.177914116856,,
XGDP.FSGOV,SWZ,2018,5.736873546766173,,
XGDP.FSGOV,SWZ,2019,5.699148241368915,,
XGDP.FSGOV,SWZ,2020,5.325462701228032,,
XGDP.FSGOV,SWZ,2021,5.287148992852215,,
XGDP.FSGOV,SWZ,2022,5.572741757385112,,
XGDP.FSGOV,SWZ,2023,5.00431592836751,,
XGDP.FSGOV,SWZ,2024,6.030829053375339,,
XGDP.FSGOV,SXM,2012,4.618348727829093,,
XGDP.FSGOV,SXM,2014,3.067594896807268,,
XGDP.FSGOV,SXM,2022,4.274205085082849,,
XGDP.FSGOV,SXM,2023,3.923638326017227,,
XGDP.FSGOV,SYC,2002,4.88109016418457,,
XGDP.FSGOV,SYC,2003,5.051770210266113,,
XGDP.FSGOV,SYC,2006,4.483310222625732,,
XGDP.FSGOV,SYC,2011,3.629950046539307,,
XGDP.FSGOV,SYC,2012,2.542160034179688,,
XGDP.FSGOV,SYC,2013,3.618400096893311,,
XGDP.FSGOV,SYC,2014,3.952470064163208,,
XGDP.FSGOV,SYC,2015,4.914609909057617,,
XGDP.FSGOV,SYC,2016,4.021309852600098,,
XGDP.FSGOV,SYC,2017,3.346173256576553,,
XGDP.FSGOV,SYC,2018,3.594469406686617,,
XGDP.FSGOV,SYC,2019,3.558855571146103,,
XGDP.FSGOV,SYC,2020,4.187048370493156,,
XGDP.FSGOV,SYC,2021,4.865473513686255,,
XGDP.FSGOV,SYC,2022,3.65858904774836,,
XGDP.FSGOV,SYC,2023,4.454099605470336,,
XGDP.FSGOV,SYR,2001,4.54640007019043,,
XGDP.FSGOV,SYR,2002,5.26984977722168,,
XGDP.FSGOV,SYR,2003,6.48084020614624,,
XGDP.FSGOV,SYR,2004,5.371479988098145,,
XGDP.FSGOV,SYR,2006,5.279650211334229,,
XGDP.FSGOV,SYR,2007,4.864709854125977,,
XGDP.FSGOV,SYR,2008,4.595250129699707,,
XGDP.FSGOV,SYR,2009,5.130139827728271,,
XGDP.FSGOV,TCA,2000,4.718830108642578,,
XGDP.FSGOV,TCA,2001,4.843009948730469,,
XGDP.FSGOV,TCA,2002,5.069139957427979,,
XGDP.FSGOV,TCA,2003,4.728779792785645,,
XGDP.FSGOV,TCA,2005,2.540999889373779,,
XGDP.FSGOV,TCA,2011,3.166633689613573,,
XGDP.FSGOV,TCA,2012,2.697493264902821,,
XGDP.FSGOV,TCA,2013,2.804786950538159,,
XGDP.FSGOV,TCA,2014,2.746546315619208,,
XGDP.FSGOV,TCA,2015,3.093250036239624,,
XGDP.FSGOV,TCA,2016,2.907445731208933,,
XGDP.FSGOV,TCA,2017,2.472782076067459,,
XGDP.FSGOV,TCA,2018,2.726229906082153,,
XGDP.FSGOV,TCA,2019,2.470540046691895,,
XGDP.FSGOV,TCA,2020,2.462137951900623,,
XGDP.FSGOV,TCA,2021,3.885730028152466,,
XGDP.FSGOV,TCA,2022,3.282619953155518,,
XGDP.FSGOV,TCA,2023,2.687654619699813,,
XGDP.FSGOV,TCA,2024,2.949981132476155,,
XGDP.FSGOV,TCD,2000,2.64670991897583,,
XGDP.FSGOV,TCD,2001,2.426140069961548,,
XGDP.FSGOV,TCD,2004,1.592949986457825,,
XGDP.FSGOV,TCD,2005,1.694769978523254,,
XGDP.FSGOV,TCD,2009,2.311739921569824,,
XGDP.FSGOV,TCD,2010,1.981940031051636,,
XGDP.FSGOV,TCD,2011,2.25789999961853,,
XGDP.FSGOV,TCD,2012,2.206150054931641,,
XGDP.FSGOV,TCD,2013,2.850709915161133,,
XGDP.FSGOV,TCD,2014,2.320312295630213,,
XGDP.FSGOV,TCD,2015,2.342831495211616,,
XGDP.FSGOV,TCD,2016,2.388475862299465,,
XGDP.FSGOV,TCD,2017,2.454819917678833,UIS_EST,
XGDP.FSGOV,TCD,2018,2.259475013920134,,
XGDP.FSGOV,TCD,2019,2.372457953835911,,
XGDP.FSGOV,TCD,2020,2.739603904237477,,
XGDP.FSGOV,TCD,2021,2.888129949569702,,
XGDP.FSGOV,TCD,2022,2.601611889706404,,
XGDP.FSGOV,TCD,2023,3.201497258377236,,
XGDP.FSGOV,TGO,2000,2.776449918746948,,
XGDP.FSGOV,TGO,2001,2.667500019073486,,
XGDP.FSGOV,TGO,2002,2.469520092010498,,
XGDP.FSGOV,TGO,2003,2.355249881744385,,
XGDP.FSGOV,TGO,2004,2.201980113983154,,
XGDP.FSGOV,TGO,2005,2.237489938735962,,
XGDP.FSGOV,TGO,2006,2.432379961013794,,
XGDP.FSGOV,TGO,2007,2.486040115356445,,
XGDP.FSGOV,TGO,2008,2.384720087051392,,
XGDP.FSGOV,TGO,2009,2.768079996109009,,
XGDP.FSGOV,TGO,2010,2.959779977798462,,
XGDP.FSGOV,TGO,2011,3.077500104904175,,
XGDP.FSGOV,TGO,2012,3.376519918441772,,
XGDP.FSGOV,TGO,2013,3.174750089645386,,
XGDP.FSGOV,TGO,2014,3.423769950866699,,
XGDP.FSGOV,TGO,2015,3.71097993850708,,
XGDP.FSGOV,TGO,2016,3.662480115890503,,
XGDP.FSGOV,TGO,2017,3.765269994735718,UIS_EST,
XGDP.FSGOV,TGO,2018,4.091629981994629,UIS_EST,
XGDP.FSGOV,TGO,2019,4.201641966268824,,
XGDP.FSGOV,TGO,2020,4.085280173729311,,
XGDP.FSGOV,TGO,2021,4.227024424830795,,
XGDP.FSGOV,TGO,2022,3.778110832667751,,
XGDP.FSGOV,TGO,2023,4.142818851664836,,
XGDP.FSGOV,THA,2000,5.253459930419922,,
XGDP.FSGOV,THA,2001,4.817870140075684,,
XGDP.FSGOV,THA,2002,3.864919900894165,,
XGDP.FSGOV,THA,2003,3.725610017776489,,
XGDP.FSGOV,THA,2004,4.030889987945557,,
XGDP.FSGOV,THA,2005,3.938590049743652,,
XGDP.FSGOV,THA,2006,4.050380229949951,,
XGDP.FSGOV,THA,2007,3.603149890899658,,
XGDP.FSGOV,THA,2008,3.508500099182129,,
XGDP.FSGOV,THA,2009,3.861939907073975,,
XGDP.FSGOV,THA,2010,3.508440017700195,,
XGDP.FSGOV,THA,2011,4.805550098419189,,
XGDP.FSGOV,THA,2012,4.536709785461426,,
XGDP.FSGOV,THA,2013,4.124020099639893,,
XGDP.FSGOV,THA,2014,3.919177518521116,,
XGDP.FSGOV,THA,2015,3.86397622727286,,
XGDP.FSGOV,THA,2016,3.767617567709368,,
XGDP.FSGOV,THA,2017,3.465321476403646,,
XGDP.FSGOV,THA,2018,3.197693959016189,,
XGDP.FSGOV,THA,2019,3.022214111832823,,
XGDP.FSGOV,THA,2020,3.153141717371831,,
XGDP.FSGOV,THA,2021,2.982124284782678,,
XGDP.FSGOV,THA,2022,2.611870227986338,,
XGDP.FSGOV,THA,2023,2.521222196287718,,
XGDP.FSGOV,TJK,2000,2.328710079193115,,
XGDP.FSGOV,TJK,2001,2.376590013504028,,
XGDP.FSGOV,TJK,2002,2.775789976119995,,
XGDP.FSGOV,TJK,2003,2.420789957046509,,
XGDP.FSGOV,TJK,2004,2.772030115127563,,
XGDP.FSGOV,TJK,2005,3.51213002204895,,
XGDP.FSGOV,TJK,2006,3.403500080108643,,
XGDP.FSGOV,TJK,2007,3.413269996643066,,
XGDP.FSGOV,TJK,2008,3.459830045700073,,
XGDP.FSGOV,TJK,2009,4.098309993743896,,
XGDP.FSGOV,TJK,2010,4.006750106811523,,
XGDP.FSGOV,TJK,2011,3.935110092163086,,
XGDP.FSGOV,TJK,2012,4.018030166625977,,
XGDP.FSGOV,TJK,2013,5.293976179000353,,
XGDP.FSGOV,TJK,2014,5.593988989667534,,
XGDP.FSGOV,TJK,2015,4.967740058898926,,
XGDP.FSGOV,TJK,2016,5.730941425763318,,
XGDP.FSGOV,TJK,2017,5.544717642622019,,
XGDP.FSGOV,TJK,2018,5.385087363775557,,
XGDP.FSGOV,TJK,2019,5.484276284354151,,
XGDP.FSGOV,TJK,2020,5.135168291878229,,
XGDP.FSGOV,TJK,2021,4.382530820775988,,
XGDP.FSGOV,TJK,2022,5.398297705990014,,
XGDP.FSGOV,TJK,2023,5.436821200154443,,
XGDP.FSGOV,TKM,2012,3.049249887466431,,
XGDP.FSGOV,TKM,2019,3.120549917221069,,
XGDP.FSGOV,TKM,2020,3.762670040130615,,
XGDP.FSGOV,TKM,2021,3.848910093307495,,
XGDP.FSGOV,TKM,2022,3.580049991607666,,
XGDP.FSGOV,TKM,2023,2.712919950485229,,
XGDP.FSGOV,TLS,2008,8.670149803161621,,
XGDP.FSGOV,TLS,2009,12.90248012542725,,
XGDP.FSGOV,TLS,2010,11.10657978057861,,
XGDP.FSGOV,TLS,2011,10.19351959228516,,
XGDP.FSGOV,TLS,2012,7.162149906158447,,
XGDP.FSGOV,TLS,2013,5.666329860687256,,
XGDP.FSGOV,TLS,2014,7.514309883117676,,
XGDP.FSGOV,TLS,2015,8.467069625854492,,
XGDP.FSGOV,TLS,2016,8.128379821777344,,
XGDP.FSGOV,TLS,2017,7.170939922332764,,
XGDP.FSGOV,TLS,2018,6.848060131072998,UIS_EST,
XGDP.FSGOV,TLS,2019,4.179689137429367,,
XGDP.FSGOV,TLS,2020,3.652873604377507,,
XGDP.FSGOV,TLS,2021,2.973894041013176,,
XGDP.FSGOV,TLS,2023,5.240528347818008,,
XGDP.FSGOV,TON,2000,4.878079891204834,,
XGDP.FSGOV,TON,2001,4.477560043334961,UIS_EST,
XGDP.FSGOV,TON,2002,3.795000076293945,,
XGDP.FSGOV,TON,2003,4.159520149230957,,
XGDP.FSGOV,TON,2004,3.913769960403442,,
XGDP.FSGOV,TON,2017,4.636268082884784,,
XGDP.FSGOV,TON,2018,4.715143971969753,,
XGDP.FSGOV,TON,2019,4.861703962026709,,
XGDP.FSGOV,TON,2020,5.048835113469149,,
XGDP.FSGOV,TON,2021,5.162544372426001,,
XGDP.FSGOV,TON,2022,5.310162780466344,,
XGDP.FSGOV,TTO,2000,2.755650043487549,,
XGDP.FSGOV,TTO,2001,3.065289974212646,,
XGDP.FSGOV,TTO,2002,3.543009996414185,,
XGDP.FSGOV,TTO,2003,3.136600017547607,,
XGDP.FSGOV,TTO,2010,4.211554588441827,,
XGDP.FSGOV,TTO,2011,3.850788402150081,,
XGDP.FSGOV,TTO,2012,3.573980005770182,,
XGDP.FSGOV,TTO,2013,3.752758729254051,,
XGDP.FSGOV,TTO,2014,3.590137969830427,,
XGDP.FSGOV,TTO,2015,4.42459330779419,,
XGDP.FSGOV,TTO,2016,4.214282275093606,,
XGDP.FSGOV,TTO,2017,3.329368790312303,,
XGDP.FSGOV,TTO,2018,3.471417626740523,,
XGDP.FSGOV,TTO,2019,3.55386116245268,,
XGDP.FSGOV,TTO,2020,4.257669925689697,,
XGDP.FSGOV,TTO,2021,3.004329919815063,,
XGDP.FSGOV,TTO,2022,2.673310041427612,,
XGDP.FSGOV,TTO,2023,3.011149883270264,,
XGDP.FSGOV,TUN,2000,6.20196008682251,UIS_EST,
XGDP.FSGOV,TUN,2001,6.201849937438965,,
XGDP.FSGOV,TUN,2002,5.790060043334961,,
XGDP.FSGOV,TUN,2003,6.816750049591064,,
XGDP.FSGOV,TUN,2004,6.720789909362793,,
XGDP.FSGOV,TUN,2005,6.4515700340271,,
XGDP.FSGOV,TUN,2006,6.438799858093262,,
XGDP.FSGOV,TUN,2007,6.46451997756958,,
XGDP.FSGOV,TUN,2008,6.271570205688477,,
XGDP.FSGOV,TUN,2009,6.528480052947998,,
XGDP.FSGOV,TUN,2010,5.963069915771484,,
XGDP.FSGOV,TUN,2012,5.950860023498535,,
XGDP.FSGOV,TUN,2015,6.220449924468994,,
XGDP.FSGOV,TUN,2019,6.173732404101847,,
XGDP.FSGOV,TUN,2020,7.265075454677822,,
XGDP.FSGOV,TUN,2021,6.67984656240779,,
XGDP.FSGOV,TUN,2022,6.804989607392803,,
XGDP.FSGOV,TUN,2023,6.733988563212064,,
XGDP.FSGOV,TUR,2011,4.221519947052002,,
XGDP.FSGOV,TUR,2012,4.387219905853271,,
XGDP.FSGOV,TUR,2013,4.344810009002686,,
XGDP.FSGOV,TUR,2014,4.412580013275146,,
XGDP.FSGOV,TUR,2015,4.305500030517578,,
XGDP.FSGOV,TUR,2016,4.627739906311035,,
XGDP.FSGOV,TUR,2017,4.323689937591553,,
XGDP.FSGOV,TUR,2018,4.297299861907959,,
XGDP.FSGOV,TUR,2019,4.447760105133057,,
XGDP.FSGOV,TUR,2020,4.033820152282715,,
XGDP.FSGOV,TUR,2021,3.537879943847656,,
XGDP.FSGOV,TUR,2022,3.095720052719116,,
XGDP.FSGOV,TUV,2020,14.54827761390144,,
XGDP.FSGOV,TUV,2021,15.51551196794405,,
XGDP.FSGOV,TUV,2022,13.76219124801975,,
XGDP.FSGOV,TUV,2023,12.84568977355957,,
XGDP.FSGOV,TZA,2004,3.562449932098389,,
XGDP.FSGOV,TZA,2005,3.547470092773438,,
XGDP.FSGOV,TZA,2006,3.009919881820679,,
XGDP.FSGOV,TZA,2007,4.033420085906982,,
XGDP.FSGOV,TZA,2008,4.185910224914551,,
XGDP.FSGOV,TZA,2009,3.960760116577148,,
XGDP.FSGOV,TZA,2010,4.541699886322021,,
XGDP.FSGOV,TZA,2011,4.577899059200146,,
XGDP.FSGOV,TZA,2012,4.229643003424582,,
XGDP.FSGOV,TZA,2013,4.637694463697187,,
XGDP.FSGOV,TZA,2014,3.384880065917969,,
XGDP.FSGOV,TZA,2015,4.194865482850759,,
XGDP.FSGOV,TZA,2016,4.101967217918641,,
XGDP.FSGOV,TZA,2017,4.4305100440979,UIS_EST,
XGDP.FSGOV,TZA,2018,3.699609994888306,UIS_EST,
XGDP.FSGOV,TZA,2019,3.596836388886481,,
XGDP.FSGOV,TZA,2020,3.230972559208328,,
XGDP.FSGOV,TZA,2021,3.115153352887837,,
XGDP.FSGOV,TZA,2022,3.238245037576404,,
XGDP.FSGOV,TZA,2023,3.258532221465307,,
XGDP.FSGOV,TZA,2024,3.155044379069355,,
XGDP.FSGOV,UGA,2000,2.461669921875,UIS_EST,
XGDP.FSGOV,UGA,2004,4.952370166778564,,
XGDP.FSGOV,UGA,2010,1.727399945259094,,
XGDP.FSGOV,UGA,2011,2.298909902572632,,
XGDP.FSGOV,UGA,2012,1.797469973564148,,
XGDP.FSGOV,UGA,2013,1.871140003204346,,
XGDP.FSGOV,UGA,2014,1.914720058441162,,
XGDP.FSGOV,UGA,2015,2.321520090103149,UIS_EST,
XGDP.FSGOV,UGA,2016,2.137890100479126,UIS_EST,
XGDP.FSGOV,UGA,2017,2.253639936447144,UIS_EST,
XGDP.FSGOV,UGA,2018,2.130520105361938,UIS_EST,
XGDP.FSGOV,UGA,2019,2.308280812423223,,
XGDP.FSGOV,UGA,2020,2.572221813082554,,
XGDP.FSGOV,UGA,2021,2.635936123085326,,
XGDP.FSGOV,UGA,2022,2.561050271769246,,
XGDP.FSGOV,UKR,2000,4.022930145263672,,
XGDP.FSGOV,UKR,2001,4.525680065155029,,
XGDP.FSGOV,UKR,2002,5.24006986618042,,
XGDP.FSGOV,UKR,2003,5.400189876556396,,
XGDP.FSGOV,UKR,2004,5.123760223388672,,
XGDP.FSGOV,UKR,2005,5.848199844360352,,
XGDP.FSGOV,UKR,2006,5.979459762573242,,
XGDP.FSGOV,UKR,2007,5.902440071105957,,
XGDP.FSGOV,UKR,2008,6.152420043945313,,
XGDP.FSGOV,UKR,2009,7.050749778747559,,
XGDP.FSGOV,UKR,2011,5.937709808349609,,
XGDP.FSGOV,UKR,2012,6.442699909210205,,
XGDP.FSGOV,UKR,2013,6.419899940490723,,
XGDP.FSGOV,UKR,2014,5.874939918518066,,
XGDP.FSGOV,UKR,2015,5.339517274950919,,
XGDP.FSGOV,UKR,2016,5.009779930114746,,
XGDP.FSGOV,UKR,2017,5.417079925537109,,
XGDP.FSGOV,UKR,2018,5.319920063018799,,
XGDP.FSGOV,UKR,2019,5.441299915313721,,
XGDP.FSGOV,UKR,2020,5.382319927215576,,
XGDP.FSGOV,UKR,2021,5.140110015869141,,
XGDP.FSGOV,URY,2000,2.422549962997437,,
XGDP.FSGOV,URY,2001,2.800960063934326,,
XGDP.FSGOV,URY,2002,2.322200059890747,,
XGDP.FSGOV,URY,2003,2.068209886550903,,
XGDP.FSGOV,URY,2004,2.499540090560913,,
XGDP.FSGOV,URY,2005,2.714750051498413,,
XGDP.FSGOV,URY,2006,2.856640100479126,,
XGDP.FSGOV,URY,2011,4.149370193481445,,
XGDP.FSGOV,URY,2012,4.093533382832418,,
XGDP.FSGOV,URY,2013,4.238920211791992,,
XGDP.FSGOV,URY,2014,4.267350196838379,,
XGDP.FSGOV,URY,2015,4.206369876861572,,
XGDP.FSGOV,URY,2016,4.364200115203857,,
XGDP.FSGOV,URY,2017,4.417870044708252,,
XGDP.FSGOV,URY,2018,4.603610038757324,,
XGDP.FSGOV,URY,2019,4.628339767456055,,
XGDP.FSGOV,URY,2020,4.542920112609863,,
XGDP.FSGOV,URY,2021,4.460659980773926,,
XGDP.FSGOV,URY,2022,4.507329940795898,,
XGDP.FSGOV,URY,2023,4.81125020980835,,
XGDP.FSGOV,USA,2015,4.930630207061768,,
XGDP.FSGOV,USA,2016,4.783279895782471,,
XGDP.FSGOV,USA,2017,5.09296989440918,,
XGDP.FSGOV,USA,2018,4.895020008087158,,
XGDP.FSGOV,USA,2019,4.957469940185547,,
XGDP.FSGOV,USA,2020,5.395319938659668,,
XGDP.FSGOV,USA,2021,5.420380115509033,,
XGDP.FSGOV,UZB,2013,5.741909980773926,UIS_EST,
XGDP.FSGOV,UZB,2014,5.713230133056641,UIS_EST,
XGDP.FSGOV,UZB,2015,5.494440078735352,UIS_EST,
XGDP.FSGOV,UZB,2016,5.380899906158447,UIS_EST,
XGDP.FSGOV,UZB,2017,4.482490062713623,UIS_EST,
XGDP.FSGOV,UZB,2018,4.83589298172277,,
XGDP.FSGOV,UZB,2019,6.295346785472161,,
XGDP.FSGOV,UZB,2020,4.440219879150391,,
XGDP.FSGOV,UZB,2021,4.135809898376465,,
XGDP.FSGOV,UZB,2022,5.234771710221517,,
XGDP.FSGOV,UZB,2023,5.472875972700241,,
XGDP.FSGOV,VCT,2000,7.327879905700684,,
XGDP.FSGOV,VCT,2002,7.388020038604736,,
XGDP.FSGOV,VCT,2003,8.17488956451416,UIS_EST,
XGDP.FSGOV,VCT,2005,6.030829906463623,,
XGDP.FSGOV,VCT,2007,5.439370155334473,,
XGDP.FSGOV,VCT,2009,5.376110076904297,,
XGDP.FSGOV,VCT,2010,4.808390140533447,,
XGDP.FSGOV,VCT,2015,4.956146348354287,,
XGDP.FSGOV,VCT,2016,5.45265007019043,,
XGDP.FSGOV,VCT,2017,5.379749774932861,,
XGDP.FSGOV,VCT,2018,5.223579883575439,,
XGDP.FSGOV,VCT,2020,5.463763104065456,,
XGDP.FSGOV,VCT,2022,7.07575034584772,,
XGDP.FSGOV,VCT,2023,6.458269170633405,,
XGDP.FSGOV,VEN,2006,3.669059991836548,,
XGDP.FSGOV,VEN,2007,3.627320051193237,,
XGDP.FSGOV,VEN,2009,6.874680042266846,,
XGDP.FSGOV,VEN,2023,0.0031300000846386,,
XGDP.FSGOV,VGB,2001,2.904769897460938,,
XGDP.FSGOV,VGB,2005,3.046329975128174,,
XGDP.FSGOV,VGB,2006,3.514800071716309,,
XGDP.FSGOV,VGB,2007,3.043669939041138,,
XGDP.FSGOV,VGB,2009,3.241650104522705,,
XGDP.FSGOV,VGB,2010,3.48701000213623,,
XGDP.FSGOV,VGB,2012,3.555607288355643,,
XGDP.FSGOV,VGB,2013,4.45811210742524,,
XGDP.FSGOV,VGB,2014,4.009198040634382,,
XGDP.FSGOV,VGB,2015,4.704500198364258,,
XGDP.FSGOV,VGB,2016,3.254677118752579,,
XGDP.FSGOV,VGB,2017,2.457089900970459,,
XGDP.FSGOV,VGB,2018,2.425559997558594,,
XGDP.FSGOV,VGB,2019,2.500969886779785,,
XGDP.FSGOV,VGB,2020,2.705389976501465,,
XGDP.FSGOV,VGB,2021,3.024553206777504,,
XGDP.FSGOV,VGB,2022,2.484019994735718,,
XGDP.FSGOV,VGB,2023,3.172840118408203,,
XGDP.FSGOV,VNM,2008,4.886740207672119,,
XGDP.FSGOV,VNM,2009,4.816500186920166,,
XGDP.FSGOV,VNM,2010,4.045939922332764,,
XGDP.FSGOV,VNM,2011,3.780230045318604,,
XGDP.FSGOV,VNM,2012,4.408170223236084,,
XGDP.FSGOV,VNM,2013,4.528339862823486,,
XGDP.FSGOV,VNM,2014,3.540123121105839,,
XGDP.FSGOV,VNM,2015,3.416604496749425,,
XGDP.FSGOV,VNM,2016,3.469069957733154,,
XGDP.FSGOV,VNM,2017,3.418656865395266,,
XGDP.FSGOV,VNM,2018,3.295370101928711,,
XGDP.FSGOV,VNM,2019,3.084998326934617,,
XGDP.FSGOV,VNM,2020,3.216529001525142,,
XGDP.FSGOV,VNM,2021,2.945174888043272,,
XGDP.FSGOV,VNM,2022,2.887386893727493,,
XGDP.FSGOV,VUT,2000,7.0036301612854,,
XGDP.FSGOV,VUT,2001,8.951149940490723,,
XGDP.FSGOV,VUT,2002,8.131979942321777,,
XGDP.FSGOV,VUT,2003,8.441510200500488,,
XGDP.FSGOV,VUT,2008,5.951509952545166,,
XGDP.FSGOV,VUT,2009,5.160510063171387,,
XGDP.FSGOV,VUT,2014,5.181950092315674,,
XGDP.FSGOV,VUT,2015,5.60338020324707,,
XGDP.FSGOV,VUT,2016,7.677425895144439,,
XGDP.FSGOV,VUT,2017,4.533430099487305,,
XGDP.FSGOV,VUT,2018,8.606346699480014,,
XGDP.FSGOV,VUT,2019,1.774070024490356,,
XGDP.FSGOV,VUT,2020,2.173589944839478,,
XGDP.FSGOV,VUT,2021,10.11024064197341,,
XGDP.FSGOV,VUT,2022,10.70334564990629,,
XGDP.FSGOV,VUT,2023,7.58135986328125,,
XGDP.FSGOV,WSM,2000,3.630959987640381,,
XGDP.FSGOV,WSM,2001,3.97652006149292,,
XGDP.FSGOV,WSM,2002,3.939320087432861,UIS_EST,
XGDP.FSGOV,WSM,2008,5.116590023040771,,
XGDP.FSGOV,WSM,2011,4.774263418391144,,
XGDP.FSGOV,WSM,2012,4.891707227776071,,
XGDP.FSGOV,WSM,2013,4.614860649476713,,
XGDP.FSGOV,WSM,2014,5.413921599587256,,
XGDP.FSGOV,WSM,2015,4.424521217281735,,
XGDP.FSGOV,WSM,2016,3.981149911880493,,
XGDP.FSGOV,WSM,2017,4.188715695847848,,
XGDP.FSGOV,WSM,2018,4.472148540404708,,
XGDP.FSGOV,WSM,2019,4.58404753905646,,
XGDP.FSGOV,WSM,2020,4.503168501521785,,
XGDP.FSGOV,WSM,2021,5.216284716230602,,
XGDP.FSGOV,WSM,2022,6.15978780645853,,
XGDP.FSGOV,WSM,2023,6.109630267641602,,
XGDP.FSGOV,WSM,2024,5.456166375442937,,
XGDP.FSGOV,YEM,2000,9.661629676818848,,
XGDP.FSGOV,YEM,2001,9.244709968566895,UIS_EST,
XGDP.FSGOV,YEM,2008,5.151430130004883,,
XGDP.FSGOV,ZAF,2000,4.908810138702393,,
XGDP.FSGOV,ZAF,2001,4.63617992401123,,
XGDP.FSGOV,ZAF,2002,4.545690059661865,,
XGDP.FSGOV,ZAF,2003,4.352099895477295,,
XGDP.FSGOV,ZAF,2004,4.508979797363281,,
XGDP.FSGOV,ZAF,2005,4.524499893188477,,
XGDP.FSGOV,ZAF,2006,4.526519775390625,,
XGDP.FSGOV,ZAF,2007,4.446670055389404,,
XGDP.FSGOV,ZAF,2008,4.374249935150146,,
XGDP.FSGOV,ZAF,2009,4.761189937591553,,
XGDP.FSGOV,ZAF,2010,5.134970188140869,,
XGDP.FSGOV,ZAF,2011,5.288980007171631,,
XGDP.FSGOV,ZAF,2012,5.523230075836182,,
XGDP.FSGOV,ZAF,2013,5.350719928741455,,
XGDP.FSGOV,ZAF,2014,5.489779949188232,,
XGDP.FSGOV,ZAF,2015,5.482850074768066,,
XGDP.FSGOV,ZAF,2016,5.444240093231201,,
XGDP.FSGOV,ZAF,2017,5.59867000579834,,
XGDP.FSGOV,ZAF,2018,5.644010066986084,,
XGDP.FSGOV,ZAF,2019,5.911580085754395,,
XGDP.FSGOV,ZAF,2020,6.170670032501221,,
XGDP.FSGOV,ZAF,2021,6.555170059204102,,
XGDP.FSGOV,ZAF,2022,6.155990123748779,,
XGDP.FSGOV,ZAF,2023,6.123469829559326,,
XGDP.FSGOV,ZAF,2024,6.021100044250488,,
XGDP.FSGOV,ZMB,2000,1.788190007209778,,
XGDP.FSGOV,ZMB,2004,2.463429927825928,,
XGDP.FSGOV,ZMB,2005,1.735530018806458,,
XGDP.FSGOV,ZMB,2007,1.240759968757629,,
XGDP.FSGOV,ZMB,2008,1.099720001220703,,
XGDP.FSGOV,ZMB,2010,3.416004453937385,,
XGDP.FSGOV,ZMB,2011,3.357722720469709,,
XGDP.FSGOV,ZMB,2012,3.695002428429031,,
XGDP.FSGOV,ZMB,2013,3.718207108920182,,
XGDP.FSGOV,ZMB,2014,5.152257068116107,,
XGDP.FSGOV,ZMB,2015,4.624330043792725,,
XGDP.FSGOV,ZMB,2016,3.747920036315918,,
XGDP.FSGOV,ZMB,2017,3.729640007019043,,
XGDP.FSGOV,ZMB,2018,4.739749908447266,UIS_EST,
XGDP.FSGOV,ZMB,2019,4.418240184479902,,
XGDP.FSGOV,ZMB,2020,3.943741005617121,,
XGDP.FSGOV,ZMB,2021,3.113634653077528,,
XGDP.FSGOV,ZMB,2022,3.658840920239829,,
XGDP.FSGOV,ZMB,2023,4.073749330491568,,
XGDP.FSGOV,ZWE,2010,1.544059991836548,,
XGDP.FSGOV,ZWE,2012,6.070209980010986,,
XGDP.FSGOV,ZWE,2013,5.995979785919189,,
XGDP.FSGOV,ZWE,2014,6.138350009918213,,
XGDP.FSGOV,ZWE,2017,2.003390073776245,UIS_EST,
XGDP.FSGOV,ZWE,2018,2.050489902496338,UIS_EST,
XGDP.FSGOV,ZWE,2023,0.3847712972119189,,