indicatorId,geoUnit,year,value,qualifier,magnitude
XGOVEXP.IMF,ABW,2000,21.80771064758301,,
XGOVEXP.IMF,ABW,2001,21.32317924499512,,
XGOVEXP.IMF,ABW,2002,19.75715065002441,,
XGOVEXP.IMF,ABW,2004,14.90291023254395,,
XGOVEXP.IMF,ABW,2005,18.88828086853027,,
XGOVEXP.IMF,ABW,2007,20.79264068603516,,
XGOVEXP.IMF,ABW,2008,19.02882957458496,,
XGOVEXP.IMF,ABW,2009,21.56355094909668,,
XGOVEXP.IMF,ABW,2010,22.17678070068359,,
XGOVEXP.IMF,ABW,2011,21.75053977966309,,
XGOVEXP.IMF,ABW,2012,20.63408088684082,,
XGOVEXP.IMF,ABW,2013,21.87763023376465,,
XGOVEXP.IMF,ABW,2014,19.61797904968262,,
XGOVEXP.IMF,ABW,2015,23.20137977600098,,
XGOVEXP.IMF,ABW,2016,21.85375022888184,,
XGOVEXP.IMF,ABW,2017,18.52140849515657,,
XGOVEXP.IMF,ABW,2018,20.12344033946892,,
XGOVEXP.IMF,ABW,2019,19.40142706009356,,
XGOVEXP.IMF,ABW,2021,10.95644296081246,,
XGOVEXP.IMF,AFG,2010,17.07712936401367,,
XGOVEXP.IMF,AFG,2011,16.04842948913574,,
XGOVEXP.IMF,AFG,2012,10.3568000793457,,
XGOVEXP.IMF,AFG,2013,14.1028003692627,,
XGOVEXP.IMF,AFG,2014,14.46592998504639,,
XGOVEXP.IMF,AFG,2015,12.50899982452393,,
XGOVEXP.IMF,AFG,2016,16.21170043945313,UIS_EST,
XGOVEXP.IMF,AFG,2017,15.66137981414795,UIS_EST,
XGOVEXP.IMF,AGO,2000,5.255080223083496,,
XGOVEXP.IMF,AGO,2005,7.992350101470947,,
XGOVEXP.IMF,AGO,2006,7.454790115356445,,
XGOVEXP.IMF,AGO,2010,8.684769630432129,,
XGOVEXP.IMF,AGO,2012,8.370432445245541,,
XGOVEXP.IMF,AGO,2013,8.826970611277849,,
XGOVEXP.IMF,AGO,2015,8.918776535199198,,
XGOVEXP.IMF,AGO,2016,6.550974048507172,,
XGOVEXP.IMF,AGO,2017,6.763776862139573,,
XGOVEXP.IMF,AGO,2018,5.777524545665425,,
XGOVEXP.IMF,AGO,2019,6.045355647235148,,
XGOVEXP.IMF,AGO,2020,5.294735722737711,,
XGOVEXP.IMF,AGO,2021,6.919610063027055,,
XGOVEXP.IMF,AGO,2022,6.640472120780773,,
XGOVEXP.IMF,AGO,2023,7.738962509912019,,
XGOVEXP.IMF,AGO,2024,6.36976605603197,,
XGOVEXP.IMF,AGO,2025,6.524646543748751,,
XGOVEXP.IMF,AIA,2013,12.04232749356389,,
XGOVEXP.IMF,AIA,2014,11.60092064586532,,
XGOVEXP.IMF,AIA,2015,12.54403384916802,,
XGOVEXP.IMF,AIA,2016,11.97237149643151,,
XGOVEXP.IMF,AIA,2017,11.59026985581959,,
XGOVEXP.IMF,AIA,2018,9.108467654682055,,
XGOVEXP.IMF,AIA,2019,11.11986072965301,,
XGOVEXP.IMF,AIA,2020,10.67566828407773,,
XGOVEXP.IMF,AIA,2021,11.04676370718868,,
XGOVEXP.IMF,AIA,2022,13.35959095412863,,
XGOVEXP.IMF,AIA,2023,12.97385720863458,,
XGOVEXP.IMF,AIA,2024,10.2872343982428,,
XGOVEXP.IMF,ALB,2000,10.13702964782715,,
XGOVEXP.IMF,ALB,2001,10.58193016052246,,
XGOVEXP.IMF,ALB,2002,9.886919975280762,,
XGOVEXP.IMF,ALB,2003,10.57359981536865,,
XGOVEXP.IMF,ALB,2004,10.70316028594971,,
XGOVEXP.IMF,ALB,2005,11.35797023773193,,
XGOVEXP.IMF,ALB,2006,10.93295001983643,,
XGOVEXP.IMF,ALB,2007,11.17718982696533,,
XGOVEXP.IMF,ALB,2011,10.96722347168107,,
XGOVEXP.IMF,ALB,2012,11.50985671468504,,
XGOVEXP.IMF,ALB,2013,12.12390995025635,,
XGOVEXP.IMF,ALB,2014,10.91816811673631,,
XGOVEXP.IMF,ALB,2015,11.17755031585693,,
XGOVEXP.IMF,ALB,2016,13.59696006774902,,
XGOVEXP.IMF,ALB,2017,12.38521003723145,,
XGOVEXP.IMF,ALB,2018,10.88173224365852,,
XGOVEXP.IMF,ALB,2019,13.43340015411377,,
XGOVEXP.IMF,ALB,2020,10.26743030548096,,
XGOVEXP.IMF,ALB,2021,9.40900993347168,,
XGOVEXP.IMF,ALB,2022,9.014089584350586,,
XGOVEXP.IMF,ALB,2023,10.85657978057861,,
XGOVEXP.IMF,AND,2012,9.841613913290761,,
XGOVEXP.IMF,AND,2013,6.195529937744141,,
XGOVEXP.IMF,AND,2014,13.31521034240723,,
XGOVEXP.IMF,AND,2015,10.44281005859375,,
XGOVEXP.IMF,AND,2016,9.99098014831543,,
XGOVEXP.IMF,AND,2017,9.392439842224121,,
XGOVEXP.IMF,AND,2018,13.4619197845459,,
XGOVEXP.IMF,AND,2019,10.89523983001709,,
XGOVEXP.IMF,AND,2020,8.991869225938949,,
XGOVEXP.IMF,AND,2021,10.26473536638295,,
XGOVEXP.IMF,AND,2022,6.961289882659912,,
XGOVEXP.IMF,AND,2023,11.62092018127441,,
XGOVEXP.IMF,AND,2024,12.00451540811257,,
XGOVEXP.IMF,AND,2025,12.12907962336176,,
XGOVEXP.IMF,ARE,2019,13.56886959075928,,
XGOVEXP.IMF,ARE,2020,12.79823017120361,,
XGOVEXP.IMF,ARE,2021,14.75561046600342,,
XGOVEXP.IMF,ARG,2000,16.22615051269531,,
XGOVEXP.IMF,ARG,2001,16.35596084594727,,
XGOVEXP.IMF,ARG,2002,16.44220924377441,,
XGOVEXP.IMF,ARG,2003,14.35472011566162,,
XGOVEXP.IMF,ARG,2004,15.13930034637451,,
XGOVEXP.IMF,ARG,2005,15.8031702041626,,
XGOVEXP.IMF,ARG,2006,15.50984001159668,,
XGOVEXP.IMF,ARG,2007,15.10157012939453,,
XGOVEXP.IMF,ARG,2008,15.74783992767334,,
XGOVEXP.IMF,ARG,2009,16.02066993713379,,
XGOVEXP.IMF,ARG,2010,15.04796981811523,,
XGOVEXP.IMF,ARG,2011,15.15855979919434,,
XGOVEXP.IMF,ARG,2012,14.51826000213623,,
XGOVEXP.IMF,ARG,2013,14.45792961120605,,
XGOVEXP.IMF,ARG,2014,13.79932975769043,,
XGOVEXP.IMF,ARG,2015,13.96331024169922,,
XGOVEXP.IMF,ARG,2016,13.35554027557373,,
XGOVEXP.IMF,ARG,2017,13.26391983032227,,
XGOVEXP.IMF,ARG,2018,12.52334022521973,,
XGOVEXP.IMF,ARG,2019,12.51445960998535,,
XGOVEXP.IMF,ARG,2020,12.42228984832764,,
XGOVEXP.IMF,ARG,2021,12.28489971160889,,
XGOVEXP.IMF,ARG,2022,12.70757961273193,,
XGOVEXP.IMF,ARG,2023,13.96695794692157,,
XGOVEXP.IMF,ARM,2005,13.64809036254883,,
XGOVEXP.IMF,ARM,2006,13.57851982116699,,
XGOVEXP.IMF,ARM,2007,13.46558952331543,,
XGOVEXP.IMF,ARM,2008,14.2684497833252,,
XGOVEXP.IMF,ARM,2009,13.45121955871582,,
XGOVEXP.IMF,ARM,2010,12.40050983428955,,
XGOVEXP.IMF,ARM,2011,12.59333992004395,,
XGOVEXP.IMF,ARM,2012,12.36896991729736,,
XGOVEXP.IMF,ARM,2013,11.13675975799561,,
XGOVEXP.IMF,ARM,2014,9.367119789123535,,
XGOVEXP.IMF,ARM,2015,10.65635967254639,,
XGOVEXP.IMF,ARM,2016,10.19719982147217,,
XGOVEXP.IMF,ARM,2017,10.40312957763672,,
XGOVEXP.IMF,ARM,2018,8.678587595846022,,
XGOVEXP.IMF,ARM,2019,8.575244272365575,,
XGOVEXP.IMF,ARM,2020,8.827779769897461,,
XGOVEXP.IMF,ARM,2021,9.655320167541504,,
XGOVEXP.IMF,ARM,2022,9.446550369262695,,
XGOVEXP.IMF,ARM,2023,9.03689956665039,,
XGOVEXP.IMF,ARM,2024,9.440014663011535,,
XGOVEXP.IMF,ARM,2025,8.708362807732591,,
XGOVEXP.IMF,ATG,2002,11.70153999328613,,
XGOVEXP.IMF,ATG,2009,6.928140163421631,,
XGOVEXP.IMF,ATG,2012,10.14325661585533,,
XGOVEXP.IMF,ATG,2013,10.73023376289031,,
XGOVEXP.IMF,ATG,2014,10.31662372166527,,
XGOVEXP.IMF,ATG,2015,7.630211861107441,,
XGOVEXP.IMF,ATG,2016,6.483569777718107,,
XGOVEXP.IMF,ATG,2017,7.172854627390551,,
XGOVEXP.IMF,ATG,2018,7.587625434543993,,
XGOVEXP.IMF,ATG,2019,9.543664171125895,,
XGOVEXP.IMF,ATG,2020,7.378756730220585,,
XGOVEXP.IMF,ATG,2021,6.85999508093725,,
XGOVEXP.IMF,ATG,2022,7.805379692752923,,
XGOVEXP.IMF,ATG,2023,8.669606644639806,,
XGOVEXP.IMF,ATG,2024,11.03589805478581,,
XGOVEXP.IMF,ATG,2025,5.870046190306808,,
XGOVEXP.IMF,AUS,2020,12.16866016387939,,
XGOVEXP.IMF,AUS,2021,12.11161041259766,,
XGOVEXP.IMF,AUS,2022,12.65207958221436,,
XGOVEXP.IMF,AUT,2000,11.0332202911377,,
XGOVEXP.IMF,AUT,2001,10.81678009033203,,
XGOVEXP.IMF,AUT,2002,10.77766036987305,,
XGOVEXP.IMF,AUT,2003,10.41788005828857,,
XGOVEXP.IMF,AUT,2004,9.835470199584961,,
XGOVEXP.IMF,AUT,2005,10.22817039489746,,
XGOVEXP.IMF,AUT,2006,10.33712005615234,,
XGOVEXP.IMF,AUT,2007,10.41668033599854,,
XGOVEXP.IMF,AUT,2008,10.51202964782715,,
XGOVEXP.IMF,AUT,2009,10.56037044525146,,
XGOVEXP.IMF,AUT,2010,10.75069046020508,,
XGOVEXP.IMF,AUT,2011,10.96181964874268,,
XGOVEXP.IMF,AUT,2012,10.65845966339111,,
XGOVEXP.IMF,AUT,2013,10.67006969451904,,
XGOVEXP.IMF,AUT,2014,10.49254035949707,,
XGOVEXP.IMF,AUT,2015,10.7222204208374,,
XGOVEXP.IMF,AUT,2016,10.87989044189453,,
XGOVEXP.IMF,AUT,2017,10.84245014190674,,
XGOVEXP.IMF,AUT,2018,10.68115043640137,,
XGOVEXP.IMF,AUT,2019,10.67115020751953,,
XGOVEXP.IMF,AUT,2020,9.735380172729492,,
XGOVEXP.IMF,AUT,2021,9.782340049743652,,
XGOVEXP.IMF,AUT,2022,9.93358039855957,,
XGOVEXP.IMF,AZE,2000,21.11907958984375,,
XGOVEXP.IMF,AZE,2001,20.87755012512207,,
XGOVEXP.IMF,AZE,2002,13.6307201385498,,
XGOVEXP.IMF,AZE,2003,15.1708402633667,,
XGOVEXP.IMF,AZE,2004,14.23503971099854,,
XGOVEXP.IMF,AZE,2005,13.2231502532959,,
XGOVEXP.IMF,AZE,2006,10.10041999816895,,
XGOVEXP.IMF,AZE,2007,9.779370307922363,,
XGOVEXP.IMF,AZE,2008,7.763840198516846,,
XGOVEXP.IMF,AZE,2009,9.3439302444458,,
XGOVEXP.IMF,AZE,2010,8.70083999633789,,
XGOVEXP.IMF,AZE,2011,7.219860076904297,,
XGOVEXP.IMF,AZE,2012,5.643670082092285,,
XGOVEXP.IMF,AZE,2013,6.46412992477417,,
XGOVEXP.IMF,AZE,2014,7.238729953765869,,
XGOVEXP.IMF,AZE,2015,7.627110004425049,,
XGOVEXP.IMF,AZE,2016,8.195779800415039,,
XGOVEXP.IMF,AZE,2017,6.954559803009033,,
XGOVEXP.IMF,AZE,2018,7.399650096893311,,
XGOVEXP.IMF,AZE,2019,9.767569541931152,NAT_EST,
XGOVEXP.IMF,AZE,2020,10.78785037994385,NAT_EST,
XGOVEXP.IMF,AZE,2021,11.50881958007813,,
XGOVEXP.IMF,AZE,2022,11.63961029052734,,
XGOVEXP.IMF,AZE,2023,11.18455028533936,,
XGOVEXP.IMF,AZE,2024,11.44960076291508,,
XGOVEXP.IMF,AZE,2025,11.92361606564979,,
XGOVEXP.IMF,BDI,2000,10.73526000976563,,
XGOVEXP.IMF,BDI,2001,11.43313026428223,,
XGOVEXP.IMF,BDI,2002,12.48608016967773,,
XGOVEXP.IMF,BDI,2004,9.17908000946045,,
XGOVEXP.IMF,BDI,2005,10.95926952362061,,
XGOVEXP.IMF,BDI,2008,12.61553955078125,,
XGOVEXP.IMF,BDI,2009,16.30168914794922,,
XGOVEXP.IMF,BDI,2010,16.58810043334961,,
XGOVEXP.IMF,BDI,2011,14.97929954528809,,
XGOVEXP.IMF,BDI,2012,16.42831993103027,,
XGOVEXP.IMF,BDI,2013,17.24325942993164,,
XGOVEXP.IMF,BDI,2014,23.84000015258789,UIS_EST,
XGOVEXP.IMF,BDI,2015,27.49724006652832,UIS_EST,
XGOVEXP.IMF,BDI,2016,20.78461074829102,UIS_EST,
XGOVEXP.IMF,BDI,2017,19.76485061645508,UIS_EST,
XGOVEXP.IMF,BDI,2018,19.51926040649414,,
XGOVEXP.IMF,BDI,2019,21.2221666369194,,
XGOVEXP.IMF,BDI,2020,20.74195234309137,,
XGOVEXP.IMF,BDI,2021,20.43854000560069,,
XGOVEXP.IMF,BDI,2022,20.63708380730232,,
XGOVEXP.IMF,BDI,2025,14.40420967990766,,
XGOVEXP.IMF,BEL,2005,11.1755199432373,,
XGOVEXP.IMF,BEL,2008,12.47245025634766,,
XGOVEXP.IMF,BEL,2009,11.80014991760254,,
XGOVEXP.IMF,BEL,2010,11.94892024993896,,
XGOVEXP.IMF,BEL,2011,11.60301971435547,,
XGOVEXP.IMF,BEL,2012,11.67440032958984,,
XGOVEXP.IMF,BEL,2013,11.80877017974854,,
XGOVEXP.IMF,BEL,2014,11.83518981933594,,
XGOVEXP.IMF,BEL,2015,12.00726985931396,,
XGOVEXP.IMF,BEL,2016,12.15122032165527,,
XGOVEXP.IMF,BEL,2017,12.34185981750488,,
XGOVEXP.IMF,BEL,2018,12.18058013916016,,
XGOVEXP.IMF,BEL,2019,12.2196102142334,,
XGOVEXP.IMF,BEL,2020,11.55578994750977,,
XGOVEXP.IMF,BEL,2021,11.61668014526367,,
XGOVEXP.IMF,BEL,2022,12.01735973358154,,
XGOVEXP.IMF,BEN,2000,13.51319980621338,,
XGOVEXP.IMF,BEN,2001,15.31058025360107,,
XGOVEXP.IMF,BEN,2002,14.12907981872559,,
XGOVEXP.IMF,BEN,2003,16.68252944946289,,
XGOVEXP.IMF,BEN,2004,19.21394920349121,,
XGOVEXP.IMF,BEN,2005,18.79039001464844,,
XGOVEXP.IMF,BEN,2006,19.70960998535156,,
XGOVEXP.IMF,BEN,2007,14.94869041442871,,
XGOVEXP.IMF,BEN,2008,19.08857917785645,,
XGOVEXP.IMF,BEN,2009,18.17561912536621,,
XGOVEXP.IMF,BEN,2010,26.14396095275879,,
XGOVEXP.IMF,BEN,2012,25.02131080627441,,
XGOVEXP.IMF,BEN,2013,22.34122085571289,,
XGOVEXP.IMF,BEN,2014,22.22771072387695,,
XGOVEXP.IMF,BEN,2015,17.47952079772949,,
XGOVEXP.IMF,BEN,2016,18.79140090942383,UIS_EST,
XGOVEXP.IMF,BEN,2017,19.8796501159668,UIS_EST,
XGOVEXP.IMF,BEN,2018,17.70918083190918,UIS_EST,
XGOVEXP.IMF,BEN,2019,18.86811614915913,,
XGOVEXP.IMF,BEN,2020,15.72035389877586,,
XGOVEXP.IMF,BEN,2021,14.7747873406015,,
XGOVEXP.IMF,BEN,2022,14.99147068718993,,
XGOVEXP.IMF,BEN,2023,15.797556817439,,
XGOVEXP.IMF,BEN,2024,17.96803182192264,,
XGOVEXP.IMF,BEN,2025,18.02168943239186,,
XGOVEXP.IMF,BFA,2005,19.49419021606445,,
XGOVEXP.IMF,BFA,2006,18.20170021057129,,
XGOVEXP.IMF,BFA,2007,17.86381912231445,,
XGOVEXP.IMF,BFA,2010,16.17281913757324,,
XGOVEXP.IMF,BFA,2011,19.5006103515625,,
XGOVEXP.IMF,BFA,2012,15.8953800201416,,
XGOVEXP.IMF,BFA,2013,16.16527938842773,,
XGOVEXP.IMF,BFA,2014,19.36811065673828,,
XGOVEXP.IMF,BFA,2015,18.02708053588867,,
XGOVEXP.IMF,BFA,2017,21.44400024414063,UIS_EST,
XGOVEXP.IMF,BFA,2018,22.66116905212402,UIS_EST,
XGOVEXP.IMF,BFA,2019,21.65662042305029,,
XGOVEXP.IMF,BFA,2020,20.99245879205485,,
XGOVEXP.IMF,BFA,2021,21.39246515992313,,
XGOVEXP.IMF,BFA,2022,21.9580967321077,,
XGOVEXP.IMF,BFA,2023,20.2971969686914,,
XGOVEXP.IMF,BGD,2000,20.49041938781738,,
XGOVEXP.IMF,BGD,2001,18.58477973937988,,
XGOVEXP.IMF,BGD,2002,15.69379997253418,,
XGOVEXP.IMF,BGD,2003,16.6816291809082,,
XGOVEXP.IMF,BGD,2004,15.95312023162842,,
XGOVEXP.IMF,BGD,2006,17.3365306854248,,
XGOVEXP.IMF,BGD,2007,18.15340042114258,,
XGOVEXP.IMF,BGD,2008,17.81619071960449,,
XGOVEXP.IMF,BGD,2009,14.02987003326416,,
XGOVEXP.IMF,BGD,2011,16.79397010803223,,
XGOVEXP.IMF,BGD,2012,15.74512004852295,,
XGOVEXP.IMF,BGD,2013,14.03474044799805,UIS_EST,
XGOVEXP.IMF,BGD,2014,13.30632793577933,,
XGOVEXP.IMF,BGD,2015,12.04410314352193,,
XGOVEXP.IMF,BGD,2016,11.0494499206543,,
XGOVEXP.IMF,BGD,2018,14.24517178526184,,
XGOVEXP.IMF,BGD,2019,8.732970237731934,,
XGOVEXP.IMF,BGD,2020,15.03070258948972,,
XGOVEXP.IMF,BGD,2021,12.76997604748202,,
XGOVEXP.IMF,BGD,2022,12.40404380791912,,
XGOVEXP.IMF,BGD,2023,13.00122481669384,,
XGOVEXP.IMF,BGD,2024,11.99301640226573,,
XGOVEXP.IMF,BGD,2025,11.88343789209536,,
XGOVEXP.IMF,BGR,2001,9.277739524841309,,
XGOVEXP.IMF,BGR,2002,9.654319763183594,,
XGOVEXP.IMF,BGR,2003,11.18025016784668,,
XGOVEXP.IMF,BGR,2004,12.27917957305908,,
XGOVEXP.IMF,BGR,2005,12.07252025604248,,
XGOVEXP.IMF,BGR,2006,12.01047992706299,,
XGOVEXP.IMF,BGR,2007,11.11392021179199,,
XGOVEXP.IMF,BGR,2008,12.61225986480713,,
XGOVEXP.IMF,BGR,2009,12.6567497253418,,
XGOVEXP.IMF,BGR,2010,11.16341972351074,,
XGOVEXP.IMF,BGR,2011,11.10004997253418,,
XGOVEXP.IMF,BGR,2012,10.69091987609863,,
XGOVEXP.IMF,BGR,2013,11.43980026245117,,
XGOVEXP.IMF,BGR,2017,12.73095035552979,,
XGOVEXP.IMF,BGR,2018,11.79002952575684,,
XGOVEXP.IMF,BGR,2019,11.70670986175537,,
XGOVEXP.IMF,BGR,2020,11.91499996185303,,
XGOVEXP.IMF,BGR,2021,12.25271034240723,,
XGOVEXP.IMF,BGR,2022,11.98184967041016,,
XGOVEXP.IMF,BHR,2006,11.91866016387939,,
XGOVEXP.IMF,BHR,2007,11.02672958374023,,
XGOVEXP.IMF,BHR,2008,10.55867004394531,,
XGOVEXP.IMF,BHR,2010,8.625524229684478,,
XGOVEXP.IMF,BHR,2011,8.769654500444263,,
XGOVEXP.IMF,BHR,2012,8.179829597473145,,
XGOVEXP.IMF,BHR,2013,7.458600044250488,,
XGOVEXP.IMF,BHR,2014,8.684029579162598,,
XGOVEXP.IMF,BHR,2015,7.328189849853516,,
XGOVEXP.IMF,BHR,2016,9.620668061041863,,
XGOVEXP.IMF,BHR,2017,7.223849773406982,,
XGOVEXP.IMF,BHR,2018,9.251309015842061,,
XGOVEXP.IMF,BHR,2019,8.55740317815593,,
XGOVEXP.IMF,BHR,2020,7.138605286289597,,
XGOVEXP.IMF,BHR,2021,7.664672447013593,,
XGOVEXP.IMF,BHR,2022,7.660179863727669,,
XGOVEXP.IMF,BHR,2023,7.724914375449581,,
XGOVEXP.IMF,BHR,2024,8.7409747478851,,
XGOVEXP.IMF,BHR,2025,8.336649790977546,,
XGOVEXP.IMF,BHS,2000,19.79520988464355,UIS_EST,
XGOVEXP.IMF,BHS,2010,12.49522559877134,,
XGOVEXP.IMF,BHS,2011,12.36150148265652,,
XGOVEXP.IMF,BHS,2012,12.17644841679832,,
XGOVEXP.IMF,BHS,2013,12.14246608523937,,
XGOVEXP.IMF,BHS,2014,12.08616846380537,,
XGOVEXP.IMF,BHS,2015,11.55411694216819,,
XGOVEXP.IMF,BHS,2016,11.64422612027612,,
XGOVEXP.IMF,BHS,2017,11.53251878655341,,
XGOVEXP.IMF,BHS,2018,12.79880419210419,,
XGOVEXP.IMF,BHS,2019,12.91649652305366,,
XGOVEXP.IMF,BHS,2020,12.65664036288942,,
XGOVEXP.IMF,BHS,2021,10.68517684956843,,
XGOVEXP.IMF,BHS,2022,10.35661261851113,,
XGOVEXP.IMF,BHS,2023,11.59723907553566,,
XGOVEXP.IMF,BHS,2024,10.84636552563694,,
XGOVEXP.IMF,BHS,2025,10.61935778028382,,
XGOVEXP.IMF,BIH,2016,10.28658008575439,,
XGOVEXP.IMF,BIH,2018,9.630789756774902,,
XGOVEXP.IMF,BIH,2019,10.13315010070801,,
XGOVEXP.IMF,BIH,2021,10.1768798828125,,
XGOVEXP.IMF,BLR,2004,12.55235004425049,,
XGOVEXP.IMF,BLR,2005,12.62010955810547,,
XGOVEXP.IMF,BLR,2006,12.45032024383545,,
XGOVEXP.IMF,BLR,2007,10.13372039794922,,
XGOVEXP.IMF,BLR,2009,8.449549674987793,,
XGOVEXP.IMF,BLR,2010,11.77812957763672,,
XGOVEXP.IMF,BLR,2011,11.62664985656738,,
XGOVEXP.IMF,BLR,2012,12.75230026245117,,
XGOVEXP.IMF,BLR,2013,12.2739896774292,,
XGOVEXP.IMF,BLR,2014,12.40672016143799,,
XGOVEXP.IMF,BLR,2015,11.46173000335693,,
XGOVEXP.IMF,BLR,2016,12.15878009796143,,
XGOVEXP.IMF,BLR,2017,12.28168964385986,,
XGOVEXP.IMF,BLR,2018,12.7802095413208,,
XGOVEXP.IMF,BLR,2019,13.33073997497559,,
XGOVEXP.IMF,BLR,2020,12.78114986419678,,
XGOVEXP.IMF,BLR,2021,12.81599998474121,,
XGOVEXP.IMF,BLR,2022,12.1897497177124,,
XGOVEXP.IMF,BLR,2023,12.28238010406494,,
XGOVEXP.IMF,BLR,2024,13.18033027648926,,
XGOVEXP.IMF,BLZ,2000,15.61225986480713,,
XGOVEXP.IMF,BLZ,2001,18.30537033081055,,
XGOVEXP.IMF,BLZ,2003,16.02519035339355,,
XGOVEXP.IMF,BLZ,2004,16.32427978515625,,
XGOVEXP.IMF,BLZ,2008,19.4965991973877,,
XGOVEXP.IMF,BLZ,2009,22.05760955810547,,
XGOVEXP.IMF,BLZ,2010,22.61046981811523,,
XGOVEXP.IMF,BLZ,2011,21.5642707347762,,
XGOVEXP.IMF,BLZ,2012,21.23012168501997,,
XGOVEXP.IMF,BLZ,2013,23.13282012939453,,
XGOVEXP.IMF,BLZ,2014,21.56307983398438,,
XGOVEXP.IMF,BLZ,2015,21.59255027770996,,
XGOVEXP.IMF,BLZ,2016,20.48530006408691,,
XGOVEXP.IMF,BLZ,2017,21.5186595916748,,
XGOVEXP.IMF,BLZ,2018,22.14901924133301,,
XGOVEXP.IMF,BLZ,2019,22.22006034851074,,
XGOVEXP.IMF,BLZ,2020,18.99353981018066,,
XGOVEXP.IMF,BLZ,2021,17.95356941223145,,
XGOVEXP.IMF,BLZ,2022,17.83135032653809,,
XGOVEXP.IMF,BLZ,2023,18.53170967102051,,
XGOVEXP.IMF,BLZ,2024,18.9034569346512,,
XGOVEXP.IMF,BMU,2003,11.03660011291504,,
XGOVEXP.IMF,BMU,2004,11.11384963989258,,
XGOVEXP.IMF,BMU,2005,12.10540008544922,,
XGOVEXP.IMF,BMU,2009,13.97043037414551,,
XGOVEXP.IMF,BMU,2010,12.93424034118652,,
XGOVEXP.IMF,BMU,2014,7.796440124511719,,
XGOVEXP.IMF,BMU,2015,9.018799781799316,,
XGOVEXP.IMF,BMU,2017,7.773469924926758,,
XGOVEXP.IMF,BOL,2006,21.56677055358887,,
XGOVEXP.IMF,BOL,2007,20.58189964294434,,
XGOVEXP.IMF,BOL,2008,19.02747917175293,,
XGOVEXP.IMF,BOL,2009,22.81318092346191,,
XGOVEXP.IMF,BOL,2010,22.13941955566406,,
XGOVEXP.IMF,BOL,2011,18.24453926086426,,
XGOVEXP.IMF,BOL,2012,18.39156913757324,,
XGOVEXP.IMF,BOL,2013,19.19638061523438,,
XGOVEXP.IMF,BOL,2014,18.1302604675293,,
XGOVEXP.IMF,BOL,2015,18.29406929016113,,
XGOVEXP.IMF,BOL,2016,20.37919044494629,,
XGOVEXP.IMF,BOL,2017,20.95578956604004,,
XGOVEXP.IMF,BOL,2018,21.25337982177734,,
XGOVEXP.IMF,BOL,2019,22.38405990600586,,
XGOVEXP.IMF,BOL,2020,22.94177055358887,,
XGOVEXP.IMF,BOL,2021,22.90138053894043,,
XGOVEXP.IMF,BOL,2022,21.05133819661525,,
XGOVEXP.IMF,BOL,2023,10.8,,
XGOVEXP.IMF,BOL,2024,10.8300258323982,,
XGOVEXP.IMF,BRA,2001,9.659440040588379,,
XGOVEXP.IMF,BRA,2002,8.428790092468262,,
XGOVEXP.IMF,BRA,2004,10.01616954803467,,
XGOVEXP.IMF,BRA,2005,10.69752025604248,,
XGOVEXP.IMF,BRA,2006,11.44332981109619,,
XGOVEXP.IMF,BRA,2007,12.32724952697754,,
XGOVEXP.IMF,BRA,2008,13.19997024536133,,
XGOVEXP.IMF,BRA,2009,13.47807025909424,,
XGOVEXP.IMF,BRA,2010,14.29500961303711,,
XGOVEXP.IMF,BRA,2011,14.57406997680664,,
XGOVEXP.IMF,BRA,2012,14.89486980438232,,
XGOVEXP.IMF,BRA,2013,14.67778968811035,,
XGOVEXP.IMF,BRA,2014,14.35914039611816,,
XGOVEXP.IMF,BRA,2015,13.51146030426025,,
XGOVEXP.IMF,BRA,2016,13.8761100769043,,
XGOVEXP.IMF,BRA,2017,14.26830959320068,,
XGOVEXP.IMF,BRA,2018,13.78094005584717,,
XGOVEXP.IMF,BRA,2019,13.85472011566162,,
XGOVEXP.IMF,BRA,2020,12.49825000762939,,
XGOVEXP.IMF,BRA,2021,13.61616039276123,,
XGOVEXP.IMF,BRA,2022,12.93400955200195,,
XGOVEXP.IMF,BRB,2000,22.15035057067871,,
XGOVEXP.IMF,BRB,2001,26.88882064819336,,
XGOVEXP.IMF,BRB,2002,24.72448921203613,,
XGOVEXP.IMF,BRB,2003,18.58456039428711,,
XGOVEXP.IMF,BRB,2004,18.61813926696777,,
XGOVEXP.IMF,BRB,2005,18.24297904968262,,
XGOVEXP.IMF,BRB,2007,17.22097015380859,,
XGOVEXP.IMF,BRB,2008,15.71065044403076,,
XGOVEXP.IMF,BRB,2009,16.1005802154541,,
XGOVEXP.IMF,BRB,2010,18.0963306427002,,
XGOVEXP.IMF,BRB,2012,16.70269012451172,,
XGOVEXP.IMF,BRB,2013,14.84482002258301,,
XGOVEXP.IMF,BRB,2014,17.45105934143066,,
XGOVEXP.IMF,BRB,2015,17.80954719358017,,
XGOVEXP.IMF,BRB,2016,13.36244964599609,,
XGOVEXP.IMF,BRB,2017,12.879150390625,,
XGOVEXP.IMF,BRB,2018,16.3585713461348,,
XGOVEXP.IMF,BRB,2019,13.85986042022705,,
XGOVEXP.IMF,BRB,2020,16.14246940612793,,
XGOVEXP.IMF,BRB,2021,14.84473037719727,,
XGOVEXP.IMF,BRB,2022,12.73071956634521,,
XGOVEXP.IMF,BRB,2023,12.4731502532959,,
XGOVEXP.IMF,BRB,2024,11.83971733960862,,
XGOVEXP.IMF,BRB,2025,14.18753028909637,,
XGOVEXP.IMF,BRN,2000,8.920740127563477,,
XGOVEXP.IMF,BRN,2010,5.302080154418945,,
XGOVEXP.IMF,BRN,2011,9.18218994140625,,
XGOVEXP.IMF,BRN,2012,9.726420402526855,,
XGOVEXP.IMF,BRN,2014,9.984600067138672,,
XGOVEXP.IMF,BRN,2016,11.44194984436035,,
XGOVEXP.IMF,BTN,2000,13.92039012908936,,
XGOVEXP.IMF,BTN,2001,13.22609996795654,,
XGOVEXP.IMF,BTN,2004,18.60663032531738,,
XGOVEXP.IMF,BTN,2005,22.83286094665527,,
XGOVEXP.IMF,BTN,2008,15.10490989685059,,
XGOVEXP.IMF,BTN,2009,12.84471035003662,,
XGOVEXP.IMF,BTN,2010,10.29551982879639,,
XGOVEXP.IMF,BTN,2011,11.38751029968262,,
XGOVEXP.IMF,BTN,2013,15.68694972991943,,
XGOVEXP.IMF,BTN,2014,17.45413970947266,,
XGOVEXP.IMF,BTN,2015,25.34506988525391,,
XGOVEXP.IMF,BTN,2016,24.36861991882324,UIS_EST,
XGOVEXP.IMF,BTN,2017,23.04472923278809,UIS_EST,
XGOVEXP.IMF,BTN,2018,21.85482025146484,UIS_EST,
XGOVEXP.IMF,BTN,2019,18.08603525567063,,
XGOVEXP.IMF,BTN,2020,16.25513860217371,,
XGOVEXP.IMF,BTN,2021,16.90229552017217,,
XGOVEXP.IMF,BTN,2022,22.10643543228469,,
XGOVEXP.IMF,BTN,2023,19.19111061096191,,
XGOVEXP.IMF,BTN,2024,17.17575353471745,,
XGOVEXP.IMF,BTN,2025,22.21658285838583,,
XGOVEXP.IMF,BWA,2005,25.82353019714355,,
XGOVEXP.IMF,BWA,2007,26.50778961181641,,
XGOVEXP.IMF,BWA,2009,20.4773998260498,,
XGOVEXP.IMF,BWA,2010,23.55052847334032,,
XGOVEXP.IMF,BWA,2011,24.19450015552829,,
XGOVEXP.IMF,BWA,2012,21.67181957951714,,
XGOVEXP.IMF,BWA,2013,20.91291976578029,,
XGOVEXP.IMF,BWA,2014,22.66012520102593,,
XGOVEXP.IMF,BWA,2015,23.05355280998783,,
XGOVEXP.IMF,BWA,2016,22.00429103147222,,
XGOVEXP.IMF,BWA,2017,22.8162628925243,,
XGOVEXP.IMF,BWA,2018,22.56106645769163,,
XGOVEXP.IMF,BWA,2019,22.34200103692729,,
XGOVEXP.IMF,BWA,2020,21.46508740641373,,
XGOVEXP.IMF,CAF,2000,9.930769920349121,,
XGOVEXP.IMF,CAF,2002,9.199870109558105,,
XGOVEXP.IMF,CAF,2003,12.01257991790771,,
XGOVEXP.IMF,CAF,2004,12.04712963104248,,
XGOVEXP.IMF,CAF,2005,9.666500091552734,,
XGOVEXP.IMF,CAF,2006,10.05424022674561,,
XGOVEXP.IMF,CAF,2007,9.86948013305664,,
XGOVEXP.IMF,CAF,2008,7.860000133514404,,
XGOVEXP.IMF,CAF,2009,7.841720104217529,,
XGOVEXP.IMF,CAF,2010,6.475379943847656,,
XGOVEXP.IMF,CAF,2011,7.825459957122803,,
XGOVEXP.IMF,CAF,2012,10.61656912548137,,
XGOVEXP.IMF,CAF,2013,8.083443903931409,,
XGOVEXP.IMF,CAF,2014,9.387187516772306,,
XGOVEXP.IMF,CAF,2015,8.386741861801614,,
XGOVEXP.IMF,CAF,2016,7.31902194047271,,
XGOVEXP.IMF,CAF,2017,8.895049900832982,,
XGOVEXP.IMF,CAF,2018,9.135496419530963,,
XGOVEXP.IMF,CAF,2019,9.79781209629898,,
XGOVEXP.IMF,CAF,2020,9.782442732726116,,
XGOVEXP.IMF,CAF,2021,9.088691997242643,,
XGOVEXP.IMF,CAF,2022,10.7420521886098,,
XGOVEXP.IMF,CAF,2023,9.993928156111604,,
XGOVEXP.IMF,CAN,2000,12.98260021209717,,
XGOVEXP.IMF,CAN,2001,12.21224021911621,,
XGOVEXP.IMF,CAN,2002,12.14789962768555,,
XGOVEXP.IMF,CAN,2005,12.17807006835938,,
XGOVEXP.IMF,CAN,2007,12.32855987548828,,
XGOVEXP.IMF,CAN,2008,12.00996017456055,,
XGOVEXP.IMF,CAN,2009,12.48363971710205,,
XGOVEXP.IMF,CAN,2010,12.33596038818359,,
XGOVEXP.IMF,CAN,2011,12.21914005279541,,
XGOVEXP.IMF,CAN,2013,11.21290969848633,,
XGOVEXP.IMF,CAN,2014,12.12088012695313,,
XGOVEXP.IMF,CAN,2015,12.35161972045898,,
XGOVEXP.IMF,CAN,2016,12.03549957275391,,
XGOVEXP.IMF,CAN,2017,12.17074012756348,,
XGOVEXP.IMF,CAN,2018,12.08487033843994,,
XGOVEXP.IMF,CAN,2019,11.73793983459473,,
XGOVEXP.IMF,CAN,2020,12.04234981536865,,
XGOVEXP.IMF,CAN,2021,9.068719863891602,,
XGOVEXP.IMF,CAN,2022,10.65355968475342,,
XGOVEXP.IMF,CHE,2000,14.4521598815918,,
XGOVEXP.IMF,CHE,2001,15.25533962249756,,
XGOVEXP.IMF,CHE,2002,15.18126010894775,,
XGOVEXP.IMF,CHE,2003,16.19942092895508,,
XGOVEXP.IMF,CHE,2004,16.09639930725098,,
XGOVEXP.IMF,CHE,2005,15.70398998260498,,
XGOVEXP.IMF,CHE,2006,15.85387992858887,,
XGOVEXP.IMF,CHE,2007,15.56042003631592,,
XGOVEXP.IMF,CHE,2008,15.88504028320313,,
XGOVEXP.IMF,CHE,2009,15.52213954925537,,
XGOVEXP.IMF,CHE,2010,15.28763961791992,,
XGOVEXP.IMF,CHE,2011,15.44705009460449,,
XGOVEXP.IMF,CHE,2012,15.47457027435303,,
XGOVEXP.IMF,CHE,2013,15.09430980682373,,
XGOVEXP.IMF,CHE,2014,15.32168960571289,,
XGOVEXP.IMF,CHE,2015,15.38836002349854,,
XGOVEXP.IMF,CHE,2016,15.36046981811523,,
XGOVEXP.IMF,CHE,2017,15.46105003356934,,
XGOVEXP.IMF,CHE,2018,15.52597045898438,,
XGOVEXP.IMF,CHE,2019,15.67673969268799,,
XGOVEXP.IMF,CHE,2020,14.27455997467041,,
XGOVEXP.IMF,CHE,2021,14.60931015014648,,
XGOVEXP.IMF,CHE,2022,15.41516971588135,,
XGOVEXP.IMF,CHL,2000,16.42790985107422,,
XGOVEXP.IMF,CHL,2002,17.45059967041016,,
XGOVEXP.IMF,CHL,2003,17.63722038269043,,
XGOVEXP.IMF,CHL,2004,17.02104949951172,,
XGOVEXP.IMF,CHL,2005,16.19908905029297,,
XGOVEXP.IMF,CHL,2006,16.23127937316895,,
XGOVEXP.IMF,CHL,2007,16.74641036987305,,
XGOVEXP.IMF,CHL,2008,17.40113067626953,,
XGOVEXP.IMF,CHL,2009,17.03561019897461,,
XGOVEXP.IMF,CHL,2010,17.85330963134766,,
XGOVEXP.IMF,CHL,2011,17.7475700378418,,
XGOVEXP.IMF,CHL,2013,19.67765045166016,,
XGOVEXP.IMF,CHL,2014,19.9210090637207,,
XGOVEXP.IMF,CHL,2015,19.59370994567871,,
XGOVEXP.IMF,CHL,2016,21.15559959411621,,
XGOVEXP.IMF,CHL,2017,21.31123924255371,,
XGOVEXP.IMF,CHL,2018,21.36606979370117,,
XGOVEXP.IMF,CHL,2019,21.23362922668457,,
XGOVEXP.IMF,CHL,2020,19.35458946228027,,
XGOVEXP.IMF,CHL,2021,14.88084983825684,,
XGOVEXP.IMF,CHL,2022,18.37988090515137,,
XGOVEXP.IMF,CHN,2023,11.90557956695557,,
XGOVEXP.IMF,CIV,2000,20.80694961547852,,
XGOVEXP.IMF,CIV,2001,23.20203018188477,,
XGOVEXP.IMF,CIV,2002,22.59230041503906,,
XGOVEXP.IMF,CIV,2003,22.64822959899902,,
XGOVEXP.IMF,CIV,2004,22.1071605682373,,
XGOVEXP.IMF,CIV,2005,21.84568977355957,,
XGOVEXP.IMF,CIV,2006,20.01789093017578,,
XGOVEXP.IMF,CIV,2007,20.75588035583496,,
XGOVEXP.IMF,CIV,2008,21.52691078186035,,
XGOVEXP.IMF,CIV,2009,22.18955993652344,,
XGOVEXP.IMF,CIV,2010,22.77275085449219,,
XGOVEXP.IMF,CIV,2011,22.42686080932617,,
XGOVEXP.IMF,CIV,2012,20.85876083374023,,
XGOVEXP.IMF,CIV,2013,21.57472991943359,,
XGOVEXP.IMF,CIV,2014,21.76678085327148,,
XGOVEXP.IMF,CIV,2015,21.17321968078613,UIS_EST,
XGOVEXP.IMF,CIV,2016,22.38759994506836,,
XGOVEXP.IMF,CIV,2017,20.63349914550781,,
XGOVEXP.IMF,CIV,2018,18.28890037536621,,
XGOVEXP.IMF,CIV,2019,19.8460693359375,,
XGOVEXP.IMF,CIV,2020,18.59025001525879,,
XGOVEXP.IMF,CIV,2021,16.26627922058105,,
XGOVEXP.IMF,CIV,2022,15.90301036834717,,
XGOVEXP.IMF,CIV,2023,15.94645977020264,,
XGOVEXP.IMF,CIV,2024,17.62277030944824,,
XGOVEXP.IMF,CMR,2000,11.68369960784912,,
XGOVEXP.IMF,CMR,2001,15.73330974578857,,
XGOVEXP.IMF,CMR,2003,21.44202041625977,,
XGOVEXP.IMF,CMR,2004,20.84712028503418,,
XGOVEXP.IMF,CMR,2005,21.37760925292969,,
XGOVEXP.IMF,CMR,2006,20.31266021728516,,
XGOVEXP.IMF,CMR,2007,21.37933921813965,,
XGOVEXP.IMF,CMR,2008,15.70061016082764,,
XGOVEXP.IMF,CMR,2009,19.7797908782959,,
XGOVEXP.IMF,CMR,2010,18.7538890838623,,
XGOVEXP.IMF,CMR,2011,14.86777019500732,,
XGOVEXP.IMF,CMR,2012,15.17621994018555,,
XGOVEXP.IMF,CMR,2013,13.82495021820068,,
XGOVEXP.IMF,CMR,2014,12.87975978851318,UIS_EST,
XGOVEXP.IMF,CMR,2015,13.24398994445801,UIS_EST,
XGOVEXP.IMF,CMR,2016,12.69468975067139,UIS_EST,
XGOVEXP.IMF,CMR,2017,15.91281032562256,UIS_EST,
XGOVEXP.IMF,CMR,2018,16.88315963745117,UIS_EST,
XGOVEXP.IMF,CMR,2019,14.17869849931574,,
XGOVEXP.IMF,CMR,2020,14.45112220468882,,
XGOVEXP.IMF,CMR,2021,15.04790385368358,,
XGOVEXP.IMF,CMR,2022,12.76697549752368,,
XGOVEXP.IMF,CMR,2023,13.08295109449348,,
XGOVEXP.IMF,CMR,2024,13.83037652518901,,
XGOVEXP.IMF,COD,2010,9.578410148620605,,
XGOVEXP.IMF,COD,2013,16.17480087280273,,
XGOVEXP.IMF,COD,2014,14.12460041046143,UIS_EST,
XGOVEXP.IMF,COD,2015,15.70977973937988,,
XGOVEXP.IMF,COD,2016,14.63541984558105,UIS_EST,
XGOVEXP.IMF,COD,2017,13.51723003387451,UIS_EST,
XGOVEXP.IMF,COG,2002,9.054849624633789,UIS_EST,
XGOVEXP.IMF,COG,2003,9.519949913024902,,
XGOVEXP.IMF,COG,2004,8.561809539794922,,
XGOVEXP.IMF,COG,2005,7.597819805145264,,
XGOVEXP.IMF,COG,2010,24.72777938842773,,
XGOVEXP.IMF,COG,2011,6.493709291750934,,
XGOVEXP.IMF,COG,2013,14.7248982435275,,
XGOVEXP.IMF,COG,2014,6.555920124053955,UIS_EST,
XGOVEXP.IMF,COG,2015,7.950399875640869,UIS_EST,
XGOVEXP.IMF,COG,2016,8.709630671311789,,
XGOVEXP.IMF,COG,2017,15.68577003479004,UIS_EST,
XGOVEXP.IMF,COG,2018,15.58290004730225,UIS_EST,
XGOVEXP.IMF,COG,2019,17.00742215760968,,
XGOVEXP.IMF,COG,2020,17.00914003582359,,
XGOVEXP.IMF,COG,2021,16.56100485034036,,
XGOVEXP.IMF,COG,2022,15.50950162568215,,
XGOVEXP.IMF,COG,2023,14.72915282472632,,
XGOVEXP.IMF,COK,2000,6.694660186767578,,
XGOVEXP.IMF,COK,2011,9.642640113830566,,
XGOVEXP.IMF,COK,2012,8.308850288391113,,
XGOVEXP.IMF,COK,2013,8.808850288391113,,
XGOVEXP.IMF,COK,2014,11.55288982391357,,
XGOVEXP.IMF,COK,2015,10.16181958017452,,
XGOVEXP.IMF,COK,2016,11.17017530648799,,
XGOVEXP.IMF,COK,2017,9.204799669112981,,
XGOVEXP.IMF,COK,2018,11.99343020721017,,
XGOVEXP.IMF,COK,2019,10.97759781240471,,
XGOVEXP.IMF,COK,2020,7.931153019050437,,
XGOVEXP.IMF,COK,2021,7.508371527452998,,
XGOVEXP.IMF,COK,2022,9.961790084838867,,
XGOVEXP.IMF,COK,2023,9.890009880065918,,
XGOVEXP.IMF,COK,2024,10.00774955749512,,
XGOVEXP.IMF,COK,2025,9.218310171598645,,
XGOVEXP.IMF,COM,2002,15.789719581604,,
XGOVEXP.IMF,COM,2008,29.23311996459961,,
XGOVEXP.IMF,COM,2011,21.41486930847168,,
XGOVEXP.IMF,COM,2012,18.49151039123535,,
XGOVEXP.IMF,COM,2013,16.07073020935059,,
XGOVEXP.IMF,COM,2014,18.89289093017578,,
XGOVEXP.IMF,COM,2015,13.35365009307861,,
XGOVEXP.IMF,COM,2020,11.47596467202517,,
XGOVEXP.IMF,COM,2021,10.28568683717058,,
XGOVEXP.IMF,COM,2022,10.47602302600098,,
XGOVEXP.IMF,COM,2023,11.0260827119111,,
XGOVEXP.IMF,COM,2024,9.933377655502706,,
XGOVEXP.IMF,COM,2025,11.5249869145813,,
XGOVEXP.IMF,CPV,2002,19.7662296295166,,
XGOVEXP.IMF,CPV,2004,20.84048080444336,,
XGOVEXP.IMF,CPV,2006,17.54058074951172,,
XGOVEXP.IMF,CPV,2007,18.32875061035156,,
XGOVEXP.IMF,CPV,2008,18.24098968505859,,
XGOVEXP.IMF,CPV,2009,15.886549949646,,
XGOVEXP.IMF,CPV,2010,14.21689987182617,,
XGOVEXP.IMF,CPV,2011,15.15328025817871,,
XGOVEXP.IMF,CPV,2012,16.1216750633724,,
XGOVEXP.IMF,CPV,2013,14.77822971343994,,
XGOVEXP.IMF,CPV,2014,16.28219032287598,,
XGOVEXP.IMF,CPV,2015,16.74822998046875,,
XGOVEXP.IMF,CPV,2016,17.84300994873047,,
XGOVEXP.IMF,CPV,2017,16.4125804901123,,
XGOVEXP.IMF,CPV,2018,17.56854079329492,,
XGOVEXP.IMF,CPV,2019,15.15369987487793,,
XGOVEXP.IMF,CPV,2020,17.09018707185526,,
XGOVEXP.IMF,CPV,2021,15.11298200301099,,
XGOVEXP.IMF,CPV,2022,15.69360418589167,,
XGOVEXP.IMF,CPV,2023,14.70472311499097,,
XGOVEXP.IMF,CPV,2024,13.40885595218155,,
XGOVEXP.IMF,CRI,2000,18.81950950622559,,
XGOVEXP.IMF,CRI,2001,19.1528205871582,,
XGOVEXP.IMF,CRI,2002,19.24049949645996,,
XGOVEXP.IMF,CRI,2003,20.15172004699707,UIS_EST,
XGOVEXP.IMF,CRI,2004,20.43088912963867,,
XGOVEXP.IMF,CRI,2006,20.64333915710449,,
XGOVEXP.IMF,CRI,2007,21.02189064025879,,
XGOVEXP.IMF,CRI,2008,20.81096076965332,,
XGOVEXP.IMF,CRI,2009,23.4082202911377,,
XGOVEXP.IMF,CRI,2010,22.88088989257813,,
XGOVEXP.IMF,CRI,2011,23.00962066650391,,
XGOVEXP.IMF,CRI,2012,23.50156021118164,,
XGOVEXP.IMF,CRI,2013,22.83090972900391,,
XGOVEXP.IMF,CRI,2014,23.10952949523926,,
XGOVEXP.IMF,CRI,2015,23.3734302520752,,
XGOVEXP.IMF,CRI,2016,23.4232006072998,,
XGOVEXP.IMF,CRI,2017,30.15142059326172,,
XGOVEXP.IMF,CRI,2018,26.086669921875,,
XGOVEXP.IMF,CRI,2019,32.59157943725586,,
XGOVEXP.IMF,CRI,2020,30.08221054077148,,
XGOVEXP.IMF,CRI,2021,31.1666202545166,,
XGOVEXP.IMF,CUB,2012,16.47883094348026,,
XGOVEXP.IMF,CUB,2013,16.51965319041797,,
XGOVEXP.IMF,CUB,2014,15.80173823117369,,
XGOVEXP.IMF,CUB,2015,15.26356828174869,,
XGOVEXP.IMF,CUB,2016,14.93756539716783,,
XGOVEXP.IMF,CUB,2017,13.56491398652213,,
XGOVEXP.IMF,CUB,2018,12.65997455831457,,
XGOVEXP.IMF,CUB,2019,14.22594333096668,,
XGOVEXP.IMF,CUB,2020,16.66110044251482,,
XGOVEXP.IMF,CUB,2021,15.96662987024738,,
XGOVEXP.IMF,CUB,2022,16.95996416926849,,
XGOVEXP.IMF,CUW,2010,25.71545206130219,,
XGOVEXP.IMF,CUW,2011,16.57671363322861,,
XGOVEXP.IMF,CUW,2012,16.1475990687922,,
XGOVEXP.IMF,CUW,2013,18.33178214796874,,
XGOVEXP.IMF,CUW,2014,18.05021356973694,,
XGOVEXP.IMF,CUW,2015,17.17136269511968,,
XGOVEXP.IMF,CUW,2016,11.77755647673986,,
XGOVEXP.IMF,CUW,2017,16.16595516231673,,
XGOVEXP.IMF,CUW,2018,16.98187022385538,,
XGOVEXP.IMF,CUW,2019,17.02933427620147,,
XGOVEXP.IMF,CUW,2020,13.7589443706295,,
XGOVEXP.IMF,CUW,2021,14.27061961855634,,
XGOVEXP.IMF,CUW,2022,11.88024951477075,,
XGOVEXP.IMF,CUW,2023,16.23445339008584,,
XGOVEXP.IMF,CUW,2024,16.43770724774988,,
XGOVEXP.IMF,CYM,2018,14.92417011710189,,
XGOVEXP.IMF,CYM,2019,14.95815752230223,,
XGOVEXP.IMF,CYP,2000,14.26830959320068,,
XGOVEXP.IMF,CYP,2001,14.32157039642334,,
XGOVEXP.IMF,CYP,2002,14.91421031951904,,
XGOVEXP.IMF,CYP,2003,16.51523017883301,,
XGOVEXP.IMF,CYP,2004,15.83298015594482,,
XGOVEXP.IMF,CYP,2005,15.83936023712158,,
XGOVEXP.IMF,CYP,2006,16.17962074279785,,
XGOVEXP.IMF,CYP,2007,16.72047996520996,,
XGOVEXP.IMF,CYP,2008,17.59074974060059,,
XGOVEXP.IMF,CYP,2009,17.20125007629395,,
XGOVEXP.IMF,CYP,2010,15.64949035644531,,
XGOVEXP.IMF,CYP,2011,15.49765014648438,,
XGOVEXP.IMF,CYP,2013,15.3621301651001,,
XGOVEXP.IMF,CYP,2014,12.33479976654053,,
XGOVEXP.IMF,CYP,2015,14.6587495803833,,
XGOVEXP.IMF,CYP,2016,15.4384298324585,,
XGOVEXP.IMF,CYP,2017,14.8294095993042,,
XGOVEXP.IMF,CYP,2019,12.82557010650635,,
XGOVEXP.IMF,CYP,2020,12.11332035064697,,
XGOVEXP.IMF,CYP,2021,11.92158985137939,,
XGOVEXP.IMF,CYP,2022,12.48295021057129,,
XGOVEXP.IMF,CZE,2000,8.917739868164062,,
XGOVEXP.IMF,CZE,2001,8.618889808654785,,
XGOVEXP.IMF,CZE,2002,8.864620208740234,,
XGOVEXP.IMF,CZE,2003,8.382209777832031,,
XGOVEXP.IMF,CZE,2004,9.432900428771973,,
XGOVEXP.IMF,CZE,2005,9.124210357666016,,
XGOVEXP.IMF,CZE,2006,10.1192798614502,,
XGOVEXP.IMF,CZE,2007,9.51356029510498,,
XGOVEXP.IMF,CZE,2008,9.119939804077148,,
XGOVEXP.IMF,CZE,2009,9.346969604492188,,
XGOVEXP.IMF,CZE,2010,9.244799613952637,,
XGOVEXP.IMF,CZE,2011,9.822460174560547,,
XGOVEXP.IMF,CZE,2012,9.444860458374023,,
XGOVEXP.IMF,CZE,2013,9.488269805908203,,
XGOVEXP.IMF,CZE,2014,9.303239822387695,,
XGOVEXP.IMF,CZE,2015,13.71592044830322,,
XGOVEXP.IMF,CZE,2016,13.97049045562744,,
XGOVEXP.IMF,CZE,2017,9.763449668884277,,
XGOVEXP.IMF,CZE,2018,10.50821018218994,,
XGOVEXP.IMF,CZE,2019,11.06536960601807,,
XGOVEXP.IMF,CZE,2020,9.999500274658203,,
XGOVEXP.IMF,CZE,2021,10.33135986328125,,
XGOVEXP.IMF,CZE,2022,10.00936031341553,,
XGOVEXP.IMF,DEU,2008,10.07110977172852,,
XGOVEXP.IMF,DEU,2010,10.38199043273926,,
XGOVEXP.IMF,DEU,2011,10.79154968261719,,
XGOVEXP.IMF,DEU,2012,10.71685981750488,,
XGOVEXP.IMF,DEU,2013,10.71767997741699,,
XGOVEXP.IMF,DEU,2014,10.84512996673584,,
XGOVEXP.IMF,DEU,2015,10.69878005981445,,
XGOVEXP.IMF,DEU,2016,10.61373043060303,,
XGOVEXP.IMF,DEU,2017,10.7217903137207,,
XGOVEXP.IMF,DEU,2018,10.92897033691406,,
XGOVEXP.IMF,DEU,2019,11.03421974182129,,
XGOVEXP.IMF,DEU,2020,10.78824996948242,,
XGOVEXP.IMF,DEU,2021,10.58454990386963,,
XGOVEXP.IMF,DEU,2022,10.69172954559326,,
XGOVEXP.IMF,DJI,2000,29.38595008850098,,
XGOVEXP.IMF,DJI,2001,26.28001976013184,,
XGOVEXP.IMF,DJI,2002,25.48930931091309,,
XGOVEXP.IMF,DJI,2003,24.2714900970459,,
XGOVEXP.IMF,DJI,2004,24.70113945007324,,
XGOVEXP.IMF,DJI,2005,22.71504974365234,,
XGOVEXP.IMF,DJI,2006,24.70796012878418,,
XGOVEXP.IMF,DJI,2007,22.52743911743164,,
XGOVEXP.IMF,DJI,2010,12.32839965820313,,
XGOVEXP.IMF,DJI,2015,8.57643985748291,UIS_EST,
XGOVEXP.IMF,DJI,2016,15.15958976745605,UIS_EST,
XGOVEXP.IMF,DJI,2017,15.64371967315674,UIS_EST,
XGOVEXP.IMF,DJI,2018,14.47414970397949,UIS_EST,
XGOVEXP.IMF,DMA,2015,10.20800971984863,,
XGOVEXP.IMF,DMA,2016,12.6980996948118,,
XGOVEXP.IMF,DMA,2017,9.749302418283284,,
XGOVEXP.IMF,DMA,2018,8.445836483421536,,
XGOVEXP.IMF,DMA,2019,8.298299789428711,,
XGOVEXP.IMF,DMA,2020,10.66617012023926,,
XGOVEXP.IMF,DMA,2021,7.76732754491018,,
XGOVEXP.IMF,DMA,2022,9.356604358153465,,
XGOVEXP.IMF,DMA,2023,6.412836916666667,,
XGOVEXP.IMF,DMA,2024,7.090665076051297,,
XGOVEXP.IMF,DMA,2025,5.795215073757283,,
XGOVEXP.IMF,DNK,2000,15.30189990997314,,
XGOVEXP.IMF,DNK,2001,15.49320983886719,,
XGOVEXP.IMF,DNK,2002,15.45448970794678,,
XGOVEXP.IMF,DNK,2003,15.15820980072021,,
XGOVEXP.IMF,DNK,2004,15.50994968414307,,
XGOVEXP.IMF,DNK,2005,15.79619026184082,,
XGOVEXP.IMF,DNK,2006,15.52223014831543,,
XGOVEXP.IMF,DNK,2007,15.36106014251709,,
XGOVEXP.IMF,DNK,2008,14.80020046234131,,
XGOVEXP.IMF,DNK,2009,14.93513011932373,,
XGOVEXP.IMF,DNK,2010,15.12911033630371,,
XGOVEXP.IMF,DNK,2011,15.05974960327148,,
XGOVEXP.IMF,DNK,2012,12.51296997070313,,
XGOVEXP.IMF,DNK,2013,15.23678970336914,,
XGOVEXP.IMF,DNK,2014,13.86225032806396,,
XGOVEXP.IMF,DNK,2016,14.73752021789551,,
XGOVEXP.IMF,DNK,2017,14.56484985351563,,
XGOVEXP.IMF,DNK,2018,14.43712997436523,,
XGOVEXP.IMF,DNK,2019,14.60803031921387,,
XGOVEXP.IMF,DNK,2020,13.84665012359619,,
XGOVEXP.IMF,DNK,2021,14.07894992828369,,
XGOVEXP.IMF,DNK,2022,14.15744018554688,,
XGOVEXP.IMF,DOM,2000,13.39904022216797,UIS_EST,
XGOVEXP.IMF,DOM,2001,13.21448040008545,,
XGOVEXP.IMF,DOM,2002,11.61762046813965,,
XGOVEXP.IMF,DOM,2003,10.70979022979736,UIS_EST,
XGOVEXP.IMF,DOM,2007,12.54104995727539,,
XGOVEXP.IMF,DOM,2010,9.875718105797617,,
XGOVEXP.IMF,DOM,2011,10.63718033579033,,
XGOVEXP.IMF,DOM,2013,21.70730648981093,,
XGOVEXP.IMF,DOM,2014,21.54460429943541,,
XGOVEXP.IMF,DOM,2015,22.31356993478897,,
XGOVEXP.IMF,DOM,2016,21.9452020986914,,
XGOVEXP.IMF,DOM,2017,22.34360032877145,,
XGOVEXP.IMF,DOM,2018,22.15546882873581,,
XGOVEXP.IMF,DOM,2019,22.34150730083174,,
XGOVEXP.IMF,DOM,2020,20.63404198848996,,
XGOVEXP.IMF,DOM,2021,19.59417804309385,,
XGOVEXP.IMF,DOM,2022,19.2600265459877,,
XGOVEXP.IMF,DOM,2023,20.55798350419906,,
XGOVEXP.IMF,DOM,2024,21.86369775622919,,
XGOVEXP.IMF,DOM,2025,20.87487703846294,,
XGOVEXP.IMF,DZA,2008,11.02075958251953,,
XGOVEXP.IMF,DZA,2010,17.76915671014429,,
XGOVEXP.IMF,DZA,2011,17.56471598370765,,
XGOVEXP.IMF,DZA,2012,15.98372508480203,,
XGOVEXP.IMF,DZA,2013,17.64603466557793,,
XGOVEXP.IMF,DZA,2014,16.46920163613744,,
XGOVEXP.IMF,DZA,2015,16.08455526888726,,
XGOVEXP.IMF,DZA,2016,16.11104415043452,,
XGOVEXP.IMF,DZA,2017,17.55607198088715,,
XGOVEXP.IMF,DZA,2018,15.61973705828652,,
XGOVEXP.IMF,DZA,2019,16.02175872935791,,
XGOVEXP.IMF,DZA,2020,16.54917134063403,,
XGOVEXP.IMF,DZA,2021,16.05069774001689,,
XGOVEXP.IMF,DZA,2022,13.10150652428898,,
XGOVEXP.IMF,DZA,2023,13.26102322941753,,
XGOVEXP.IMF,DZA,2024,23.55818939208984,,
XGOVEXP.IMF,DZA,2025,15.54267859875497,,
XGOVEXP.IMF,ECU,2000,4.957300186157227,,
XGOVEXP.IMF,ECU,2009,13.17257022857666,,
XGOVEXP.IMF,ECU,2010,12.99656009674072,,
XGOVEXP.IMF,ECU,2011,11.97611045837402,,
XGOVEXP.IMF,ECU,2012,10.77888965606689,,
XGOVEXP.IMF,ECU,2013,10.54977035522461,,
XGOVEXP.IMF,ECU,2014,11.34290981292725,,
XGOVEXP.IMF,ECU,2015,11.58061981201172,,
XGOVEXP.IMF,ECU,2019,10.68029022216797,,
XGOVEXP.IMF,ECU,2020,10.59955024719238,,
XGOVEXP.IMF,ECU,2021,9.762089729309082,,
XGOVEXP.IMF,ECU,2022,9.299429893493652,,
XGOVEXP.IMF,ECU,2023,9.681559562683105,,
XGOVEXP.IMF,ECU,2024,9.705710411071777,,
XGOVEXP.IMF,ECU,2025,15.48744688763291,,
XGOVEXP.IMF,EGY,2003,15.35190010070801,,
XGOVEXP.IMF,EGY,2004,14.7487096786499,,
XGOVEXP.IMF,EGY,2005,15.04360961914063,,
XGOVEXP.IMF,EGY,2006,11.01858997344971,,
XGOVEXP.IMF,EGY,2007,11.20963954925537,,
XGOVEXP.IMF,EGY,2008,10.94180011749268,,
XGOVEXP.IMF,ERI,2001,8.784939765930176,UIS_EST,
XGOVEXP.IMF,ERI,2002,7.581009864807129,,
XGOVEXP.IMF,ERI,2004,7.131400108337402,,
XGOVEXP.IMF,ERI,2006,5.445159912109375,,
XGOVEXP.IMF,ESP,2000,10.65303039550781,,
XGOVEXP.IMF,ESP,2001,10.70273971557617,,
XGOVEXP.IMF,ESP,2002,10.70096969604492,,
XGOVEXP.IMF,ESP,2003,10.87534999847412,,
XGOVEXP.IMF,ESP,2004,10.71127033233643,,
XGOVEXP.IMF,ESP,2005,10.76976013183594,,
XGOVEXP.IMF,ESP,2006,10.88782978057861,,
XGOVEXP.IMF,ESP,2007,10.83693981170654,,
XGOVEXP.IMF,ESP,2008,10.92607975006104,,
XGOVEXP.IMF,ESP,2009,10.62497997283936,,
XGOVEXP.IMF,ESP,2010,10.54881000518799,,
XGOVEXP.IMF,ESP,2011,10.27163028717041,,
XGOVEXP.IMF,ESP,2012,9.05819034576416,,
XGOVEXP.IMF,ESP,2013,9.376729965209961,,
XGOVEXP.IMF,ESP,2014,9.488670349121094,,
XGOVEXP.IMF,ESP,2015,9.72698974609375,,
XGOVEXP.IMF,ESP,2016,9.951040267944336,,
XGOVEXP.IMF,ESP,2017,10.17955017089844,,
XGOVEXP.IMF,ESP,2018,9.995770454406738,,
XGOVEXP.IMF,ESP,2019,10.00430965423584,,
XGOVEXP.IMF,ESP,2020,9.432290077209473,,
XGOVEXP.IMF,ESP,2021,9.724980354309082,,
XGOVEXP.IMF,ESP,2022,9.87539005279541,,
XGOVEXP.IMF,EST,2000,14.68504047393799,,
XGOVEXP.IMF,EST,2001,14.82614994049072,,
XGOVEXP.IMF,EST,2002,15.15062999725342,,
XGOVEXP.IMF,EST,2003,15.03921985626221,,
XGOVEXP.IMF,EST,2004,14.30607986450195,,
XGOVEXP.IMF,EST,2005,14.26515007019043,,
XGOVEXP.IMF,EST,2007,13.65025997161865,,
XGOVEXP.IMF,EST,2008,13.86493015289307,,
XGOVEXP.IMF,EST,2009,12.92809963226318,,
XGOVEXP.IMF,EST,2010,13.55863952636719,,
XGOVEXP.IMF,EST,2011,13.27637958526611,,
XGOVEXP.IMF,EST,2012,11.86328983306885,,
XGOVEXP.IMF,EST,2013,12.47807025909424,,
XGOVEXP.IMF,EST,2014,11.51916980743408,,
XGOVEXP.IMF,EST,2015,12.86756038665771,,
XGOVEXP.IMF,EST,2016,12.99442005157471,,
XGOVEXP.IMF,EST,2017,12.51416015625,,
XGOVEXP.IMF,EST,2018,13.2388801574707,,
XGOVEXP.IMF,EST,2019,13.20110988616943,,
XGOVEXP.IMF,EST,2020,12.16341018676758,,
XGOVEXP.IMF,EST,2021,12.38945960998535,,
XGOVEXP.IMF,EST,2022,13.02919006347656,,
XGOVEXP.IMF,ETH,2000,14.90773010253906,,
XGOVEXP.IMF,ETH,2001,14.46177005767822,,
XGOVEXP.IMF,ETH,2002,16.1877498626709,UIS_EST,
XGOVEXP.IMF,ETH,2006,23.97537994384766,,
XGOVEXP.IMF,ETH,2007,24.69944953918457,,
XGOVEXP.IMF,ETH,2008,26.3557300567627,,
XGOVEXP.IMF,ETH,2009,23.58374977111816,,
XGOVEXP.IMF,ETH,2010,26.30404090881348,,
XGOVEXP.IMF,ETH,2011,29.67443084716797,,
XGOVEXP.IMF,ETH,2012,30.5395393371582,,
XGOVEXP.IMF,ETH,2013,27.02109909057617,,
XGOVEXP.IMF,ETH,2014,25.91838073730469,,
XGOVEXP.IMF,ETH,2015,22.34983060990013,,
XGOVEXP.IMF,ETH,2016,23.01336282376745,,
XGOVEXP.IMF,ETH,2017,23.32417186571006,,
XGOVEXP.IMF,ETH,2018,22.99175734506698,,
XGOVEXP.IMF,ETH,2019,20.92220251939825,,
XGOVEXP.IMF,ETH,2020,22.44771928828446,,
XGOVEXP.IMF,ETH,2021,23.56204274559288,,
XGOVEXP.IMF,ETH,2022,23.00640250333574,,
XGOVEXP.IMF,ETH,2023,18.33261773450317,,
XGOVEXP.IMF,ETH,2024,16.6954473535013,,
XGOVEXP.IMF,FIN,2000,12.17092037200928,,
XGOVEXP.IMF,FIN,2001,12.63444995880127,,
XGOVEXP.IMF,FIN,2002,12.68253040313721,,
XGOVEXP.IMF,FIN,2003,12.77597045898438,,
XGOVEXP.IMF,FIN,2004,12.77896022796631,,
XGOVEXP.IMF,FIN,2005,12.24969959259033,,
XGOVEXP.IMF,FIN,2006,12.28382015228271,,
XGOVEXP.IMF,FIN,2007,12.14995002746582,,
XGOVEXP.IMF,FIN,2008,12.17858982086182,,
XGOVEXP.IMF,FIN,2009,11.94272041320801,,
XGOVEXP.IMF,FIN,2010,12.04294013977051,,
XGOVEXP.IMF,FIN,2011,11.99777030944824,,
XGOVEXP.IMF,FIN,2012,12.8807897567749,,
XGOVEXP.IMF,FIN,2013,12.53015041351318,,
XGOVEXP.IMF,FIN,2014,12.39256000518799,,
XGOVEXP.IMF,FIN,2015,12.69233989715576,,
XGOVEXP.IMF,FIN,2016,12.54329013824463,,
XGOVEXP.IMF,FIN,2017,12.13051986694336,,
XGOVEXP.IMF,FIN,2018,11.94184970855713,,
XGOVEXP.IMF,FIN,2019,12.27398014068604,,
XGOVEXP.IMF,FIN,2020,11.84031963348389,,
XGOVEXP.IMF,FIN,2021,11.94991016387939,,
XGOVEXP.IMF,FIN,2022,12.11925983428955,,
XGOVEXP.IMF,FJI,2000,21.75859069824219,,
XGOVEXP.IMF,FJI,2001,19.63863945007324,,
XGOVEXP.IMF,FJI,2002,21.03780937194824,,
XGOVEXP.IMF,FJI,2004,23.74914932250977,,
XGOVEXP.IMF,FJI,2005,20.2661304473877,,
XGOVEXP.IMF,FJI,2006,20.84329032897949,,
XGOVEXP.IMF,FJI,2007,23.17040061950684,,
XGOVEXP.IMF,FJI,2008,17.36972045898438,,
XGOVEXP.IMF,FJI,2009,15.85361957550049,,
XGOVEXP.IMF,FJI,2011,15.23478984832764,,
XGOVEXP.IMF,FJI,2012,16.70896968947985,,
XGOVEXP.IMF,FJI,2013,14.30039024353027,,
XGOVEXP.IMF,FJI,2014,16.17557576823983,,
XGOVEXP.IMF,FJI,2015,17.39185485370105,,
XGOVEXP.IMF,FJI,2016,15.16988685509207,,
XGOVEXP.IMF,FJI,2017,16.81718692825801,,
XGOVEXP.IMF,FJI,2018,14.93481193843894,,
XGOVEXP.IMF,FJI,2019,16.83369923117153,,
XGOVEXP.IMF,FJI,2020,16.64013835413739,,
XGOVEXP.IMF,FJI,2021,13.55910811640185,,
XGOVEXP.IMF,FJI,2022,12.64653425561562,,
XGOVEXP.IMF,FJI,2023,14.62911048479398,,
XGOVEXP.IMF,FJI,2024,14.70003561495398,,
XGOVEXP.IMF,FJI,2025,13.78734622144112,,
XGOVEXP.IMF,FRA,2017,9.476829528808594,,
XGOVEXP.IMF,FRA,2018,9.624759674072266,,
XGOVEXP.IMF,FRA,2019,9.696269989013672,,
XGOVEXP.IMF,FRA,2020,9.171839714050293,,
XGOVEXP.IMF,FRA,2021,9.110549926757812,,
XGOVEXP.IMF,FRA,2022,9.117480278015137,,
XGOVEXP.IMF,FSM,2000,9.965120315551758,UIS_EST,
XGOVEXP.IMF,FSM,2012,17.76050311293935,,
XGOVEXP.IMF,FSM,2013,20.38500978904449,,
XGOVEXP.IMF,FSM,2014,22.10170358813491,,
XGOVEXP.IMF,FSM,2015,22.3123893737793,,
XGOVEXP.IMF,FSM,2016,21.58470940352849,,
XGOVEXP.IMF,FSM,2017,19.1484521619327,,
XGOVEXP.IMF,FSM,2018,17.12529459148553,,
XGOVEXP.IMF,FSM,2019,18.10730826773528,,
XGOVEXP.IMF,FSM,2020,18.61471861471862,,
XGOVEXP.IMF,GAB,2000,17.70648956298828,UIS_EST,
XGOVEXP.IMF,GAB,2010,13.33041954040527,,
XGOVEXP.IMF,GAB,2011,13.53407955169678,,
XGOVEXP.IMF,GAB,2012,12.5822696685791,,
XGOVEXP.IMF,GAB,2013,8.737569808959961,,
XGOVEXP.IMF,GAB,2014,11.22548961639404,,
XGOVEXP.IMF,GAB,2015,11.61052173332244,,
XGOVEXP.IMF,GAB,2016,10.30154224564391,,
XGOVEXP.IMF,GAB,2017,15.27667169359652,,
XGOVEXP.IMF,GAB,2018,14.6146271384588,,
XGOVEXP.IMF,GAB,2019,14.07447729193581,,
XGOVEXP.IMF,GAB,2020,15.76416495237714,,
XGOVEXP.IMF,GAB,2021,15.35516318543324,,
XGOVEXP.IMF,GAB,2022,13.80337861374016,,
XGOVEXP.IMF,GAB,2023,13.56582336675369,,
XGOVEXP.IMF,GBR,2000,11.85175037384033,,
XGOVEXP.IMF,GBR,2001,12.08215045928955,,
XGOVEXP.IMF,GBR,2002,13.30615997314453,,
XGOVEXP.IMF,GBR,2003,13.3586597442627,,
XGOVEXP.IMF,GBR,2004,12.72544002532959,,
XGOVEXP.IMF,GBR,2005,12.96028995513916,,
XGOVEXP.IMF,GBR,2006,12.94647979736328,,
XGOVEXP.IMF,GBR,2007,12.81916999816895,,
XGOVEXP.IMF,GBR,2008,12.7018404006958,,
XGOVEXP.IMF,GBR,2009,12.36063957214355,,
XGOVEXP.IMF,GBR,2010,12.76912021636963,,
XGOVEXP.IMF,GBR,2011,12.4644603729248,,
XGOVEXP.IMF,GBR,2013,12.68640995025635,,
XGOVEXP.IMF,GBR,2014,13.38755035400391,,
XGOVEXP.IMF,GBR,2015,13.48701000213623,,
XGOVEXP.IMF,GBR,2016,13.42720985412598,,
XGOVEXP.IMF,GBR,2017,13.7579402923584,,
XGOVEXP.IMF,GBR,2018,13.29176044464111,,
XGOVEXP.IMF,GBR,2019,13.53487014770508,,
XGOVEXP.IMF,GBR,2020,14.03225994110107,,
XGOVEXP.IMF,GBR,2021,11.81680011749268,,
XGOVEXP.IMF,GEO,2000,12.54071998596191,,
XGOVEXP.IMF,GEO,2001,12.36196041107178,,
XGOVEXP.IMF,GEO,2002,13.6035099029541,,
XGOVEXP.IMF,GEO,2003,12.49293994903564,,
XGOVEXP.IMF,GEO,2004,15.0367603302002,,
XGOVEXP.IMF,GEO,2005,11.18124961853027,,
XGOVEXP.IMF,GEO,2006,12.89538955688477,,
XGOVEXP.IMF,GEO,2007,9.486650466918945,,
XGOVEXP.IMF,GEO,2008,8.937600135803223,,
XGOVEXP.IMF,GEO,2009,8.998250007629395,NAT_EST,
XGOVEXP.IMF,GEO,2010,8.185358151235766,,
XGOVEXP.IMF,GEO,2011,9.269430160522461,,
XGOVEXP.IMF,GEO,2012,6.707759857177734,,
XGOVEXP.IMF,GEO,2013,9.553533701151533,,
XGOVEXP.IMF,GEO,2014,9.666605037715279,,
XGOVEXP.IMF,GEO,2015,10.12915439596197,,
XGOVEXP.IMF,GEO,2016,12.66619968414307,,
XGOVEXP.IMF,GEO,2017,12.95335960388184,,
XGOVEXP.IMF,GEO,2018,12.95149993896484,,
XGOVEXP.IMF,GEO,2019,13.35789966583252,,
XGOVEXP.IMF,GEO,2020,10.34467876223047,,
XGOVEXP.IMF,GEO,2021,11.52476024627686,,
XGOVEXP.IMF,GEO,2022,13.17226028442383,,
XGOVEXP.IMF,GEO,2023,12.49619007110596,,
XGOVEXP.IMF,GEO,2024,12.20669414726865,,
XGOVEXP.IMF,GHA,2001,15.74110984802246,,
XGOVEXP.IMF,GHA,2004,22.37924957275391,,
XGOVEXP.IMF,GHA,2005,23.42996025085449,,
XGOVEXP.IMF,GHA,2006,24.16197967529297,,
XGOVEXP.IMF,GHA,2007,22.31702041625977,,
XGOVEXP.IMF,GHA,2008,24.03750038146973,,
XGOVEXP.IMF,GHA,2009,22.49513053894043,,
XGOVEXP.IMF,GHA,2010,20.69614028930664,,
XGOVEXP.IMF,GHA,2011,30.63430976867676,,
XGOVEXP.IMF,GHA,2012,26.58139038085938,,
XGOVEXP.IMF,GHA,2013,21.22220993041992,,
XGOVEXP.IMF,GHA,2014,20.98513984680176,,
XGOVEXP.IMF,GHA,2015,23.80879974365234,UIS_EST,
XGOVEXP.IMF,GHA,2016,22.09332084655762,UIS_EST,
XGOVEXP.IMF,GHA,2017,20.0976390838623,UIS_EST,
XGOVEXP.IMF,GHA,2018,18.59816932678223,UIS_EST,
XGOVEXP.IMF,GHA,2019,14.27171852670263,,
XGOVEXP.IMF,GHA,2020,13.62947488294126,,
XGOVEXP.IMF,GHA,2021,12.16741440536586,,
XGOVEXP.IMF,GHA,2022,13.17930452770039,,
XGOVEXP.IMF,GIB,2010,7.96277066350702,,
XGOVEXP.IMF,GIB,2011,5.930107651207186,,
XGOVEXP.IMF,GIB,2012,4.720022833427564,,
XGOVEXP.IMF,GIB,2013,5.355535506020994,,
XGOVEXP.IMF,GIB,2014,6.239955070955863,,
XGOVEXP.IMF,GIB,2015,7.031283643442412,,
XGOVEXP.IMF,GIB,2016,8.011709595047769,,
XGOVEXP.IMF,GIB,2017,7.626872681448911,,
XGOVEXP.IMF,GIB,2018,7.759975395754262,,
XGOVEXP.IMF,GIB,2019,7.365379880331028,,
XGOVEXP.IMF,GIB,2020,7.680571940499738,,
XGOVEXP.IMF,GIB,2021,7.136644493311235,,
XGOVEXP.IMF,GIB,2022,7.820756325822321,,
XGOVEXP.IMF,GIB,2023,7.937872532645245,,
XGOVEXP.IMF,GIB,2024,9.4819334929474,,
XGOVEXP.IMF,GIB,2025,8.553403013133716,,
XGOVEXP.IMF,GIN,2000,15.23692035675049,,
XGOVEXP.IMF,GIN,2001,10.3699197769165,,
XGOVEXP.IMF,GIN,2002,13.20514011383057,,
XGOVEXP.IMF,GIN,2003,11.64904975891113,,
XGOVEXP.IMF,GIN,2004,12.34939956665039,,
XGOVEXP.IMF,GIN,2005,10.96621036529541,,
XGOVEXP.IMF,GIN,2008,15.69478034973145,,
XGOVEXP.IMF,GIN,2009,13.60393047332764,,
XGOVEXP.IMF,GIN,2010,12.43877029418945,,
XGOVEXP.IMF,GIN,2011,14.27241992950439,,
XGOVEXP.IMF,GIN,2012,9.695520401000977,,
XGOVEXP.IMF,GIN,2013,14.14521026611328,,
XGOVEXP.IMF,GIN,2014,12.0756196975708,,
XGOVEXP.IMF,GIN,2015,11.60953998565674,,
XGOVEXP.IMF,GIN,2016,15.83125972747803,,
XGOVEXP.IMF,GIN,2017,13.43634986877441,,
XGOVEXP.IMF,GIN,2018,14.98083972930908,,
XGOVEXP.IMF,GIN,2019,12.48435020446777,,
XGOVEXP.IMF,GIN,2020,14.33590030670166,,
XGOVEXP.IMF,GIN,2021,11.50166804226586,,
XGOVEXP.IMF,GIN,2022,11.9496957293769,,
XGOVEXP.IMF,GIN,2023,10.02691827598385,,
XGOVEXP.IMF,GIN,2024,9.293803501818514,,
XGOVEXP.IMF,GIN,2025,9.19920752373365,,
XGOVEXP.IMF,GMB,2000,11.921799659729,,
XGOVEXP.IMF,GMB,2001,8.205269813537598,,
XGOVEXP.IMF,GMB,2002,10.94752025604248,,
XGOVEXP.IMF,GMB,2003,8.468839645385742,,
XGOVEXP.IMF,GMB,2004,5.029540061950684,,
XGOVEXP.IMF,GMB,2005,5.344170093536377,,
XGOVEXP.IMF,GMB,2006,5.36076021194458,,
XGOVEXP.IMF,GMB,2007,7.297500133514404,,
XGOVEXP.IMF,GMB,2008,18.88171005249023,,
XGOVEXP.IMF,GMB,2009,13.29374027252197,,
XGOVEXP.IMF,GMB,2010,17.61123085021973,,
XGOVEXP.IMF,GMB,2011,15.11833000183105,,
XGOVEXP.IMF,GMB,2012,13.79553031921387,,
XGOVEXP.IMF,GMB,2013,10.58541965484619,,
XGOVEXP.IMF,GMB,2014,11.75232028961182,,
XGOVEXP.IMF,GMB,2015,11.03293037414551,,
XGOVEXP.IMF,GMB,2016,10.44995975494385,UIS_EST,
XGOVEXP.IMF,GMB,2017,15.44113756076256,,
XGOVEXP.IMF,GMB,2018,12.444580078125,UIS_EST,
XGOVEXP.IMF,GMB,2019,16.85204544830215,,
XGOVEXP.IMF,GMB,2020,14.27606001588469,,
XGOVEXP.IMF,GMB,2021,15.62181876123116,,
XGOVEXP.IMF,GMB,2022,17.12517417857725,,
XGOVEXP.IMF,GMB,2023,18.69554957290834,,
XGOVEXP.IMF,GMB,2024,15.10347217915986,,
XGOVEXP.IMF,GMB,2025,14.21133143116702,,
XGOVEXP.IMF,GNB,2010,9.069239616394043,,
XGOVEXP.IMF,GNB,2011,10.19974040985107,,
XGOVEXP.IMF,GNB,2012,14.53979969024658,,
XGOVEXP.IMF,GNB,2013,16.19137954711914,,
XGOVEXP.IMF,"GPE: East Asia & Pacific WB FY24, December 2024",2000,15.2360897064209,UIS_EST,
XGOVEXP.IMF,"GPE: East Asia & Pacific WB FY24, December 2024",2001,12.77033042907715,UIS_EST,
XGOVEXP.IMF,"GPE: East Asia & Pacific WB FY24, December 2024",2002,14.59162521362305,UIS_EST,
XGOVEXP.IMF,"GPE: East Asia & Pacific WB FY24, December 2024",2008,14.44198989868164,UIS_EST,
XGOVEXP.IMF,"GPE: East Asia & Pacific WB FY24, December 2024",2009,15.18871021270752,UIS_EST,
XGOVEXP.IMF,"GPE: East Asia & Pacific WB FY24, December 2024",2011,12.68100547790527,UIS_EST,
XGOVEXP.IMF,"GPE: East Asia & Pacific WB FY24, December 2024",2012,17.23473739624023,UIS_EST,
XGOVEXP.IMF,"GPE: East Asia & Pacific WB FY24, December 2024",2013,16.60785484313965,UIS_EST,
XGOVEXP.IMF,"GPE: East Asia & Pacific WB FY24, December 2024",2014,16.49393272399902,UIS_EST,
XGOVEXP.IMF,"GPE: East Asia & Pacific WB FY24, December 2024",2015,15.01675319671631,UIS_EST,
XGOVEXP.IMF,"GPE: East Asia & Pacific WB FY24, December 2024",2016,13.0631103515625,UIS_EST,
XGOVEXP.IMF,"GPE: East Asia & Pacific WB FY24, December 2024",2017,12.64562034606934,UIS_EST,
XGOVEXP.IMF,"GPE: East Asia & Pacific WB FY24, December 2024",2018,14.93481159210205,UIS_EST,
XGOVEXP.IMF,"GPE: East Asia & Pacific WB FY24, December 2024",2019,12.99594211578369,UIS_EST,
XGOVEXP.IMF,"GPE: East Asia & Pacific WB FY24, December 2024",2020,11.03631210327148,UIS_EST,
XGOVEXP.IMF,"GPE: East Asia & Pacific WB FY24, December 2024",2021,13.41466522216797,UIS_EST,
XGOVEXP.IMF,"GPE: East Asia & Pacific WB FY24, December 2024",2022,12.16040802001953,UIS_EST,
XGOVEXP.IMF,"GPE: East Asia & Pacific WB FY24, December 2024",2023,11.74246788024902,UIS_EST,
XGOVEXP.IMF,"GPE: East Asia & Pacific WB FY24, December 2024",2024,13.32392883300781,UIS_EST,
XGOVEXP.IMF,"GPE: Europe & Central Asia WB FY24, December 2024",2000,12.07600975036621,UIS_EST,
XGOVEXP.IMF,"GPE: Europe & Central Asia WB FY24, December 2024",2001,13.26617050170898,UIS_EST,
XGOVEXP.IMF,"GPE: Europe & Central Asia WB FY24, December 2024",2002,14.5001049041748,UIS_EST,
XGOVEXP.IMF,"GPE: Europe & Central Asia WB FY24, December 2024",2003,13.56387996673584,UIS_EST,
XGOVEXP.IMF,"GPE: Europe & Central Asia WB FY24, December 2024",2004,14.37320995330811,UIS_EST,
XGOVEXP.IMF,"GPE: Europe & Central Asia WB FY24, December 2024",2005,14.5391902923584,UIS_EST,
XGOVEXP.IMF,"GPE: Europe & Central Asia WB FY24, December 2024",2006,14.88490009307861,UIS_EST,
XGOVEXP.IMF,"GPE: Europe & Central Asia WB FY24, December 2024",2007,15.42934036254883,UIS_EST,
XGOVEXP.IMF,"GPE: Europe & Central Asia WB FY24, December 2024",2008,15.40024948120117,UIS_EST,
XGOVEXP.IMF,"GPE: Europe & Central Asia WB FY24, December 2024",2009,16.20727920532227,UIS_EST,
XGOVEXP.IMF,"GPE: Europe & Central Asia WB FY24, December 2024",2010,15.27350997924805,UIS_EST,
XGOVEXP.IMF,"GPE: Europe & Central Asia WB FY24, December 2024",2011,14.84606456756592,UIS_EST,
XGOVEXP.IMF,"GPE: Europe & Central Asia WB FY24, December 2024",2012,14.95759963989258,UIS_EST,
XGOVEXP.IMF,"GPE: Europe & Central Asia WB FY24, December 2024",2013,17.36895751953125,UIS_EST,
XGOVEXP.IMF,"GPE: Europe & Central Asia WB FY24, December 2024",2014,14.36483955383301,UIS_EST,
XGOVEXP.IMF,"GPE: Europe & Central Asia WB FY24, December 2024",2015,15.71675968170166,UIS_EST,
XGOVEXP.IMF,"GPE: Europe & Central Asia WB FY24, December 2024",2016,16.92091941833496,UIS_EST,
XGOVEXP.IMF,"GPE: Europe & Central Asia WB FY24, December 2024",2017,16.27813911437988,UIS_EST,
XGOVEXP.IMF,"GPE: Europe & Central Asia WB FY24, December 2024",2018,15.88862228393555,UIS_EST,
XGOVEXP.IMF,"GPE: Europe & Central Asia WB FY24, December 2024",2019,16.47274971008301,UIS_EST,
XGOVEXP.IMF,"GPE: Europe & Central Asia WB FY24, December 2024",2020,17.06019020080566,UIS_EST,
XGOVEXP.IMF,"GPE: Europe & Central Asia WB FY24, December 2024",2021,15.04331588745117,UIS_EST,
XGOVEXP.IMF,"GPE: Europe & Central Asia WB FY24, December 2024",2022,16.69313049316406,UIS_EST,
XGOVEXP.IMF,"GPE: Europe & Central Asia WB FY24, December 2024",2023,16.88652992248535,UIS_EST,
XGOVEXP.IMF,"GPE: Europe & Central Asia WB FY24, December 2024",2024,15.96475982666016,UIS_EST,
XGOVEXP.IMF,"GPE: Fragile or Conflict-affected countries (FCAC) FY24, December 2024",2010,12.85019969940186,UIS_EST,
XGOVEXP.IMF,"GPE: Fragile or Conflict-affected countries (FCAC) FY24, December 2024",2011,11.38041591644287,UIS_EST,
XGOVEXP.IMF,"GPE: Fragile or Conflict-affected countries (FCAC) FY24, December 2024",2012,13.43833923339844,UIS_EST,
XGOVEXP.IMF,"GPE: Fragile or Conflict-affected countries (FCAC) FY24, December 2024",2013,14.41384887695313,UIS_EST,
XGOVEXP.IMF,"GPE: Fragile or Conflict-affected countries (FCAC) FY24, December 2024",2014,13.12135028839111,UIS_EST,
XGOVEXP.IMF,"GPE: Fragile or Conflict-affected countries (FCAC) FY24, December 2024",2015,13.18727970123291,UIS_EST,
XGOVEXP.IMF,"GPE: Fragile or Conflict-affected countries (FCAC) FY24, December 2024",2016,13.35365009307861,UIS_EST,
XGOVEXP.IMF,"GPE: Fragile or Conflict-affected countries (FCAC) FY24, December 2024",2017,14.69501972198486,UIS_EST,
XGOVEXP.IMF,"GPE: Fragile or Conflict-affected countries (FCAC) FY24, December 2024",2018,15.58290004730225,UIS_EST,
XGOVEXP.IMF,"GPE: Fragile or Conflict-affected countries (FCAC) FY24, December 2024",2019,13.35365009307861,UIS_EST,
XGOVEXP.IMF,"GPE: Fragile or Conflict-affected countries (FCAC) FY24, December 2024",2020,12.91088962554932,UIS_EST,
XGOVEXP.IMF,"GPE: Fragile or Conflict-affected countries (FCAC) FY24, December 2024",2021,15.24780654907227,UIS_EST,
XGOVEXP.IMF,"GPE: Fragile or Conflict-affected countries (FCAC) FY24, December 2024",2022,13.025710105896,UIS_EST,
XGOVEXP.IMF,"GPE: Fragile or Conflict-affected countries (FCAC) FY24, December 2024",2023,12.59236526489258,UIS_EST,
XGOVEXP.IMF,"GPE: High income WB FY24, December 2024",2000,17.65683937072754,UIS_EST,
XGOVEXP.IMF,"GPE: High income WB FY24, December 2024",2001,16.5555591583252,UIS_EST,
XGOVEXP.IMF,"GPE: High income WB FY24, December 2024",2002,16.90000915527344,UIS_EST,
XGOVEXP.IMF,"GPE: High income WB FY24, December 2024",2003,13.81455993652344,UIS_EST,
XGOVEXP.IMF,"GPE: High income WB FY24, December 2024",2004,11.08073997497559,UIS_EST,
XGOVEXP.IMF,"GPE: High income WB FY24, December 2024",2005,13.8234395980835,UIS_EST,
XGOVEXP.IMF,"GPE: High income WB FY24, December 2024",2006,13.48169040679932,UIS_EST,
XGOVEXP.IMF,"GPE: High income WB FY24, December 2024",2007,11.52616024017334,UIS_EST,
XGOVEXP.IMF,"GPE: High income WB FY24, December 2024",2009,10.338210105896,UIS_EST,
XGOVEXP.IMF,"GPE: High income WB FY24, December 2024",2010,11.96580982208252,UIS_EST,
XGOVEXP.IMF,"GPE: High income WB FY24, December 2024",2011,11.82289981842041,UIS_EST,
XGOVEXP.IMF,"GPE: High income WB FY24, December 2024",2012,10.25959014892578,UIS_EST,
XGOVEXP.IMF,"GPE: High income WB FY24, December 2024",2014,18.87751960754395,UIS_EST,
XGOVEXP.IMF,"GPE: High income WB FY24, December 2024",2015,17.91942024230957,UIS_EST,
XGOVEXP.IMF,"GPE: High income WB FY24, December 2024",2016,18.81353950500488,UIS_EST,
XGOVEXP.IMF,"GPE: High income WB FY24, December 2024",2017,17.73406028747559,UIS_EST,
XGOVEXP.IMF,"GPE: High income WB FY24, December 2024",2018,16.15208053588867,UIS_EST,
XGOVEXP.IMF,"GPE: High income WB FY24, December 2024",2025,7.236435890197754,UIS_EST,
XGOVEXP.IMF,"GPE: Latin America & Caribbean WB FY24, December 2024",2003,14.88700008392334,UIS_EST,
XGOVEXP.IMF,"GPE: Latin America & Caribbean WB FY24, December 2024",2010,15.68910980224609,UIS_EST,
XGOVEXP.IMF,"GPE: Latin America & Caribbean WB FY24, December 2024",2011,15.45465469360352,UIS_EST,
XGOVEXP.IMF,"GPE: Latin America & Caribbean WB FY24, December 2024",2012,15.48563003540039,UIS_EST,
XGOVEXP.IMF,"GPE: Latin America & Caribbean WB FY24, December 2024",2014,17.18157577514648,UIS_EST,
XGOVEXP.IMF,"GPE: Latin America & Caribbean WB FY24, December 2024",2015,17.20000076293945,UIS_EST,
XGOVEXP.IMF,"GPE: Latin America & Caribbean WB FY24, December 2024",2016,18.81353950500488,UIS_EST,
XGOVEXP.IMF,"GPE: Latin America & Caribbean WB FY24, December 2024",2017,14.69501972198486,UIS_EST,
XGOVEXP.IMF,"GPE: Latin America & Caribbean WB FY24, December 2024",2018,16.15208053588867,UIS_EST,
XGOVEXP.IMF,"GPE: Latin America & Caribbean WB FY24, December 2024",2019,14.30180168151855,UIS_EST,
XGOVEXP.IMF,"GPE: Latin America & Caribbean WB FY24, December 2024",2020,13,UIS_EST,
XGOVEXP.IMF,"GPE: Latin America & Caribbean WB FY24, December 2024",2021,14.46758651733398,UIS_EST,
XGOVEXP.IMF,"GPE: Latin America & Caribbean WB FY24, December 2024",2022,15.22708129882813,UIS_EST,
XGOVEXP.IMF,"GPE: Latin America & Caribbean WB FY24, December 2024",2023,12.85546493530273,UIS_EST,
XGOVEXP.IMF,"GPE: Latin America & Caribbean WB FY24, December 2024",2024,13.26925182342529,UIS_EST,
XGOVEXP.IMF,"GPE: Latin America & Caribbean WB FY24, December 2024",2025,12.74812984466553,UIS_EST,
XGOVEXP.IMF,"GPE: Low income WB FY24, December 2024",2000,15.11577033996582,UIS_EST,
XGOVEXP.IMF,"GPE: Low income WB FY24, December 2024",2001,14.46177005767822,UIS_EST,
XGOVEXP.IMF,"GPE: Low income WB FY24, December 2024",2004,16.1877498626709,UIS_EST,
XGOVEXP.IMF,"GPE: Low income WB FY24, December 2024",2008,16.17733001708984,UIS_EST,
XGOVEXP.IMF,"GPE: Low income WB FY24, December 2024",2010,12.79999923706055,UIS_EST,
XGOVEXP.IMF,"GPE: Low income WB FY24, December 2024",2011,14.97929954528809,UIS_EST,
XGOVEXP.IMF,"GPE: Low income WB FY24, December 2024",2012,13.79553031921387,UIS_EST,
XGOVEXP.IMF,"GPE: Low income WB FY24, December 2024",2013,15.19999980926514,UIS_EST,
XGOVEXP.IMF,"GPE: Low income WB FY24, December 2024",2014,14.46592998504639,UIS_EST,
XGOVEXP.IMF,"GPE: Low income WB FY24, December 2024",2015,14.1550407409668,UIS_EST,
XGOVEXP.IMF,"GPE: Low income WB FY24, December 2024",2016,13.19655990600586,UIS_EST,
XGOVEXP.IMF,"GPE: Low income WB FY24, December 2024",2017,14.89277839660645,UIS_EST,
XGOVEXP.IMF,"GPE: Low income WB FY24, December 2024",2018,15.74536514282227,UIS_EST,
XGOVEXP.IMF,"GPE: Low income WB FY24, December 2024",2019,14.78540992736816,UIS_EST,
XGOVEXP.IMF,"GPE: Low income WB FY24, December 2024",2020,14.70933532714844,UIS_EST,
XGOVEXP.IMF,"GPE: Low income WB FY24, December 2024",2021,15.64159965515137,UIS_EST,
XGOVEXP.IMF,"GPE: Low income WB FY24, December 2024",2022,16.45699501037598,UIS_EST,
XGOVEXP.IMF,"GPE: Low income WB FY24, December 2024",2023,15.83069038391113,UIS_EST,
XGOVEXP.IMF,"GPE: Lower middle Income WB FY24, December 2024",2000,14.89023017883301,UIS_EST,
XGOVEXP.IMF,"GPE: Lower middle Income WB FY24, December 2024",2002,15.20456504821777,UIS_EST,
XGOVEXP.IMF,"GPE: Lower middle Income WB FY24, December 2024",2004,15.789719581604,UIS_EST,
XGOVEXP.IMF,"GPE: Lower middle Income WB FY24, December 2024",2005,15.33973026275635,UIS_EST,
XGOVEXP.IMF,"GPE: Lower middle Income WB FY24, December 2024",2006,15.789719581604,UIS_EST,
XGOVEXP.IMF,"GPE: Lower middle Income WB FY24, December 2024",2008,16.65345001220703,UIS_EST,
XGOVEXP.IMF,"GPE: Lower middle Income WB FY24, December 2024",2009,15.18871021270752,UIS_EST,
XGOVEXP.IMF,"GPE: Lower middle Income WB FY24, December 2024",2010,14.71113967895508,UIS_EST,
XGOVEXP.IMF,"GPE: Lower middle Income WB FY24, December 2024",2011,13.97758483886719,UIS_EST,
XGOVEXP.IMF,"GPE: Lower middle Income WB FY24, December 2024",2012,15.73887252807617,UIS_EST,
XGOVEXP.IMF,"GPE: Lower middle Income WB FY24, December 2024",2013,16.07073020935059,UIS_EST,
XGOVEXP.IMF,"GPE: Lower middle Income WB FY24, December 2024",2014,15.8990650177002,UIS_EST,
XGOVEXP.IMF,"GPE: Lower middle Income WB FY24, December 2024",2015,14.56777954101563,UIS_EST,
XGOVEXP.IMF,"GPE: Lower middle Income WB FY24, December 2024",2016,15.60490036010742,UIS_EST,
XGOVEXP.IMF,"GPE: Lower middle Income WB FY24, December 2024",2017,15.2990894317627,UIS_EST,
XGOVEXP.IMF,"GPE: Lower middle Income WB FY24, December 2024",2018,15.88862228393555,UIS_EST,
XGOVEXP.IMF,"GPE: Lower middle Income WB FY24, December 2024",2019,14.17869853973389,UIS_EST,
XGOVEXP.IMF,"GPE: Lower middle Income WB FY24, December 2024",2020,14.33590030670166,UIS_EST,
XGOVEXP.IMF,"GPE: Lower middle Income WB FY24, December 2024",2021,14.47414970397949,UIS_EST,
XGOVEXP.IMF,"GPE: Lower middle Income WB FY24, December 2024",2022,13.60028743743896,UIS_EST,
XGOVEXP.IMF,"GPE: Lower middle Income WB FY24, December 2024",2023,13.70423793792725,UIS_EST,
XGOVEXP.IMF,"GPE: Lower middle Income WB FY24, December 2024",2024,13.40885639190674,UIS_EST,
XGOVEXP.IMF,"GPE: Middle East & North Africa WB FY24, December 2024",2000,29.38595008850098,UIS_EST,
XGOVEXP.IMF,"GPE: Middle East & North Africa WB FY24, December 2024",2001,25.46389007568359,UIS_EST,
XGOVEXP.IMF,"GPE: Middle East & North Africa WB FY24, December 2024",2002,24.18471908569336,UIS_EST,
XGOVEXP.IMF,"GPE: Middle East & North Africa WB FY24, December 2024",2003,24.2714900970459,UIS_EST,
XGOVEXP.IMF,"GPE: Middle East & North Africa WB FY24, December 2024",2004,24.70113945007324,UIS_EST,
XGOVEXP.IMF,"GPE: Middle East & North Africa WB FY24, December 2024",2005,22.71504974365234,UIS_EST,
XGOVEXP.IMF,"GPE: Middle East & North Africa WB FY24, December 2024",2006,24.70796012878418,UIS_EST,
XGOVEXP.IMF,"GPE: Middle East & North Africa WB FY24, December 2024",2007,22.52743911743164,UIS_EST,
XGOVEXP.IMF,"GPE: Middle East & North Africa WB FY24, December 2024",2008,12.48923969268799,UIS_EST,
XGOVEXP.IMF,"GPE: Middle East & North Africa WB FY24, December 2024",2010,11.63509941101074,UIS_EST,
XGOVEXP.IMF,"GPE: Middle East & North Africa WB FY24, December 2024",2012,12.10262107849121,UIS_EST,
XGOVEXP.IMF,"GPE: Middle East & North Africa WB FY24, December 2024",2015,11.71551990509033,UIS_EST,
XGOVEXP.IMF,"GPE: Middle East & North Africa WB FY24, December 2024",2016,12.31970024108887,UIS_EST,
XGOVEXP.IMF,"GPE: Middle East & North Africa WB FY24, December 2024",2017,11.84264469146729,UIS_EST,
XGOVEXP.IMF,"GPE: Middle East & North Africa WB FY24, December 2024",2018,11.71551990509033,UIS_EST,
XGOVEXP.IMF,"GPE: Middle East & North Africa WB FY24, December 2024",2019,11.71551990509033,UIS_EST,
XGOVEXP.IMF,"GPE: Middle East & North Africa WB FY24, December 2024",2020,12.22861099243164,UIS_EST,
XGOVEXP.IMF,"GPE: Middle East & North Africa WB FY24, December 2024",2022,11.71551990509033,UIS_EST,
XGOVEXP.IMF,"GPE: Middle East & North Africa WB FY24, December 2024",2024,12.10384750366211,UIS_EST,
XGOVEXP.IMF,"GPE: Non Fragile & non Conflict-affected countries (NON-FCAC) FY24, December 2024",2000,15.89050960540771,UIS_EST,
XGOVEXP.IMF,"GPE: Non Fragile & non Conflict-affected countries (NON-FCAC) FY24, December 2024",2001,16.24976539611816,UIS_EST,
XGOVEXP.IMF,"GPE: Non Fragile & non Conflict-affected countries (NON-FCAC) FY24, December 2024",2002,16.81096458435059,UIS_EST,
XGOVEXP.IMF,"GPE: Non Fragile & non Conflict-affected countries (NON-FCAC) FY24, December 2024",2003,16.15505027770996,UIS_EST,
XGOVEXP.IMF,"GPE: Non Fragile & non Conflict-affected countries (NON-FCAC) FY24, December 2024",2004,16.73001098632813,UIS_EST,
XGOVEXP.IMF,"GPE: Non Fragile & non Conflict-affected countries (NON-FCAC) FY24, December 2024",2005,16.63308525085449,UIS_EST,
XGOVEXP.IMF,"GPE: Non Fragile & non Conflict-affected countries (NON-FCAC) FY24, December 2024",2006,17.3365306854248,UIS_EST,
XGOVEXP.IMF,"GPE: Non Fragile & non Conflict-affected countries (NON-FCAC) FY24, December 2024",2007,18.1017894744873,UIS_EST,
XGOVEXP.IMF,"GPE: Non Fragile & non Conflict-affected countries (NON-FCAC) FY24, December 2024",2008,18.00123977661133,UIS_EST,
XGOVEXP.IMF,"GPE: Non Fragile & non Conflict-affected countries (NON-FCAC) FY24, December 2024",2009,16.2810001373291,UIS_EST,
XGOVEXP.IMF,"GPE: Non Fragile & non Conflict-affected countries (NON-FCAC) FY24, December 2024",2010,15.55981063842773,UIS_EST,
XGOVEXP.IMF,"GPE: Non Fragile & non Conflict-affected countries (NON-FCAC) FY24, December 2024",2011,15.42368030548096,UIS_EST,
XGOVEXP.IMF,"GPE: Non Fragile & non Conflict-affected countries (NON-FCAC) FY24, December 2024",2012,15.78029441833496,UIS_EST,
XGOVEXP.IMF,"GPE: Non Fragile & non Conflict-affected countries (NON-FCAC) FY24, December 2024",2013,15.49767971038818,UIS_EST,
XGOVEXP.IMF,"GPE: Non Fragile & non Conflict-affected countries (NON-FCAC) FY24, December 2024",2014,16.28219032287598,UIS_EST,
XGOVEXP.IMF,"GPE: Non Fragile & non Conflict-affected countries (NON-FCAC) FY24, December 2024",2015,16.30515480041504,UIS_EST,
XGOVEXP.IMF,"GPE: Non Fragile & non Conflict-affected countries (NON-FCAC) FY24, December 2024",2016,15.74744033813477,UIS_EST,
XGOVEXP.IMF,"GPE: Non Fragile & non Conflict-affected countries (NON-FCAC) FY24, December 2024",2017,15.30543327331543,UIS_EST,
XGOVEXP.IMF,"GPE: Non Fragile & non Conflict-affected countries (NON-FCAC) FY24, December 2024",2018,15.40509510040283,UIS_EST,
XGOVEXP.IMF,"GPE: Non Fragile & non Conflict-affected countries (NON-FCAC) FY24, December 2024",2019,14.29695510864258,UIS_EST,
XGOVEXP.IMF,"GPE: Non Fragile & non Conflict-affected countries (NON-FCAC) FY24, December 2024",2020,14.30598068237305,UIS_EST,
XGOVEXP.IMF,"GPE: Non Fragile & non Conflict-affected countries (NON-FCAC) FY24, December 2024",2021,14.4283971786499,UIS_EST,
XGOVEXP.IMF,"GPE: Non Fragile & non Conflict-affected countries (NON-FCAC) FY24, December 2024",2022,14.20872974395752,UIS_EST,
XGOVEXP.IMF,"GPE: Non Fragile & non Conflict-affected countries (NON-FCAC) FY24, December 2024",2023,14.5516300201416,UIS_EST,
XGOVEXP.IMF,"GPE: Non Fragile & non Conflict-affected countries (NON-FCAC) FY24, December 2024",2024,13.81282234191895,UIS_EST,
XGOVEXP.IMF,"GPE: Overall FY24, all 90 countries, December 2024",2000,15.20676040649414,UIS_EST,
XGOVEXP.IMF,"GPE: Overall FY24, all 90 countries, December 2024",2001,14.53359985351563,UIS_EST,
XGOVEXP.IMF,"GPE: Overall FY24, all 90 countries, December 2024",2002,15.4752254486084,UIS_EST,
XGOVEXP.IMF,"GPE: Overall FY24, all 90 countries, December 2024",2004,15.83239936828613,UIS_EST,
XGOVEXP.IMF,"GPE: Overall FY24, all 90 countries, December 2024",2005,15.789719581604,UIS_EST,
XGOVEXP.IMF,"GPE: Overall FY24, all 90 countries, December 2024",2008,16.37795639038086,UIS_EST,
XGOVEXP.IMF,"GPE: Overall FY24, all 90 countries, December 2024",2009,15.90000057220459,UIS_EST,
XGOVEXP.IMF,"GPE: Overall FY24, all 90 countries, December 2024",2010,15.48563003540039,UIS_EST,
XGOVEXP.IMF,"GPE: Overall FY24, all 90 countries, December 2024",2011,14.92353439331055,UIS_EST,
XGOVEXP.IMF,"GPE: Overall FY24, all 90 countries, December 2024",2012,14.85800933837891,UIS_EST,
XGOVEXP.IMF,"GPE: Overall FY24, all 90 countries, December 2024",2013,15.48563003540039,UIS_EST,
XGOVEXP.IMF,"GPE: Overall FY24, all 90 countries, December 2024",2014,15.50078582763672,UIS_EST,
XGOVEXP.IMF,"GPE: Overall FY24, all 90 countries, December 2024",2015,15.01675319671631,UIS_EST,
XGOVEXP.IMF,"GPE: Overall FY24, all 90 countries, December 2024",2016,15.15958976745605,UIS_EST,
XGOVEXP.IMF,"GPE: Overall FY24, all 90 countries, December 2024",2017,15.16972827911377,UIS_EST,
XGOVEXP.IMF,"GPE: Overall FY24, all 90 countries, December 2024",2018,15.58290004730225,UIS_EST,
XGOVEXP.IMF,"GPE: Overall FY24, all 90 countries, December 2024",2019,14.17869853973389,UIS_EST,
XGOVEXP.IMF,"GPE: Overall FY24, all 90 countries, December 2024",2020,14.18070507049561,UIS_EST,
XGOVEXP.IMF,"GPE: Overall FY24, all 90 countries, December 2024",2021,14.47086811065674,UIS_EST,
XGOVEXP.IMF,"GPE: Overall FY24, all 90 countries, December 2024",2022,13.84281921386719,UIS_EST,
XGOVEXP.IMF,"GPE: Overall FY24, all 90 countries, December 2024",2023,13.72319793701172,UIS_EST,
XGOVEXP.IMF,"GPE: Overall FY24, all 90 countries, December 2024",2024,13.80361366271973,UIS_EST,
XGOVEXP.IMF,"GPE: Small island and landlocked developing states, December 2024",2002,16.36329460144043,UIS_EST,
XGOVEXP.IMF,"GPE: Small island and landlocked developing states, December 2024",2008,17.36972045898438,UIS_EST,
XGOVEXP.IMF,"GPE: Small island and landlocked developing states, December 2024",2009,14.87446975708008,UIS_EST,
XGOVEXP.IMF,"GPE: Small island and landlocked developing states, December 2024",2010,14.2094898223877,UIS_EST,
XGOVEXP.IMF,"GPE: Small island and landlocked developing states, December 2024",2011,12.82983016967773,UIS_EST,
XGOVEXP.IMF,"GPE: Small island and landlocked developing states, December 2024",2012,14.60362434387207,UIS_EST,
XGOVEXP.IMF,"GPE: Small island and landlocked developing states, December 2024",2013,15.13192939758301,UIS_EST,
XGOVEXP.IMF,"GPE: Small island and landlocked developing states, December 2024",2014,16.2288818359375,UIS_EST,
XGOVEXP.IMF,"GPE: Small island and landlocked developing states, December 2024",2015,16.74822998046875,UIS_EST,
XGOVEXP.IMF,"GPE: Small island and landlocked developing states, December 2024",2016,17.84300994873047,UIS_EST,
XGOVEXP.IMF,"GPE: Small island and landlocked developing states, December 2024",2017,15.2990894317627,UIS_EST,
XGOVEXP.IMF,"GPE: Small island and landlocked developing states, December 2024",2018,16.15208053588867,UIS_EST,
XGOVEXP.IMF,"GPE: Small island and landlocked developing states, December 2024",2019,15.04273986816406,UIS_EST,
XGOVEXP.IMF,"GPE: Small island and landlocked developing states, December 2024",2020,13.69663429260254,UIS_EST,
XGOVEXP.IMF,"GPE: Small island and landlocked developing states, December 2024",2021,14.79028415679932,UIS_EST,
XGOVEXP.IMF,"GPE: Small island and landlocked developing states, December 2024",2022,14.4136848449707,UIS_EST,
XGOVEXP.IMF,"GPE: Small island and landlocked developing states, December 2024",2023,14.18563461303711,UIS_EST,
XGOVEXP.IMF,"GPE: Small island and landlocked developing states, December 2024",2024,14.18394470214844,UIS_EST,
XGOVEXP.IMF,"GPE: Small island and landlocked developing states, December 2024",2025,12.68750381469727,UIS_EST,
XGOVEXP.IMF,"GPE: South Asia WB FY24, December 2024",2000,16.53821563720703,UIS_EST,
XGOVEXP.IMF,"GPE: South Asia WB FY24, December 2024",2004,18.60663032531738,UIS_EST,
XGOVEXP.IMF,"GPE: South Asia WB FY24, December 2024",2005,15.95312023162842,UIS_EST,
XGOVEXP.IMF,"GPE: South Asia WB FY24, December 2024",2006,17.3365306854248,UIS_EST,
XGOVEXP.IMF,"GPE: South Asia WB FY24, December 2024",2007,18.15340042114258,UIS_EST,
XGOVEXP.IMF,"GPE: South Asia WB FY24, December 2024",2008,15.10490989685059,UIS_EST,
XGOVEXP.IMF,"GPE: South Asia WB FY24, December 2024",2009,13.29154968261719,UIS_EST,
XGOVEXP.IMF,"GPE: South Asia WB FY24, December 2024",2010,11.86466026306152,UIS_EST,
XGOVEXP.IMF,"GPE: South Asia WB FY24, December 2024",2011,11.38751029968262,UIS_EST,
XGOVEXP.IMF,"GPE: South Asia WB FY24, December 2024",2012,11.22364044189453,UIS_EST,
XGOVEXP.IMF,"GPE: South Asia WB FY24, December 2024",2013,14.03474044799805,UIS_EST,
XGOVEXP.IMF,"GPE: South Asia WB FY24, December 2024",2014,13.30632781982422,UIS_EST,
XGOVEXP.IMF,"GPE: South Asia WB FY24, December 2024",2015,12.50899982452393,UIS_EST,
XGOVEXP.IMF,"GPE: South Asia WB FY24, December 2024",2016,16.21170043945313,UIS_EST,
XGOVEXP.IMF,"GPE: South Asia WB FY24, December 2024",2017,14.54477977752686,UIS_EST,
XGOVEXP.IMF,"GPE: South Asia WB FY24, December 2024",2018,14.10186958312988,UIS_EST,
XGOVEXP.IMF,"GPE: South Asia WB FY24, December 2024",2019,12.05514430999756,UIS_EST,
XGOVEXP.IMF,"GPE: South Asia WB FY24, December 2024",2020,15.00512504577637,UIS_EST,
XGOVEXP.IMF,"GPE: South Asia WB FY24, December 2024",2021,12.76997566223145,UIS_EST,
XGOVEXP.IMF,"GPE: South Asia WB FY24, December 2024",2022,12.40404415130615,UIS_EST,
XGOVEXP.IMF,"GPE: South Asia WB FY24, December 2024",2023,13.00122451782227,UIS_EST,
XGOVEXP.IMF,"GPE: South Asia WB FY24, December 2024",2024,11.26471042633057,UIS_EST,
XGOVEXP.IMF,"GPE: South Asia WB FY24, December 2024",2025,10.75123119354248,UIS_EST,
XGOVEXP.IMF,"GPE: Sub-Saharan Africa WB FY24, December 2024",2000,15.23692035675049,UIS_EST,
XGOVEXP.IMF,"GPE: Sub-Saharan Africa WB FY24, December 2024",2002,15.73330974578857,UIS_EST,
XGOVEXP.IMF,"GPE: Sub-Saharan Africa WB FY24, December 2024",2004,16.49777030944824,UIS_EST,
XGOVEXP.IMF,"GPE: Sub-Saharan Africa WB FY24, December 2024",2005,16.38903427124023,UIS_EST,
XGOVEXP.IMF,"GPE: Sub-Saharan Africa WB FY24, December 2024",2006,16.38903427124023,UIS_EST,
XGOVEXP.IMF,"GPE: Sub-Saharan Africa WB FY24, December 2024",2008,17.86381912231445,UIS_EST,
XGOVEXP.IMF,"GPE: Sub-Saharan Africa WB FY24, December 2024",2009,17.68234062194824,UIS_EST,
XGOVEXP.IMF,"GPE: Sub-Saharan Africa WB FY24, December 2024",2010,16.58810043334961,UIS_EST,
XGOVEXP.IMF,"GPE: Sub-Saharan Africa WB FY24, December 2024",2011,15.11833000183105,UIS_EST,
XGOVEXP.IMF,"GPE: Sub-Saharan Africa WB FY24, December 2024",2012,15.85542488098145,UIS_EST,
XGOVEXP.IMF,"GPE: Sub-Saharan Africa WB FY24, December 2024",2013,16.17004013061523,UIS_EST,
XGOVEXP.IMF,"GPE: Sub-Saharan Africa WB FY24, December 2024",2014,16.23678588867188,UIS_EST,
XGOVEXP.IMF,"GPE: Sub-Saharan Africa WB FY24, December 2024",2015,15.70977973937988,UIS_EST,
XGOVEXP.IMF,"GPE: Sub-Saharan Africa WB FY24, December 2024",2016,15.34716033935547,UIS_EST,
XGOVEXP.IMF,"GPE: Sub-Saharan Africa WB FY24, December 2024",2017,15.91281032562256,UIS_EST,
XGOVEXP.IMF,"GPE: Sub-Saharan Africa WB FY24, December 2024",2018,16.36274909973145,UIS_EST,
XGOVEXP.IMF,"GPE: Sub-Saharan Africa WB FY24, December 2024",2019,14.2921085357666,UIS_EST,
XGOVEXP.IMF,"GPE: Sub-Saharan Africa WB FY24, December 2024",2020,14.45112228393555,UIS_EST,
XGOVEXP.IMF,"GPE: Sub-Saharan Africa WB FY24, December 2024",2021,15.34086990356445,UIS_EST,
XGOVEXP.IMF,"GPE: Sub-Saharan Africa WB FY24, December 2024",2022,15.50950145721436,UIS_EST,
XGOVEXP.IMF,"GPE: Sub-Saharan Africa WB FY24, December 2024",2023,14.82360458374023,UIS_EST,
XGOVEXP.IMF,"GPE: Sub-Saharan Africa WB FY24, December 2024",2024,15.10347175598145,UIS_EST,
XGOVEXP.IMF,"GPE: Upper middle Income WB FY24, December 2024",2000,14.57811546325684,UIS_EST,
XGOVEXP.IMF,"GPE: Upper middle Income WB FY24, December 2024",2001,17.36506652832031,UIS_EST,
XGOVEXP.IMF,"GPE: Upper middle Income WB FY24, December 2024",2002,16.85546112060547,UIS_EST,
XGOVEXP.IMF,"GPE: Upper middle Income WB FY24, December 2024",2003,16.19259071350098,UIS_EST,
XGOVEXP.IMF,"GPE: Upper middle Income WB FY24, December 2024",2004,16.32427978515625,UIS_EST,
XGOVEXP.IMF,"GPE: Upper middle Income WB FY24, December 2024",2005,16.30697059631348,UIS_EST,
XGOVEXP.IMF,"GPE: Upper middle Income WB FY24, December 2024",2006,17.46654891967773,UIS_EST,
XGOVEXP.IMF,"GPE: Upper middle Income WB FY24, December 2024",2007,17.6678295135498,UIS_EST,
XGOVEXP.IMF,"GPE: Upper middle Income WB FY24, December 2024",2008,18.62984466552734,UIS_EST,
XGOVEXP.IMF,"GPE: Upper middle Income WB FY24, December 2024",2009,17.64437866210938,UIS_EST,
XGOVEXP.IMF,"GPE: Upper middle Income WB FY24, December 2024",2010,15.83601474761963,UIS_EST,
XGOVEXP.IMF,"GPE: Upper middle Income WB FY24, December 2024",2011,15.45465469360352,UIS_EST,
XGOVEXP.IMF,"GPE: Upper middle Income WB FY24, December 2024",2012,16.09729957580566,UIS_EST,
XGOVEXP.IMF,"GPE: Upper middle Income WB FY24, December 2024",2013,14.89301013946533,UIS_EST,
XGOVEXP.IMF,"GPE: Upper middle Income WB FY24, December 2024",2014,15.83060264587402,UIS_EST,
XGOVEXP.IMF,"GPE: Upper middle Income WB FY24, December 2024",2015,17.20000076293945,UIS_EST,
XGOVEXP.IMF,"GPE: Upper middle Income WB FY24, December 2024",2016,15.16988658905029,UIS_EST,
XGOVEXP.IMF,"GPE: Upper middle Income WB FY24, December 2024",2017,14.04117012023926,UIS_EST,
XGOVEXP.IMF,"GPE: Upper middle Income WB FY24, December 2024",2018,13.06204986572266,UIS_EST,
XGOVEXP.IMF,"GPE: Upper middle Income WB FY24, December 2024",2019,13.43340015411377,UIS_EST,
XGOVEXP.IMF,"GPE: Upper middle Income WB FY24, December 2024",2020,11.09907531738281,UIS_EST,
XGOVEXP.IMF,"GPE: Upper middle Income WB FY24, December 2024",2021,12.26238059997559,UIS_EST,
XGOVEXP.IMF,"GPE: Upper middle Income WB FY24, December 2024",2022,12.02540683746338,UIS_EST,
XGOVEXP.IMF,"GPE: Upper middle Income WB FY24, December 2024",2023,11.67769432067871,UIS_EST,
XGOVEXP.IMF,"GPE: Upper middle Income WB FY24, December 2024",2024,12.41678619384766,UIS_EST,
XGOVEXP.IMF,"GPE: Upper middle Income WB FY24, December 2024",2025,12.41678619384766,UIS_EST,
XGOVEXP.IMF,GRC,2000,6.957769870758057,,
XGOVEXP.IMF,GRC,2001,7.316520214080811,,
XGOVEXP.IMF,GRC,2002,7.477159976959229,,
XGOVEXP.IMF,GRC,2003,7.360400199890137,,
XGOVEXP.IMF,GRC,2004,7.70182991027832,,
XGOVEXP.IMF,GRC,2005,8.700209617614746,,
XGOVEXP.IMF,GRC,2015,7.101439952850342,,
XGOVEXP.IMF,GRC,2017,7.144780158996582,,
XGOVEXP.IMF,GRC,2018,7.36313009262085,,
XGOVEXP.IMF,GRC,2019,7.459390163421631,,
XGOVEXP.IMF,GRC,2022,6.386489868164063,,
XGOVEXP.IMF,GRD,2003,10.97463989257813,,
XGOVEXP.IMF,GRD,2010,15.55981096221902,,
XGOVEXP.IMF,GRD,2011,14.72077350104389,,
XGOVEXP.IMF,GRD,2012,10.70311860096915,,
XGOVEXP.IMF,GRD,2014,11.79899890627003,,
XGOVEXP.IMF,GRD,2015,9.902500406260712,,
XGOVEXP.IMF,GRD,2017,14.04117012023926,,
XGOVEXP.IMF,GRD,2018,10.08057320329803,,
XGOVEXP.IMF,GRD,2021,10.05946401476978,,
XGOVEXP.IMF,GRD,2022,9.87272223310091,,
XGOVEXP.IMF,GRD,2023,16.71856867050965,,
XGOVEXP.IMF,GRD,2024,14.51909423757452,,
XGOVEXP.IMF,GRD,2025,11.44521842236645,,
XGOVEXP.IMF,GTM,2006,20.33844947814941,,
XGOVEXP.IMF,GTM,2007,21.27816009521484,,
XGOVEXP.IMF,GTM,2008,23.34815979003906,,
XGOVEXP.IMF,GTM,2010,19.29692077636719,,
XGOVEXP.IMF,GTM,2011,20.24641036987305,,
XGOVEXP.IMF,GTM,2012,21.10514068603516,,
XGOVEXP.IMF,GTM,2013,20.6379508972168,,
XGOVEXP.IMF,GTM,2014,21.95939064025879,,
XGOVEXP.IMF,GTM,2015,24.08550071716309,,
XGOVEXP.IMF,GTM,2016,23.43474960327148,,
XGOVEXP.IMF,GTM,2017,23.08805084228516,,
XGOVEXP.IMF,GTM,2018,23.74954032897949,,
XGOVEXP.IMF,GTM,2019,23.75538063049316,,
XGOVEXP.IMF,GTM,2020,21.14117050170898,,
XGOVEXP.IMF,GTM,2021,22.95527076721191,,
XGOVEXP.IMF,GTM,2022,22.48452949523926,,
XGOVEXP.IMF,GTM,2023,22.63916015625,,
XGOVEXP.IMF,GTM,2024,22.9936695098877,,
XGOVEXP.IMF,GTM,2025,17.26967653076987,,
XGOVEXP.IMF,GUY,2000,17.65683937072754,UIS_EST,
XGOVEXP.IMF,GUY,2001,16.5555591583252,UIS_EST,
XGOVEXP.IMF,GUY,2002,16.90000915527344,,
XGOVEXP.IMF,GUY,2003,13.81455993652344,UIS_EST,
XGOVEXP.IMF,GUY,2004,11.08073997497559,,
XGOVEXP.IMF,GUY,2005,13.8234395980835,,
XGOVEXP.IMF,GUY,2006,13.48169040679932,,
XGOVEXP.IMF,GUY,2007,11.52616024017334,,
XGOVEXP.IMF,GUY,2009,10.338210105896,,
XGOVEXP.IMF,GUY,2010,11.96580982208252,,
XGOVEXP.IMF,GUY,2011,11.82289981842041,,
XGOVEXP.IMF,GUY,2012,10.25959014892578,,
XGOVEXP.IMF,GUY,2014,18.87751960754395,,
XGOVEXP.IMF,GUY,2015,17.91942024230957,,
XGOVEXP.IMF,GUY,2016,18.81353950500488,,
XGOVEXP.IMF,GUY,2017,17.73406028747559,UIS_EST,
XGOVEXP.IMF,GUY,2018,16.15208053588867,UIS_EST,
XGOVEXP.IMF,GUY,2025,7.236435850470511,,
XGOVEXP.IMF,HKG,2001,22.41877937316895,,
XGOVEXP.IMF,HKG,2002,22.20729064941406,,
XGOVEXP.IMF,HKG,2003,23.24428939819336,,
XGOVEXP.IMF,HKG,2004,23.15106010437012,,
XGOVEXP.IMF,HKG,2005,22.47858047485352,,
XGOVEXP.IMF,HKG,2006,23.28260040283203,,
XGOVEXP.IMF,HKG,2007,22.63777923583984,,
XGOVEXP.IMF,HKG,2008,22.92239952087402,,
XGOVEXP.IMF,HKG,2009,23.79947090148926,,
XGOVEXP.IMF,HKG,2010,19.90941047668457,,
XGOVEXP.IMF,HKG,2011,20.14833068847656,,
XGOVEXP.IMF,HKG,2012,18.64948081970215,,
XGOVEXP.IMF,HKG,2013,20.30080032348633,,
XGOVEXP.IMF,HKG,2014,17.62039947509766,,
XGOVEXP.IMF,HKG,2015,18.60857009887695,,
XGOVEXP.IMF,HKG,2016,18.12718963623047,,
XGOVEXP.IMF,HKG,2017,17.84127998352051,,
XGOVEXP.IMF,HKG,2018,18.78783988952637,,
XGOVEXP.IMF,HKG,2019,20.31401062011719,,
XGOVEXP.IMF,HKG,2020,20.62105941772461,,
XGOVEXP.IMF,HKG,2021,13.11645984649658,,
XGOVEXP.IMF,HKG,2022,15.42350006103516,,
XGOVEXP.IMF,HKG,2023,13.18148040771484,,
XGOVEXP.IMF,HKG,2024,15.74114036560059,,
XGOVEXP.IMF,HND,2013,19.86407089233398,,
XGOVEXP.IMF,HND,2014,25.65361976623535,,
XGOVEXP.IMF,HND,2015,24.64455986022949,,
XGOVEXP.IMF,HND,2018,23.15510940551758,,
XGOVEXP.IMF,HRV,2002,7.77331018447876,,
XGOVEXP.IMF,HRV,2003,7.795300006866455,,
XGOVEXP.IMF,HRV,2004,7.802519798278809,,
XGOVEXP.IMF,HRV,2007,8.56842041015625,,
XGOVEXP.IMF,HRV,2008,9.248200416564941,,
XGOVEXP.IMF,HRV,2009,8.861860275268555,,
XGOVEXP.IMF,HRV,2010,8.739689826965332,,
XGOVEXP.IMF,HRV,2011,8.452879905700684,,
XGOVEXP.IMF,HRV,2013,9.397109985351562,,
XGOVEXP.IMF,HRV,2017,8.7887601852417,,
XGOVEXP.IMF,HRV,2018,8.73954963684082,,
XGOVEXP.IMF,HRV,2019,8.90884017944336,,
XGOVEXP.IMF,HRV,2020,8.215370178222656,,
XGOVEXP.IMF,HRV,2021,8.507109642028809,,
XGOVEXP.IMF,HTI,2014,11.98414993286133,,
XGOVEXP.IMF,HTI,2015,14.56777954101563,,
XGOVEXP.IMF,HTI,2016,13.23316955566406,,
XGOVEXP.IMF,HTI,2017,14.69501972198486,,
XGOVEXP.IMF,HTI,2018,14.49096965789795,,
XGOVEXP.IMF,HTI,2019,12.8616709116158,,
XGOVEXP.IMF,HTI,2020,10.00410946552592,,
XGOVEXP.IMF,HTI,2021,16.10693634818653,,
XGOVEXP.IMF,HTI,2022,13.12404456183104,,
XGOVEXP.IMF,HTI,2023,11.23081088448598,,
XGOVEXP.IMF,HTI,2024,13.01935627097854,,
XGOVEXP.IMF,HTI,2025,13.17852268948353,,
XGOVEXP.IMF,HUN,2000,10.28238010406494,,
XGOVEXP.IMF,HUN,2001,10.43548965454102,,
XGOVEXP.IMF,HUN,2002,10.15637969970703,,
XGOVEXP.IMF,HUN,2003,11.79174041748047,,
XGOVEXP.IMF,HUN,2004,10.93478965759277,,
XGOVEXP.IMF,HUN,2005,10.78715038299561,,
XGOVEXP.IMF,HUN,2006,10.29981994628906,,
XGOVEXP.IMF,HUN,2007,10.29848003387451,,
XGOVEXP.IMF,HUN,2008,10.19106960296631,,
XGOVEXP.IMF,HUN,2009,9.783329963684082,,
XGOVEXP.IMF,HUN,2010,9.677240371704102,,
XGOVEXP.IMF,HUN,2011,9.301119804382324,,
XGOVEXP.IMF,HUN,2012,8.434149742126465,,
XGOVEXP.IMF,HUN,2013,8.367520332336426,,
XGOVEXP.IMF,HUN,2014,9.194669723510742,,
XGOVEXP.IMF,HUN,2015,8.922639846801758,,
XGOVEXP.IMF,HUN,2016,9.862380027770996,,
XGOVEXP.IMF,HUN,2017,9.94773006439209,,
XGOVEXP.IMF,HUN,2018,10.0292501449585,,
XGOVEXP.IMF,HUN,2019,9.164090156555176,,
XGOVEXP.IMF,HUN,2020,8.078720092773438,,
XGOVEXP.IMF,HUN,2021,9.678420066833496,,
XGOVEXP.IMF,HUN,2022,7.803410053253174,,
XGOVEXP.IMF,IDN,2001,11.59389019012451,UIS_EST,
XGOVEXP.IMF,IDN,2002,14.36905002593994,UIS_EST,
XGOVEXP.IMF,IDN,2003,16.27817916870117,UIS_EST,
XGOVEXP.IMF,IDN,2004,14.1702995300293,UIS_EST,
XGOVEXP.IMF,IDN,2005,15.18210983276367,UIS_EST,
XGOVEXP.IMF,IDN,2007,14.93992042541504,,
XGOVEXP.IMF,IDN,2008,13.67475032806396,,
XGOVEXP.IMF,IDN,2009,19.30813980102539,,
XGOVEXP.IMF,IDN,2010,16.65394020080566,,
XGOVEXP.IMF,IDN,2011,18.0055103302002,,
XGOVEXP.IMF,IDN,2012,18.09041976928711,,
XGOVEXP.IMF,IDN,2013,17.8482608795166,,
XGOVEXP.IMF,IDN,2014,17.90389060974121,,
XGOVEXP.IMF,IDN,2015,20.35886001586914,,
XGOVEXP.IMF,IDN,2016,11.32283857807055,,
XGOVEXP.IMF,IDN,2017,10.88036268382381,,
XGOVEXP.IMF,IDN,2018,10.14524638809098,,
XGOVEXP.IMF,IDN,2019,9.342609248993478,,
XGOVEXP.IMF,IDN,2020,9.319640244565266,,
XGOVEXP.IMF,IDN,2021,8.965597690311167,,
XGOVEXP.IMF,IDN,2022,8.70282050991956,,
XGOVEXP.IMF,IDN,2025,10.5571024660163,,
XGOVEXP.IMF,IND,2000,16.73051071166992,,
XGOVEXP.IMF,IND,2003,12.41079998016357,,
XGOVEXP.IMF,IND,2004,11.19686031341553,,
XGOVEXP.IMF,IND,2005,11.20845985412598,,
XGOVEXP.IMF,IND,2006,11.69371032714844,,
XGOVEXP.IMF,IND,2009,11.19120025634766,,
XGOVEXP.IMF,IND,2010,11.83368015289307,,
XGOVEXP.IMF,IND,2011,13.56490993499756,,
XGOVEXP.IMF,IND,2012,13.99211978912354,,
XGOVEXP.IMF,IND,2013,14.05018043518066,,
XGOVEXP.IMF,IND,2014,15.71815397007452,,
XGOVEXP.IMF,IND,2015,15.69221973419189,,
XGOVEXP.IMF,IND,2016,15.72150039672852,,
XGOVEXP.IMF,IND,2017,15.80976963043213,,
XGOVEXP.IMF,IND,2018,16.63537979125977,,
XGOVEXP.IMF,IND,2019,14.80315017700195,,
XGOVEXP.IMF,IND,2020,15.99260997772217,,
XGOVEXP.IMF,IND,2021,14.92459964752197,,
XGOVEXP.IMF,IND,2022,14.15547447282382,,
XGOVEXP.IMF,IRL,2000,13.5181999206543,,
XGOVEXP.IMF,IRL,2001,12.70464992523193,,
XGOVEXP.IMF,IRL,2002,12.48445987701416,,
XGOVEXP.IMF,IRL,2003,12.87310981750488,,
XGOVEXP.IMF,IRL,2004,13.65855979919434,,
XGOVEXP.IMF,IRL,2005,13.68492984771729,,
XGOVEXP.IMF,IRL,2006,13.54899978637695,,
XGOVEXP.IMF,IRL,2007,13.23058986663818,,
XGOVEXP.IMF,IRL,2008,13.13430976867676,,
XGOVEXP.IMF,IRL,2009,13.13325023651123,,
XGOVEXP.IMF,IRL,2010,9.323320388793945,,
XGOVEXP.IMF,IRL,2011,12.33757019042969,,
XGOVEXP.IMF,IRL,2012,13.52248954772949,,
XGOVEXP.IMF,IRL,2013,13.1515998840332,,
XGOVEXP.IMF,IRL,2014,12.96996974945068,,
XGOVEXP.IMF,IRL,2015,12.92430973052979,,
XGOVEXP.IMF,IRL,2016,13.31054019927979,,
XGOVEXP.IMF,IRL,2017,13.3671703338623,,
XGOVEXP.IMF,IRL,2018,13.34018993377686,,
XGOVEXP.IMF,IRL,2019,13.53069972991943,,
XGOVEXP.IMF,IRL,2020,11.96945953369141,,
XGOVEXP.IMF,IRL,2021,12.33230018615723,,
XGOVEXP.IMF,IRN,2000,20.63385009765625,,
XGOVEXP.IMF,IRN,2001,24.42416954040527,,
XGOVEXP.IMF,IRN,2002,26.50642967224121,,
XGOVEXP.IMF,IRN,2003,22.13546943664551,,
XGOVEXP.IMF,IRN,2004,21.52145004272461,,
XGOVEXP.IMF,IRN,2005,21.89969062805176,,
XGOVEXP.IMF,IRN,2006,19.45677947998047,,
XGOVEXP.IMF,IRN,2007,20.03128051757813,,
XGOVEXP.IMF,IRN,2008,22.38460922241211,,
XGOVEXP.IMF,IRN,2009,18.56262016296387,,
XGOVEXP.IMF,IRN,2010,19.25691032409668,,
XGOVEXP.IMF,IRN,2011,20.15138053894043,,
XGOVEXP.IMF,IRN,2012,17.39579010009766,,
XGOVEXP.IMF,IRN,2013,21.67350006103516,,
XGOVEXP.IMF,IRN,2014,19.66486930847168,,
XGOVEXP.IMF,IRN,2015,18.56875038146973,,
XGOVEXP.IMF,IRN,2016,19.44543075561523,,
XGOVEXP.IMF,IRN,2017,20.30521011352539,,
XGOVEXP.IMF,IRN,2018,21.14603996276855,,
XGOVEXP.IMF,IRN,2019,21.24452972412109,,
XGOVEXP.IMF,IRN,2020,22.66550064086914,,
XGOVEXP.IMF,IRN,2022,18.82119941711426,,
XGOVEXP.IMF,ISL,2000,14.34761047363281,,
XGOVEXP.IMF,ISL,2001,14.14177989959717,,
XGOVEXP.IMF,ISL,2002,16.05661010742188,,
XGOVEXP.IMF,ISL,2003,15.15958023071289,,
XGOVEXP.IMF,ISL,2004,15.33897018432617,,
XGOVEXP.IMF,ISL,2005,16.30814933776855,,
XGOVEXP.IMF,ISL,2006,16.0469799041748,,
XGOVEXP.IMF,ISL,2007,15.51906967163086,,
XGOVEXP.IMF,ISL,2008,11.10029983520508,,
XGOVEXP.IMF,ISL,2009,13.41956043243408,,
XGOVEXP.IMF,ISL,2010,14.23122024536133,,
XGOVEXP.IMF,ISL,2011,13.43597030639648,,
XGOVEXP.IMF,ISL,2012,15.88494968414307,,
XGOVEXP.IMF,ISL,2013,16.20466995239258,,
XGOVEXP.IMF,ISL,2014,16.67432975769043,,
XGOVEXP.IMF,ISL,2015,17.1551399230957,,
XGOVEXP.IMF,ISL,2016,16.00481986999512,,
XGOVEXP.IMF,ISL,2017,17.07719039916992,,
XGOVEXP.IMF,ISL,2018,17.24921989440918,,
XGOVEXP.IMF,ISL,2019,17.44318962097168,,
XGOVEXP.IMF,ISL,2020,16.79796981811523,,
XGOVEXP.IMF,ISL,2021,16.59103965759277,,
XGOVEXP.IMF,ISL,2022,15.65501022338867,,
XGOVEXP.IMF,ISR,2000,13.67479038238525,,
XGOVEXP.IMF,ISR,2001,13.40509986877441,,
XGOVEXP.IMF,ISR,2002,12.51935958862305,,
XGOVEXP.IMF,ISR,2003,13.52538967132568,,
XGOVEXP.IMF,ISR,2004,13.38453006744385,,
XGOVEXP.IMF,ISR,2005,13.1606502532959,,
XGOVEXP.IMF,ISR,2006,13.43054962158203,,
XGOVEXP.IMF,ISR,2007,13.28104019165039,,
XGOVEXP.IMF,ISR,2008,13.13895034790039,,
XGOVEXP.IMF,ISR,2009,12.93437004089355,,
XGOVEXP.IMF,ISR,2010,13.63444042205811,,
XGOVEXP.IMF,ISR,2011,13.82794952392578,,
XGOVEXP.IMF,ISR,2012,14.07756996154785,,
XGOVEXP.IMF,ISR,2013,14.55673027038574,,
XGOVEXP.IMF,ISR,2014,14.90192031860352,,
XGOVEXP.IMF,ISR,2015,15.46302032470703,,
XGOVEXP.IMF,ISR,2016,15.3488597869873,,
XGOVEXP.IMF,ISR,2017,15.70734977722168,,
XGOVEXP.IMF,ISR,2018,15.5355396270752,,
XGOVEXP.IMF,ISR,2019,15.74977970123291,,
XGOVEXP.IMF,ISR,2020,14.5418701171875,,
XGOVEXP.IMF,ISR,2021,15.40744972229004,,
XGOVEXP.IMF,ISR,2022,16.0677604675293,,
XGOVEXP.IMF,ITA,2000,9.230279922485352,,
XGOVEXP.IMF,ITA,2001,9.832320213317871,,
XGOVEXP.IMF,ITA,2002,9.496430397033691,,
XGOVEXP.IMF,ITA,2003,9.637439727783203,,
XGOVEXP.IMF,ITA,2004,9.364350318908691,,
XGOVEXP.IMF,ITA,2005,8.974749565124512,,
XGOVEXP.IMF,ITA,2006,9.471480369567871,,
XGOVEXP.IMF,ITA,2007,8.7716703414917,,
XGOVEXP.IMF,ITA,2008,9.155610084533691,,
XGOVEXP.IMF,ITA,2009,8.822580337524414,,
XGOVEXP.IMF,ITA,2010,8.667400360107422,,
XGOVEXP.IMF,ITA,2011,8.351200103759766,,
XGOVEXP.IMF,ITA,2012,7.99275016784668,,
XGOVEXP.IMF,ITA,2013,8.097970008850098,,
XGOVEXP.IMF,ITA,2014,7.966609954833984,,
XGOVEXP.IMF,ITA,2015,8.069100379943848,,
XGOVEXP.IMF,ITA,2016,7.749090194702148,,
XGOVEXP.IMF,ITA,2017,8.254170417785645,,
XGOVEXP.IMF,ITA,2018,8.776639938354492,,
XGOVEXP.IMF,ITA,2019,8.422369956970215,,
XGOVEXP.IMF,ITA,2020,7.780439853668213,,
XGOVEXP.IMF,ITA,2021,7.443339824676514,,
XGOVEXP.IMF,ITA,2022,7.405159950256348,,
XGOVEXP.IMF,JAM,2000,16.79660034179688,,
XGOVEXP.IMF,JAM,2001,19.99114990234375,,
XGOVEXP.IMF,JAM,2002,18.36392974853516,,
XGOVEXP.IMF,JAM,2003,13.36233997344971,,
XGOVEXP.IMF,JAM,2004,11.73301982879639,,
XGOVEXP.IMF,JAM,2005,14.26937007904053,,
XGOVEXP.IMF,JAM,2007,17.17304992675781,,
XGOVEXP.IMF,JAM,2008,19.11938095092773,,
XGOVEXP.IMF,JAM,2009,17.5528392791748,,
XGOVEXP.IMF,JAM,2010,16.10293960571289,,
XGOVEXP.IMF,JAM,2011,18.58193016052246,,
XGOVEXP.IMF,JAM,2012,18.80925941467285,,
XGOVEXP.IMF,JAM,2013,20.57386016845703,,
XGOVEXP.IMF,JAM,2014,21.79748916625977,,
XGOVEXP.IMF,JAM,2015,20.05147933959961,,
XGOVEXP.IMF,JAM,2016,19.14512062072754,,
XGOVEXP.IMF,JAM,2017,18.40254020690918,,
XGOVEXP.IMF,JAM,2018,18.58399963378906,,
XGOVEXP.IMF,JAM,2019,17.31398963928223,,
XGOVEXP.IMF,JAM,2021,17.41790008544922,,
XGOVEXP.IMF,JAM,2022,16.93285942077637,,
XGOVEXP.IMF,JAM,2024,17.86577033996582,,
XGOVEXP.IMF,JOR,2010,10.69395401981491,,
XGOVEXP.IMF,JOR,2011,11.09997597353175,,
XGOVEXP.IMF,JOR,2012,11.87684168839197,,
XGOVEXP.IMF,JOR,2013,13.07868718131611,,
XGOVEXP.IMF,JOR,2014,12.55225712879914,,
XGOVEXP.IMF,JOR,2015,13.1707308975649,,
XGOVEXP.IMF,JOR,2016,12.15015983581543,,
XGOVEXP.IMF,JOR,2017,11.19604969024658,,
XGOVEXP.IMF,JOR,2018,9.82532024383545,,
XGOVEXP.IMF,JOR,2019,9.917739868164062,,
XGOVEXP.IMF,JOR,2020,11.96798131241838,,
XGOVEXP.IMF,JOR,2021,9.749469757080078,,
XGOVEXP.IMF,JOR,2022,9.683899879455566,,
XGOVEXP.IMF,JOR,2023,11.55861289402402,,
XGOVEXP.IMF,JOR,2024,11.71845606271871,,
XGOVEXP.IMF,KAZ,2002,14.75948047637939,,
XGOVEXP.IMF,KAZ,2004,10.60968017578125,,
XGOVEXP.IMF,KAZ,2005,10.28594970703125,,
XGOVEXP.IMF,KAZ,2006,13.26669979095459,,
XGOVEXP.IMF,KAZ,2007,11.94447040557861,,
XGOVEXP.IMF,KAZ,2008,13.64694023132324,,
XGOVEXP.IMF,KAZ,2009,13.04090023040771,,
XGOVEXP.IMF,KAZ,2010,15.91928479165183,,
XGOVEXP.IMF,KAZ,2011,16.97598616377303,,
XGOVEXP.IMF,KAZ,2012,17.76632605120977,,
XGOVEXP.IMF,KAZ,2013,17.32329650992277,,
XGOVEXP.IMF,KAZ,2014,16.08365153861613,,
XGOVEXP.IMF,KAZ,2015,12.193039894104,,
XGOVEXP.IMF,KAZ,2016,13.84409999847412,,
XGOVEXP.IMF,KAZ,2017,11.4199104309082,,
XGOVEXP.IMF,KAZ,2018,13.88018035888672,,
XGOVEXP.IMF,KAZ,2019,14.10953044891357,,
XGOVEXP.IMF,KAZ,2020,17.99516493085393,,
XGOVEXP.IMF,KAZ,2021,19.82799145375141,,
XGOVEXP.IMF,KAZ,2022,20.05521042883349,,
XGOVEXP.IMF,KAZ,2023,20.79612922668457,,
XGOVEXP.IMF,KAZ,2024,21.95535386566118,,
XGOVEXP.IMF,KEN,2000,24.06613922119141,,
XGOVEXP.IMF,KEN,2001,22.96161079406738,,
XGOVEXP.IMF,KEN,2002,26.84721946716309,UIS_EST,
XGOVEXP.IMF,KEN,2003,25.8499698638916,,
XGOVEXP.IMF,KEN,2004,27.59770965576172,,
XGOVEXP.IMF,KEN,2005,28.94343948364258,,
XGOVEXP.IMF,KEN,2006,26.95387077331543,,
XGOVEXP.IMF,KEN,2010,20.35201072692871,,
XGOVEXP.IMF,KEN,2011,20.19197082519531,,
XGOVEXP.IMF,KEN,2012,19.48481941223145,,
XGOVEXP.IMF,KEN,2013,18.68946075439453,,
XGOVEXP.IMF,KEN,2014,17.8151798248291,,
XGOVEXP.IMF,KEN,2015,17.36208915710449,,
XGOVEXP.IMF,KEN,2016,17.49838066101074,UIS_EST,
XGOVEXP.IMF,KEN,2017,17.63139915466309,UIS_EST,
XGOVEXP.IMF,KEN,2018,18.95112037658691,UIS_EST,
XGOVEXP.IMF,KEN,2019,19.05114365316146,,
XGOVEXP.IMF,KEN,2020,17.76485477092805,,
XGOVEXP.IMF,KEN,2021,17.27012062487641,,
XGOVEXP.IMF,KEN,2022,16.08167547957224,,
XGOVEXP.IMF,KEN,2023,24.99424813407208,,
XGOVEXP.IMF,KEN,2024,27.92465549914242,,
XGOVEXP.IMF,KEN,2025,28.54065464864895,,
XGOVEXP.IMF,KGZ,2000,11.61130046844482,,
XGOVEXP.IMF,KGZ,2001,13.72138977050781,,
XGOVEXP.IMF,KGZ,2002,15.14647006988525,,
XGOVEXP.IMF,KGZ,2003,15.93953037261963,,
XGOVEXP.IMF,KGZ,2004,16.24381065368652,,
XGOVEXP.IMF,KGZ,2005,16.76840019226074,,
XGOVEXP.IMF,KGZ,2006,19.0526008605957,,
XGOVEXP.IMF,KGZ,2007,21.85145950317383,,
XGOVEXP.IMF,KGZ,2008,21.20623970031738,,
XGOVEXP.IMF,KGZ,2009,19.15300941467285,,
XGOVEXP.IMF,KGZ,2010,15.68130970001221,,
XGOVEXP.IMF,KGZ,2011,18.17252922058105,,
XGOVEXP.IMF,KGZ,2012,18.19500923156738,,
XGOVEXP.IMF,KGZ,2013,17.77379035949707,,
XGOVEXP.IMF,KGZ,2014,14.36483955383301,,
XGOVEXP.IMF,KGZ,2015,15.71675968170166,,
XGOVEXP.IMF,KGZ,2016,16.92091941833496,,
XGOVEXP.IMF,KGZ,2017,16.27813911437988,,
XGOVEXP.IMF,KGZ,2018,16.79590034484863,,
XGOVEXP.IMF,KGZ,2019,16.47274971008301,,
XGOVEXP.IMF,KGZ,2020,17.87512969970703,,
XGOVEXP.IMF,KGZ,2021,16.106689453125,,
XGOVEXP.IMF,KGZ,2022,23.51836483215024,,
XGOVEXP.IMF,KGZ,2023,22.10962153337157,,
XGOVEXP.IMF,KGZ,2024,19.64759166999856,,
XGOVEXP.IMF,KHM,2000,11.07901000976563,,
XGOVEXP.IMF,KHM,2001,11.3807897567749,,
XGOVEXP.IMF,KHM,2002,10.13757038116455,,
XGOVEXP.IMF,KHM,2004,12.40431022644043,,
XGOVEXP.IMF,KHM,2007,11.1035099029541,,
XGOVEXP.IMF,KHM,2009,8.165240287780762,,
XGOVEXP.IMF,KHM,2010,7.337470054626465,,
XGOVEXP.IMF,KHM,2011,7.335400104522705,,
XGOVEXP.IMF,KHM,2012,7.199850082397461,,
XGOVEXP.IMF,KHM,2013,9.59706974029541,,
XGOVEXP.IMF,KHM,2014,8.791600227355957,,
XGOVEXP.IMF,KHM,2018,9.97500991821289,,
XGOVEXP.IMF,KHM,2019,12.13110673475463,,
XGOVEXP.IMF,KHM,2020,11.06877199074884,,
XGOVEXP.IMF,KHM,2021,9.349599512147341,,
XGOVEXP.IMF,KHM,2022,11.67428084419715,,
XGOVEXP.IMF,KHM,2023,12.01438511188561,,
XGOVEXP.IMF,KHM,2024,11.23393228785298,,
XGOVEXP.IMF,KHM,2025,11.55124635662714,,
XGOVEXP.IMF,KIR,2000,15.26541996002197,,
XGOVEXP.IMF,KIR,2001,11.51613998413086,,
XGOVEXP.IMF,KIR,2012,24.30519466939581,,
XGOVEXP.IMF,KIR,2013,24.07540892999183,,
XGOVEXP.IMF,KIR,2014,21.31180121567801,,
XGOVEXP.IMF,KIR,2015,20.11219836320453,,
XGOVEXP.IMF,KIR,2016,18.46271252048994,,
XGOVEXP.IMF,KIR,2017,15.29908977818064,,
XGOVEXP.IMF,KIR,2018,20.66576720485671,,
XGOVEXP.IMF,KIR,2019,17.94155720681782,,
XGOVEXP.IMF,KIR,2020,20.17760858579944,,
XGOVEXP.IMF,KIR,2021,19.27184167279387,,
XGOVEXP.IMF,KIR,2022,18.89857382096768,,
XGOVEXP.IMF,KIR,2023,21.6432047478521,,
XGOVEXP.IMF,KIR,2024,20.11529243045446,,
XGOVEXP.IMF,KNA,2000,13.68505001068115,,
XGOVEXP.IMF,KNA,2001,14.31910991668701,,
XGOVEXP.IMF,KNA,2002,11.05932998657227,,
XGOVEXP.IMF,KNA,2003,12.28806018829346,,
XGOVEXP.IMF,KNA,2004,11.79026031494141,,
XGOVEXP.IMF,KNA,2005,11.05620956420898,,
XGOVEXP.IMF,KNA,2006,12.47840976715088,,
XGOVEXP.IMF,KNA,2007,13.0518102645874,,
XGOVEXP.IMF,KNA,2010,8.654870591694438,,
XGOVEXP.IMF,KNA,2011,10.65097158741,,
XGOVEXP.IMF,KNA,2012,11.43145105621606,,
XGOVEXP.IMF,KNA,2013,13.31337849841601,,
XGOVEXP.IMF,KNA,2014,12.21721643130057,,
XGOVEXP.IMF,KNA,2015,8.773480415344238,,
XGOVEXP.IMF,KNA,2016,14.36052034119215,,
XGOVEXP.IMF,KNA,2017,13.26362534510543,,
XGOVEXP.IMF,KNA,2018,10.10633977194714,,
XGOVEXP.IMF,KNA,2019,8.638546946684855,,
XGOVEXP.IMF,KNA,2020,9.614765157726564,,
XGOVEXP.IMF,KNA,2021,6.757699966430664,,
XGOVEXP.IMF,KNA,2022,7.725908564401099,,
XGOVEXP.IMF,KNA,2023,9.075799049679418,,
XGOVEXP.IMF,KNA,2024,10.20318256581093,,
XGOVEXP.IMF,KNA,2025,11.00218222628169,,
XGOVEXP.IMF,KWT,2001,22.45137977600098,UIS_EST,
XGOVEXP.IMF,KWT,2002,16.08834075927734,,
XGOVEXP.IMF,KWT,2004,14.6948299407959,,
XGOVEXP.IMF,KWT,2005,13.56873989105225,,
XGOVEXP.IMF,KWT,2006,13.19108009338379,UIS_EST,
XGOVEXP.IMF,KWT,2016,11.25300673389,,
XGOVEXP.IMF,KWT,2017,11.86198941652984,,
XGOVEXP.IMF,KWT,2018,12.15754821435901,,
XGOVEXP.IMF,KWT,2019,12.85029939538648,,
XGOVEXP.IMF,KWT,2020,12.43980164756156,,
XGOVEXP.IMF,KWT,2021,12.0027574509284,,
XGOVEXP.IMF,KWT,2022,12.26316518781819,,
XGOVEXP.IMF,KWT,2023,12.57962268366565,,
XGOVEXP.IMF,KWT,2024,12.68860989089407,,
XGOVEXP.IMF,KWT,2025,13.84522093260029,,
XGOVEXP.IMF,LAO,2000,7.295569896697998,,
XGOVEXP.IMF,LAO,2001,9.94657039642334,,
XGOVEXP.IMF,LAO,2002,15.26266002655029,,
XGOVEXP.IMF,LAO,2004,15.87508010864258,,
XGOVEXP.IMF,LAO,2005,14.12926959991455,,
XGOVEXP.IMF,LAO,2006,17.76235961914063,,
XGOVEXP.IMF,LAO,2007,18.1017894744873,,
XGOVEXP.IMF,LAO,2008,13.00520992279053,,
XGOVEXP.IMF,LAO,2009,7.463099956512451,,
XGOVEXP.IMF,LAO,2010,7.246960163116455,,
XGOVEXP.IMF,LAO,2011,8.2595796585083,,
XGOVEXP.IMF,LAO,2012,7.368390083312988,,
XGOVEXP.IMF,LAO,2013,13.34101009368896,,
XGOVEXP.IMF,LAO,2014,11.75734996795654,,
XGOVEXP.IMF,LAO,2015,10.46939689717049,,
XGOVEXP.IMF,LAO,2016,12.89050726641641,,
XGOVEXP.IMF,LAO,2017,11.43893559961442,,
XGOVEXP.IMF,LAO,2018,11.16837801407134,,
XGOVEXP.IMF,LAO,2019,10.83162056832696,,
XGOVEXP.IMF,LAO,2020,10.66222109241873,,
XGOVEXP.IMF,LAO,2021,11.50620642277846,,
XGOVEXP.IMF,LAO,2022,9.824934171803848,,
XGOVEXP.IMF,LAO,2023,9.803671883860723,,
XGOVEXP.IMF,LAO,2024,8.241551313701287,,
XGOVEXP.IMF,LBN,2001,7.421249866485596,,
XGOVEXP.IMF,LBN,2002,7.056300163269043,,
XGOVEXP.IMF,LBN,2004,7.931230068206787,,
XGOVEXP.IMF,LBN,2005,8.421310424804688,,
XGOVEXP.IMF,LBN,2006,7.693190097808838,,
XGOVEXP.IMF,LBN,2007,7.341040134429932,,
XGOVEXP.IMF,LBN,2008,5.869770050048828,,
XGOVEXP.IMF,LBN,2009,5.502999782562256,,
XGOVEXP.IMF,LBN,2010,5.534289836883545,,
XGOVEXP.IMF,LBN,2011,5.733809947967529,,
XGOVEXP.IMF,LBN,2012,7.10915994644165,,
XGOVEXP.IMF,LBN,2013,8.575519561767578,,
XGOVEXP.IMF,LBN,2016,7.148961776273905,,
XGOVEXP.IMF,LBN,2017,7.147536183384924,,
XGOVEXP.IMF,LBN,2018,8.047454523069348,,
XGOVEXP.IMF,LBN,2019,8.143953447501515,,
XGOVEXP.IMF,LBN,2020,9.898285499982261,,
XGOVEXP.IMF,LBN,2022,8.858170430357449,,
XGOVEXP.IMF,LBN,2024,6.113990880418318,,
XGOVEXP.IMF,LBN,2025,8.59284340785173,,
XGOVEXP.IMF,LBR,2008,6.454070091247559,,
XGOVEXP.IMF,LBR,2012,5.184340000152588,,
XGOVEXP.IMF,LBR,2013,5.652689933776855,UIS_EST,
XGOVEXP.IMF,LBR,2014,6.760149955749512,UIS_EST,
XGOVEXP.IMF,LBR,2017,7.769100189208984,UIS_EST,
XGOVEXP.IMF,LBR,2018,7.96435022354126,UIS_EST,
XGOVEXP.IMF,LBR,2021,7.366199970245361,,
XGOVEXP.IMF,LCA,2001,25.85462951660156,UIS_EST,
XGOVEXP.IMF,LCA,2003,15.42216014862061,UIS_EST,
XGOVEXP.IMF,LCA,2004,15.04104042053223,,
XGOVEXP.IMF,LCA,2005,16.30697059631348,,
XGOVEXP.IMF,LCA,2006,19.01137924194336,,
XGOVEXP.IMF,LCA,2008,19.9433708190918,,
XGOVEXP.IMF,LCA,2009,13.89531993865967,,
XGOVEXP.IMF,LCA,2010,14.20207977294922,NAT_EST,
XGOVEXP.IMF,LCA,2011,13.83675956726074,,
XGOVEXP.IMF,LCA,2012,12.19244956970215,,
XGOVEXP.IMF,LCA,2013,13.84786033630371,,
XGOVEXP.IMF,LCA,2014,15.30152034759521,,
XGOVEXP.IMF,LCA,2015,16.45298004150391,,
XGOVEXP.IMF,LCA,2016,21.97570037841797,,
XGOVEXP.IMF,LCA,2017,14.09973625126395,,
XGOVEXP.IMF,LCA,2018,14.30671977996826,,
XGOVEXP.IMF,LCA,2019,14.0734395980835,,
XGOVEXP.IMF,LCA,2020,14.39326953887939,,
XGOVEXP.IMF,LCA,2021,14.46758634149414,,
XGOVEXP.IMF,LCA,2022,16.89816093444824,,
XGOVEXP.IMF,LCA,2023,11.99497985839844,,
XGOVEXP.IMF,LCA,2024,13.84879365079365,,
XGOVEXP.IMF,LCA,2025,12.7481294348599,,
XGOVEXP.IMF,LKA,2009,8.270790100097656,,
XGOVEXP.IMF,LKA,2010,8.605660438537598,,
XGOVEXP.IMF,LKA,2011,9.110159873962402,,
XGOVEXP.IMF,LKA,2012,8.39402961730957,,
XGOVEXP.IMF,LKA,2013,9.419949531555176,,
XGOVEXP.IMF,LKA,2014,10.82396030426025,,
XGOVEXP.IMF,LKA,2015,10.95026016235352,,
XGOVEXP.IMF,LKA,2016,17.728759765625,,
XGOVEXP.IMF,LKA,2017,14.49975967407227,,
XGOVEXP.IMF,LKA,2018,11.33090019226074,,
XGOVEXP.IMF,LKA,2020,5.468591600836235,,
XGOVEXP.IMF,LKA,2021,5.038812340874119,,
XGOVEXP.IMF,LKA,2022,5.345830425661076,,
XGOVEXP.IMF,LKA,2023,8.67846709056539,,
XGOVEXP.IMF,LKA,2024,7.222699914015478,,
XGOVEXP.IMF,LSO,2000,19.14159965515137,,
XGOVEXP.IMF,LSO,2001,22.96562957763672,,
XGOVEXP.IMF,LSO,2002,23.48707962036133,,
XGOVEXP.IMF,LSO,2003,31.50684928894043,,
XGOVEXP.IMF,LSO,2004,27.16360092163086,,
XGOVEXP.IMF,LSO,2005,32.5390510559082,,
XGOVEXP.IMF,LSO,2006,28.95932006835938,,
XGOVEXP.IMF,LSO,2008,24.21858024597168,,
XGOVEXP.IMF,LSO,2015,13.93599496099617,,
XGOVEXP.IMF,LSO,2016,13.99764024455647,,
XGOVEXP.IMF,LSO,2017,15.115309715271,UIS_EST,
XGOVEXP.IMF,LSO,2018,14.08535003662109,,
XGOVEXP.IMF,LSO,2023,10.99967960836137,,
XGOVEXP.IMF,LSO,2024,10.37344398340249,,
XGOVEXP.IMF,LTU,2001,16.67028045654297,,
XGOVEXP.IMF,LTU,2002,17.4650993347168,,
XGOVEXP.IMF,LTU,2003,15.93097972869873,,
XGOVEXP.IMF,LTU,2004,15.57213020324707,,
XGOVEXP.IMF,LTU,2005,14.57956027984619,,
XGOVEXP.IMF,LTU,2006,14.28964996337891,,
XGOVEXP.IMF,LTU,2007,13.32594013214111,,
XGOVEXP.IMF,LTU,2008,13.05296039581299,,
XGOVEXP.IMF,LTU,2009,12.77760982513428,,
XGOVEXP.IMF,LTU,2010,12.85881996154785,,
XGOVEXP.IMF,LTU,2011,12.336350440979,,
XGOVEXP.IMF,LTU,2012,13.53596973419189,,
XGOVEXP.IMF,LTU,2013,13.28802013397217,,
XGOVEXP.IMF,LTU,2014,13.19013977050781,,
XGOVEXP.IMF,LTU,2015,12.2882604598999,,
XGOVEXP.IMF,LTU,2016,12.02523994445801,,
XGOVEXP.IMF,LTU,2017,11.76564025878906,,
XGOVEXP.IMF,LTU,2018,11.74273014068604,,
XGOVEXP.IMF,LTU,2019,11.74954032897949,,
XGOVEXP.IMF,LTU,2020,10.76904964447021,,
XGOVEXP.IMF,LTU,2021,11.4821195602417,,
XGOVEXP.IMF,LTU,2022,11.80422973632813,,
XGOVEXP.IMF,LUX,2001,9.280659675598145,,
XGOVEXP.IMF,LUX,2012,9.274550437927246,,
XGOVEXP.IMF,LUX,2014,9.49374008178711,,
XGOVEXP.IMF,LUX,2015,9.334429740905762,,
XGOVEXP.IMF,LUX,2017,8.446260452270508,,
XGOVEXP.IMF,LUX,2018,8.643280029296875,,
XGOVEXP.IMF,LUX,2019,8.676429748535156,,
XGOVEXP.IMF,LUX,2020,8.194990158081055,,
XGOVEXP.IMF,LUX,2021,8.690329551696777,,
XGOVEXP.IMF,LUX,2022,8.450380325317383,,
XGOVEXP.IMF,LVA,2000,14.60147953033447,,
XGOVEXP.IMF,LVA,2001,15.87751960754395,,
XGOVEXP.IMF,LVA,2002,16.37018013000488,,
XGOVEXP.IMF,LVA,2003,15.37675952911377,,
XGOVEXP.IMF,LVA,2004,14.50181007385254,,
XGOVEXP.IMF,LVA,2006,13.91162967681885,,
XGOVEXP.IMF,LVA,2007,14.06704998016357,,
XGOVEXP.IMF,LVA,2008,14.76309967041016,,
XGOVEXP.IMF,LVA,2009,13.02513980865479,,
XGOVEXP.IMF,LVA,2010,11.8090295791626,,
XGOVEXP.IMF,LVA,2011,12.71531009674072,,
XGOVEXP.IMF,LVA,2012,17.73654937744141,,
XGOVEXP.IMF,LVA,2013,18.74402046203613,,
XGOVEXP.IMF,LVA,2014,13.97237014770508,,
XGOVEXP.IMF,LVA,2015,14.12740993499756,,
XGOVEXP.IMF,LVA,2016,12.89328956604004,,
XGOVEXP.IMF,LVA,2017,11.97128009796143,,
XGOVEXP.IMF,LVA,2018,11.15254020690918,,
XGOVEXP.IMF,LVA,2019,11.76817035675049,,
XGOVEXP.IMF,LVA,2020,11.71951961517334,,
XGOVEXP.IMF,LVA,2021,10.69342041015625,,
XGOVEXP.IMF,LVA,2022,9.921030044555664,,
XGOVEXP.IMF,MAC,2000,11.83891010284424,,
XGOVEXP.IMF,MAC,2001,11.09216022491455,,
XGOVEXP.IMF,MAC,2002,10.71469020843506,,
XGOVEXP.IMF,MAC,2003,10.38807010650635,,
XGOVEXP.IMF,MAC,2004,9.002079963684082,,
XGOVEXP.IMF,MAC,2005,8.113349914550781,,
XGOVEXP.IMF,MAC,2006,11.18393039703369,,
XGOVEXP.IMF,MAC,2007,9.946459770202637,,
XGOVEXP.IMF,MAC,2008,10.44556999206543,,
XGOVEXP.IMF,MAC,2009,11.3725004196167,,
XGOVEXP.IMF,MAC,2010,12.97941970825195,,
XGOVEXP.IMF,MAC,2011,14.63311004638672,,
XGOVEXP.IMF,MAC,2012,22.32860946655273,,
XGOVEXP.IMF,MAC,2013,12.58631992340088,,
XGOVEXP.IMF,MAC,2014,13.6573600769043,,
XGOVEXP.IMF,MAC,2015,13.41969966888428,,
XGOVEXP.IMF,MAC,2016,13.83483982086182,,
XGOVEXP.IMF,MAC,2017,14.10256958007813,,
XGOVEXP.IMF,MAC,2018,15.15968990325928,,
XGOVEXP.IMF,MAC,2019,16.59794998168945,,
XGOVEXP.IMF,MAC,2020,14.16965961456299,,
XGOVEXP.IMF,MAC,2021,14.68649005889893,,
XGOVEXP.IMF,MAC,2022,12.27540016174316,,
XGOVEXP.IMF,MAC,2023,12.37901020050049,,
XGOVEXP.IMF,MAR,2008,17.47064018249512,,
XGOVEXP.IMF,MAR,2009,17.29528999328613,,
XGOVEXP.IMF,MAR,2012,20.74607850492187,,
XGOVEXP.IMF,MAR,2014,22.06394278413318,,
XGOVEXP.IMF,MAR,2015,22.2395469824195,,
XGOVEXP.IMF,MAR,2016,22.25735674888952,,
XGOVEXP.IMF,MAR,2017,21.64990385788905,,
XGOVEXP.IMF,MAR,2018,22.44476135166153,,
XGOVEXP.IMF,MAR,2019,21.46507082738493,,
XGOVEXP.IMF,MAR,2020,24.15809398801193,,
XGOVEXP.IMF,MAR,2021,23.75648300450683,,
XGOVEXP.IMF,MAR,2022,23.86566628044771,,
XGOVEXP.IMF,MAR,2023,22.82552009868947,,
XGOVEXP.IMF,MAR,2024,23.27887880123122,,
XGOVEXP.IMF,MCO,2000,6.327899932861328,,
XGOVEXP.IMF,MCO,2004,5.925950050354004,,
XGOVEXP.IMF,MCO,2009,6.598810195922852,,
XGOVEXP.IMF,MCO,2010,6.36322021484375,,
XGOVEXP.IMF,MCO,2011,8.076169967651367,,
XGOVEXP.IMF,MCO,2012,8.87594985961914,,
XGOVEXP.IMF,MCO,2013,7.059219837188721,,
XGOVEXP.IMF,MCO,2014,5.008860111236572,,
XGOVEXP.IMF,MCO,2016,6.596549987792969,,
XGOVEXP.IMF,MCO,2017,6.980629920959473,,
XGOVEXP.IMF,MCO,2019,5.029270172119141,,
XGOVEXP.IMF,MCO,2021,5.873690128326416,,
XGOVEXP.IMF,MCO,2022,4.795989990234375,,
XGOVEXP.IMF,MCO,2023,7.732029914855957,,
XGOVEXP.IMF,MDA,2000,12.92393016815186,,
XGOVEXP.IMF,MDA,2001,16.42476081848145,,
XGOVEXP.IMF,MDA,2002,17.88434028625488,,
XGOVEXP.IMF,MDA,2003,16.19259071350098,,
XGOVEXP.IMF,MDA,2004,19.4520206451416,,
XGOVEXP.IMF,MDA,2005,19.29664993286133,,
XGOVEXP.IMF,MDA,2006,18.60881996154785,,
XGOVEXP.IMF,MDA,2007,19.41696929931641,,
XGOVEXP.IMF,MDA,2008,19.8500804901123,,
XGOVEXP.IMF,MDA,2009,20.99263000488281,,
XGOVEXP.IMF,MDA,2010,22.26700973510742,,
XGOVEXP.IMF,MDA,2011,21.91588020324707,,
XGOVEXP.IMF,MDA,2012,20.74197006225586,,
XGOVEXP.IMF,MDA,2013,18.27648746613956,,
XGOVEXP.IMF,MDA,2014,18.76510047912598,,
XGOVEXP.IMF,MDA,2015,18.23871988412744,,
XGOVEXP.IMF,MDA,2016,18.62162971496582,,
XGOVEXP.IMF,MDA,2017,18.43283081054688,,
XGOVEXP.IMF,MDA,2018,17.56772994995117,,
XGOVEXP.IMF,MDA,2019,19.46438026428223,,
XGOVEXP.IMF,MDA,2020,17.99377059936523,,
XGOVEXP.IMF,MDA,2021,16.84165000915527,,
XGOVEXP.IMF,MDA,2022,16.69313049316406,,
XGOVEXP.IMF,MDA,2023,16.88652992248535,,
XGOVEXP.IMF,MDA,2024,15.96476004511937,,
XGOVEXP.IMF,MDG,2000,15.89050960540771,,
XGOVEXP.IMF,MDG,2001,17.68247032165527,,
XGOVEXP.IMF,MDG,2002,17.93675994873047,,
XGOVEXP.IMF,MDG,2003,15.76313972473145,,
XGOVEXP.IMF,MDG,2004,12.96076965332031,,
XGOVEXP.IMF,MDG,2005,18.03303909301758,,
XGOVEXP.IMF,MDG,2006,15.32419013977051,,
XGOVEXP.IMF,MDG,2007,18.0445499420166,,
XGOVEXP.IMF,MDG,2008,16.25814056396484,,
XGOVEXP.IMF,MDG,2009,22.58583068847656,,
XGOVEXP.IMF,MDG,2010,18.6357054482013,,
XGOVEXP.IMF,MDG,2011,19.77969932556152,,
XGOVEXP.IMF,MDG,2012,20.3257999420166,,
XGOVEXP.IMF,MDG,2013,13.9893798828125,,
XGOVEXP.IMF,MDG,2014,18.96677017211914,UIS_EST,
XGOVEXP.IMF,MDG,2015,16.96290969848633,UIS_EST,
XGOVEXP.IMF,MDG,2016,19.83818054199219,UIS_EST,
XGOVEXP.IMF,MDG,2018,19.81801986694336,UIS_EST,
XGOVEXP.IMF,MDG,2019,17.9527918245618,,
XGOVEXP.IMF,MDV,2002,21.20602989196777,UIS_EST,
XGOVEXP.IMF,MDV,2003,20.18581008911133,,
XGOVEXP.IMF,MDV,2004,19.37100028991699,UIS_EST,
XGOVEXP.IMF,MDV,2005,12.93610000610352,,
XGOVEXP.IMF,MDV,2006,13.25502014160156,,
XGOVEXP.IMF,MDV,2007,12.6912899017334,,
XGOVEXP.IMF,MDV,2008,12.56846046447754,,
XGOVEXP.IMF,MDV,2009,13.73838996887207,,
XGOVEXP.IMF,MDV,2010,10.94631004333496,,
XGOVEXP.IMF,MDV,2011,9.854999542236328,,
XGOVEXP.IMF,MDV,2012,11.22364044189453,,
XGOVEXP.IMF,MDV,2013,12.55389976501465,,
XGOVEXP.IMF,MDV,2014,10.61962985992432,,
XGOVEXP.IMF,MDV,2015,11.44925022125244,,
XGOVEXP.IMF,MDV,2016,9.805020332336426,,
XGOVEXP.IMF,MDV,2017,11.35420883247632,,
XGOVEXP.IMF,MDV,2018,11.38990175854686,,
XGOVEXP.IMF,MDV,2019,12.05514433717882,,
XGOVEXP.IMF,MDV,2020,10.50504097325459,,
XGOVEXP.IMF,MDV,2021,10.03292621907933,,
XGOVEXP.IMF,MDV,2022,11.07644473108537,,
XGOVEXP.IMF,MDV,2023,10.6328052020158,,
XGOVEXP.IMF,MDV,2024,10.7169075614071,,
XGOVEXP.IMF,MDV,2025,9.64509696301341,,
XGOVEXP.IMF,MEX,2000,19.6461296081543,,
XGOVEXP.IMF,MEX,2001,20.62428092956543,,
XGOVEXP.IMF,MEX,2002,21.46491050720215,,
XGOVEXP.IMF,MEX,2003,22.47187042236328,,
XGOVEXP.IMF,MEX,2004,22.05382919311523,,
XGOVEXP.IMF,MEX,2005,21.90378952026367,,
XGOVEXP.IMF,MEX,2006,20.82431983947754,,
XGOVEXP.IMF,MEX,2007,19.88907051086426,,
XGOVEXP.IMF,MEX,2008,17.38015937805176,,
XGOVEXP.IMF,MEX,2009,18.66511917114258,,
XGOVEXP.IMF,MEX,2010,18.6425895690918,,
XGOVEXP.IMF,MEX,2011,18.4210205078125,,
XGOVEXP.IMF,MEX,2012,18.08719062805176,,
XGOVEXP.IMF,MEX,2013,16.90599060058594,,
XGOVEXP.IMF,MEX,2014,18.80594062805176,,
XGOVEXP.IMF,MEX,2015,19.01874923706055,,
XGOVEXP.IMF,MEX,2016,17.93932914733887,,
XGOVEXP.IMF,MEX,2017,17.57729911804199,,
XGOVEXP.IMF,MEX,2018,16.57785034179688,,
XGOVEXP.IMF,MEX,2020,16.19585990905762,,
XGOVEXP.IMF,MEX,2021,15.88313007354736,,
XGOVEXP.IMF,MEX,2022,14.23610973358154,,
XGOVEXP.IMF,MHL,2002,14.81420040130615,,
XGOVEXP.IMF,MHL,2003,22.50875091552734,,
XGOVEXP.IMF,MHL,2013,26.10197514242207,,
XGOVEXP.IMF,MHL,2014,27.39333001730287,,
XGOVEXP.IMF,MHL,2015,26.74951207220904,,
XGOVEXP.IMF,MHL,2016,24.65839914449386,,
XGOVEXP.IMF,MHL,2017,22.38800312770158,,
XGOVEXP.IMF,MHL,2018,21.69809540762708,,
XGOVEXP.IMF,MHL,2019,15.04273986816406,,
XGOVEXP.IMF,MHL,2020,19.3691905422672,,
XGOVEXP.IMF,MHL,2021,22.8696172819017,,
XGOVEXP.IMF,MHL,2022,11.34535980224609,,
XGOVEXP.IMF,MKD,2002,8.64087963104248,,
XGOVEXP.IMF,MLI,2000,15.32380962371826,,
XGOVEXP.IMF,MLI,2001,14.49349975585938,,
XGOVEXP.IMF,MLI,2002,14.5252103805542,,
XGOVEXP.IMF,MLI,2003,18.28376007080078,,
XGOVEXP.IMF,MLI,2004,17.73634910583496,,
XGOVEXP.IMF,MLI,2005,16.28030014038086,,
XGOVEXP.IMF,MLI,2008,18.03169059753418,,
XGOVEXP.IMF,MLI,2009,16.95940971374512,,
XGOVEXP.IMF,MLI,2010,16.50391006469727,,
XGOVEXP.IMF,MLI,2011,18.25834083557129,,
XGOVEXP.IMF,MLI,2012,22.40337944030762,,
XGOVEXP.IMF,MLI,2013,16.62344932556152,,
XGOVEXP.IMF,MLI,2014,18.2242603302002,,
XGOVEXP.IMF,MLI,2015,18.15549087524414,,
XGOVEXP.IMF,MLI,2016,13.90388011932373,,
XGOVEXP.IMF,MLI,2017,16.53433036804199,,
XGOVEXP.IMF,MLI,2018,17.52153015136719,,
XGOVEXP.IMF,MLI,2019,15.35702991485596,,
XGOVEXP.IMF,MLI,2020,15.14260959625244,,
XGOVEXP.IMF,MLI,2021,16.21821022033691,,
XGOVEXP.IMF,MLI,2022,18.1899960391199,,
XGOVEXP.IMF,MLI,2023,19.12176917699192,,
XGOVEXP.IMF,MLI,2024,17.82390310875428,,
XGOVEXP.IMF,MLT,2002,9.535340309143066,,
XGOVEXP.IMF,MLT,2004,10.56002044677734,,
XGOVEXP.IMF,MLT,2007,14.47568035125732,,
XGOVEXP.IMF,MLT,2008,12.99604988098145,,
XGOVEXP.IMF,MLT,2009,12.26858997344971,,
XGOVEXP.IMF,MLT,2010,15.49619960784912,,
XGOVEXP.IMF,MLT,2011,18.2634105682373,,
XGOVEXP.IMF,MLT,2012,14.98746013641357,,
XGOVEXP.IMF,MLT,2013,18.48130035400391,,
XGOVEXP.IMF,MLT,2014,17.30994033813477,,
XGOVEXP.IMF,MLT,2015,12.98429012298584,,
XGOVEXP.IMF,MLT,2016,13.97729015350342,,
XGOVEXP.IMF,MLT,2017,13.27812004089355,,
XGOVEXP.IMF,MLT,2019,13.75829982757568,,
XGOVEXP.IMF,MLT,2021,12.4916296005249,,
XGOVEXP.IMF,MLT,2022,12.49619007110596,,
XGOVEXP.IMF,MMR,2011,5.381509780883789,,
XGOVEXP.IMF,MMR,2017,10.19062042236328,,
XGOVEXP.IMF,MMR,2018,10.11594009399414,,
XGOVEXP.IMF,MMR,2019,9.742409706115723,,
XGOVEXP.IMF,MNG,2000,16.07476997375488,,
XGOVEXP.IMF,MNG,2002,20.31151008605957,,
XGOVEXP.IMF,MNG,2004,13.59444999694824,,
XGOVEXP.IMF,MNG,2007,13.28645038604736,,
XGOVEXP.IMF,MNG,2009,14.51142024993896,,
XGOVEXP.IMF,MNG,2010,14.71113967895508,,
XGOVEXP.IMF,MNG,2011,12.15085029602051,,
XGOVEXP.IMF,MNG,2012,14.40723037719727,,
XGOVEXP.IMF,MNG,2013,15.36744976043701,,
XGOVEXP.IMF,MNG,2014,14.66810035705566,,
XGOVEXP.IMF,MNG,2015,13.54710960388184,,
XGOVEXP.IMF,MNG,2016,13.0631103515625,,
XGOVEXP.IMF,MNG,2017,12.64562034606934,,
XGOVEXP.IMF,MNG,2018,13.11474190183242,,
XGOVEXP.IMF,MNG,2019,10.33956454958317,,
XGOVEXP.IMF,MNG,2020,8.635278758145478,,
XGOVEXP.IMF,MNG,2021,8.364094556565203,,
XGOVEXP.IMF,MNG,2022,7.452066419705862,,
XGOVEXP.IMF,MNG,2023,11.47054958343506,,
XGOVEXP.IMF,MNG,2024,13.7768497467041,,
XGOVEXP.IMF,MOZ,2004,18.00153923034668,,
XGOVEXP.IMF,MOZ,2005,22.71817970275879,,
XGOVEXP.IMF,MOZ,2006,18.55003929138184,,
XGOVEXP.IMF,MOZ,2010,20.1663437150228,,
XGOVEXP.IMF,MOZ,2011,19.09857377051365,,
XGOVEXP.IMF,MOZ,2012,19.76724052429199,,
XGOVEXP.IMF,MOZ,2013,19.03288078308105,,
XGOVEXP.IMF,MOZ,2014,17.40730954418632,,
XGOVEXP.IMF,MOZ,2015,19.85233886814993,,
XGOVEXP.IMF,MOZ,2016,20.18523025512695,UIS_EST,
XGOVEXP.IMF,MOZ,2017,19.19014930725098,UIS_EST,
XGOVEXP.IMF,MOZ,2018,17.29336929321289,UIS_EST,
XGOVEXP.IMF,MOZ,2019,19.03368176962698,,
XGOVEXP.IMF,MOZ,2020,17.93492821808247,,
XGOVEXP.IMF,MOZ,2021,20.44973933448757,,
XGOVEXP.IMF,MRT,2004,8.175809860229492,UIS_EST,
XGOVEXP.IMF,MRT,2006,10.31007957458496,,
XGOVEXP.IMF,MRT,2011,13.68274974822998,,
XGOVEXP.IMF,MRT,2012,10.01766014099121,,
XGOVEXP.IMF,MRT,2013,11.40542984008789,,
XGOVEXP.IMF,MRT,2014,11.90512810405457,,
XGOVEXP.IMF,MRT,2015,12.84349379473953,,
XGOVEXP.IMF,MRT,2016,9.330610275268555,UIS_EST,
XGOVEXP.IMF,MRT,2019,10.22801971435547,,
XGOVEXP.IMF,MRT,2020,9.727089881896973,,
XGOVEXP.IMF,MRT,2021,9.104820251464844,,
XGOVEXP.IMF,MRT,2022,4.841780185699463,,
XGOVEXP.IMF,MRT,2023,18.88887977600098,,
XGOVEXP.IMF,MRT,2024,32.04241943359375,,
XGOVEXP.IMF,MSR,2010,8.598201585466283,,
XGOVEXP.IMF,MSR,2011,7.212193650934713,,
XGOVEXP.IMF,MSR,2012,6.349419975126803,,
XGOVEXP.IMF,MSR,2013,4.829643598994206,,
XGOVEXP.IMF,MSR,2014,5.470771930594156,,
XGOVEXP.IMF,MSR,2015,7.596215274293548,,
XGOVEXP.IMF,MSR,2016,7.790753423220107,,
XGOVEXP.IMF,MSR,2017,7.798000191926572,,
XGOVEXP.IMF,MSR,2018,7.487906305184712,,
XGOVEXP.IMF,MSR,2019,7.318749711973882,,
XGOVEXP.IMF,MSR,2020,4.200764230498947,,
XGOVEXP.IMF,MSR,2021,7.966715073535145,,
XGOVEXP.IMF,MSR,2022,7.051653368114163,,
XGOVEXP.IMF,MSR,2023,5.706099744484784,,
XGOVEXP.IMF,MSR,2024,7.681621653560502,,
XGOVEXP.IMF,MSR,2025,5.732380504573203,,
XGOVEXP.IMF,MUS,2000,12.97033977508545,,
XGOVEXP.IMF,MUS,2001,13.23923969268799,,
XGOVEXP.IMF,MUS,2002,12.91514015197754,,
XGOVEXP.IMF,MUS,2003,17.92271995544434,,
XGOVEXP.IMF,MUS,2004,17.38710021972656,,
XGOVEXP.IMF,MUS,2005,17.08813095092773,,
XGOVEXP.IMF,MUS,2006,15.17617034912109,,
XGOVEXP.IMF,MUS,2007,14.1832799911499,,
XGOVEXP.IMF,MUS,2008,14.0394401550293,,
XGOVEXP.IMF,MUS,2009,13.24722957611084,,
XGOVEXP.IMF,MUS,2010,14.57314968109131,,
XGOVEXP.IMF,MUS,2011,13.84617042541504,,
XGOVEXP.IMF,MUS,2012,14.96061992645264,,
XGOVEXP.IMF,MUS,2013,14.7890100479126,,
XGOVEXP.IMF,MUS,2014,20.90517997741699,,
XGOVEXP.IMF,MUS,2015,19.45709037780762,,
XGOVEXP.IMF,MUS,2016,19.96249961853027,,
XGOVEXP.IMF,MUS,2017,20.35720062255859,,
XGOVEXP.IMF,MUS,2018,19.27433013916016,,
XGOVEXP.IMF,MUS,2019,18.67692947387695,,
XGOVEXP.IMF,MUS,2020,15.64669990539551,,
XGOVEXP.IMF,MUS,2021,14.32312965393066,,
XGOVEXP.IMF,MUS,2022,15.71203994750977,,
XGOVEXP.IMF,MUS,2023,15.60272979736328,,
XGOVEXP.IMF,MUS,2024,14.19141960144043,,
XGOVEXP.IMF,MWI,2003,16.49777030944824,,
XGOVEXP.IMF,MWI,2010,12.45998001098633,,
XGOVEXP.IMF,MWI,2011,15.04564952850342,,
XGOVEXP.IMF,MWI,2012,13.64096357734451,,
XGOVEXP.IMF,MWI,2013,20.49682998657227,,
XGOVEXP.IMF,MWI,2014,16.59646987915039,,
XGOVEXP.IMF,MWI,2015,21.79789924621582,,
XGOVEXP.IMF,MWI,2016,17.19881057739258,,
XGOVEXP.IMF,MWI,2017,14.34442043304443,UIS_EST,
XGOVEXP.IMF,MWI,2018,15.82935047149658,UIS_EST,
XGOVEXP.IMF,MWI,2020,20.15744840559888,,
XGOVEXP.IMF,MWI,2021,17.55940964801724,,
XGOVEXP.IMF,MWI,2023,16,,
XGOVEXP.IMF,MWI,2024,16,,
XGOVEXP.IMF,MYS,2000,21.39068031311035,,
XGOVEXP.IMF,MYS,2001,24.34852027893066,,
XGOVEXP.IMF,MYS,2002,25.90360069274902,,
XGOVEXP.IMF,MYS,2003,24.54244041442871,,
XGOVEXP.IMF,MYS,2004,21.01292037963867,,
XGOVEXP.IMF,MYS,2006,16.74556922912598,,
XGOVEXP.IMF,MYS,2007,16.12466049194336,,
XGOVEXP.IMF,MYS,2008,14.03864002227783,,
XGOVEXP.IMF,MYS,2009,18.46463012695313,,
XGOVEXP.IMF,MYS,2010,18.40623092651367,,
XGOVEXP.IMF,MYS,2011,20.97702026367188,,
XGOVEXP.IMF,MYS,2012,19.85116004943848,,
XGOVEXP.IMF,MYS,2013,19.45430946350098,,
XGOVEXP.IMF,MYS,2014,19.80055999755859,,
XGOVEXP.IMF,MYS,2015,19.81072998046875,,
XGOVEXP.IMF,MYS,2016,20.78914070129395,,
XGOVEXP.IMF,MYS,2017,21.20990943908691,,
XGOVEXP.IMF,MYS,2018,19.64325904846191,,
XGOVEXP.IMF,MYS,2019,17.63631057739258,,
XGOVEXP.IMF,MYS,2020,15.62187957763672,,
XGOVEXP.IMF,MYS,2021,20.46257828486389,,
XGOVEXP.IMF,MYS,2022,20.14967902953713,,
XGOVEXP.IMF,MYS,2023,14.10052013397217,,
XGOVEXP.IMF,NAM,2000,21.9250602722168,,
XGOVEXP.IMF,NAM,2001,22.77570915222168,UIS_EST,
XGOVEXP.IMF,NAM,2002,21.83686065673828,UIS_EST,
XGOVEXP.IMF,NAM,2003,20.32821083068848,,
XGOVEXP.IMF,NAM,2006,21.60298919677734,,
XGOVEXP.IMF,NAM,2008,24.86161041259766,,
XGOVEXP.IMF,NAM,2010,26.12351036071777,,
XGOVEXP.IMF,NAM,2011,24.39881197928833,,
XGOVEXP.IMF,NAM,2012,22.99737014309438,,
XGOVEXP.IMF,NAM,2013,24.09998994674373,,
XGOVEXP.IMF,NAM,2014,23.95806974314149,,
XGOVEXP.IMF,NAM,2015,22.57133242132447,,
XGOVEXP.IMF,NAM,2016,23.93919526530498,,
XGOVEXP.IMF,NAM,2017,24.67402602115477,,
XGOVEXP.IMF,NAM,2018,23.32430318241985,,
XGOVEXP.IMF,NAM,2019,29.05619567422946,,
XGOVEXP.IMF,NAM,2020,24.94138064056729,,
XGOVEXP.IMF,NAM,2021,25.13548897534568,,
XGOVEXP.IMF,NAM,2022,24.70692072678206,,
XGOVEXP.IMF,NAM,2024,25.05161754418782,,
XGOVEXP.IMF,NAM,2025,24.5766531675005,,
XGOVEXP.IMF,NER,2000,19.05752944946289,,
XGOVEXP.IMF,NER,2001,16.65031051635742,,
XGOVEXP.IMF,NER,2002,16.66684913635254,,
XGOVEXP.IMF,NER,2003,13.84549999237061,,
XGOVEXP.IMF,NER,2006,16.88376998901367,,
XGOVEXP.IMF,NER,2007,17.3759708404541,,
XGOVEXP.IMF,NER,2008,16.17733001708984,,
XGOVEXP.IMF,NER,2009,18.91250991821289,,
XGOVEXP.IMF,NER,2010,19.08964920043945,,
XGOVEXP.IMF,NER,2011,20.11651992797852,,
XGOVEXP.IMF,NER,2012,19.19202041625977,,
XGOVEXP.IMF,NER,2013,18.07670021057129,,
XGOVEXP.IMF,NER,2014,21.66150093078613,,
XGOVEXP.IMF,NER,2015,18.5121898651123,,
XGOVEXP.IMF,NER,2016,15.34716033935547,,
XGOVEXP.IMF,NER,2017,13.21516036987305,,
XGOVEXP.IMF,NER,2018,16.33996963500977,,
XGOVEXP.IMF,NER,2019,13.01280543286008,,
XGOVEXP.IMF,NER,2020,13.33253984583846,,
XGOVEXP.IMF,NER,2021,11.95261605965375,,
XGOVEXP.IMF,NER,2022,12.3714513252292,,
XGOVEXP.IMF,NER,2023,12.80697460445993,,
XGOVEXP.IMF,NGA,2012,8.547881430944276,,
XGOVEXP.IMF,NGA,2013,8.67739295298641,,
XGOVEXP.IMF,NGA,2014,9.037187638157349,,
XGOVEXP.IMF,NGA,2015,9.255510762521041,,
XGOVEXP.IMF,NGA,2016,6.652197285204825,,
XGOVEXP.IMF,NGA,2017,6.120105477628156,,
XGOVEXP.IMF,NGA,2018,5.944552120925064,,
XGOVEXP.IMF,NGA,2019,5.854971851660933,,
XGOVEXP.IMF,NGA,2020,5.131436621204518,,
XGOVEXP.IMF,NGA,2021,5.140225971926752,,
XGOVEXP.IMF,NGA,2022,4.302818010836684,,
XGOVEXP.IMF,NGA,2023,3.647272502361618,,
XGOVEXP.IMF,NGA,2024,2.978497053240286,,
XGOVEXP.IMF,NIC,2000,14.57369995117188,,
XGOVEXP.IMF,NIC,2002,15.68778991699219,,
XGOVEXP.IMF,NIC,2003,14.88700008392334,UIS_EST,
XGOVEXP.IMF,NIC,2010,26.40800094604492,,
XGOVEXP.IMF,NIC,2014,23.04759979248047,UIS_EST,
XGOVEXP.IMF,NIC,2015,22.28290939331055,UIS_EST,
XGOVEXP.IMF,NIC,2016,21.32547950744629,UIS_EST,
XGOVEXP.IMF,NIC,2017,22.43330001831055,UIS_EST,
XGOVEXP.IMF,NIC,2018,22.76133298341563,,
XGOVEXP.IMF,NIC,2019,23.94110248643191,,
XGOVEXP.IMF,NIC,2020,22.68764741595014,,
XGOVEXP.IMF,NIC,2021,18.52223668663849,,
XGOVEXP.IMF,NIC,2022,18.51920973594208,,
XGOVEXP.IMF,NIC,2023,17.68857002258301,,
XGOVEXP.IMF,NIC,2024,11.0127834019803,,
XGOVEXP.IMF,NIU,2020,6.737950427466721,,
XGOVEXP.IMF,NIU,2021,6.914249505302711,,
XGOVEXP.IMF,NIU,2022,6.702117530022028,,
XGOVEXP.IMF,NIU,2023,6.905197500061758,,
XGOVEXP.IMF,NIU,2024,5.898247248255803,,
XGOVEXP.IMF,NIU,2025,5.595122964916303,,
XGOVEXP.IMF,NLD,2000,10.60684967041016,,
XGOVEXP.IMF,NLD,2001,10.63936042785645,,
XGOVEXP.IMF,NLD,2002,10.69431972503662,,
XGOVEXP.IMF,NLD,2003,10.97206020355225,,
XGOVEXP.IMF,NLD,2004,11.28462028503418,,
XGOVEXP.IMF,NLD,2005,11.71969985961914,,
XGOVEXP.IMF,NLD,2006,11.41699981689453,,
XGOVEXP.IMF,NLD,2007,11.22879028320313,,
XGOVEXP.IMF,NLD,2008,11.29115009307861,,
XGOVEXP.IMF,NLD,2009,11.12102031707764,,
XGOVEXP.IMF,NLD,2010,11.16580963134766,,
XGOVEXP.IMF,NLD,2011,11.3361701965332,,
XGOVEXP.IMF,NLD,2012,11.26502990722656,,
XGOVEXP.IMF,NLD,2013,11.535400390625,,
XGOVEXP.IMF,NLD,2014,11.55782032012939,,
XGOVEXP.IMF,NLD,2015,11.66370964050293,,
XGOVEXP.IMF,NLD,2016,12.27208042144775,,
XGOVEXP.IMF,NLD,2017,11.8980598449707,,
XGOVEXP.IMF,NLD,2018,12.41011047363281,,
XGOVEXP.IMF,NLD,2019,12.00983047485352,,
XGOVEXP.IMF,NLD,2020,11.06680965423584,,
XGOVEXP.IMF,NLD,2021,11.71522045135498,,
XGOVEXP.IMF,NLD,2022,11.97725009918213,,
XGOVEXP.IMF,NOR,2000,15.63018989562988,,
XGOVEXP.IMF,NOR,2001,15.783860206604,,
XGOVEXP.IMF,NOR,2002,16.08358001708984,,
XGOVEXP.IMF,NOR,2003,15.53073024749756,,
XGOVEXP.IMF,NOR,2004,16.26292991638184,,
XGOVEXP.IMF,NOR,2005,16.37252998352051,,
XGOVEXP.IMF,NOR,2006,15.70711040496826,,
XGOVEXP.IMF,NOR,2007,15.87798976898193,,
XGOVEXP.IMF,NOR,2008,15.71776008605957,,
XGOVEXP.IMF,NOR,2009,15.50778007507324,,
XGOVEXP.IMF,NOR,2010,15.0884895324707,,
XGOVEXP.IMF,NOR,2011,14.82680988311768,,
XGOVEXP.IMF,NOR,2012,17.28206062316895,,
XGOVEXP.IMF,NOR,2013,17.11923980712891,,
XGOVEXP.IMF,NOR,2014,16.90208053588867,,
XGOVEXP.IMF,NOR,2015,15.60758018493652,,
XGOVEXP.IMF,NOR,2016,15.84072017669678,,
XGOVEXP.IMF,NOR,2017,15.9396800994873,,
XGOVEXP.IMF,NOR,2018,15.92572975158691,,
XGOVEXP.IMF,NOR,2019,15.66553020477295,,
XGOVEXP.IMF,NOR,2020,14.76426982879639,,
XGOVEXP.IMF,NOR,2021,15.02766990661621,,
XGOVEXP.IMF,NOR,2022,14.46910953521729,,
XGOVEXP.IMF,NPL,2000,19.15604019165039,UIS_EST,
XGOVEXP.IMF,NPL,2001,21.65620040893555,UIS_EST,
XGOVEXP.IMF,NPL,2002,20.44404983520508,,
XGOVEXP.IMF,NPL,2003,21.31265068054199,,
XGOVEXP.IMF,NPL,2004,21.61335945129395,,
XGOVEXP.IMF,NPL,2005,22.29421997070313,,
XGOVEXP.IMF,NPL,2006,25.50064086914063,,
XGOVEXP.IMF,NPL,2007,21.14613914489746,,
XGOVEXP.IMF,NPL,2008,22.23003005981445,,
XGOVEXP.IMF,NPL,2009,19.8729305267334,,
XGOVEXP.IMF,NPL,2010,16.03235054016113,,
XGOVEXP.IMF,NPL,2011,17.98384094238281,,
XGOVEXP.IMF,NPL,2012,17.43708038330078,,
XGOVEXP.IMF,NPL,2013,17.56963920593262,,
XGOVEXP.IMF,NPL,2014,18.28129005432129,,
XGOVEXP.IMF,NPL,2015,16.98966026306152,,
XGOVEXP.IMF,NPL,2016,19.12849998474121,UIS_EST,
XGOVEXP.IMF,NPL,2017,17.09638977050781,UIS_EST,
XGOVEXP.IMF,NPL,2018,14.10186958312988,,
XGOVEXP.IMF,NPL,2019,12.1130298505003,,
XGOVEXP.IMF,NPL,2020,15.0051253828918,,
XGOVEXP.IMF,NPL,2021,14.38920810645488,,
XGOVEXP.IMF,NPL,2022,12.43792560378043,,
XGOVEXP.IMF,NPL,2023,13.08261800001422,,
XGOVEXP.IMF,NPL,2024,11.26471041677373,,
XGOVEXP.IMF,NPL,2025,10.75123083737673,,
XGOVEXP.IMF,NRU,2014,5.557309780479449,,
XGOVEXP.IMF,NRU,2015,6.248684342216178,,
XGOVEXP.IMF,NRU,2016,5.00017325826806,,
XGOVEXP.IMF,NRU,2017,6.461640003722456,,
XGOVEXP.IMF,NRU,2018,5.386104789137709,,
XGOVEXP.IMF,NRU,2019,4.834024308971225,,
XGOVEXP.IMF,NRU,2020,4.536530788765923,,
XGOVEXP.IMF,NRU,2021,3.816158172915406,,
XGOVEXP.IMF,NRU,2022,4.21463913905028,,
XGOVEXP.IMF,NRU,2023,4.887340068817139,,
XGOVEXP.IMF,NRU,2024,5.332952474699093,,
XGOVEXP.IMF,NRU,2025,6.648166447342064,,
XGOVEXP.IMF,NZL,2000,14.81348037719727,,
XGOVEXP.IMF,NZL,2013,15.55774021148682,,
XGOVEXP.IMF,NZL,2014,15.52853012084961,,
XGOVEXP.IMF,NZL,2015,15.5518102645874,,
XGOVEXP.IMF,NZL,2016,15.36641025543213,,
XGOVEXP.IMF,NZL,2017,15.04393005371094,,
XGOVEXP.IMF,NZL,2018,14.55949020385742,,
XGOVEXP.IMF,NZL,2019,13.47486019134521,,
XGOVEXP.IMF,NZL,2020,13.62211990356445,,
XGOVEXP.IMF,NZL,2021,13.45761966705322,,
XGOVEXP.IMF,NZL,2022,12.61476993560791,,
XGOVEXP.IMF,NZL,2023,12.72667980194092,,
XGOVEXP.IMF,OMN,2000,8.983440399169922,,
XGOVEXP.IMF,OMN,2001,10.5839900970459,,
XGOVEXP.IMF,OMN,2002,11.06247997283936,,
XGOVEXP.IMF,OMN,2003,10.03896045684814,,
XGOVEXP.IMF,OMN,2004,10.3164701461792,,
XGOVEXP.IMF,OMN,2005,10.05364036560059,,
XGOVEXP.IMF,OMN,2006,11.22463035583496,,
XGOVEXP.IMF,OMN,2009,10.94917964935303,,
XGOVEXP.IMF,OMN,2013,11.08018016815186,,
XGOVEXP.IMF,OMN,2017,15.20722007751465,,
XGOVEXP.IMF,OMN,2018,11.96630954742432,,
XGOVEXP.IMF,OMN,2019,13.05799961090088,,
XGOVEXP.IMF,OMN,2020,15.44277000427246,,
XGOVEXP.IMF,OMN,2022,14.17794990539551,,
XGOVEXP.IMF,PAK,2000,8.489879608154297,,
XGOVEXP.IMF,PAK,2004,11.22935009002686,,
XGOVEXP.IMF,PAK,2005,13.77750968933105,,
XGOVEXP.IMF,PAK,2006,15.28909969329834,,
XGOVEXP.IMF,PAK,2007,15.44552040100098,,
XGOVEXP.IMF,PAK,2008,14.09696006774902,,
XGOVEXP.IMF,PAK,2009,12.0826301574707,,
XGOVEXP.IMF,PAK,2010,11.86466026306152,,
XGOVEXP.IMF,PAK,2011,10.92461013793945,,
XGOVEXP.IMF,PAK,2012,11.04063034057617,,
XGOVEXP.IMF,PAK,2013,11.5139799118042,,
XGOVEXP.IMF,PAK,2014,11.30066013336182,,
XGOVEXP.IMF,PAK,2015,13.18727970123291,,
XGOVEXP.IMF,PAK,2016,15.06348037719727,,
XGOVEXP.IMF,PAK,2017,14.54477977752686,,
XGOVEXP.IMF,PAK,2018,12.19247939863422,,
XGOVEXP.IMF,PAK,2019,11.59167957305908,,
XGOVEXP.IMF,PAK,2020,10.79621215389113,,
XGOVEXP.IMF,PAK,2021,7.817207608930894,,
XGOVEXP.IMF,PAK,2022,9.404403326004356,,
XGOVEXP.IMF,PAK,2023,9.755060195922852,,
XGOVEXP.IMF,PAN,2000,19.83193969726563,,
XGOVEXP.IMF,PAN,2001,16.63912963867188,,
XGOVEXP.IMF,PAN,2002,16.95750045776367,,
XGOVEXP.IMF,PAN,2003,16.34300994873047,UIS_EST,
XGOVEXP.IMF,PAN,2004,14.57616996765137,UIS_EST,
XGOVEXP.IMF,PAN,2008,14.8747501373291,,
XGOVEXP.IMF,PAN,2011,12.94435977935791,,
XGOVEXP.IMF,PAN,2014,13.3286304473877,,
XGOVEXP.IMF,PAN,2015,15.18982028961182,,
XGOVEXP.IMF,PAN,2016,15.53779029846191,,
XGOVEXP.IMF,PAN,2017,15.88370990753174,,
XGOVEXP.IMF,PAN,2018,15.81630992889404,,
XGOVEXP.IMF,PAN,2019,15.60737761316251,,
XGOVEXP.IMF,PAN,2020,15.62963008880615,,
XGOVEXP.IMF,PAN,2021,15.61050033569336,,
XGOVEXP.IMF,PAN,2022,15.78133010864258,,
XGOVEXP.IMF,PAN,2023,11.49275016784668,,
XGOVEXP.IMF,PAN,2024,16.28029529819786,,
XGOVEXP.IMF,PER,2000,15.25037002563477,,
XGOVEXP.IMF,PER,2001,14.79623031616211,,
XGOVEXP.IMF,PER,2002,14.57806015014648,,
XGOVEXP.IMF,PER,2003,14.65830993652344,,
XGOVEXP.IMF,PER,2004,15.273850440979,,
XGOVEXP.IMF,PER,2005,14.27851963043213,,
XGOVEXP.IMF,PER,2006,14.03530025482178,,
XGOVEXP.IMF,PER,2007,14.141770362854,,
XGOVEXP.IMF,PER,2008,14.37782001495361,,
XGOVEXP.IMF,PER,2009,14.54763031005859,,
XGOVEXP.IMF,PER,2010,13.49236965179443,,
XGOVEXP.IMF,PER,2011,13.54423999786377,,
XGOVEXP.IMF,PER,2012,14.3694896697998,,
XGOVEXP.IMF,PER,2013,15.22194004058838,,
XGOVEXP.IMF,PER,2014,16.22751045227051,,
XGOVEXP.IMF,PER,2015,17.61537933349609,,
XGOVEXP.IMF,PER,2016,17.93577003479004,,
XGOVEXP.IMF,PER,2017,18.32115936279297,,
XGOVEXP.IMF,PER,2018,17.15217971801758,,
XGOVEXP.IMF,PER,2019,17.7330207824707,,
XGOVEXP.IMF,PER,2020,15.92726039886475,,
XGOVEXP.IMF,PER,2021,16.7178897857666,,
XGOVEXP.IMF,PER,2022,16.47299957275391,,
XGOVEXP.IMF,PER,2023,18.85771942138672,,
XGOVEXP.IMF,PER,2024,19.21258926391602,,
XGOVEXP.IMF,PHL,2000,15.20676040649414,,
XGOVEXP.IMF,PHL,2001,13.91590976715088,,
XGOVEXP.IMF,PHL,2002,14.06892967224121,,
XGOVEXP.IMF,PHL,2003,14.38022041320801,,
XGOVEXP.IMF,PHL,2004,12.75084972381592,,
XGOVEXP.IMF,PHL,2005,12.42236042022705,,
XGOVEXP.IMF,PHL,2006,13.26852989196777,,
XGOVEXP.IMF,PHL,2007,13.66701984405518,,
XGOVEXP.IMF,PHL,2008,14.44198989868164,,
XGOVEXP.IMF,PHL,2009,13.21115970611572,,
XGOVEXP.IMF,PHL,2014,15.51594074074074,,
XGOVEXP.IMF,PHL,2015,15.14553296239448,,
XGOVEXP.IMF,PHL,2016,16.64209634219468,,
XGOVEXP.IMF,PHL,2017,19.59042695522388,,
XGOVEXP.IMF,PHL,2018,18.69201292805947,,
XGOVEXP.IMF,PHL,2019,18.16309199781207,,
XGOVEXP.IMF,PHL,2020,16.89326487804878,,
XGOVEXP.IMF,PHL,2021,16.68165934309809,,
XGOVEXP.IMF,PHL,2022,15.69640052950076,,
XGOVEXP.IMF,PHL,2023,16.72798407365224,,
XGOVEXP.IMF,PHL,2024,16.5494857826479,,
XGOVEXP.IMF,PHL,2025,15.19523769793731,,
XGOVEXP.IMF,PLW,2000,13.80012035369873,UIS_EST,
XGOVEXP.IMF,PLW,2001,15.3078498840332,,
XGOVEXP.IMF,PLW,2002,15.53765964508057,UIS_EST,
XGOVEXP.IMF,PLW,2020,9.009482793676643,,
XGOVEXP.IMF,PLW,2021,8.909601041509365,,
XGOVEXP.IMF,PLW,2022,10.17725692275172,,
XGOVEXP.IMF,PLW,2023,9.774554959474699,,
XGOVEXP.IMF,PNG,2015,7.241795778039582,,
XGOVEXP.IMF,PNG,2016,4.091391353039993,,
XGOVEXP.IMF,PNG,2017,10.69820022583008,UIS_EST,
XGOVEXP.IMF,PNG,2018,9.227100372314453,UIS_EST,
XGOVEXP.IMF,PNG,2019,3.577650189049153,,
XGOVEXP.IMF,PNG,2020,3.820020827104105,,
XGOVEXP.IMF,PNG,2021,3.249732498124754,,
XGOVEXP.IMF,PNG,2022,2.93439934399344,,
XGOVEXP.IMF,PNG,2023,3.538144028340903,,
XGOVEXP.IMF,POL,2000,11.58057022094727,,
XGOVEXP.IMF,POL,2001,11.86565971374512,,
XGOVEXP.IMF,POL,2002,11.92059993743896,,
XGOVEXP.IMF,POL,2003,11.67521953582764,,
XGOVEXP.IMF,POL,2004,12.32353019714355,,
XGOVEXP.IMF,POL,2005,12.26529026031494,,
XGOVEXP.IMF,POL,2006,12.70998001098633,,
XGOVEXP.IMF,POL,2007,11.34832954406738,,
XGOVEXP.IMF,POL,2008,11.41024971008301,,
XGOVEXP.IMF,POL,2009,11.08304977416992,,
XGOVEXP.IMF,POL,2010,11.0465202331543,,
XGOVEXP.IMF,POL,2011,10.94567966461182,,
XGOVEXP.IMF,POL,2012,11.1955099105835,,
XGOVEXP.IMF,POL,2013,11.56643962860107,,
XGOVEXP.IMF,POL,2014,11.57050037384033,,
XGOVEXP.IMF,POL,2015,11.53715038299561,,
XGOVEXP.IMF,POL,2016,11.27159976959229,,
XGOVEXP.IMF,POL,2017,11.04395961761475,,
XGOVEXP.IMF,POL,2018,11.11061954498291,,
XGOVEXP.IMF,POL,2019,11.17117023468018,,
XGOVEXP.IMF,POL,2020,10.05722999572754,,
XGOVEXP.IMF,POL,2021,10.60391998291016,,
XGOVEXP.IMF,POL,2022,9.973759651184082,,
XGOVEXP.IMF,PRI,2014,12.43237676012977,,
XGOVEXP.IMF,PRI,2015,12.28207831869007,,
XGOVEXP.IMF,PRI,2016,10.08163335581796,,
XGOVEXP.IMF,PRI,2017,10.88989375747323,,
XGOVEXP.IMF,PRI,2018,10.28103279515065,,
XGOVEXP.IMF,PRI,2019,13.8154757913494,,
XGOVEXP.IMF,PRI,2020,16.67934294245217,,
XGOVEXP.IMF,PRI,2021,14.07904581906507,,
XGOVEXP.IMF,PRI,2022,16.37487072581252,,
XGOVEXP.IMF,PRI,2023,17.48579322163896,,
XGOVEXP.IMF,PRI,2024,17.14709964001305,,
XGOVEXP.IMF,PRI,2025,15.96182324531561,,
XGOVEXP.IMF,PRK,2010,13.08060109289617,,
XGOVEXP.IMF,PRK,2011,13.32470892626132,,
XGOVEXP.IMF,PRK,2012,13.98279041180086,,
XGOVEXP.IMF,PRK,2013,14.56566247440772,,
XGOVEXP.IMF,PRK,2014,14.25358448130447,,
XGOVEXP.IMF,PRK,2015,14.09163558870538,,
XGOVEXP.IMF,PRK,2016,13.76811594202899,,
XGOVEXP.IMF,PRK,2017,14.33208489388265,,
XGOVEXP.IMF,PRK,2018,14.97201492537313,,
XGOVEXP.IMF,PRK,2019,15.03407155025554,,
XGOVEXP.IMF,PRK,2020,14.17138395471403,,
XGOVEXP.IMF,PRK,2021,12.75985663082437,,
XGOVEXP.IMF,PRK,2022,13.8555208161922,,
XGOVEXP.IMF,PRK,2023,15.07750117426022,,
XGOVEXP.IMF,PRK,2024,13.67651538227231,,
XGOVEXP.IMF,PRK,2025,14.62509279881218,,
XGOVEXP.IMF,PRT,2000,12.05309963226318,,
XGOVEXP.IMF,PRT,2001,12.09582042694092,,
XGOVEXP.IMF,PRT,2002,11.90246963500977,,
XGOVEXP.IMF,PRT,2003,11.652099609375,,
XGOVEXP.IMF,PRT,2004,10.96605968475342,,
XGOVEXP.IMF,PRT,2005,10.85577011108398,,
XGOVEXP.IMF,PRT,2006,10.86921977996826,,
XGOVEXP.IMF,PRT,2007,11.04720020294189,,
XGOVEXP.IMF,PRT,2008,10.35739994049072,,
XGOVEXP.IMF,PRT,2009,11.07695007324219,,
XGOVEXP.IMF,PRT,2010,10.42891025543213,,
XGOVEXP.IMF,PRT,2011,10.24201965332031,,
XGOVEXP.IMF,PRT,2012,10.12378025054932,,
XGOVEXP.IMF,PRT,2013,10.55854034423828,,
XGOVEXP.IMF,PRT,2014,9.913330078125,,
XGOVEXP.IMF,PRT,2015,10.14754962921143,,
XGOVEXP.IMF,PRT,2017,11.05543041229248,,
XGOVEXP.IMF,PRT,2018,10.81206035614014,,
XGOVEXP.IMF,PRT,2019,10.90915012359619,,
XGOVEXP.IMF,PRT,2020,9.90470027923584,,
XGOVEXP.IMF,PRT,2021,10.07849025726318,,
XGOVEXP.IMF,PRT,2022,10.38976955413818,,
XGOVEXP.IMF,PRY,2000,21.55938911437988,,
XGOVEXP.IMF,PRY,2001,19.87921905517578,,
XGOVEXP.IMF,PRY,2002,18.81539916992188,,
XGOVEXP.IMF,PRY,2003,20.89402961730957,,
XGOVEXP.IMF,PRY,2004,18.21824073791504,,
XGOVEXP.IMF,PRY,2007,19.42472076416016,,
XGOVEXP.IMF,PRY,2010,18.76240921020508,,
XGOVEXP.IMF,PRY,2011,23.2977409362793,,
XGOVEXP.IMF,PRY,2012,19.63422966003418,,
XGOVEXP.IMF,PRY,2016,26.88433074951172,,
XGOVEXP.IMF,PRY,2020,24.52182006835938,,
XGOVEXP.IMF,PRY,2021,23.63689994812012,,
XGOVEXP.IMF,PRY,2022,24.06851005554199,,
XGOVEXP.IMF,PRY,2023,21.98883056640625,,
XGOVEXP.IMF,PRY,2024,22.36845016479492,,
XGOVEXP.IMF,PRY,2025,11.65273918624118,,
XGOVEXP.IMF,QAT,2000,9.676050186157227,,
XGOVEXP.IMF,QAT,2001,10.55130958557129,,
XGOVEXP.IMF,QAT,2002,12.00745964050293,,
XGOVEXP.IMF,QAT,2003,10.70005989074707,,
XGOVEXP.IMF,QAT,2004,12.05313014984131,,
XGOVEXP.IMF,QAT,2005,13.74475955963135,,
XGOVEXP.IMF,QAT,2008,15.05552005767822,,
XGOVEXP.IMF,QAT,2009,14.83565044403076,,
XGOVEXP.IMF,QAT,2010,13.81727027893066,,
XGOVEXP.IMF,QAT,2011,13.10684967041016,,
XGOVEXP.IMF,QAT,2012,12.30793952941895,,
XGOVEXP.IMF,QAT,2013,13.14834022521973,,
XGOVEXP.IMF,QAT,2014,12.74283981323242,,
XGOVEXP.IMF,QAT,2017,8.560850143432617,,
XGOVEXP.IMF,QAT,2019,8.636489868164062,,
XGOVEXP.IMF,QAT,2020,9.319109916687012,,
XGOVEXP.IMF,ROU,2000,8.187580108642578,,
XGOVEXP.IMF,ROU,2001,9.848819732666016,,
XGOVEXP.IMF,ROU,2002,10.92234992980957,,
XGOVEXP.IMF,ROU,2003,11.13906002044678,,
XGOVEXP.IMF,ROU,2004,9.843310356140137,,
XGOVEXP.IMF,ROU,2005,10.83668041229248,,
XGOVEXP.IMF,ROU,2006,12.71961975097656,,
XGOVEXP.IMF,ROU,2007,12.00496006011963,,
XGOVEXP.IMF,ROU,2008,11.61622047424316,,
XGOVEXP.IMF,ROU,2009,11.02128982543945,,
XGOVEXP.IMF,ROU,2010,9.129130363464355,,
XGOVEXP.IMF,ROU,2011,8.312990188598633,,
XGOVEXP.IMF,ROU,2012,8.435790061950684,,
XGOVEXP.IMF,ROU,2013,8.964130401611328,,
XGOVEXP.IMF,ROU,2014,9.256950378417969,,
XGOVEXP.IMF,ROU,2015,9.094510078430176,,
XGOVEXP.IMF,ROU,2016,9.510589599609375,,
XGOVEXP.IMF,ROU,2017,10.05265045166016,,
XGOVEXP.IMF,ROU,2018,10.46096038818359,,
XGOVEXP.IMF,ROU,2019,10.70549011230469,,
XGOVEXP.IMF,ROU,2020,9.399700164794922,,
XGOVEXP.IMF,ROU,2021,8.950240135192871,,
XGOVEXP.IMF,ROU,2022,8.77511978149414,,
XGOVEXP.IMF,RUS,2000,8.951849937438965,,
XGOVEXP.IMF,RUS,2001,9.213359832763672,,
XGOVEXP.IMF,RUS,2002,10.58384037017822,,
XGOVEXP.IMF,RUS,2003,10.53168964385986,,
XGOVEXP.IMF,RUS,2004,11.17590999603271,,
XGOVEXP.IMF,RUS,2005,11.95057010650635,,
XGOVEXP.IMF,RUS,2006,12.42580032348633,,
XGOVEXP.IMF,RUS,2008,11.95923042297363,,
XGOVEXP.IMF,RUS,2012,11.14675998687744,,
XGOVEXP.IMF,RUS,2013,10.86184024810791,,
XGOVEXP.IMF,RUS,2014,11.4885196685791,,
XGOVEXP.IMF,RUS,2015,10.86946964263916,,
XGOVEXP.IMF,RUS,2016,10.98528003692627,,
XGOVEXP.IMF,RUS,2017,13.46508026123047,,
XGOVEXP.IMF,RUS,2018,14.34107971191406,,
XGOVEXP.IMF,RWA,2000,18.83532905578613,,
XGOVEXP.IMF,RWA,2001,25.31314086914063,,
XGOVEXP.IMF,RWA,2007,17.78655052185059,,
XGOVEXP.IMF,RWA,2008,15.59150981903076,,
XGOVEXP.IMF,RWA,2010,17.54805946350098,,
XGOVEXP.IMF,RWA,2011,15.34337997436523,,
XGOVEXP.IMF,RWA,2012,15.81546974182129,,
XGOVEXP.IMF,RWA,2013,16.8596305847168,,
XGOVEXP.IMF,RWA,2014,13.73431968688965,UIS_EST,
XGOVEXP.IMF,RWA,2015,12.53905010223389,UIS_EST,
XGOVEXP.IMF,RWA,2016,12.2783899307251,UIS_EST,
XGOVEXP.IMF,RWA,2017,11.07960987091064,UIS_EST,
XGOVEXP.IMF,RWA,2018,10.80461025238037,,
XGOVEXP.IMF,RWA,2019,10.99814605239757,,
XGOVEXP.IMF,RWA,2020,10.7835245127746,,
XGOVEXP.IMF,RWA,2021,15.53223991394043,,
XGOVEXP.IMF,RWA,2022,12.76613998413086,,
XGOVEXP.IMF,RWA,2023,15.02464008331299,,
XGOVEXP.IMF,RWA,2024,14.19097995758057,,
XGOVEXP.IMF,RWA,2025,13.93121386267377,,
XGOVEXP.IMF,SAU,2000,17.83658981323242,,
XGOVEXP.IMF,SAU,2001,20.89613914489746,,
XGOVEXP.IMF,SAU,2002,21.29412078857422,,
XGOVEXP.IMF,SAU,2003,21.45521926879883,,
XGOVEXP.IMF,SAU,2004,20.18865966796875,,
XGOVEXP.IMF,SAU,2005,19.29228973388672,,
XGOVEXP.IMF,SAU,2006,21.6038703918457,,
XGOVEXP.IMF,SAU,2008,19.25741958618164,,
XGOVEXP.IMF,SAU,2023,16.23306047275168,,
XGOVEXP.IMF,SAU,2024,14.81503165642468,,
XGOVEXP.IMF,SDG: Australia and New Zealand,2020,12.89538955688477,UIS_EST,
XGOVEXP.IMF,SDG: Australia and New Zealand,2021,12.78461456298828,UIS_EST,
XGOVEXP.IMF,SDG: Australia and New Zealand,2022,12.63342475891113,UIS_EST,
XGOVEXP.IMF,SDG: Central Asia,2002,14.75948047637939,UIS_EST,
XGOVEXP.IMF,SDG: Central Asia,2004,13.70965957641602,UIS_EST,
XGOVEXP.IMF,SDG: Central Asia,2005,15.33973026275635,UIS_EST,
XGOVEXP.IMF,SDG: Central Asia,2006,15.84657001495361,UIS_EST,
XGOVEXP.IMF,SDG: Central Asia,2007,16.82249069213867,UIS_EST,
XGOVEXP.IMF,SDG: Central Asia,2008,17.2426700592041,UIS_EST,
XGOVEXP.IMF,SDG: Central Asia,2009,17.35973930358887,UIS_EST,
XGOVEXP.IMF,SDG: Central Asia,2010,15.68130970001221,UIS_EST,
XGOVEXP.IMF,SDG: Central Asia,2011,16.97598648071289,UIS_EST,
XGOVEXP.IMF,SDG: Central Asia,2012,17.98066711425781,UIS_EST,
XGOVEXP.IMF,SDG: Central Asia,2013,17.77379035949707,UIS_EST,
XGOVEXP.IMF,SDG: Central Asia,2014,17.79638481140137,UIS_EST,
XGOVEXP.IMF,SDG: Central Asia,2015,16.3986701965332,UIS_EST,
XGOVEXP.IMF,SDG: Central Asia,2016,17.03836250305176,UIS_EST,
XGOVEXP.IMF,SDG: Central Asia,2017,18.14114952087402,UIS_EST,
XGOVEXP.IMF,SDG: Central Asia,2018,16.79590034484863,UIS_EST,
XGOVEXP.IMF,SDG: Central Asia,2019,18.22823905944824,UIS_EST,
XGOVEXP.IMF,SDG: Central Asia,2020,17.87512969970703,UIS_EST,
XGOVEXP.IMF,SDG: Central Asia,2021,16.106689453125,UIS_EST,
XGOVEXP.IMF,SDG: Central Asia,2022,21.85101890563965,UIS_EST,
XGOVEXP.IMF,SDG: Central Asia,2023,20.79612922668457,UIS_EST,
XGOVEXP.IMF,SDG: Central Asia,2024,21.95535469055176,UIS_EST,
XGOVEXP.IMF,SDG: Central and Southern Asia,2000,15.3254508972168,UIS_EST,
XGOVEXP.IMF,SDG: Central and Southern Asia,2002,15.42013549804688,UIS_EST,
XGOVEXP.IMF,SDG: Central and Southern Asia,2003,15.34950542449951,UIS_EST,
XGOVEXP.IMF,SDG: Central and Southern Asia,2004,16.09846496582031,UIS_EST,
XGOVEXP.IMF,SDG: Central and Southern Asia,2005,15.64642524719238,UIS_EST,
XGOVEXP.IMF,SDG: Central and Southern Asia,2006,16.59155082702637,UIS_EST,
XGOVEXP.IMF,SDG: Central and Southern Asia,2007,17.48794555664063,UIS_EST,
XGOVEXP.IMF,SDG: Central and Southern Asia,2008,16.17378997802734,UIS_EST,
XGOVEXP.IMF,SDG: Central and Southern Asia,2009,13.73838996887207,UIS_EST,
XGOVEXP.IMF,SDG: Central and Southern Asia,2010,14.76103496551514,UIS_EST,
XGOVEXP.IMF,SDG: Central and Southern Asia,2011,16.12812042236328,UIS_EST,
XGOVEXP.IMF,SDG: Central and Southern Asia,2012,15.74512004852295,UIS_EST,
XGOVEXP.IMF,SDG: Central and Southern Asia,2013,16.50512313842773,UIS_EST,
XGOVEXP.IMF,SDG: Central and Southern Asia,2014,15.90090179443359,UIS_EST,
XGOVEXP.IMF,SDG: Central and Southern Asia,2015,15.70448970794678,UIS_EST,
XGOVEXP.IMF,SDG: Central and Southern Asia,2016,16.97964096069336,UIS_EST,
XGOVEXP.IMF,SDG: Central and Southern Asia,2017,16.04395484924316,UIS_EST,
XGOVEXP.IMF,SDG: Central and Southern Asia,2018,15.77500152587891,UIS_EST,
XGOVEXP.IMF,SDG: Central and Southern Asia,2019,15.23226547241211,UIS_EST,
XGOVEXP.IMF,SDG: Central and Southern Asia,2020,16.12387466430664,UIS_EST,
XGOVEXP.IMF,SDG: Central and Southern Asia,2021,15.05932235717773,UIS_EST,
XGOVEXP.IMF,SDG: Central and Southern Asia,2022,17.00437164306641,UIS_EST,
XGOVEXP.IMF,SDG: Central and Southern Asia,2023,16.44342803955078,UIS_EST,
XGOVEXP.IMF,SDG: Central and Southern Asia,2024,16.41856575012207,UIS_EST,
XGOVEXP.IMF,SDG: Eastern Asia,2010,13.89587020874023,UIS_EST,
XGOVEXP.IMF,SDG: Eastern Asia,2011,13.97890949249268,UIS_EST,
XGOVEXP.IMF,SDG: Eastern Asia,2012,16.52835464477539,UIS_EST,
XGOVEXP.IMF,SDG: Eastern Asia,2013,14.96655654907227,UIS_EST,
XGOVEXP.IMF,SDG: Eastern Asia,2014,14.46084213256836,UIS_EST,
XGOVEXP.IMF,SDG: Eastern Asia,2015,13.81937217712402,UIS_EST,
XGOVEXP.IMF,SDG: Eastern Asia,2016,13.80147743225098,UIS_EST,
XGOVEXP.IMF,SDG: Eastern Asia,2017,14.21732711791992,UIS_EST,
XGOVEXP.IMF,SDG: Eastern Asia,2018,15.06585311889648,UIS_EST,
XGOVEXP.IMF,SDG: Eastern Asia,2019,15.81601142883301,UIS_EST,
XGOVEXP.IMF,SDG: Eastern Asia,2020,14.17052173614502,UIS_EST,
XGOVEXP.IMF,SDG: Eastern Asia,2021,12.93815803527832,UIS_EST,
XGOVEXP.IMF,SDG: Eastern Asia,2022,13.06546020507813,UIS_EST,
XGOVEXP.IMF,SDG: Eastern Asia,2023,12.37901020050049,UIS_EST,
XGOVEXP.IMF,SDG: Eastern Asia,2024,13.67651557922363,UIS_EST,
XGOVEXP.IMF,SDG: Eastern and South-Eastern Asia,2000,15.20676040649414,UIS_EST,
XGOVEXP.IMF,SDG: Eastern and South-Eastern Asia,2001,13.91590976715088,UIS_EST,
XGOVEXP.IMF,SDG: Eastern and South-Eastern Asia,2002,15.26266002655029,UIS_EST,
XGOVEXP.IMF,SDG: Eastern and South-Eastern Asia,2004,14.1702995300293,UIS_EST,
XGOVEXP.IMF,SDG: Eastern and South-Eastern Asia,2007,14.93992042541504,UIS_EST,
XGOVEXP.IMF,SDG: Eastern and South-Eastern Asia,2008,13.67475032806396,UIS_EST,
XGOVEXP.IMF,SDG: Eastern and South-Eastern Asia,2009,14.51142024993896,UIS_EST,
XGOVEXP.IMF,SDG: Eastern and South-Eastern Asia,2010,13.96114921569824,UIS_EST,
XGOVEXP.IMF,SDG: Eastern and South-Eastern Asia,2011,13.32470893859863,UIS_EST,
XGOVEXP.IMF,SDG: Eastern and South-Eastern Asia,2012,14.40723037719727,UIS_EST,
XGOVEXP.IMF,SDG: Eastern and South-Eastern Asia,2013,14.5656623840332,UIS_EST,
XGOVEXP.IMF,SDG: Eastern and South-Eastern Asia,2014,14.66810035705566,UIS_EST,
XGOVEXP.IMF,SDG: Eastern and South-Eastern Asia,2015,14.09163570404053,UIS_EST,
XGOVEXP.IMF,SDG: Eastern and South-Eastern Asia,2016,13.76811599731445,UIS_EST,
XGOVEXP.IMF,SDG: Eastern and South-Eastern Asia,2017,14.10256958007813,UIS_EST,
XGOVEXP.IMF,SDG: Eastern and South-Eastern Asia,2018,14.97201538085938,UIS_EST,
XGOVEXP.IMF,SDG: Eastern and South-Eastern Asia,2019,15.03407192230225,UIS_EST,
XGOVEXP.IMF,SDG: Eastern and South-Eastern Asia,2020,14.16965961456299,UIS_EST,
XGOVEXP.IMF,SDG: Eastern and South-Eastern Asia,2021,11.50620651245117,UIS_EST,
XGOVEXP.IMF,SDG: Eastern and South-Eastern Asia,2022,12.27540016174316,UIS_EST,
XGOVEXP.IMF,SDG: Eastern and South-Eastern Asia,2023,12.19669723510742,UIS_EST,
XGOVEXP.IMF,SDG: Eastern and South-Eastern Asia,2024,12.97605133056641,UIS_EST,
XGOVEXP.IMF,SDG: Europe,2000,11.46977043151855,UIS_EST,
XGOVEXP.IMF,SDG: Europe,2001,11.84674453735352,UIS_EST,
XGOVEXP.IMF,SDG: Europe,2002,10.92234992980957,UIS_EST,
XGOVEXP.IMF,SDG: Europe,2003,11.652099609375,UIS_EST,
XGOVEXP.IMF,SDG: Europe,2004,11.70343971252441,UIS_EST,
XGOVEXP.IMF,SDG: Europe,2005,11.95057010650635,UIS_EST,
XGOVEXP.IMF,SDG: Europe,2006,12.28382015228271,UIS_EST,
XGOVEXP.IMF,SDG: Europe,2007,11.28855991363525,UIS_EST,
XGOVEXP.IMF,SDG: Europe,2008,11.36485958099365,UIS_EST,
XGOVEXP.IMF,SDG: Europe,2009,11.17718982696533,UIS_EST,
XGOVEXP.IMF,SDG: Europe,2010,11.0465202331543,UIS_EST,
XGOVEXP.IMF,SDG: Europe,2011,10.96722316741943,UIS_EST,
XGOVEXP.IMF,SDG: Europe,2012,11.17113494873047,UIS_EST,
XGOVEXP.IMF,SDG: Europe,2013,11.15081977844238,UIS_EST,
XGOVEXP.IMF,SDG: Europe,2014,11.46415996551514,UIS_EST,
XGOVEXP.IMF,SDG: Europe,2015,11.30867576599121,UIS_EST,
XGOVEXP.IMF,SDG: Europe,2016,11.27159976959229,UIS_EST,
XGOVEXP.IMF,SDG: Europe,2017,11.41053581237793,UIS_EST,
XGOVEXP.IMF,SDG: Europe,2018,11.22729015350342,UIS_EST,
XGOVEXP.IMF,SDG: Europe,2019,11.4889497756958,UIS_EST,
XGOVEXP.IMF,SDG: Europe,2020,10.5560302734375,UIS_EST,
XGOVEXP.IMF,SDG: Europe,2021,10.59423446655273,UIS_EST,
XGOVEXP.IMF,SDG: Europe,2022,10.85737991333008,UIS_EST,
XGOVEXP.IMF,SDG: Europe and Northern America,2001,11.86565971374512,UIS_EST,
XGOVEXP.IMF,SDG: Europe and Northern America,2002,11.41240978240967,UIS_EST,
XGOVEXP.IMF,SDG: Europe and Northern America,2003,11.652099609375,UIS_EST,
XGOVEXP.IMF,SDG: Europe and Northern America,2004,11.70343971252441,UIS_EST,
XGOVEXP.IMF,SDG: Europe and Northern America,2005,12.07252025604248,UIS_EST,
XGOVEXP.IMF,SDG: Europe and Northern America,2007,11.58008003234863,UIS_EST,
XGOVEXP.IMF,SDG: Europe and Northern America,2008,11.41024971008301,UIS_EST,
XGOVEXP.IMF,SDG: Europe and Northern America,2009,11.24168968200684,UIS_EST,
XGOVEXP.IMF,SDG: Europe and Northern America,2010,11.16341972351074,UIS_EST,
XGOVEXP.IMF,SDG: Europe and Northern America,2011,11.10004997253418,UIS_EST,
XGOVEXP.IMF,SDG: Europe and Northern America,2012,11.23027038574219,UIS_EST,
XGOVEXP.IMF,SDG: Europe and Northern America,2013,11.32635498046875,UIS_EST,
XGOVEXP.IMF,SDG: Europe and Northern America,2014,11.46415996551514,UIS_EST,
XGOVEXP.IMF,SDG: Europe and Northern America,2015,11.43980026245117,UIS_EST,
XGOVEXP.IMF,SDG: Europe and Northern America,2016,11.51839065551758,UIS_EST,
XGOVEXP.IMF,SDG: Europe and Northern America,2017,11.76564025878906,UIS_EST,
XGOVEXP.IMF,SDG: Europe and Northern America,2018,11.74273014068604,UIS_EST,
XGOVEXP.IMF,SDG: Europe and Northern America,2019,11.73793983459473,UIS_EST,
XGOVEXP.IMF,SDG: Europe and Northern America,2020,10.76904964447021,UIS_EST,
XGOVEXP.IMF,SDG: Europe and Northern America,2021,10.60391998291016,UIS_EST,
XGOVEXP.IMF,SDG: Europe and Northern America,2022,11.02303028106689,UIS_EST,
XGOVEXP.IMF,"SDG: Europe, Northern America, Australia and New Zealand",2001,11.97390556335449,UIS_EST,
XGOVEXP.IMF,"SDG: Europe, Northern America, Australia and New Zealand",2002,11.90246963500977,UIS_EST,
XGOVEXP.IMF,"SDG: Europe, Northern America, Australia and New Zealand",2003,11.66366004943848,UIS_EST,
XGOVEXP.IMF,"SDG: Europe, Northern America, Australia and New Zealand",2004,12.12226009368896,UIS_EST,
XGOVEXP.IMF,"SDG: Europe, Northern America, Australia and New Zealand",2005,12.08575057983398,UIS_EST,
XGOVEXP.IMF,"SDG: Europe, Northern America, Australia and New Zealand",2007,11.81182956695557,UIS_EST,
XGOVEXP.IMF,"SDG: Europe, Northern America, Australia and New Zealand",2008,11.51323509216309,UIS_EST,
XGOVEXP.IMF,"SDG: Europe, Northern America, Australia and New Zealand",2009,11.52091979980469,UIS_EST,
XGOVEXP.IMF,"SDG: Europe, Northern America, Australia and New Zealand",2010,11.1646146774292,UIS_EST,
XGOVEXP.IMF,"SDG: Europe, Northern America, Australia and New Zealand",2011,11.21811008453369,UIS_EST,
XGOVEXP.IMF,"SDG: Europe, Northern America, Australia and New Zealand",2012,11.26502990722656,UIS_EST,
XGOVEXP.IMF,"SDG: Europe, Northern America, Australia and New Zealand",2013,11.43980026245117,UIS_EST,
XGOVEXP.IMF,"SDG: Europe, Northern America, Australia and New Zealand",2014,11.4885196685791,UIS_EST,
XGOVEXP.IMF,"SDG: Europe, Northern America, Australia and New Zealand",2015,11.45076560974121,UIS_EST,
XGOVEXP.IMF,"SDG: Europe, Northern America, Australia and New Zealand",2016,11.59698009490967,UIS_EST,
XGOVEXP.IMF,"SDG: Europe, Northern America, Australia and New Zealand",2017,11.83185005187988,UIS_EST,
XGOVEXP.IMF,"SDG: Europe, Northern America, Australia and New Zealand",2018,11.76638031005859,UIS_EST,
XGOVEXP.IMF,"SDG: Europe, Northern America, Australia and New Zealand",2019,11.74374008178711,UIS_EST,
XGOVEXP.IMF,"SDG: Europe, Northern America, Australia and New Zealand",2020,10.78824996948242,UIS_EST,
XGOVEXP.IMF,"SDG: Europe, Northern America, Australia and New Zealand",2021,10.69342041015625,UIS_EST,
XGOVEXP.IMF,"SDG: Europe, Northern America, Australia and New Zealand",2022,11.0809497833252,UIS_EST,
XGOVEXP.IMF,SDG: Landlocked Developing Countries,2000,14.41406059265137,UIS_EST,
XGOVEXP.IMF,SDG: Landlocked Developing Countries,2001,14.47763442993164,UIS_EST,
XGOVEXP.IMF,SDG: Landlocked Developing Countries,2002,14.95297527313232,UIS_EST,
XGOVEXP.IMF,SDG: Landlocked Developing Countries,2004,16.1877498626709,UIS_EST,
XGOVEXP.IMF,SDG: Landlocked Developing Countries,2005,16.23402404785156,UIS_EST,
XGOVEXP.IMF,SDG: Landlocked Developing Countries,2007,17.78655052185059,UIS_EST,
XGOVEXP.IMF,SDG: Landlocked Developing Countries,2008,16.49777030944824,UIS_EST,
XGOVEXP.IMF,SDG: Landlocked Developing Countries,2009,16.95940971374512,UIS_EST,
XGOVEXP.IMF,SDG: Landlocked Developing Countries,2010,15.97581768035889,UIS_EST,
XGOVEXP.IMF,SDG: Landlocked Developing Countries,2011,16.12812042236328,UIS_EST,
XGOVEXP.IMF,SDG: Landlocked Developing Countries,2012,16.42831993103027,UIS_EST,
XGOVEXP.IMF,SDG: Landlocked Developing Countries,2013,17.28327751159668,UIS_EST,
XGOVEXP.IMF,SDG: Landlocked Developing Countries,2014,17.96332168579102,UIS_EST,
XGOVEXP.IMF,SDG: Landlocked Developing Countries,2015,16.57074928283691,UIS_EST,
XGOVEXP.IMF,SDG: Landlocked Developing Countries,2016,16.38330459594727,UIS_EST,
XGOVEXP.IMF,SDG: Landlocked Developing Countries,2017,16.32044410705566,UIS_EST,
XGOVEXP.IMF,SDG: Landlocked Developing Countries,2018,16.35136032104492,UIS_EST,
XGOVEXP.IMF,SDG: Landlocked Developing Countries,2019,15.32444763183594,UIS_EST,
XGOVEXP.IMF,SDG: Landlocked Developing Countries,2020,15.66399574279785,UIS_EST,
XGOVEXP.IMF,SDG: Landlocked Developing Countries,2021,15.48997497558594,UIS_EST,
XGOVEXP.IMF,SDG: Landlocked Developing Countries,2022,16.70787048339844,UIS_EST,
XGOVEXP.IMF,SDG: Landlocked Developing Countries,2023,15.83069038391113,UIS_EST,
XGOVEXP.IMF,SDG: Landlocked Developing Countries,2024,15.98237991333008,UIS_EST,
XGOVEXP.IMF,SDG: Latin America and the Caribbean,2010,15.48563003540039,UIS_EST,
XGOVEXP.IMF,SDG: Latin America and the Caribbean,2011,15.16055488586426,UIS_EST,
XGOVEXP.IMF,SDG: Latin America and the Caribbean,2012,14.89486980438232,UIS_EST,
XGOVEXP.IMF,SDG: Latin America and the Caribbean,2013,15.03338050842285,UIS_EST,
XGOVEXP.IMF,SDG: Latin America and the Caribbean,2014,15.39357566833496,UIS_EST,
XGOVEXP.IMF,SDG: Latin America and the Caribbean,2015,15.22669410705566,UIS_EST,
XGOVEXP.IMF,SDG: Latin America and the Caribbean,2016,14.53532981872559,UIS_EST,
XGOVEXP.IMF,SDG: Latin America and the Caribbean,2017,14.48166465759277,UIS_EST,
XGOVEXP.IMF,SDG: Latin America and the Caribbean,2018,14.92417049407959,UIS_EST,
XGOVEXP.IMF,SDG: Latin America and the Caribbean,2019,14.95815753936768,UIS_EST,
XGOVEXP.IMF,SDG: Latin America and the Caribbean,2020,13.90369033813477,UIS_EST,
XGOVEXP.IMF,SDG: Latin America and the Caribbean,2021,14.27061939239502,UIS_EST,
XGOVEXP.IMF,SDG: Latin America and the Caribbean,2022,13.79784965515137,UIS_EST,
XGOVEXP.IMF,SDG: Latin America and the Caribbean,2023,12.93400955200195,UIS_EST,
XGOVEXP.IMF,SDG: Latin America and the Caribbean,2024,13.26925182342529,UIS_EST,
XGOVEXP.IMF,SDG: Least Developed Countries,2000,15.25117015838623,UIS_EST,
XGOVEXP.IMF,SDG: Least Developed Countries,2004,15.87508010864258,UIS_EST,
XGOVEXP.IMF,SDG: Least Developed Countries,2008,16.25814056396484,UIS_EST,
XGOVEXP.IMF,SDG: Least Developed Countries,2010,12.79999923706055,UIS_EST,
XGOVEXP.IMF,SDG: Least Developed Countries,2011,14.6258602142334,UIS_EST,
XGOVEXP.IMF,SDG: Least Developed Countries,2012,13.96276473999023,UIS_EST,
XGOVEXP.IMF,SDG: Least Developed Countries,2013,15.34883975982666,UIS_EST,
XGOVEXP.IMF,SDG: Least Developed Countries,2014,14.12460041046143,UIS_EST,
XGOVEXP.IMF,SDG: Least Developed Countries,2015,13.286865234375,UIS_EST,
XGOVEXP.IMF,SDG: Least Developed Countries,2016,13.95075988769531,UIS_EST,
XGOVEXP.IMF,SDG: Least Developed Countries,2017,14.8146800994873,UIS_EST,
XGOVEXP.IMF,SDG: Least Developed Countries,2018,14.48255920410156,UIS_EST,
XGOVEXP.IMF,SDG: Least Developed Countries,2019,13.80129051208496,UIS_EST,
XGOVEXP.IMF,SDG: Least Developed Countries,2020,14.08535003662109,UIS_EST,
XGOVEXP.IMF,SDG: Least Developed Countries,2021,14.38920783996582,UIS_EST,
XGOVEXP.IMF,SDG: Least Developed Countries,2022,14.08535003662109,UIS_EST,
XGOVEXP.IMF,SDG: Least Developed Countries,2023,13.85877513885498,UIS_EST,
XGOVEXP.IMF,SDG: Least Developed Countries,2024,14.19097995758057,UIS_EST,
XGOVEXP.IMF,SDG: Northern Africa,2008,11.02075958251953,UIS_EST,
XGOVEXP.IMF,SDG: Northern Africa and Western Asia,2004,14.72176933288574,UIS_EST,
XGOVEXP.IMF,SDG: Northern Africa and Western Asia,2005,13.64809036254883,UIS_EST,
XGOVEXP.IMF,SDG: Northern Africa and Western Asia,2006,13.31081485748291,UIS_EST,
XGOVEXP.IMF,SDG: Northern Africa and Western Asia,2008,12.81409454345703,UIS_EST,
XGOVEXP.IMF,SDG: Northern Africa and Western Asia,2017,12.72130012512207,UIS_EST,
XGOVEXP.IMF,SDG: Northern Africa and Western Asia,2019,12.82557010650635,UIS_EST,
XGOVEXP.IMF,SDG: Northern Africa and Western Asia,2020,12.11332035064697,UIS_EST,
XGOVEXP.IMF,SDG: Northern Africa and Western Asia,2021,11.92158985137939,UIS_EST,
XGOVEXP.IMF,SDG: Northern Africa and Western Asia,2022,12.48295021057129,UIS_EST,
XGOVEXP.IMF,SDG: Northern America,2015,12.35161972045898,UIS_EST,
XGOVEXP.IMF,SDG: Northern America,2016,12.03549957275391,UIS_EST,
XGOVEXP.IMF,SDG: Northern America,2017,12.17074012756348,UIS_EST,
XGOVEXP.IMF,SDG: Northern America,2018,12.08487033843994,UIS_EST,
XGOVEXP.IMF,SDG: Northern America,2019,12.44235897064209,UIS_EST,
XGOVEXP.IMF,SDG: Northern America,2020,12.15375995635986,UIS_EST,
XGOVEXP.IMF,SDG: Northern America,2021,11.30959987640381,UIS_EST,
XGOVEXP.IMF,SDG: Oceania,2020,11.58625602722168,UIS_EST,
XGOVEXP.IMF,SDG: Oceania,2021,13.36392116546631,UIS_EST,
XGOVEXP.IMF,SDG: Oceania,2022,12.63065147399902,UIS_EST,
XGOVEXP.IMF,SDG: Oceania,2023,12.00624465942383,UIS_EST,
XGOVEXP.IMF,SDG: Oceania (excluding Australia and New Zealand),2020,10.86769962310791,UIS_EST,
XGOVEXP.IMF,SDG: Oceania (excluding Australia and New Zealand),2021,13.41466522216797,UIS_EST,
XGOVEXP.IMF,SDG: Oceania (excluding Australia and New Zealand),2022,11.99594688415527,UIS_EST,
XGOVEXP.IMF,SDG: Oceania (excluding Australia and New Zealand),2023,11.35288429260254,UIS_EST,
XGOVEXP.IMF,SDG: Small Island Developing States,2012,15.22312545776367,UIS_EST,
XGOVEXP.IMF,SDG: Small Island Developing States,2013,15.48563003540039,UIS_EST,
XGOVEXP.IMF,SDG: Small Island Developing States,2014,15.66969871520996,UIS_EST,
XGOVEXP.IMF,SDG: Small Island Developing States,2015,15.26356792449951,UIS_EST,
XGOVEXP.IMF,SDG: Small Island Developing States,2016,14.360520362854,UIS_EST,
XGOVEXP.IMF,SDG: Small Island Developing States,2017,14.09973621368408,UIS_EST,
XGOVEXP.IMF,SDG: Small Island Developing States,2018,14.72417259216309,UIS_EST,
XGOVEXP.IMF,SDG: Small Island Developing States,2019,14.0734395980835,UIS_EST,
XGOVEXP.IMF,SDG: Small Island Developing States,2020,12.81194877624512,UIS_EST,
XGOVEXP.IMF,SDG: Small Island Developing States,2021,13,UIS_EST,
XGOVEXP.IMF,SDG: Small Island Developing States,2022,12.68862724304199,UIS_EST,
XGOVEXP.IMF,SDG: Small Island Developing States,2023,12.60656547546387,UIS_EST,
XGOVEXP.IMF,SDG: Small Island Developing States,2024,12.86606216430664,UIS_EST,
XGOVEXP.IMF,SDG: South-Eastern Asia,2000,15.20676040649414,UIS_EST,
XGOVEXP.IMF,SDG: South-Eastern Asia,2001,12.7548999786377,UIS_EST,
XGOVEXP.IMF,SDG: South-Eastern Asia,2002,14.81585502624512,UIS_EST,
XGOVEXP.IMF,SDG: South-Eastern Asia,2004,15.02268981933594,UIS_EST,
XGOVEXP.IMF,SDG: South-Eastern Asia,2007,15.5322904586792,UIS_EST,
XGOVEXP.IMF,SDG: South-Eastern Asia,2008,13.8566951751709,UIS_EST,
XGOVEXP.IMF,SDG: South-Eastern Asia,2009,14.19993495941162,UIS_EST,
XGOVEXP.IMF,SDG: South-Eastern Asia,2010,14.71689033508301,UIS_EST,
XGOVEXP.IMF,SDG: South-Eastern Asia,2011,13.21115970611572,UIS_EST,
XGOVEXP.IMF,SDG: South-Eastern Asia,2012,13.21115970611572,UIS_EST,
XGOVEXP.IMF,SDG: South-Eastern Asia,2013,13.34101009368896,UIS_EST,
XGOVEXP.IMF,SDG: South-Eastern Asia,2014,15.51594066619873,UIS_EST,
XGOVEXP.IMF,SDG: South-Eastern Asia,2015,15.01675319671631,UIS_EST,
XGOVEXP.IMF,SDG: South-Eastern Asia,2016,12.89050769805908,UIS_EST,
XGOVEXP.IMF,SDG: South-Eastern Asia,2017,11.44194984436035,UIS_EST,
XGOVEXP.IMF,SDG: South-Eastern Asia,2018,11.44194984436035,UIS_EST,
XGOVEXP.IMF,SDG: South-Eastern Asia,2019,12.13110637664795,UIS_EST,
XGOVEXP.IMF,SDG: South-Eastern Asia,2020,11.44194984436035,UIS_EST,
XGOVEXP.IMF,SDG: South-Eastern Asia,2021,11.47173976898193,UIS_EST,
XGOVEXP.IMF,SDG: South-Eastern Asia,2022,11.67428112030029,UIS_EST,
XGOVEXP.IMF,SDG: South-Eastern Asia,2023,12.01438522338867,UIS_EST,
XGOVEXP.IMF,SDG: South-Eastern Asia,2024,11.44194984436035,UIS_EST,
XGOVEXP.IMF,SDG: South-Eastern Asia,2025,11.55124664306641,UIS_EST,
XGOVEXP.IMF,SDG: Southern Asia,2000,17.94327545166016,UIS_EST,
XGOVEXP.IMF,SDG: Southern Asia,2003,16.6816291809082,UIS_EST,
XGOVEXP.IMF,SDG: Southern Asia,2004,18.60663032531738,UIS_EST,
XGOVEXP.IMF,SDG: Southern Asia,2005,15.95312023162842,UIS_EST,
XGOVEXP.IMF,SDG: Southern Asia,2006,17.3365306854248,UIS_EST,
XGOVEXP.IMF,SDG: Southern Asia,2007,18.15340042114258,UIS_EST,
XGOVEXP.IMF,SDG: Southern Asia,2008,15.10490989685059,UIS_EST,
XGOVEXP.IMF,SDG: Southern Asia,2009,13.29154968261719,UIS_EST,
XGOVEXP.IMF,SDG: Southern Asia,2010,11.86466026306152,UIS_EST,
XGOVEXP.IMF,SDG: Southern Asia,2011,13.56490993499756,UIS_EST,
XGOVEXP.IMF,SDG: Southern Asia,2012,11.38751029968262,UIS_EST,
XGOVEXP.IMF,SDG: Southern Asia,2013,14.05018043518066,UIS_EST,
XGOVEXP.IMF,SDG: Southern Asia,2014,14.46592998504639,UIS_EST,
XGOVEXP.IMF,SDG: Southern Asia,2015,13.18727970123291,UIS_EST,
XGOVEXP.IMF,SDG: Southern Asia,2016,16.21170043945313,UIS_EST,
XGOVEXP.IMF,SDG: Southern Asia,2017,15.66137981414795,UIS_EST,
XGOVEXP.IMF,SDG: Southern Asia,2018,14.24517154693604,UIS_EST,
XGOVEXP.IMF,SDG: Southern Asia,2019,12.11302947998047,UIS_EST,
XGOVEXP.IMF,SDG: Southern Asia,2020,15.03070259094238,UIS_EST,
XGOVEXP.IMF,SDG: Southern Asia,2021,14.38920783996582,UIS_EST,
XGOVEXP.IMF,SDG: Southern Asia,2022,12.43792533874512,UIS_EST,
XGOVEXP.IMF,SDG: Southern Asia,2023,13.08261775970459,UIS_EST,
XGOVEXP.IMF,SDG: Southern Asia,2024,11.99301624298096,UIS_EST,
XGOVEXP.IMF,SDG: Sub-Saharan Africa,2000,15.60715961456299,UIS_EST,
XGOVEXP.IMF,SDG: Sub-Saharan Africa,2002,15.76541519165039,UIS_EST,
XGOVEXP.IMF,SDG: Sub-Saharan Africa,2004,17.26855087280273,UIS_EST,
XGOVEXP.IMF,SDG: Sub-Saharan Africa,2005,17.69228363037109,UIS_EST,
XGOVEXP.IMF,SDG: Sub-Saharan Africa,2006,17.08520889282227,UIS_EST,
XGOVEXP.IMF,SDG: Sub-Saharan Africa,2008,17.90630912780762,UIS_EST,
XGOVEXP.IMF,SDG: Sub-Saharan Africa,2010,16.58810043334961,UIS_EST,
XGOVEXP.IMF,SDG: Sub-Saharan Africa,2011,15.11833000183105,UIS_EST,
XGOVEXP.IMF,SDG: Sub-Saharan Africa,2012,15.85542488098145,UIS_EST,
XGOVEXP.IMF,SDG: Sub-Saharan Africa,2013,16.17004013061523,UIS_EST,
XGOVEXP.IMF,SDG: Sub-Saharan Africa,2014,16.23678588867188,UIS_EST,
XGOVEXP.IMF,SDG: Sub-Saharan Africa,2015,16.19137954711914,UIS_EST,
XGOVEXP.IMF,SDG: Sub-Saharan Africa,2016,15.66361999511719,UIS_EST,
XGOVEXP.IMF,SDG: Sub-Saharan Africa,2017,15.91281032562256,UIS_EST,
XGOVEXP.IMF,SDG: Sub-Saharan Africa,2018,16.88315963745117,UIS_EST,
XGOVEXP.IMF,SDG: Sub-Saharan Africa,2019,15.15369987487793,UIS_EST,
XGOVEXP.IMF,SDG: Sub-Saharan Africa,2020,15.64669990539551,UIS_EST,
XGOVEXP.IMF,SDG: Sub-Saharan Africa,2021,15.35516357421875,UIS_EST,
XGOVEXP.IMF,SDG: Sub-Saharan Africa,2022,15.66661071777344,UIS_EST,
XGOVEXP.IMF,SDG: Sub-Saharan Africa,2023,15.02464008331299,UIS_EST,
XGOVEXP.IMF,SDG: Sub-Saharan Africa,2024,15.10347175598145,UIS_EST,
XGOVEXP.IMF,SDG: Western Asia,2001,14.32157039642334,UIS_EST,
XGOVEXP.IMF,SDG: Western Asia,2002,13.6307201385498,UIS_EST,
XGOVEXP.IMF,SDG: Western Asia,2004,14.6948299407959,UIS_EST,
XGOVEXP.IMF,SDG: Western Asia,2005,13.6084156036377,UIS_EST,
XGOVEXP.IMF,SDG: Western Asia,2006,13.43054962158203,UIS_EST,
XGOVEXP.IMF,SDG: Western Asia,2008,13.13895034790039,UIS_EST,
XGOVEXP.IMF,SDG: Western Asia,2009,12.93437004089355,UIS_EST,
XGOVEXP.IMF,SDG: Western Asia,2010,12.44487476348877,UIS_EST,
XGOVEXP.IMF,SDG: Western Asia,2011,12.59333992004395,UIS_EST,
XGOVEXP.IMF,SDG: Western Asia,2012,12.36896991729736,UIS_EST,
XGOVEXP.IMF,SDG: Western Asia,2013,12.89196968078613,UIS_EST,
XGOVEXP.IMF,SDG: Western Asia,2014,12.48923969268799,UIS_EST,
XGOVEXP.IMF,SDG: Western Asia,2016,12.48923969268799,UIS_EST,
XGOVEXP.IMF,SDG: Western Asia,2017,12.48923969268799,UIS_EST,
XGOVEXP.IMF,SDG: Western Asia,2018,12.15754795074463,UIS_EST,
XGOVEXP.IMF,SDG: Western Asia,2019,12.67463493347168,UIS_EST,
XGOVEXP.IMF,SDG: Western Asia,2020,12.04065132141113,UIS_EST,
XGOVEXP.IMF,SDG: Western Asia,2021,11.72317504882813,UIS_EST,
XGOVEXP.IMF,SDG: Western Asia,2022,12.3730583190918,UIS_EST,
XGOVEXP.IMF,SDG: World,2010,13.21115970611572,UIS_EST,
XGOVEXP.IMF,SDG: World,2011,13.38033962249756,UIS_EST,
XGOVEXP.IMF,SDG: World,2012,13.69356918334961,UIS_EST,
XGOVEXP.IMF,SDG: World,2013,14.33543014526367,UIS_EST,
XGOVEXP.IMF,SDG: World,2014,13.8507604598999,UIS_EST,
XGOVEXP.IMF,SDG: World,2015,13.52905464172363,UIS_EST,
XGOVEXP.IMF,SDG: World,2016,13.59696006774902,UIS_EST,
XGOVEXP.IMF,SDG: World,2017,13.87445259094238,UIS_EST,
XGOVEXP.IMF,SDG: World,2018,14.24517154693604,UIS_EST,
XGOVEXP.IMF,SDG: World,2019,13.53278541564941,UIS_EST,
XGOVEXP.IMF,SDG: World,2020,12.81194877624512,UIS_EST,
XGOVEXP.IMF,SDG: World,2021,12.75985622406006,UIS_EST,
XGOVEXP.IMF,SDG: World,2022,12.70153427124023,UIS_EST,
XGOVEXP.IMF,SDG: World,2023,12.6158504486084,UIS_EST,
XGOVEXP.IMF,SDN,2000,9.116889953613281,,
XGOVEXP.IMF,SDN,2002,11.04489040374756,,
XGOVEXP.IMF,SDN,2004,7.949240207672119,,
XGOVEXP.IMF,SDN,2005,5.966800212860107,,
XGOVEXP.IMF,SDN,2006,8.25316047668457,,
XGOVEXP.IMF,SDN,2008,9.392780303955078,,
XGOVEXP.IMF,SDN,2009,10.78182029724121,,
XGOVEXP.IMF,SEN,2000,17.61849021911621,,
XGOVEXP.IMF,SEN,2001,15.72974014282227,,
XGOVEXP.IMF,SEN,2002,16.72192001342773,,
XGOVEXP.IMF,SEN,2003,16.11750984191895,,
XGOVEXP.IMF,SEN,2004,16.96224975585938,,
XGOVEXP.IMF,SEN,2005,21.77096939086914,,
XGOVEXP.IMF,SEN,2006,17.95463943481445,,
XGOVEXP.IMF,SEN,2008,19.22613906860352,UIS_EST,
XGOVEXP.IMF,SEN,2009,23.30044937133789,,
XGOVEXP.IMF,SEN,2010,2.510600090026855,,
XGOVEXP.IMF,SEN,2011,21.08696937561035,,
XGOVEXP.IMF,SEN,2012,20.79524993896484,,
XGOVEXP.IMF,SEN,2013,25.74234962463379,,
XGOVEXP.IMF,SEN,2014,24.80130958557129,,
XGOVEXP.IMF,SEN,2015,23.77827072143555,,
XGOVEXP.IMF,SEN,2016,21.33736991882324,,
XGOVEXP.IMF,SEN,2017,21.1016902923584,,
XGOVEXP.IMF,SEN,2018,22.65928077697754,,
XGOVEXP.IMF,SEN,2019,16.66337966918945,,
XGOVEXP.IMF,SEN,2020,19.34139060974121,,
XGOVEXP.IMF,SEN,2021,18.08695983886719,,
XGOVEXP.IMF,SEN,2022,18.37277030944824,,
XGOVEXP.IMF,SEN,2023,22.54717094722479,,
XGOVEXP.IMF,SEN,2025,20.91060086069378,,
XGOVEXP.IMF,SGP,2000,20.3055305480957,,
XGOVEXP.IMF,SGP,2001,21.55665969848633,,
XGOVEXP.IMF,SGP,2002,21.41607093811035,,
XGOVEXP.IMF,SGP,2003,24.75983047485352,,
XGOVEXP.IMF,SGP,2004,22.74440956115723,,
XGOVEXP.IMF,SGP,2005,22.27878952026367,,
XGOVEXP.IMF,SGP,2006,22.53677940368652,,
XGOVEXP.IMF,SGP,2007,23.23229026794434,,
XGOVEXP.IMF,SGP,2008,30.09940910339355,,
XGOVEXP.IMF,SGP,2009,21.85297012329102,,
XGOVEXP.IMF,SGP,2010,18.57172966003418,,
XGOVEXP.IMF,SGP,2011,28.86183929443359,,
XGOVEXP.IMF,SGP,2012,31.37174987792969,,
XGOVEXP.IMF,SGP,2013,28.83914947509766,,
XGOVEXP.IMF,SGP,2014,20.47440082050123,,
XGOVEXP.IMF,SGP,2015,17.69537562827109,,
XGOVEXP.IMF,SGP,2016,17.55084805405025,,
XGOVEXP.IMF,SGP,2017,17.25352112676056,,
XGOVEXP.IMF,SGP,2018,20.71953010559082,,
XGOVEXP.IMF,SGP,2019,19.4742603302002,,
XGOVEXP.IMF,SGP,2020,19.19477081298828,,
XGOVEXP.IMF,SGP,2021,11.47173976898193,,
XGOVEXP.IMF,SGP,2022,15.13492965698242,,
XGOVEXP.IMF,SGP,2023,14.07042026519775,,
XGOVEXP.IMF,SGP,2024,12.86111523846083,,
XGOVEXP.IMF,SGP,2025,11.99345146262186,,
XGOVEXP.IMF,SLB,2007,34.68080902099609,,
XGOVEXP.IMF,SLB,2008,28.40707969665527,,
XGOVEXP.IMF,SLB,2009,29.35206985473633,,
XGOVEXP.IMF,SLB,2010,33.12895965576172,,
XGOVEXP.IMF,SLB,2020,30.49439159197995,,
XGOVEXP.IMF,SLB,2021,25.99682636108489,,
XGOVEXP.IMF,SLB,2022,25.78161745826794,,
XGOVEXP.IMF,SLB,2023,23.19963245685154,,
XGOVEXP.IMF,SLB,2024,25.22878488543724,,
XGOVEXP.IMF,SLE,2000,20.72999954223633,UIS_EST,
XGOVEXP.IMF,SLE,2001,17.96999931335449,UIS_EST,
XGOVEXP.IMF,SLE,2002,17.69999885559082,UIS_EST,
XGOVEXP.IMF,SLE,2003,17.31999969482422,UIS_EST,
XGOVEXP.IMF,SLE,2004,17.14999961853027,UIS_EST,
XGOVEXP.IMF,SLE,2005,15.51000022888184,UIS_EST,
XGOVEXP.IMF,SLE,2007,19.75,,
XGOVEXP.IMF,SLE,2008,14.92999935150146,,
XGOVEXP.IMF,SLE,2009,15.90000057220459,,
XGOVEXP.IMF,SLE,2010,12.79999923706055,,
XGOVEXP.IMF,SLE,2011,12.40999984741211,,
XGOVEXP.IMF,SLE,2012,14.13000011444092,,
XGOVEXP.IMF,SLE,2013,15.19999980926514,,
XGOVEXP.IMF,SLE,2014,15.09000015258789,,
XGOVEXP.IMF,SLE,2016,12.47000026702881,,
XGOVEXP.IMF,SLE,2017,19.88999938964844,,
XGOVEXP.IMF,SLE,2018,32.72999954223633,,
XGOVEXP.IMF,SLE,2019,35.0099983215332,,
XGOVEXP.IMF,SLE,2020,34.2400016784668,,
XGOVEXP.IMF,SLE,2021,27.63999938964844,,
XGOVEXP.IMF,SLE,2022,25.22999954223633,,
XGOVEXP.IMF,SLE,2024,19.95918997330075,,
XGOVEXP.IMF,SLE,2025,20.54637456589182,,
XGOVEXP.IMF,SLV,2000,13.54397010803223,UIS_EST,
XGOVEXP.IMF,SLV,2002,14.40474987030029,,
XGOVEXP.IMF,SLV,2003,13.85227012634277,,
XGOVEXP.IMF,SLV,2005,14.16685009002686,UIS_EST,
XGOVEXP.IMF,SLV,2006,14.91919040679932,,
XGOVEXP.IMF,SLV,2007,15.81505012512207,NAT_EST,
XGOVEXP.IMF,SLV,2008,18.16251945495605,,
XGOVEXP.IMF,SLV,2009,17.95026016235352,,
XGOVEXP.IMF,SLV,2010,15.81840991973877,,
XGOVEXP.IMF,SLV,2011,15.42368030548096,,
XGOVEXP.IMF,SLV,2012,13.55786037445068,,
XGOVEXP.IMF,SLV,2013,13.34160041809082,,
XGOVEXP.IMF,SLV,2014,13.8507604598999,,
XGOVEXP.IMF,SLV,2015,14.42251014709473,,
XGOVEXP.IMF,SLV,2016,13.9301700592041,,
XGOVEXP.IMF,SLV,2017,13.26113033294678,,
XGOVEXP.IMF,SLV,2018,13.06204986572266,,
XGOVEXP.IMF,SLV,2019,12.19194030761719,,
XGOVEXP.IMF,SLV,2020,11.19429969787598,,
XGOVEXP.IMF,SLV,2021,11.50806999206543,,
XGOVEXP.IMF,SLV,2022,11.4042797088623,,
XGOVEXP.IMF,SLV,2023,10.44163990020752,,
XGOVEXP.IMF,SLV,2024,10.57559013366699,,
XGOVEXP.IMF,SLV,2025,15.89259639097215,,
XGOVEXP.IMF,SMR,2010,10.78129005432129,,
XGOVEXP.IMF,SMR,2011,10.64035987854004,,
XGOVEXP.IMF,SMR,2017,13.17934989929199,,
XGOVEXP.IMF,SMR,2018,14.48633003234863,,
XGOVEXP.IMF,SMR,2019,15.05992031097412,,
XGOVEXP.IMF,SMR,2020,5.789347375,,
XGOVEXP.IMF,SMR,2021,8.379810333251953,,
XGOVEXP.IMF,SMR,2022,13.36878967285156,,
XGOVEXP.IMF,SMR,2023,12.98976039886475,,
XGOVEXP.IMF,SOM,2015,1.421131717311304,,
XGOVEXP.IMF,SOM,2016,1.314840640059248,,
XGOVEXP.IMF,SOM,2017,2.223461869229261,,
XGOVEXP.IMF,SOM,2018,2.961797677124395,,
XGOVEXP.IMF,SOM,2019,4.287322881221026,,
XGOVEXP.IMF,SOM,2020,2.99771462084585,,
XGOVEXP.IMF,SOM,2021,3.650244490654222,,
XGOVEXP.IMF,SOM,2022,2.762152554394516,,
XGOVEXP.IMF,SOM,2023,3.591566981105978,,
XGOVEXP.IMF,SOM,2024,6.955547596212627,,
XGOVEXP.IMF,SOM,2025,8.126535843438019,,
XGOVEXP.IMF,SRB,2007,9.976639747619629,,
XGOVEXP.IMF,SRB,2009,10.48217964172363,,
XGOVEXP.IMF,SRB,2011,10.17957019805908,,
XGOVEXP.IMF,SRB,2016,8.69299030303955,,
XGOVEXP.IMF,SRB,2017,9.256460189819336,,
XGOVEXP.IMF,SRB,2018,8.804280281066895,,
XGOVEXP.IMF,SRB,2019,8.604599952697754,,
XGOVEXP.IMF,SRB,2021,7.086689949035645,,
XGOVEXP.IMF,SRB,2022,7.449689865112305,,
XGOVEXP.IMF,SRB,2023,8.383540153503418,,
XGOVEXP.IMF,SSD,2011,3.950700044631958,,
XGOVEXP.IMF,SSD,2013,3.228019952774048,,
XGOVEXP.IMF,SSD,2014,4.131360054016113,,
XGOVEXP.IMF,SSD,2015,3.324949979782104,,
XGOVEXP.IMF,STP,2002,6.560440063476563,,
XGOVEXP.IMF,STP,2003,6.692009925842285,,
XGOVEXP.IMF,STP,2004,5.85359001159668,,
XGOVEXP.IMF,STP,2005,12.12547969818115,,
XGOVEXP.IMF,STP,2006,14.08423042297363,,
XGOVEXP.IMF,STP,2007,16.65735054016113,,
XGOVEXP.IMF,STP,2008,18.24863052368164,,
XGOVEXP.IMF,STP,2009,20.5607795715332,,
XGOVEXP.IMF,STP,2010,19.3274097442627,,
XGOVEXP.IMF,STP,2011,11.38041578226418,,
XGOVEXP.IMF,STP,2012,13.72161960601807,,
XGOVEXP.IMF,STP,2013,18.82966995239258,,
XGOVEXP.IMF,STP,2014,12.32466983795166,,
XGOVEXP.IMF,STP,2015,11.29734039306641,,
XGOVEXP.IMF,STP,2016,15.96667957305908,,
XGOVEXP.IMF,STP,2017,18.39999961853027,UIS_EST,
XGOVEXP.IMF,STP,2018,20.11654090881348,UIS_EST,
XGOVEXP.IMF,STP,2019,17.59244509009995,,
XGOVEXP.IMF,STP,2020,16.12593579791158,,
XGOVEXP.IMF,STP,2021,16.58419120232069,,
XGOVEXP.IMF,STP,2022,17.08632851845202,,
XGOVEXP.IMF,STP,2023,18.34500625165563,,
XGOVEXP.IMF,STP,2024,18.08669695163878,,
XGOVEXP.IMF,SUR,2015,11.37659899072879,,
XGOVEXP.IMF,SUR,2016,16.07541860914182,,
XGOVEXP.IMF,SUR,2017,17.32357800330422,,
XGOVEXP.IMF,SUR,2018,14.72417251755266,,
XGOVEXP.IMF,SUR,2019,15.27698863636364,,
XGOVEXP.IMF,SUR,2020,13.94234545597361,,
XGOVEXP.IMF,SUR,2021,11.78294573643411,,
XGOVEXP.IMF,SUR,2022,10.9554367201426,,
XGOVEXP.IMF,SUR,2023,7.536292151822169,,
XGOVEXP.IMF,SUR,2024,8.553004298996902,,
XGOVEXP.IMF,SVK,2000,7.323430061340332,,
XGOVEXP.IMF,SVK,2001,8.68671989440918,,
XGOVEXP.IMF,SVK,2002,9.341520309448242,,
XGOVEXP.IMF,SVK,2003,10.42514991760254,,
XGOVEXP.IMF,SVK,2004,10.81616020202637,,
XGOVEXP.IMF,SVK,2005,9.464699745178223,,
XGOVEXP.IMF,SVK,2006,9.550780296325684,,
XGOVEXP.IMF,SVK,2007,9.6843900680542,,
XGOVEXP.IMF,SVK,2008,9.51928997039795,,
XGOVEXP.IMF,SVK,2009,9.021980285644531,,
XGOVEXP.IMF,SVK,2010,9.598320007324219,,
XGOVEXP.IMF,SVK,2011,9.426580429077148,,
XGOVEXP.IMF,SVK,2012,9.387419700622559,,
XGOVEXP.IMF,SVK,2013,9.579870223999023,,
XGOVEXP.IMF,SVK,2014,9.74608039855957,,
XGOVEXP.IMF,SVK,2015,10.04850959777832,,
XGOVEXP.IMF,SVK,2016,9.16841983795166,,
XGOVEXP.IMF,SVK,2017,9.956330299377441,,
XGOVEXP.IMF,SVK,2018,9.964570045471191,,
XGOVEXP.IMF,SVK,2019,10.54541015625,,
XGOVEXP.IMF,SVK,2020,10.64993953704834,,
XGOVEXP.IMF,SVK,2021,10.57857036590576,,
XGOVEXP.IMF,SVK,2022,11.02303028106689,,
XGOVEXP.IMF,SVN,2001,11.82783031463623,,
XGOVEXP.IMF,SVN,2002,12.01115989685059,,
XGOVEXP.IMF,SVN,2003,12.09881019592285,,
XGOVEXP.IMF,SVN,2004,12.12226009368896,,
XGOVEXP.IMF,SVN,2005,12.09897994995117,,
XGOVEXP.IMF,SVN,2006,12.30090999603271,,
XGOVEXP.IMF,SVN,2007,11.81182956695557,,
XGOVEXP.IMF,SVN,2008,11.36485958099365,,
XGOVEXP.IMF,SVN,2009,11.24168968200684,,
XGOVEXP.IMF,SVN,2010,11.02781963348389,,
XGOVEXP.IMF,SVN,2011,10.85939979553223,,
XGOVEXP.IMF,SVN,2012,11.33905982971191,,
XGOVEXP.IMF,SVN,2013,9.471870422363281,,
XGOVEXP.IMF,SVN,2014,10.56888961791992,,
XGOVEXP.IMF,SVN,2015,10.0119800567627,,
XGOVEXP.IMF,SVN,2016,10.32664966583252,,
XGOVEXP.IMF,SVN,2017,10.81285953521729,,
XGOVEXP.IMF,SVN,2018,11.30204010009766,,
XGOVEXP.IMF,SVN,2019,11.27118968963623,,
XGOVEXP.IMF,SVN,2020,10.46212005615234,,
XGOVEXP.IMF,SVN,2021,10.80632019042969,,
XGOVEXP.IMF,SVN,2022,11.0809497833252,,
XGOVEXP.IMF,SWE,2000,12.89867973327637,,
XGOVEXP.IMF,SWE,2001,12.78553009033203,,
XGOVEXP.IMF,SWE,2002,13.1183500289917,,
XGOVEXP.IMF,SWE,2003,12.83382987976074,,
XGOVEXP.IMF,SWE,2004,12.91322994232178,,
XGOVEXP.IMF,SWE,2005,12.73132991790771,,
XGOVEXP.IMF,SWE,2006,12.71201992034912,,
XGOVEXP.IMF,SWE,2007,12.76568031311035,,
XGOVEXP.IMF,SWE,2008,12.92362976074219,,
XGOVEXP.IMF,SWE,2009,13.12812042236328,,
XGOVEXP.IMF,SWE,2010,13.19379043579102,,
XGOVEXP.IMF,SWE,2011,13.04813003540039,,
XGOVEXP.IMF,SWE,2012,15.07507991790771,,
XGOVEXP.IMF,SWE,2013,14.88731956481934,,
XGOVEXP.IMF,SWE,2014,15.04500961303711,,
XGOVEXP.IMF,SWE,2015,15.18671035766602,,
XGOVEXP.IMF,SWE,2016,15.46417045593262,,
XGOVEXP.IMF,SWE,2017,15.53695011138916,,
XGOVEXP.IMF,SWE,2018,15.51504993438721,,
XGOVEXP.IMF,SWE,2019,15.74522972106934,,
XGOVEXP.IMF,SWE,2020,15.31173992156982,,
XGOVEXP.IMF,SWE,2021,15.54915046691895,,
XGOVEXP.IMF,SWE,2022,15.27604961395264,,
XGOVEXP.IMF,SWZ,2000,18.74508094787598,,
XGOVEXP.IMF,SWZ,2001,19.65617942810059,,
XGOVEXP.IMF,SWZ,2002,17.29376983642578,,
XGOVEXP.IMF,SWZ,2003,22.06381988525391,,
XGOVEXP.IMF,SWZ,2004,21.10407066345215,,
XGOVEXP.IMF,SWZ,2005,20.89185905456543,,
XGOVEXP.IMF,SWZ,2006,22.70756912231445,,
XGOVEXP.IMF,SWZ,2008,21.81324005126953,,
XGOVEXP.IMF,SWZ,2009,19.38637924194336,,
XGOVEXP.IMF,SWZ,2010,18.28302955627441,,
XGOVEXP.IMF,SWZ,2011,22.33392906188965,,
XGOVEXP.IMF,SWZ,2012,21.43775954342454,,
XGOVEXP.IMF,SWZ,2013,17.23399640698286,,
XGOVEXP.IMF,SWZ,2014,24.79544067382813,,
XGOVEXP.IMF,SWZ,2015,16.41538784288528,,
XGOVEXP.IMF,SWZ,2016,16.55491112702872,,
XGOVEXP.IMF,SWZ,2017,18.66627509147846,,
XGOVEXP.IMF,SWZ,2018,17.22101182665492,,
XGOVEXP.IMF,SWZ,2019,18.5068975878254,,
XGOVEXP.IMF,SWZ,2020,15.8905396021243,,
XGOVEXP.IMF,SWZ,2021,15.34087001860497,,
XGOVEXP.IMF,SWZ,2022,16.620931006141,,
XGOVEXP.IMF,SWZ,2023,16.93638831213255,,
XGOVEXP.IMF,SWZ,2024,19.35419607602253,,
XGOVEXP.IMF,SWZ,2025,19.21187040536306,,
XGOVEXP.IMF,SXM,2022,22.61103633916554,,
XGOVEXP.IMF,SXM,2023,23.04426925409339,,
XGOVEXP.IMF,SYC,2002,9.220159530639648,,
XGOVEXP.IMF,SYC,2003,12.04319953918457,,
XGOVEXP.IMF,SYC,2006,10.9545202255249,,
XGOVEXP.IMF,SYC,2011,10.36830043792725,,
XGOVEXP.IMF,SYC,2012,6.779669761657715,,
XGOVEXP.IMF,SYC,2013,9.536629676818848,,
XGOVEXP.IMF,SYC,2014,11.84099960327148,,
XGOVEXP.IMF,SYC,2015,15.59241962432861,,
XGOVEXP.IMF,SYC,2016,11.66483020782471,,
XGOVEXP.IMF,SYC,2017,10.25983040033385,,
XGOVEXP.IMF,SYC,2018,10.51462021660156,,
XGOVEXP.IMF,SYC,2019,11.130556515303,,
XGOVEXP.IMF,SYC,2020,9.168005070426334,,
XGOVEXP.IMF,SYC,2021,10.4837460475179,,
XGOVEXP.IMF,SYC,2022,10.64876286796686,,
XGOVEXP.IMF,SYC,2023,12.7399803021294,,
XGOVEXP.IMF,SYC,2024,13.14195809729167,,
XGOVEXP.IMF,SYC,2025,10.68572483002371,,
XGOVEXP.IMF,SYR,2001,15.66205978393555,,
XGOVEXP.IMF,SYR,2002,16.82607078552246,,
XGOVEXP.IMF,SYR,2003,19.85540008544922,,
XGOVEXP.IMF,SYR,2004,17.14539909362793,,
XGOVEXP.IMF,SYR,2006,20.0484790802002,,
XGOVEXP.IMF,SYR,2007,18.92593002319336,,
XGOVEXP.IMF,SYR,2008,20.04079055786133,,
XGOVEXP.IMF,SYR,2009,19.18404960632324,,
XGOVEXP.IMF,TCA,2011,11.70387309139757,,
XGOVEXP.IMF,TCA,2012,11.62089334250613,,
XGOVEXP.IMF,TCA,2013,12.24923485452426,,
XGOVEXP.IMF,TCA,2014,11.80901857810291,,
XGOVEXP.IMF,TCA,2015,14.19169998168945,,
XGOVEXP.IMF,TCA,2016,13.17629654439459,,
XGOVEXP.IMF,TCA,2017,11.03374853686171,,
XGOVEXP.IMF,TCA,2018,11.94102001190186,,
XGOVEXP.IMF,TCA,2019,9.615440368652344,,
XGOVEXP.IMF,TCA,2020,10.82221277044946,,
XGOVEXP.IMF,TCA,2021,11.23834991455078,,
XGOVEXP.IMF,TCA,2022,11.86330032348633,,
XGOVEXP.IMF,TCA,2023,9.317347232734035,,
XGOVEXP.IMF,TCA,2024,10.73425260585465,,
XGOVEXP.IMF,TCA,2025,9.811855133278705,,
XGOVEXP.IMF,TCD,2000,12.84449005126953,,
XGOVEXP.IMF,TCD,2001,13.78684997558594,,
XGOVEXP.IMF,TCD,2004,11.03190040588379,,
XGOVEXP.IMF,TCD,2005,14.67282009124756,,
XGOVEXP.IMF,TCD,2009,8.828180313110352,,
XGOVEXP.IMF,TCD,2010,8.119279861450195,,
XGOVEXP.IMF,TCD,2011,10.08325958251953,,
XGOVEXP.IMF,TCD,2012,9.212409973144531,,
XGOVEXP.IMF,TCD,2013,12.46146011352539,,
XGOVEXP.IMF,TCD,2017,16.36274909973145,UIS_EST,
XGOVEXP.IMF,TCD,2019,14.21379003899466,,
XGOVEXP.IMF,TCD,2020,11.6715060004173,,
XGOVEXP.IMF,TCD,2021,15.44771003723145,,
XGOVEXP.IMF,TCD,2022,16.72260975170407,,
XGOVEXP.IMF,TCD,2023,16.48435344243246,,
XGOVEXP.IMF,TGO,2000,24.42370986938477,,
XGOVEXP.IMF,TGO,2001,25.73135948181152,,
XGOVEXP.IMF,TGO,2002,30.70002937316895,,
XGOVEXP.IMF,TGO,2003,27.75642967224121,,
XGOVEXP.IMF,TGO,2004,21.83069038391113,,
XGOVEXP.IMF,TGO,2005,17.67807960510254,,
XGOVEXP.IMF,TGO,2006,17.28664970397949,,
XGOVEXP.IMF,TGO,2007,18.15452003479004,,
XGOVEXP.IMF,TGO,2008,19.24566078186035,,
XGOVEXP.IMF,TGO,2009,19.37198066711426,,
XGOVEXP.IMF,TGO,2010,19.61576080322266,,
XGOVEXP.IMF,TGO,2011,16.90378952026367,,
XGOVEXP.IMF,TGO,2012,17.68042945861816,,
XGOVEXP.IMF,TGO,2013,15.49767971038818,,
XGOVEXP.IMF,TGO,2014,15.63267993927002,,
XGOVEXP.IMF,TGO,2015,16.21163940429688,,
XGOVEXP.IMF,TGO,2016,15.99131011962891,,
XGOVEXP.IMF,TGO,2017,23.14003944396973,UIS_EST,
XGOVEXP.IMF,TGO,2018,21.76909065246582,UIS_EST,
XGOVEXP.IMF,TGO,2019,19.23478396953854,,
XGOVEXP.IMF,TGO,2020,18.14345287396986,,
XGOVEXP.IMF,TGO,2021,17.45342364551913,,
XGOVEXP.IMF,TGO,2022,14.47581978700893,,
XGOVEXP.IMF,TGO,2023,14.82360413302916,,
XGOVEXP.IMF,TGO,2024,11.64543515210437,,
XGOVEXP.IMF,THA,2000,28.38859939575195,,
XGOVEXP.IMF,THA,2001,24.24134063720703,,
XGOVEXP.IMF,THA,2002,16.22293090820313,,
XGOVEXP.IMF,THA,2003,20.8663501739502,,
XGOVEXP.IMF,THA,2004,21.45767021179199,,
XGOVEXP.IMF,THA,2005,20.54681968688965,,
XGOVEXP.IMF,THA,2006,22.0027904510498,,
XGOVEXP.IMF,THA,2007,18.48467063903809,,
XGOVEXP.IMF,THA,2008,18.16284942626953,,
XGOVEXP.IMF,THA,2009,18.17830085754395,,
XGOVEXP.IMF,THA,2010,16.22262001037598,,
XGOVEXP.IMF,THA,2011,22.63023948669434,,
XGOVEXP.IMF,THA,2012,21.39679908752441,,
XGOVEXP.IMF,THA,2013,19.12552070617676,,
XGOVEXP.IMF,THA,2014,20.5354099009901,,
XGOVEXP.IMF,THA,2015,20.62309902912622,,
XGOVEXP.IMF,THA,2016,19.80216498559078,,
XGOVEXP.IMF,THA,2017,18.36236743072186,,
XGOVEXP.IMF,THA,2018,17.16620983606557,,
XGOVEXP.IMF,THA,2019,17.01423333333333,,
XGOVEXP.IMF,THA,2020,15.431959375,,
XGOVEXP.IMF,THA,2021,14.69172283427898,,
XGOVEXP.IMF,THA,2022,14.64165161290322,,
XGOVEXP.IMF,THA,2023,14.18629827315542,,
XGOVEXP.IMF,THA,2024,13.09098850574713,,
XGOVEXP.IMF,THA,2025,12.61708369973619,,
XGOVEXP.IMF,TJK,2000,12.72385025024414,,
XGOVEXP.IMF,TJK,2001,14.00712966918945,,
XGOVEXP.IMF,TJK,2002,14.63924980163574,,
XGOVEXP.IMF,TJK,2003,12.70823955535889,,
XGOVEXP.IMF,TJK,2004,13.70965957641602,,
XGOVEXP.IMF,TJK,2005,15.33973026275635,,
XGOVEXP.IMF,TJK,2006,15.84657001495361,,
XGOVEXP.IMF,TJK,2007,16.82249069213867,,
XGOVEXP.IMF,TJK,2008,17.2426700592041,,
XGOVEXP.IMF,TJK,2009,17.35973930358887,,
XGOVEXP.IMF,TJK,2010,15.49219989776611,,
XGOVEXP.IMF,TJK,2011,16.20780944824219,,
XGOVEXP.IMF,TJK,2012,16.24967956542969,,
XGOVEXP.IMF,TJK,2013,17.3689571897652,,
XGOVEXP.IMF,TJK,2014,17.79638391116646,,
XGOVEXP.IMF,TJK,2015,16.3986701965332,,
XGOVEXP.IMF,TJK,2016,17.03836344891204,,
XGOVEXP.IMF,TJK,2017,18.14115030542452,,
XGOVEXP.IMF,TJK,2018,15.88862268984674,,
XGOVEXP.IMF,TJK,2019,18.22823856874412,,
XGOVEXP.IMF,TJK,2020,17.29742307954632,,
XGOVEXP.IMF,TJK,2021,15.04331613819054,,
XGOVEXP.IMF,TJK,2022,18.3473626996201,,
XGOVEXP.IMF,TJK,2023,17.22547497292963,,
XGOVEXP.IMF,TJK,2024,19.25516240406395,,
XGOVEXP.IMF,TKM,2012,20.79550933837891,,
XGOVEXP.IMF,TKM,2019,23.01025009155273,,
XGOVEXP.IMF,TKM,2020,27.99839973449707,,
XGOVEXP.IMF,TKM,2021,29.08345031738281,,
XGOVEXP.IMF,TKM,2022,28.68071937561035,,
XGOVEXP.IMF,TKM,2023,19.32084083557129,,
XGOVEXP.IMF,TKM,2024,29.55587959289551,,
XGOVEXP.IMF,TLS,2008,7.090539932250977,,
XGOVEXP.IMF,TLS,2009,10.58611965179443,,
XGOVEXP.IMF,TLS,2010,9.154210090637207,,
XGOVEXP.IMF,TLS,2011,7.650899887084961,,
XGOVEXP.IMF,TLS,2012,5.537690162658691,,
XGOVEXP.IMF,TLS,2013,5.893179893493652,,
XGOVEXP.IMF,TLS,2014,6.772870063781738,,
XGOVEXP.IMF,TLS,2015,8.636969566345215,,
XGOVEXP.IMF,TLS,2016,7.246910095214844,,
XGOVEXP.IMF,TLS,2017,8.217690467834473,,
XGOVEXP.IMF,TLS,2018,8.005629539489746,UIS_EST,
XGOVEXP.IMF,TLS,2019,6.869692216372372,,
XGOVEXP.IMF,TLS,2020,6.956637108994876,,
XGOVEXP.IMF,TLS,2021,7.470769802551831,,
XGOVEXP.IMF,TLS,2024,6.275140230587752,,
XGOVEXP.IMF,TLS,2025,4.330967184613028,,
XGOVEXP.IMF,TON,2000,22.95586013793945,,
XGOVEXP.IMF,TON,2001,22.10918045043945,UIS_EST,
XGOVEXP.IMF,TON,2002,15.82658004760742,,
XGOVEXP.IMF,TON,2003,18.61911964416504,,
XGOVEXP.IMF,TON,2004,19.09716987609863,,
XGOVEXP.IMF,TON,2017,11.07814541206856,,
XGOVEXP.IMF,TON,2018,11.27844772078499,,
XGOVEXP.IMF,TON,2019,12.99594240349265,,
XGOVEXP.IMF,TON,2020,10.73154864869994,,
XGOVEXP.IMF,TON,2021,10.1174321653832,,
XGOVEXP.IMF,TON,2022,9.76537216828479,,
XGOVEXP.IMF,TON,2023,8.442249580302184,,
XGOVEXP.IMF,TON,2024,9.32964222353637,,
XGOVEXP.IMF,TTO,2000,11.73112010955811,,
XGOVEXP.IMF,TTO,2001,12.16543006896973,,
XGOVEXP.IMF,TTO,2002,14.28520965576172,,
XGOVEXP.IMF,TTO,2003,13.91007041931152,,
XGOVEXP.IMF,TTO,2010,12.90331022029134,,
XGOVEXP.IMF,TTO,2011,11.1150541951613,,
XGOVEXP.IMF,TTO,2012,11.27329497083383,,
XGOVEXP.IMF,TTO,2013,11.73038445827487,,
XGOVEXP.IMF,TTO,2014,10.50938763190676,,
XGOVEXP.IMF,TTO,2015,12.30704474869261,,
XGOVEXP.IMF,TTO,2016,11.7850028841985,,
XGOVEXP.IMF,TTO,2017,9.88690577318633,,
XGOVEXP.IMF,TTO,2018,10.65227805216344,,
XGOVEXP.IMF,TTO,2019,10.45610419572353,,
XGOVEXP.IMF,TTO,2020,11.71627044677734,,
XGOVEXP.IMF,TTO,2021,10.02651977539063,,
XGOVEXP.IMF,TTO,2022,10.40559005737305,,
XGOVEXP.IMF,TTO,2023,9.826899528503418,,
XGOVEXP.IMF,TTO,2024,8.864385916237417,,
XGOVEXP.IMF,TTO,2025,12.57427897089101,,
XGOVEXP.IMF,TUN,2000,24.5917797088623,UIS_EST,
XGOVEXP.IMF,TUN,2001,24.64776039123535,,
XGOVEXP.IMF,TUN,2002,22.88013076782227,,
XGOVEXP.IMF,TUN,2003,27.68428993225098,,
XGOVEXP.IMF,TUN,2004,27.83381080627441,,
XGOVEXP.IMF,TUN,2005,26.6956901550293,,
XGOVEXP.IMF,TUN,2006,26.86130905151367,,
XGOVEXP.IMF,TUN,2007,26.42863082885742,,
XGOVEXP.IMF,TUN,2008,25.25867080688477,,
XGOVEXP.IMF,TUN,2009,25.26201057434082,,
XGOVEXP.IMF,TUN,2010,24.84683036804199,,
XGOVEXP.IMF,TUN,2012,20.99101066589355,,
XGOVEXP.IMF,TUN,2015,22.66534042358398,,
XGOVEXP.IMF,TUN,2019,17.64667720415611,,
XGOVEXP.IMF,TUN,2020,20.81347541533815,,
XGOVEXP.IMF,TUN,2021,19.75151556248728,,
XGOVEXP.IMF,TUN,2022,19.97026247720816,,
XGOVEXP.IMF,TUN,2023,18.10789713042393,,
XGOVEXP.IMF,TUN,2024,17.80989549368782,,
XGOVEXP.IMF,TUN,2025,17.27852009092732,,
XGOVEXP.IMF,TUR,2011,12.86585998535156,,
XGOVEXP.IMF,TUR,2012,12.85289001464844,,
XGOVEXP.IMF,TUR,2013,12.89196968078613,,
XGOVEXP.IMF,TUR,2014,13.52735042572021,,
XGOVEXP.IMF,TUR,2015,13.26185035705566,,
XGOVEXP.IMF,TUR,2016,13.69145965576172,,
XGOVEXP.IMF,TUR,2017,13.25858020782471,,
XGOVEXP.IMF,TUR,2018,12.53085994720459,,
XGOVEXP.IMF,TUR,2019,12.52369976043701,,
XGOVEXP.IMF,TUR,2020,11.63362979888916,,
XGOVEXP.IMF,TUR,2021,11.30918025970459,,
XGOVEXP.IMF,TUR,2022,11.32629013061523,,
XGOVEXP.IMF,TUV,2020,11.00385063402681,,
XGOVEXP.IMF,TUV,2021,13.270222607687,,
XGOVEXP.IMF,TUV,2022,12.92737622565877,,
XGOVEXP.IMF,TUV,2023,11.3604097366333,,
XGOVEXP.IMF,TUV,2024,16.9789718325253,,
XGOVEXP.IMF,TUV,2025,16.79219400988117,,
XGOVEXP.IMF,TZA,2004,19.49263954162598,,
XGOVEXP.IMF,TZA,2005,18.14314079284668,,
XGOVEXP.IMF,TZA,2006,15.01506996154785,,
XGOVEXP.IMF,TZA,2007,19.4492301940918,,
XGOVEXP.IMF,TZA,2008,18.94046974182129,,
XGOVEXP.IMF,TZA,2009,17.68234062194824,,
XGOVEXP.IMF,TZA,2010,19.8020191192627,,
XGOVEXP.IMF,TZA,2011,17.61824331453819,,
XGOVEXP.IMF,TZA,2012,16.87873519645095,,
XGOVEXP.IMF,TZA,2013,19.11519213018508,,
XGOVEXP.IMF,TZA,2014,17.29710006713867,,
XGOVEXP.IMF,TZA,2015,17.63455049746813,,
XGOVEXP.IMF,TZA,2016,17.20423195750261,,
XGOVEXP.IMF,TZA,2017,24.39653968811035,UIS_EST,
XGOVEXP.IMF,TZA,2018,20.50494003295898,UIS_EST,
XGOVEXP.IMF,TZA,2019,14.2921084679586,,
XGOVEXP.IMF,TZA,2020,13.62855799097489,,
XGOVEXP.IMF,TZA,2021,13.53700810698688,,
XGOVEXP.IMF,TZA,2022,14.33210929641049,,
XGOVEXP.IMF,TZA,2023,13.70423764362136,,
XGOVEXP.IMF,TZA,2024,13.40809811638705,,
XGOVEXP.IMF,UGA,2000,10.3548698425293,UIS_EST,
XGOVEXP.IMF,UGA,2004,20.30834007263184,,
XGOVEXP.IMF,UGA,2010,10.10488986968994,,
XGOVEXP.IMF,UGA,2011,13.61137008666992,,
XGOVEXP.IMF,UGA,2012,11.45189952850342,,
XGOVEXP.IMF,UGA,2013,11.74312019348145,,
XGOVEXP.IMF,UGA,2014,11.70491027832031,,
XGOVEXP.IMF,UGA,2015,13.22008037567139,UIS_EST,
XGOVEXP.IMF,UGA,2016,12.46916961669922,UIS_EST,
XGOVEXP.IMF,UGA,2017,12.19733047485352,UIS_EST,
XGOVEXP.IMF,UGA,2018,11.25366020202637,UIS_EST,
XGOVEXP.IMF,UGA,2019,8.89710752279272,,
XGOVEXP.IMF,UGA,2020,8.528804654958815,,
XGOVEXP.IMF,UGA,2021,8.21456053372555,,
XGOVEXP.IMF,UGA,2022,8.482364332061273,,
XGOVEXP.IMF,UKR,2000,11.35896968841553,,
XGOVEXP.IMF,UKR,2001,12.81095027923584,,
XGOVEXP.IMF,UKR,2002,14.36096000671387,,
XGOVEXP.IMF,UKR,2003,14.41952037811279,,
XGOVEXP.IMF,UKR,2004,12.7817497253418,,
XGOVEXP.IMF,UKR,2005,13.73865032196045,,
XGOVEXP.IMF,UKR,2006,13.92323017120361,,
XGOVEXP.IMF,UKR,2007,14.03619003295898,,
XGOVEXP.IMF,UKR,2008,13.55782985687256,,
XGOVEXP.IMF,UKR,2009,15.05482006072998,,
XGOVEXP.IMF,UKR,2011,13.48431968688965,,
XGOVEXP.IMF,UKR,2012,13.66551971435547,,
XGOVEXP.IMF,UKR,2013,13.86763954162598,,
XGOVEXP.IMF,UKR,2014,13.12135028839111,,
XGOVEXP.IMF,UKR,2015,12.4049319402434,,
XGOVEXP.IMF,UKR,2016,12.28328990936279,,
XGOVEXP.IMF,UKR,2017,12.99993991851807,,
XGOVEXP.IMF,UKR,2018,12.69019985198975,,
XGOVEXP.IMF,UKR,2019,13.11063003540039,,
XGOVEXP.IMF,UKR,2020,11.80327987670898,,
XGOVEXP.IMF,UKR,2021,12.69548988342285,,
XGOVEXP.IMF,URY,2000,8.359169960021973,,
XGOVEXP.IMF,URY,2001,9.229630470275879,,
XGOVEXP.IMF,URY,2002,7.71265983581543,,
XGOVEXP.IMF,URY,2003,6.836269855499268,,
XGOVEXP.IMF,URY,2004,8.60923957824707,,
XGOVEXP.IMF,URY,2005,9.470970153808594,,
XGOVEXP.IMF,URY,2006,9.84121036529541,,
XGOVEXP.IMF,URY,2011,15.16254997253418,,
XGOVEXP.IMF,URY,2012,17.67792781931658,,
XGOVEXP.IMF,URY,2013,14.37047004699707,,
XGOVEXP.IMF,URY,2014,14.44427013397217,,
XGOVEXP.IMF,URY,2015,14.72430038452148,,
XGOVEXP.IMF,URY,2016,14.71014022827148,,
XGOVEXP.IMF,URY,2017,14.86126041412354,,
XGOVEXP.IMF,URY,2018,15.16195011138916,,
XGOVEXP.IMF,URY,2019,15.12125968933105,,
XGOVEXP.IMF,URY,2020,13.87224960327148,,
XGOVEXP.IMF,URY,2021,14.76424026489258,,
XGOVEXP.IMF,URY,2022,14.93362998962402,,
XGOVEXP.IMF,URY,2023,15.60958003997803,,
XGOVEXP.IMF,USA,2015,13.54664993286133,,
XGOVEXP.IMF,USA,2016,13.17061042785645,,
XGOVEXP.IMF,USA,2017,13.8754997253418,,
XGOVEXP.IMF,USA,2018,13.14741039276123,,
XGOVEXP.IMF,USA,2019,13.27268981933594,,
XGOVEXP.IMF,USA,2020,12.15375995635986,,
XGOVEXP.IMF,USA,2021,11.30959987640381,,
XGOVEXP.IMF,UZB,2013,22.7609691619873,UIS_EST,
XGOVEXP.IMF,UZB,2014,22.97685050964355,UIS_EST,
XGOVEXP.IMF,UZB,2015,22.36525917053223,UIS_EST,
XGOVEXP.IMF,UZB,2016,23.09033012390137,UIS_EST,
XGOVEXP.IMF,UZB,2017,22.53945922851563,UIS_EST,
XGOVEXP.IMF,UZB,2018,25.87523091799072,,
XGOVEXP.IMF,UZB,2019,28.41832847917145,,
XGOVEXP.IMF,UZB,2020,17.06019020080566,,
XGOVEXP.IMF,UZB,2021,15.07532978057861,,
XGOVEXP.IMF,UZB,2022,21.85101834454068,,
XGOVEXP.IMF,UZB,2023,22.64815662659952,,
XGOVEXP.IMF,UZB,2024,22.07464503820453,,
XGOVEXP.IMF,VCT,2000,30.78919982910156,,
XGOVEXP.IMF,VCT,2002,28.70130920410156,,
XGOVEXP.IMF,VCT,2003,31.47550964355469,UIS_EST,
XGOVEXP.IMF,VCT,2005,22.59198951721191,,
XGOVEXP.IMF,VCT,2007,20.03841018676758,,
XGOVEXP.IMF,VCT,2009,17.33849906921387,,
XGOVEXP.IMF,VCT,2010,15.48563003540039,,
XGOVEXP.IMF,VCT,2015,17.2,,
XGOVEXP.IMF,VCT,2016,20.14841079711914,,
XGOVEXP.IMF,VCT,2017,20.19763946533203,,
XGOVEXP.IMF,VCT,2018,19.8603401184082,,
XGOVEXP.IMF,VCT,2020,13,,
XGOVEXP.IMF,VCT,2022,15.2270812769575,,
XGOVEXP.IMF,VCT,2023,12.8554647399902,,
XGOVEXP.IMF,VCT,2024,12.62687748820431,,
XGOVEXP.IMF,VEN,2023,0.009460000321269,,
XGOVEXP.IMF,VEN,2024,10.25429208655959,,
XGOVEXP.IMF,VGB,2012,12.05877296564658,,
XGOVEXP.IMF,VGB,2013,15.73427620009728,,
XGOVEXP.IMF,VGB,2014,14.70944245282069,,
XGOVEXP.IMF,VGB,2015,13.26398155301168,,
XGOVEXP.IMF,VGB,2016,12.8649093973932,,
XGOVEXP.IMF,VGB,2017,12.64089345012552,,
XGOVEXP.IMF,VGB,2018,10.21799741849662,,
XGOVEXP.IMF,VGB,2019,17.20144753593073,,
XGOVEXP.IMF,VGB,2020,11.86371459312473,,
XGOVEXP.IMF,VGB,2021,10.84606846878262,,
XGOVEXP.IMF,VGB,2022,12.20016621925425,,
XGOVEXP.IMF,VGB,2023,11.08530357499431,,
XGOVEXP.IMF,VGB,2024,10.86002798172683,,
XGOVEXP.IMF,VGB,2025,13.59118559776313,,
XGOVEXP.IMF,VNM,2008,18.00123977661133,,
XGOVEXP.IMF,VNM,2009,15.18871021270752,,
XGOVEXP.IMF,VNM,2010,17.05666923522949,,
XGOVEXP.IMF,VNM,2011,17.81126976013184,,
XGOVEXP.IMF,VNM,2012,18.78499031066895,,
XGOVEXP.IMF,VNM,2013,18.51551055908203,,
XGOVEXP.IMF,VNM,2014,16.81228974657813,,
XGOVEXP.IMF,VNM,2015,15.0167530601057,,
XGOVEXP.IMF,VNM,2016,15.60490036010742,,
XGOVEXP.IMF,VNM,2017,15.47429664576261,,
XGOVEXP.IMF,VNM,2018,16.09086990356445,,
XGOVEXP.IMF,VNM,2019,15.57194904947498,,
XGOVEXP.IMF,VNM,2020,14.47188120473168,,
XGOVEXP.IMF,VNM,2021,14.81748666271488,,
XGOVEXP.IMF,VNM,2022,15.44934439089992,,
XGOVEXP.IMF,VUT,2000,27.52419090270996,,
XGOVEXP.IMF,VUT,2001,40.07754898071289,,
XGOVEXP.IMF,VUT,2002,36.40961837768555,,
XGOVEXP.IMF,VUT,2003,44.80179977416992,,
XGOVEXP.IMF,VUT,2008,21.40563011169434,,
XGOVEXP.IMF,VUT,2009,18.7231502532959,,
XGOVEXP.IMF,VUT,2014,22.19061088562012,,
XGOVEXP.IMF,VUT,2015,12.70670032501221,,
XGOVEXP.IMF,VUT,2016,12.4892469656623,,
XGOVEXP.IMF,VUT,2017,12.20798015594482,,
XGOVEXP.IMF,VUT,2018,20.13215140933384,,
XGOVEXP.IMF,VUT,2019,4.455299854278564,,
XGOVEXP.IMF,VUT,2020,5.011050224304199,,
XGOVEXP.IMF,VUT,2021,20.00745061838172,,
XGOVEXP.IMF,VUT,2022,20.93909991250744,,
XGOVEXP.IMF,VUT,2023,18.3917293548584,,
XGOVEXP.IMF,VUT,2024,20.07949066162109,,
XGOVEXP.IMF,WB: East Asia & Pacific (excluding high income),2000,15.67009544372559,UIS_EST,
XGOVEXP.IMF,WB: East Asia & Pacific (excluding high income),2001,13.91590976715088,UIS_EST,
XGOVEXP.IMF,WB: East Asia & Pacific (excluding high income),2002,15.03843021392822,UIS_EST,
XGOVEXP.IMF,WB: East Asia & Pacific (excluding high income),2008,14.44198989868164,UIS_EST,
XGOVEXP.IMF,WB: East Asia & Pacific (excluding high income),2009,15.85361957550049,UIS_EST,
XGOVEXP.IMF,WB: East Asia & Pacific (excluding high income),2010,15.28237915039063,UIS_EST,
XGOVEXP.IMF,WB: East Asia & Pacific (excluding high income),2011,13.32470893859863,UIS_EST,
XGOVEXP.IMF,WB: East Asia & Pacific (excluding high income),2012,17.7605037689209,UIS_EST,
XGOVEXP.IMF,WB: East Asia & Pacific (excluding high income),2013,17.8482608795166,UIS_EST,
XGOVEXP.IMF,WB: East Asia & Pacific (excluding high income),2014,16.81229019165039,UIS_EST,
XGOVEXP.IMF,WB: East Asia & Pacific (excluding high income),2015,15.08114242553711,UIS_EST,
XGOVEXP.IMF,WB: East Asia & Pacific (excluding high income),2016,14.46900177001953,UIS_EST,
XGOVEXP.IMF,WB: East Asia & Pacific (excluding high income),2017,14.75090599060059,UIS_EST,
XGOVEXP.IMF,WB: East Asia & Pacific (excluding high income),2018,14.96369934082031,UIS_EST,
XGOVEXP.IMF,WB: East Asia & Pacific (excluding high income),2019,14.2345085144043,UIS_EST,
XGOVEXP.IMF,WB: East Asia & Pacific (excluding high income),2020,12.81194877624512,UIS_EST,
XGOVEXP.IMF,WB: East Asia & Pacific (excluding high income),2021,13.55910778045654,UIS_EST,
XGOVEXP.IMF,WB: East Asia & Pacific (excluding high income),2022,12.92737579345703,UIS_EST,
XGOVEXP.IMF,WB: East Asia & Pacific (excluding high income),2023,12.87827110290527,UIS_EST,
XGOVEXP.IMF,WB: East Asia & Pacific (excluding high income),2024,13.38375186920166,UIS_EST,
XGOVEXP.IMF,WB: Europe & Central Asia (excluding high income),2002,14.36096000671387,UIS_EST,
XGOVEXP.IMF,WB: Europe & Central Asia (excluding high income),2004,13.24570465087891,UIS_EST,
XGOVEXP.IMF,WB: Europe & Central Asia (excluding high income),2005,13.2231502532959,UIS_EST,
XGOVEXP.IMF,WB: Europe & Central Asia (excluding high income),2006,13.26669979095459,UIS_EST,
XGOVEXP.IMF,WB: Europe & Central Asia (excluding high income),2007,11.56083011627197,UIS_EST,
XGOVEXP.IMF,WB: Europe & Central Asia (excluding high income),2009,12.10904502868652,UIS_EST,
XGOVEXP.IMF,WB: Europe & Central Asia (excluding high income),2011,12.59333992004395,UIS_EST,
XGOVEXP.IMF,WB: Europe & Central Asia (excluding high income),2012,12.8025951385498,UIS_EST,
XGOVEXP.IMF,WB: Europe & Central Asia (excluding high income),2013,12.89196968078613,UIS_EST,
XGOVEXP.IMF,WB: Europe & Central Asia (excluding high income),2014,13.12135028839111,UIS_EST,
XGOVEXP.IMF,WB: Europe & Central Asia (excluding high income),2015,12.193039894104,UIS_EST,
XGOVEXP.IMF,WB: Europe & Central Asia (excluding high income),2016,13.1315803527832,UIS_EST,
XGOVEXP.IMF,WB: Europe & Central Asia (excluding high income),2017,12.66928482055664,UIS_EST,
XGOVEXP.IMF,WB: Europe & Central Asia (excluding high income),2018,12.73520469665527,UIS_EST,
XGOVEXP.IMF,WB: Europe & Central Asia (excluding high income),2019,13.34432029724121,UIS_EST,
XGOVEXP.IMF,WB: Europe & Central Asia (excluding high income),2020,11.71845436096191,UIS_EST,
XGOVEXP.IMF,WB: Europe & Central Asia (excluding high income),2021,12.1101245880127,UIS_EST,
XGOVEXP.IMF,WB: Europe & Central Asia (excluding high income),2022,12.44261932373047,UIS_EST,
XGOVEXP.IMF,WB: Europe & Central Asia (excluding high income),2023,12.38928508758545,UIS_EST,
XGOVEXP.IMF,WB: Europe & Central Asia (excluding high income),2024,12.45109176635742,UIS_EST,
XGOVEXP.IMF,WB: High income (July 2025),2000,12.94063949584961,UIS_EST,
XGOVEXP.IMF,WB: High income (July 2025),2001,12.6695499420166,UIS_EST,
XGOVEXP.IMF,WB: High income (July 2025),2002,12.3161792755127,UIS_EST,
XGOVEXP.IMF,WB: High income (July 2025),2003,12.28806018829346,UIS_EST,
XGOVEXP.IMF,WB: High income (July 2025),2004,12.27917957305908,UIS_EST,
XGOVEXP.IMF,WB: High income (July 2025),2010,11.96580982208252,UIS_EST,
XGOVEXP.IMF,WB: High income (July 2025),2011,12.10845565795898,UIS_EST,
XGOVEXP.IMF,WB: High income (July 2025),2012,11.96103096008301,UIS_EST,
XGOVEXP.IMF,WB: High income (July 2025),2013,12.3636531829834,UIS_EST,
XGOVEXP.IMF,WB: High income (July 2025),2014,12.16904830932617,UIS_EST,
XGOVEXP.IMF,WB: High income (July 2025),2015,12.69233989715576,UIS_EST,
XGOVEXP.IMF,WB: High income (July 2025),2016,12.15122032165527,UIS_EST,
XGOVEXP.IMF,WB: High income (July 2025),2017,12.15062999725342,UIS_EST,
XGOVEXP.IMF,WB: High income (July 2025),2018,12.08487033843994,UIS_EST,
XGOVEXP.IMF,WB: High income (July 2025),2019,12.63396453857422,UIS_EST,
XGOVEXP.IMF,WB: High income (July 2025),2020,11.91499996185303,UIS_EST,
XGOVEXP.IMF,WB: High income (July 2025),2021,11.47173976898193,UIS_EST,
XGOVEXP.IMF,WB: High income (July 2025),2022,11.87177467346191,UIS_EST,
XGOVEXP.IMF,WB: Latin America & Caribbean (excluding high income),2000,15.91920471191406,UIS_EST,
XGOVEXP.IMF,WB: Latin America & Caribbean (excluding high income),2003,14.65830993652344,UIS_EST,
XGOVEXP.IMF,WB: Latin America & Caribbean (excluding high income),2007,16.32427978515625,UIS_EST,
XGOVEXP.IMF,WB: Latin America & Caribbean (excluding high income),2009,17.33849906921387,UIS_EST,
XGOVEXP.IMF,WB: Latin America & Caribbean (excluding high income),2010,15.81840991973877,UIS_EST,
XGOVEXP.IMF,WB: Latin America & Caribbean (excluding high income),2011,15.48563003540039,UIS_EST,
XGOVEXP.IMF,WB: Latin America & Caribbean (excluding high income),2012,15.73262500762939,UIS_EST,
XGOVEXP.IMF,WB: Latin America & Caribbean (excluding high income),2013,16.90599060058594,UIS_EST,
XGOVEXP.IMF,WB: Latin America & Caribbean (excluding high income),2014,17.17888641357422,UIS_EST,
XGOVEXP.IMF,WB: Latin America & Caribbean (excluding high income),2015,17.40769004821777,UIS_EST,
XGOVEXP.IMF,WB: Latin America & Caribbean (excluding high income),2016,17.93754959106445,UIS_EST,
XGOVEXP.IMF,WB: Latin America & Caribbean (excluding high income),2017,17.450439453125,UIS_EST,
XGOVEXP.IMF,WB: Latin America & Caribbean (excluding high income),2018,16.86501502990723,UIS_EST,
XGOVEXP.IMF,WB: Latin America & Caribbean (excluding high income),2019,15.92741966247559,UIS_EST,
XGOVEXP.IMF,WB: Latin America & Caribbean (excluding high income),2020,14.16780757904053,UIS_EST,
XGOVEXP.IMF,WB: Latin America & Caribbean (excluding high income),2021,15.924880027771,UIS_EST,
XGOVEXP.IMF,WB: Latin America & Caribbean (excluding high income),2022,15.85004043579102,UIS_EST,
XGOVEXP.IMF,WB: Latin America & Caribbean (excluding high income),2023,14.10153388977051,UIS_EST,
XGOVEXP.IMF,WB: Latin America & Caribbean (excluding high income),2024,13.90787601470947,UIS_EST,
XGOVEXP.IMF,WB: Low & middle income (July 2025),2000,15.29461479187012,UIS_EST,
XGOVEXP.IMF,WB: Low & middle income (July 2025),2002,15.68778991699219,UIS_EST,
XGOVEXP.IMF,WB: Low & middle income (July 2025),2004,15.66368961334229,UIS_EST,
XGOVEXP.IMF,WB: Low & middle income (July 2025),2008,16.12078094482422,UIS_EST,
XGOVEXP.IMF,WB: Low & middle income (July 2025),2009,15.90000057220459,UIS_EST,
XGOVEXP.IMF,WB: Low & middle income (July 2025),2010,15.48891448974609,UIS_EST,
XGOVEXP.IMF,WB: Low & middle income (July 2025),2011,15.01247406005859,UIS_EST,
XGOVEXP.IMF,WB: Low & middle income (July 2025),2012,15.33092498779297,UIS_EST,
XGOVEXP.IMF,WB: Low & middle income (July 2025),2013,15.53765964508057,UIS_EST,
XGOVEXP.IMF,WB: Low & middle income (July 2025),2014,15.67541694641113,UIS_EST,
XGOVEXP.IMF,WB: Low & middle income (July 2025),2015,15.20454978942871,UIS_EST,
XGOVEXP.IMF,WB: Low & middle income (July 2025),2016,15.34716033935547,UIS_EST,
XGOVEXP.IMF,WB: Low & middle income (July 2025),2017,15.2990894317627,UIS_EST,
XGOVEXP.IMF,WB: Low & middle income (July 2025),2018,15.58290004730225,UIS_EST,
XGOVEXP.IMF,WB: Low & middle income (July 2025),2019,14.30180168151855,UIS_EST,
XGOVEXP.IMF,WB: Low & middle income (July 2025),2020,14.36717414855957,UIS_EST,
XGOVEXP.IMF,WB: Low & middle income (July 2025),2021,14.73325538635254,UIS_EST,
XGOVEXP.IMF,WB: Low & middle income (July 2025),2022,14.19579219818115,UIS_EST,
XGOVEXP.IMF,WB: Low & middle income (July 2025),2023,13.96695804595947,UIS_EST,
XGOVEXP.IMF,WB: Low & middle income (July 2025),2024,13.84879398345947,UIS_EST,
XGOVEXP.IMF,WB: Low income (July 2025),2000,15.11577033996582,UIS_EST,
XGOVEXP.IMF,WB: Low income (July 2025),2001,14.47763442993164,UIS_EST,
XGOVEXP.IMF,WB: Low income (July 2025),2004,16.34276008605957,UIS_EST,
XGOVEXP.IMF,WB: Low income (July 2025),2008,16.21773529052734,UIS_EST,
XGOVEXP.IMF,WB: Low income (July 2025),2010,13.08060073852539,UIS_EST,
XGOVEXP.IMF,WB: Low income (July 2025),2011,14.97929954528809,UIS_EST,
XGOVEXP.IMF,WB: Low income (July 2025),2012,13.98278999328613,UIS_EST,
XGOVEXP.IMF,WB: Low income (July 2025),2013,15.19999980926514,UIS_EST,
XGOVEXP.IMF,WB: Low income (July 2025),2014,14.46592998504639,UIS_EST,
XGOVEXP.IMF,WB: Low income (July 2025),2015,14.59081840515137,UIS_EST,
XGOVEXP.IMF,WB: Low income (July 2025),2016,13.83599853515625,UIS_EST,
XGOVEXP.IMF,WB: Low income (July 2025),2017,14.89277839660645,UIS_EST,
XGOVEXP.IMF,WB: Low income (July 2025),2018,15.74536514282227,UIS_EST,
XGOVEXP.IMF,WB: Low income (July 2025),2019,15.1955509185791,UIS_EST,
XGOVEXP.IMF,WB: Low income (July 2025),2020,14.70933532714844,UIS_EST,
XGOVEXP.IMF,WB: Low income (July 2025),2021,15.64159965515137,UIS_EST,
XGOVEXP.IMF,WB: Low income (July 2025),2022,16.45699501037598,UIS_EST,
XGOVEXP.IMF,WB: Low income (July 2025),2023,15.83069038391113,UIS_EST,
XGOVEXP.IMF,WB: Lower middle income (July 2025),2000,15.23692035675049,UIS_EST,
XGOVEXP.IMF,WB: Lower middle income (July 2025),2004,15.87508010864258,UIS_EST,
XGOVEXP.IMF,WB: Lower middle income (July 2025),2005,15.789719581604,UIS_EST,
XGOVEXP.IMF,WB: Lower middle income (July 2025),2006,16.59155082702637,UIS_EST,
XGOVEXP.IMF,WB: Lower middle income (July 2025),2008,17.6434154510498,UIS_EST,
XGOVEXP.IMF,WB: Lower middle income (July 2025),2009,17.29528999328613,UIS_EST,
XGOVEXP.IMF,WB: Lower middle income (July 2025),2010,15.68130970001221,UIS_EST,
XGOVEXP.IMF,WB: Lower middle income (July 2025),2011,15.53779029846191,UIS_EST,
XGOVEXP.IMF,WB: Lower middle income (July 2025),2012,16.56420707702637,UIS_EST,
XGOVEXP.IMF,WB: Lower middle income (July 2025),2013,17.46791648864746,UIS_EST,
XGOVEXP.IMF,WB: Lower middle income (July 2025),2014,17.05469512939453,UIS_EST,
XGOVEXP.IMF,WB: Lower middle income (July 2025),2015,15.14553260803223,UIS_EST,
XGOVEXP.IMF,WB: Lower middle income (July 2025),2016,15.83125972747803,UIS_EST,
XGOVEXP.IMF,WB: Lower middle income (July 2025),2017,15.64371967315674,UIS_EST,
XGOVEXP.IMF,WB: Lower middle income (July 2025),2018,16.79590034484863,UIS_EST,
XGOVEXP.IMF,WB: Lower middle income (July 2025),2019,14.30180168151855,UIS_EST,
XGOVEXP.IMF,WB: Lower middle income (July 2025),2020,14.47414970397949,UIS_EST,
XGOVEXP.IMF,WB: Lower middle income (July 2025),2021,14.81748676300049,UIS_EST,
XGOVEXP.IMF,WB: Lower middle income (July 2025),2022,14.33210945129395,UIS_EST,
XGOVEXP.IMF,WB: Lower middle income (July 2025),2023,13.85877513885498,UIS_EST,
XGOVEXP.IMF,WB: Lower middle income (July 2025),2024,14.15547466278076,UIS_EST,
XGOVEXP.IMF,WB: Middle East & North Africa (excluding high income),2008,15.78380012512207,UIS_EST,
XGOVEXP.IMF,WB: Middle East & North Africa (excluding high income),2010,14.78318405151367,UIS_EST,
XGOVEXP.IMF,WB: Middle East & North Africa (excluding high income),2012,12.4088191986084,UIS_EST,
XGOVEXP.IMF,WB: Middle East & North Africa (excluding high income),2015,13.17900466918945,UIS_EST,
XGOVEXP.IMF,WB: Middle East & North Africa (excluding high income),2016,15.63531684875488,UIS_EST,
XGOVEXP.IMF,WB: Middle East & North Africa (excluding high income),2017,15.65254974365234,UIS_EST,
XGOVEXP.IMF,WB: Middle income (July 2025),2000,15.43883991241455,UIS_EST,
XGOVEXP.IMF,WB: Middle income (July 2025),2002,15.68778991699219,UIS_EST,
XGOVEXP.IMF,WB: Middle income (July 2025),2004,15.40575504302979,UIS_EST,
XGOVEXP.IMF,WB: Middle income (July 2025),2008,15.90603446960449,UIS_EST,
XGOVEXP.IMF,WB: Middle income (July 2025),2009,15.85361957550049,UIS_EST,
XGOVEXP.IMF,WB: Middle income (July 2025),2010,15.49219989776611,UIS_EST,
XGOVEXP.IMF,WB: Middle income (July 2025),2011,15.15328025817871,UIS_EST,
XGOVEXP.IMF,WB: Middle income (July 2025),2012,15.73262500762939,UIS_EST,
XGOVEXP.IMF,WB: Middle income (July 2025),2013,15.87883949279785,UIS_EST,
XGOVEXP.IMF,WB: Middle income (July 2025),2014,16.08365058898926,UIS_EST,
XGOVEXP.IMF,WB: Middle income (July 2025),2015,15.40061378479004,UIS_EST,
XGOVEXP.IMF,WB: Middle income (July 2025),2016,15.66361999511719,UIS_EST,
XGOVEXP.IMF,WB: Middle income (July 2025),2017,15.2990894317627,UIS_EST,
XGOVEXP.IMF,WB: Middle income (July 2025),2018,15.53765964508057,UIS_EST,
XGOVEXP.IMF,WB: Middle income (July 2025),2019,14.2921085357666,UIS_EST,
XGOVEXP.IMF,WB: Middle income (July 2025),2020,14.36717414855957,UIS_EST,
XGOVEXP.IMF,WB: Middle income (July 2025),2021,14.4283971786499,UIS_EST,
XGOVEXP.IMF,WB: Middle income (July 2025),2022,13.70183372497559,UIS_EST,
XGOVEXP.IMF,WB: Middle income (July 2025),2023,13.56582355499268,UIS_EST,
XGOVEXP.IMF,WB: Middle income (July 2025),2024,13.7768497467041,UIS_EST,
XGOVEXP.IMF,WB: Sub-Saharan Africa (excluding high income),2000,15.28036499023438,UIS_EST,
XGOVEXP.IMF,WB: Sub-Saharan Africa (excluding high income),2002,15.74110984802246,UIS_EST,
XGOVEXP.IMF,WB: Sub-Saharan Africa (excluding high income),2004,17.14999961853027,UIS_EST,
XGOVEXP.IMF,WB: Sub-Saharan Africa (excluding high income),2005,17.67807960510254,UIS_EST,
XGOVEXP.IMF,WB: Sub-Saharan Africa (excluding high income),2006,16.88376998901367,UIS_EST,
XGOVEXP.IMF,WB: Sub-Saharan Africa (excluding high income),2008,17.88506317138672,UIS_EST,
XGOVEXP.IMF,WB: Sub-Saharan Africa (excluding high income),2009,17.78515434265137,UIS_EST,
XGOVEXP.IMF,WB: Sub-Saharan Africa (excluding high income),2010,17.06808090209961,UIS_EST,
XGOVEXP.IMF,WB: Sub-Saharan Africa (excluding high income),2011,15.13580513000488,UIS_EST,
XGOVEXP.IMF,WB: Sub-Saharan Africa (excluding high income),2012,15.8953800201416,UIS_EST,
XGOVEXP.IMF,WB: Sub-Saharan Africa (excluding high income),2013,16.17480087280273,UIS_EST,
XGOVEXP.IMF,WB: Sub-Saharan Africa (excluding high income),2014,16.28219032287598,UIS_EST,
XGOVEXP.IMF,WB: Sub-Saharan Africa (excluding high income),2015,16.20150947570801,UIS_EST,
XGOVEXP.IMF,WB: Sub-Saharan Africa (excluding high income),2016,15.74744033813477,UIS_EST,
XGOVEXP.IMF,WB: Sub-Saharan Africa (excluding high income),2017,16.05209541320801,UIS_EST,
XGOVEXP.IMF,WB: Sub-Saharan Africa (excluding high income),2018,16.98703002929688,UIS_EST,
XGOVEXP.IMF,WB: Sub-Saharan Africa (excluding high income),2019,15.22278213500977,UIS_EST,
XGOVEXP.IMF,WB: Sub-Saharan Africa (excluding high income),2020,15.65665531158447,UIS_EST,
XGOVEXP.IMF,WB: Sub-Saharan Africa (excluding high income),2021,15.4014368057251,UIS_EST,
XGOVEXP.IMF,WB: Sub-Saharan Africa (excluding high income),2022,15.68010711669922,UIS_EST,
XGOVEXP.IMF,WB: Sub-Saharan Africa (excluding high income),2023,15.31368446350098,UIS_EST,
XGOVEXP.IMF,WB: Sub-Saharan Africa (excluding high income),2024,15.24034118652344,UIS_EST,
XGOVEXP.IMF,WB: Upper middle income (July 2025),2002,16.22293090820313,UIS_EST,
XGOVEXP.IMF,WB: Upper middle income (July 2025),2007,15.10157012939453,UIS_EST,
XGOVEXP.IMF,WB: Upper middle income (July 2025),2009,15.87008476257324,UIS_EST,
XGOVEXP.IMF,WB: Upper middle income (July 2025),2010,15.27022552490234,UIS_EST,
XGOVEXP.IMF,WB: Upper middle income (July 2025),2011,15.15328025817871,UIS_EST,
XGOVEXP.IMF,WB: Upper middle income (July 2025),2012,14.96061992645264,UIS_EST,
XGOVEXP.IMF,WB: Upper middle income (July 2025),2013,15.22194004058838,UIS_EST,
XGOVEXP.IMF,WB: Upper middle income (July 2025),2014,16.08365058898926,UIS_EST,
XGOVEXP.IMF,WB: Upper middle income (July 2025),2015,16.08455467224121,UIS_EST,
XGOVEXP.IMF,WB: Upper middle income (July 2025),2016,15.05372619628906,UIS_EST,
XGOVEXP.IMF,WB: Upper middle income (July 2025),2017,14.71901893615723,UIS_EST,
XGOVEXP.IMF,WB: Upper middle income (July 2025),2018,14.58039283752441,UIS_EST,
XGOVEXP.IMF,WB: Upper middle income (July 2025),2019,14.09200382232666,UIS_EST,
XGOVEXP.IMF,WB: Upper middle income (July 2025),2020,13.90369033813477,UIS_EST,
XGOVEXP.IMF,WB: Upper middle income (July 2025),2021,13.61616039276123,UIS_EST,
XGOVEXP.IMF,WB: Upper middle income (July 2025),2022,13.10150623321533,UIS_EST,
XGOVEXP.IMF,WB: Upper middle income (July 2025),2023,12.89473724365234,UIS_EST,
XGOVEXP.IMF,WB: Upper middle income (July 2025),2024,13.48733997344971,UIS_EST,
XGOVEXP.IMF,WSM,2000,10.46129989624023,,
XGOVEXP.IMF,WSM,2001,12.77033042907715,,
XGOVEXP.IMF,WSM,2002,12.79380035400391,UIS_EST,
XGOVEXP.IMF,WSM,2008,16.06422996520996,,
XGOVEXP.IMF,WSM,2010,8.817218542851569,,
XGOVEXP.IMF,WSM,2011,11.03494443700629,,
XGOVEXP.IMF,WSM,2012,12.16064931430171,,
XGOVEXP.IMF,WSM,2013,14.65286453685526,,
XGOVEXP.IMF,WSM,2014,15.01105645050883,,
XGOVEXP.IMF,WSM,2015,14.69388782500543,,
XGOVEXP.IMF,WSM,2016,13.03890037536621,,
XGOVEXP.IMF,WSM,2017,15.16972796096324,,
XGOVEXP.IMF,WSM,2018,14.95538266968449,,
XGOVEXP.IMF,WSM,2019,13.43494376785901,,
XGOVEXP.IMF,WSM,2020,12.81194919965289,,
XGOVEXP.IMF,WSM,2021,15.36419003988169,,
XGOVEXP.IMF,WSM,2022,13.60028784624415,,
XGOVEXP.IMF,WSM,2023,13.74215778569854,,
XGOVEXP.IMF,WSM,2024,12.87100790475802,,
XGOVEXP.IMF,WSM,2025,11.71449850788684,,
XGOVEXP.IMF,YEM,2000,30.48928070068359,,
XGOVEXP.IMF,YEM,2001,30.32127952575684,UIS_EST,
XGOVEXP.IMF,YEM,2008,12.48923969268799,,
XGOVEXP.IMF,ZAF,2001,20.47204971313477,,
XGOVEXP.IMF,ZAF,2002,20.09569931030273,,
XGOVEXP.IMF,ZAF,2003,19.59230041503906,,
XGOVEXP.IMF,ZAF,2004,19.93462944030762,,
XGOVEXP.IMF,ZAF,2005,19.92498970031738,,
XGOVEXP.IMF,ZAF,2006,18.00498962402344,,
XGOVEXP.IMF,ZAF,2007,18.02706909179688,,
XGOVEXP.IMF,ZAF,2008,17.90630912780762,,
XGOVEXP.IMF,ZAF,2009,18.30625915527344,,
XGOVEXP.IMF,ZAF,2010,18.04437065124512,,
XGOVEXP.IMF,ZAF,2011,18.66229057312012,,
XGOVEXP.IMF,ZAF,2012,19.66995048522949,,
XGOVEXP.IMF,ZAF,2013,18.69659996032715,,
XGOVEXP.IMF,ZAF,2014,18.98916053771973,,
XGOVEXP.IMF,ZAF,2015,18.69935035705566,,
XGOVEXP.IMF,ZAF,2016,18.04874038696289,,
XGOVEXP.IMF,ZAF,2017,18.71928977966309,,
XGOVEXP.IMF,ZAF,2018,18.90159034729004,,
XGOVEXP.IMF,ZAF,2019,19.60577011108398,,
XGOVEXP.IMF,ZAF,2020,19.65570068359375,,
XGOVEXP.IMF,ZAF,2021,18.93695068359375,,
XGOVEXP.IMF,ZAF,2022,18.91696929931641,,
XGOVEXP.IMF,ZAF,2023,19.20800971984863,,
XGOVEXP.IMF,ZAF,2024,18.52065086364746,,
XGOVEXP.IMF,ZAF,2025,19.14130308992015,,
XGOVEXP.IMF,ZMB,2000,8.352620124816895,,
XGOVEXP.IMF,ZMB,2004,10.58498954772949,,
XGOVEXP.IMF,ZMB,2005,7.729730129241943,,
XGOVEXP.IMF,ZMB,2007,6.227910041809082,,
XGOVEXP.IMF,ZMB,2008,5.651800155639648,,
XGOVEXP.IMF,ZMB,2010,19.86445584945388,,
XGOVEXP.IMF,ZMB,2011,18.64306095221401,,
XGOVEXP.IMF,ZMB,2012,17.51196828674788,,
XGOVEXP.IMF,ZMB,2013,17.46791588280217,,
XGOVEXP.IMF,ZMB,2014,20.16540930603065,,
XGOVEXP.IMF,ZMB,2015,16.72611045837402,,
XGOVEXP.IMF,ZMB,2016,15.66361999511719,,
XGOVEXP.IMF,ZMB,2017,14.93433952331543,,
XGOVEXP.IMF,ZMB,2018,17.09090042114258,UIS_EST,
XGOVEXP.IMF,ZMB,2019,15.29186540319494,,
XGOVEXP.IMF,ZMB,2020,12.37802473730647,,
XGOVEXP.IMF,ZMB,2021,11.51413827885303,,
XGOVEXP.IMF,ZMB,2023,13.85877500801112,,
XGOVEXP.IMF,ZMB,2024,15.3772099653715,,
XGOVEXP.IMF,ZMB,2025,14.50599844151044,,
XGOVEXP.IMF,ZWE,2010,8.536724931129475,,
XGOVEXP.IMF,ZWE,2012,29.75108820160366,,
XGOVEXP.IMF,ZWE,2013,28.66034051076615,,
XGOVEXP.IMF,ZWE,2014,30.01514923501379,,
XGOVEXP.IMF,ZWE,2015,29.47082989585527,,
XGOVEXP.IMF,ZWE,2016,23.5270848466941,,
XGOVEXP.IMF,ZWE,2017,19.69122878131862,,
XGOVEXP.IMF,ZWE,2018,19.15878462692604,,
XGOVEXP.IMF,ZWE,2019,10.46358868354785,,
XGOVEXP.IMF,ZWE,2020,15.66661086388859,,
XGOVEXP.IMF,ZWE,2023,10.68896230055768,,
XGOVEXP.IMF,ZWE,2024,16.32033510430204,,
XGOVEXP.IMF,ZWE,2025,17.89884836304893,,
XSPENDP.5T8.FDPUB.FNCUR,ABW,2000,99.99783325195312,,
XSPENDP.5T8.FDPUB.FNCUR,ABW,2001,97.30098724365234,,
XSPENDP.5T8.FDPUB.FNCUR,ABW,2002,100,,
XSPENDP.5T8.FDPUB.FNCUR,ABW,2005,99.06928253173828,,
XSPENDP.5T8.FDPUB.FNCUR,ABW,2007,100,,
XSPENDP.5T8.FDPUB.FNCUR,ABW,2008,100,,
XSPENDP.5T8.FDPUB.FNCUR,ABW,2009,100,,
XSPENDP.5T8.FDPUB.FNCUR,ABW,2011,100,,
XSPENDP.5T8.FDPUB.FNCUR,ABW,2012,100,,
XSPENDP.5T8.FDPUB.FNCUR,ABW,2013,100,,
XSPENDP.5T8.FDPUB.FNCUR,ABW,2014,100,,
XSPENDP.5T8.FDPUB.FNCUR,ABW,2015,100,,
XSPENDP.5T8.FDPUB.FNCUR,ABW,2016,100,,
XSPENDP.5T8.FDPUB.FNCUR,AFG,2010,78.94293212890625,,
XSPENDP.5T8.FDPUB.FNCUR,AFG,2011,77.54962921142578,,
XSPENDP.5T8.FDPUB.FNCUR,AFG,2012,65.43367767333984,,
XSPENDP.5T8.FDPUB.FNCUR,AFG,2013,67.14701080322266,,
XSPENDP.5T8.FDPUB.FNCUR,AFG,2014,72.4339370727539,,
XSPENDP.5T8.FDPUB.FNCUR,AFG,2015,68.0542221069336,,
XSPENDP.5T8.FDPUB.FNCUR,AGO,2006,71.1140365600586,,
XSPENDP.5T8.FDPUB.FNCUR,AIA,2007,20,NAT_EST,
XSPENDP.5T8.FDPUB.FNCUR,ALB,2013,85.17835998535156,,
XSPENDP.5T8.FDPUB.FNCUR,ALB,2015,90.79503631591797,,
XSPENDP.5T8.FDPUB.FNCUR,ALB,2017,92.24942779541016,,
XSPENDP.5T8.FDPUB.FNCUR,ALB,2018,89.85302734375,,
XSPENDP.5T8.FDPUB.FNCUR,ALB,2019,88.95677185058594,,
XSPENDP.5T8.FDPUB.FNCUR,ALB,2020,84.91098022460938,,
XSPENDP.5T8.FDPUB.FNCUR,ALB,2023,73.35370635986328,,
XSPENDP.5T8.FDPUB.FNCUR,AND,2006,96.69634246826172,,
XSPENDP.5T8.FDPUB.FNCUR,AND,2007,90.84388732910156,,
XSPENDP.5T8.FDPUB.FNCUR,AND,2008,95.1609115600586,,
XSPENDP.5T8.FDPUB.FNCUR,AND,2009,94.55032348632812,,
XSPENDP.5T8.FDPUB.FNCUR,AND,2010,94.55032348632812,,
XSPENDP.5T8.FDPUB.FNCUR,AND,2011,94.55032348632812,,
XSPENDP.5T8.FDPUB.FNCUR,AND,2013,98.72048950195312,,
XSPENDP.5T8.FDPUB.FNCUR,AND,2014,99.47258758544922,,
XSPENDP.5T8.FDPUB.FNCUR,AND,2015,98.74201202392578,,
XSPENDP.5T8.FDPUB.FNCUR,AND,2016,99.95052337646484,,
XSPENDP.5T8.FDPUB.FNCUR,AND,2017,99.17420959472656,,
XSPENDP.5T8.FDPUB.FNCUR,AND,2018,99.20018005371094,,
XSPENDP.5T8.FDPUB.FNCUR,AND,2019,98.93283081054688,,
XSPENDP.5T8.FDPUB.FNCUR,AND,2022,96.62777709960938,,
XSPENDP.5T8.FDPUB.FNCUR,AND,2023,96.83334350585938,,
XSPENDP.5T8.FDPUB.FNCUR,ARE,2019,71.70059204101562,,
XSPENDP.5T8.FDPUB.FNCUR,ARE,2020,70.385498046875,,
XSPENDP.5T8.FDPUB.FNCUR,ARE,2021,76.71533203125,,
XSPENDP.5T8.FDPUB.FNCUR,ARG,2001,99.18084716796875,,
XSPENDP.5T8.FDPUB.FNCUR,ARG,2002,99.06661987304688,,
XSPENDP.5T8.FDPUB.FNCUR,ARG,2003,99.06279754638672,,
XSPENDP.5T8.FDPUB.FNCUR,ARG,2004,99.84137725830078,,
XSPENDP.5T8.FDPUB.FNCUR,ARG,2006,98.86170959472656,,
XSPENDP.5T8.FDPUB.FNCUR,ARG,2007,99.08409118652344,,
XSPENDP.5T8.FDPUB.FNCUR,ARG,2008,98.83676147460938,,
XSPENDP.5T8.FDPUB.FNCUR,ARG,2009,98.64086151123047,,
XSPENDP.5T8.FDPUB.FNCUR,ARG,2010,98.5639877319336,,
XSPENDP.5T8.FDPUB.FNCUR,ARG,2012,94.7358627319336,,
XSPENDP.5T8.FDPUB.FNCUR,ARG,2013,97.109619140625,,
XSPENDP.5T8.FDPUB.FNCUR,ARG,2014,97.25044250488281,,
XSPENDP.5T8.FDPUB.FNCUR,ARG,2015,95.50083923339844,,
XSPENDP.5T8.FDPUB.FNCUR,ARG,2016,95.70140838623047,,
XSPENDP.5T8.FDPUB.FNCUR,ARG,2017,95.4454574584961,,
XSPENDP.5T8.FDPUB.FNCUR,ARG,2018,99.05431365966797,,
XSPENDP.5T8.FDPUB.FNCUR,ARG,2019,99.311279296875,,
XSPENDP.5T8.FDPUB.FNCUR,ARG,2020,99.13996124267578,,
XSPENDP.5T8.FDPUB.FNCUR,ARG,2021,97.31839752197266,,
XSPENDP.5T8.FDPUB.FNCUR,ARG,2022,98.22088623046875,,
XSPENDP.5T8.FDPUB.FNCUR,ARM,2012,99.51972961425781,,
XSPENDP.5T8.FDPUB.FNCUR,ARM,2013,99.45175170898438,,
XSPENDP.5T8.FDPUB.FNCUR,ARM,2014,98.79342651367188,,
XSPENDP.5T8.FDPUB.FNCUR,ARM,2015,100,,
XSPENDP.5T8.FDPUB.FNCUR,ARM,2016,99.64264678955078,,
XSPENDP.5T8.FDPUB.FNCUR,ARM,2017,98.929931640625,,
XSPENDP.5T8.FDPUB.FNCUR,ARM,2020,96.7581787109375,,
XSPENDP.5T8.FDPUB.FNCUR,ARM,2021,97.08506774902344,,
XSPENDP.5T8.FDPUB.FNCUR,ARM,2022,96.33766174316406,,
XSPENDP.5T8.FDPUB.FNCUR,ARM,2023,96.06149291992188,,
XSPENDP.5T8.FDPUB.FNCUR,ASM,2006,98.25359344482422,,
XSPENDP.5T8.FDPUB.FNCUR,ATG,2002,99.52262115478516,,
XSPENDP.5T8.FDPUB.FNCUR,ATG,2009,98.03868103027344,,
XSPENDP.5T8.FDPUB.FNCUR,ATG,2011,98.62164306640625,,
XSPENDP.5T8.FDPUB.FNCUR,ATG,2018,53.06769943237305,,
XSPENDP.5T8.FDPUB.FNCUR,AUS,2013,87.01936340332031,,
XSPENDP.5T8.FDPUB.FNCUR,AUS,2022,91.14038848876953,,
XSPENDP.5T8.FDPUB.FNCUR,AUT,2000,96.75401306152344,,
XSPENDP.5T8.FDPUB.FNCUR,AUT,2001,96.48348999023438,,
XSPENDP.5T8.FDPUB.FNCUR,AUT,2002,94.9898681640625,,
XSPENDP.5T8.FDPUB.FNCUR,AUT,2003,96.92568969726562,,
XSPENDP.5T8.FDPUB.FNCUR,AUT,2004,94.23474884033203,,
XSPENDP.5T8.FDPUB.FNCUR,AUT,2005,91.69420623779297,,
XSPENDP.5T8.FDPUB.FNCUR,AUT,2006,93.78426361083984,,
XSPENDP.5T8.FDPUB.FNCUR,AUT,2007,91.78764343261719,,
XSPENDP.5T8.FDPUB.FNCUR,AUT,2008,93.67552185058594,,
XSPENDP.5T8.FDPUB.FNCUR,AUT,2009,93.30313873291016,,
XSPENDP.5T8.FDPUB.FNCUR,AUT,2010,90.63884735107422,,
XSPENDP.5T8.FDPUB.FNCUR,AUT,2011,92.6461410522461,,
XSPENDP.5T8.FDPUB.FNCUR,AUT,2012,93.52979278564453,,
XSPENDP.5T8.FDPUB.FNCUR,AUT,2013,92.36511993408203,,
XSPENDP.5T8.FDPUB.FNCUR,AUT,2014,92.9210433959961,,
XSPENDP.5T8.FDPUB.FNCUR,AUT,2015,91.83000946044922,,
XSPENDP.5T8.FDPUB.FNCUR,AUT,2016,90.42386627197266,,
XSPENDP.5T8.FDPUB.FNCUR,AUT,2017,91.4032211303711,,
XSPENDP.5T8.FDPUB.FNCUR,AUT,2018,90.19583892822266,,
XSPENDP.5T8.FDPUB.FNCUR,AUT,2019,91.61421203613281,,
XSPENDP.5T8.FDPUB.FNCUR,AUT,2020,92.44825744628906,,
XSPENDP.5T8.FDPUB.FNCUR,AUT,2021,90.11743927001953,,
XSPENDP.5T8.FDPUB.FNCUR,AUT,2022,90.35968017578125,,
XSPENDP.5T8.FDPUB.FNCUR,AZE,2000,99.10259246826172,,
XSPENDP.5T8.FDPUB.FNCUR,AZE,2001,98.8207778930664,,
XSPENDP.5T8.FDPUB.FNCUR,AZE,2002,99.56301879882812,,
XSPENDP.5T8.FDPUB.FNCUR,AZE,2003,99.45919799804688,,
XSPENDP.5T8.FDPUB.FNCUR,AZE,2004,98.63720703125,,
XSPENDP.5T8.FDPUB.FNCUR,AZE,2005,99.36186981201172,,
XSPENDP.5T8.FDPUB.FNCUR,AZE,2006,99.11373901367188,,
XSPENDP.5T8.FDPUB.FNCUR,AZE,2007,98.31281280517578,,
XSPENDP.5T8.FDPUB.FNCUR,AZE,2008,97.84483337402344,,
XSPENDP.5T8.FDPUB.FNCUR,AZE,2009,98.47794342041016,,
XSPENDP.5T8.FDPUB.FNCUR,AZE,2010,98.53852081298828,,
XSPENDP.5T8.FDPUB.FNCUR,AZE,2011,99.4121322631836,,
XSPENDP.5T8.FDPUB.FNCUR,AZE,2012,99.7577133178711,,
XSPENDP.5T8.FDPUB.FNCUR,AZE,2014,99.78780364990234,,
XSPENDP.5T8.FDPUB.FNCUR,AZE,2015,99.85576629638672,,
XSPENDP.5T8.FDPUB.FNCUR,AZE,2016,98.46163177490234,,
XSPENDP.5T8.FDPUB.FNCUR,AZE,2017,99.07711029052734,,
XSPENDP.5T8.FDPUB.FNCUR,AZE,2018,96.39089965820312,,
XSPENDP.5T8.FDPUB.FNCUR,AZE,2019,80.03755950927734,NAT_EST,
XSPENDP.5T8.FDPUB.FNCUR,AZE,2020,96.57331085205078,NAT_EST,
XSPENDP.5T8.FDPUB.FNCUR,AZE,2021,97.48310852050781,,
XSPENDP.5T8.FDPUB.FNCUR,AZE,2022,96.79876708984375,,
XSPENDP.5T8.FDPUB.FNCUR,AZE,2023,83.67320251464844,,
XSPENDP.5T8.FDPUB.FNCUR,BDI,2001,90.192138671875,,
XSPENDP.5T8.FDPUB.FNCUR,BDI,2002,94.02787017822266,,
XSPENDP.5T8.FDPUB.FNCUR,BDI,2004,95.9101333618164,,
XSPENDP.5T8.FDPUB.FNCUR,BDI,2008,97.46038818359375,,
XSPENDP.5T8.FDPUB.FNCUR,BDI,2009,92.98509979248047,,
XSPENDP.5T8.FDPUB.FNCUR,BDI,2010,97.11985778808594,,
XSPENDP.5T8.FDPUB.FNCUR,BDI,2011,96.71269226074219,,
XSPENDP.5T8.FDPUB.FNCUR,BDI,2012,98.7261734008789,,
XSPENDP.5T8.FDPUB.FNCUR,BDI,2013,97.19091033935547,,
XSPENDP.5T8.FDPUB.FNCUR,BEL,2005,96.96913146972656,,
XSPENDP.5T8.FDPUB.FNCUR,BEL,2008,96.9200210571289,,
XSPENDP.5T8.FDPUB.FNCUR,BEL,2009,97.04615020751953,,
XSPENDP.5T8.FDPUB.FNCUR,BEL,2010,97.00399780273438,,
XSPENDP.5T8.FDPUB.FNCUR,BEL,2011,96.95709228515625,,
XSPENDP.5T8.FDPUB.FNCUR,BEL,2012,97.05548095703125,,
XSPENDP.5T8.FDPUB.FNCUR,BEL,2013,95.64907836914062,,
XSPENDP.5T8.FDPUB.FNCUR,BEL,2014,95.57105255126953,,
XSPENDP.5T8.FDPUB.FNCUR,BEL,2015,95.01248931884766,,
XSPENDP.5T8.FDPUB.FNCUR,BEL,2016,95.0458984375,,
XSPENDP.5T8.FDPUB.FNCUR,BEL,2017,95.09342956542969,,
XSPENDP.5T8.FDPUB.FNCUR,BEL,2018,94.50183868408203,,
XSPENDP.5T8.FDPUB.FNCUR,BEL,2019,92.54103088378906,,
XSPENDP.5T8.FDPUB.FNCUR,BEL,2020,93.39079284667969,,
XSPENDP.5T8.FDPUB.FNCUR,BEL,2021,93.65328979492188,,
XSPENDP.5T8.FDPUB.FNCUR,BEL,2022,94.97344207763672,,
XSPENDP.5T8.FDPUB.FNCUR,BEN,2006,68.6467514038086,,
XSPENDP.5T8.FDPUB.FNCUR,BEN,2007,91.0385971069336,,
XSPENDP.5T8.FDPUB.FNCUR,BEN,2008,91.55542755126953,,
XSPENDP.5T8.FDPUB.FNCUR,BEN,2009,84.0025405883789,,
XSPENDP.5T8.FDPUB.FNCUR,BEN,2010,97.85215759277344,,
XSPENDP.5T8.FDPUB.FNCUR,BEN,2012,95.39141845703125,,
XSPENDP.5T8.FDPUB.FNCUR,BEN,2013,95.69571685791016,,
XSPENDP.5T8.FDPUB.FNCUR,BEN,2014,94.7153091430664,,
XSPENDP.5T8.FDPUB.FNCUR,BEN,2015,90.04093933105469,,
XSPENDP.5T8.FDPUB.FNCUR,BFA,2007,78.72090148925781,,
XSPENDP.5T8.FDPUB.FNCUR,BGD,2007,79.57425689697266,,
XSPENDP.5T8.FDPUB.FNCUR,BGD,2008,86.96095275878906,,
XSPENDP.5T8.FDPUB.FNCUR,BGD,2009,88.01216125488281,,
XSPENDP.5T8.FDPUB.FNCUR,BGD,2010,87.12114715576172,,
XSPENDP.5T8.FDPUB.FNCUR,BGD,2011,98.52892303466797,,
XSPENDP.5T8.FDPUB.FNCUR,BGD,2012,98.21454620361328,,
XSPENDP.5T8.FDPUB.FNCUR,BGD,2016,91.86730194091797,,
XSPENDP.5T8.FDPUB.FNCUR,BGD,2019,81.04794311523438,,
XSPENDP.5T8.FDPUB.FNCUR,BGD,2020,81.19068908691406,,
XSPENDP.5T8.FDPUB.FNCUR,BGR,2001,99.41422271728516,,
XSPENDP.5T8.FDPUB.FNCUR,BGR,2002,93.60304260253906,,
XSPENDP.5T8.FDPUB.FNCUR,BGR,2003,94.08451843261719,,
XSPENDP.5T8.FDPUB.FNCUR,BGR,2005,89.1027603149414,,
XSPENDP.5T8.FDPUB.FNCUR,BGR,2006,87.12113952636719,,
XSPENDP.5T8.FDPUB.FNCUR,BGR,2007,73.94168853759766,,
XSPENDP.5T8.FDPUB.FNCUR,BGR,2008,84.29174041748047,,
XSPENDP.5T8.FDPUB.FNCUR,BGR,2009,87.6324462890625,,
XSPENDP.5T8.FDPUB.FNCUR,BGR,2010,93.89305877685547,,
XSPENDP.5T8.FDPUB.FNCUR,BGR,2011,93.47734832763672,,
XSPENDP.5T8.FDPUB.FNCUR,BGR,2012,91.43121337890625,,
XSPENDP.5T8.FDPUB.FNCUR,BGR,2013,91.94788360595703,,
XSPENDP.5T8.FDPUB.FNCUR,BGR,2017,93.8508529663086,,
XSPENDP.5T8.FDPUB.FNCUR,BGR,2018,93.33521270751953,,
XSPENDP.5T8.FDPUB.FNCUR,BGR,2019,91.76719665527344,,
XSPENDP.5T8.FDPUB.FNCUR,BGR,2020,91.738037109375,,
XSPENDP.5T8.FDPUB.FNCUR,BGR,2021,91.79229736328125,,
XSPENDP.5T8.FDPUB.FNCUR,BGR,2022,91.30567932128906,,
XSPENDP.5T8.FDPUB.FNCUR,BIH,2016,95.64707946777344,,
XSPENDP.5T8.FDPUB.FNCUR,BIH,2018,96.23388671875,,
XSPENDP.5T8.FDPUB.FNCUR,BIH,2019,97.0843505859375,,
XSPENDP.5T8.FDPUB.FNCUR,BIH,2021,96.43359375,,
XSPENDP.5T8.FDPUB.FNCUR,BLR,2004,94.4854965209961,,
XSPENDP.5T8.FDPUB.FNCUR,BLR,2005,94.16770935058594,,
XSPENDP.5T8.FDPUB.FNCUR,BLR,2006,88.38713836669922,,
XSPENDP.5T8.FDPUB.FNCUR,BLR,2007,91.33863067626953,,
XSPENDP.5T8.FDPUB.FNCUR,BLR,2009,94.19418334960938,,
XSPENDP.5T8.FDPUB.FNCUR,BLR,2010,89.61730194091797,,
XSPENDP.5T8.FDPUB.FNCUR,BLR,2011,92.3030014038086,,
XSPENDP.5T8.FDPUB.FNCUR,BLR,2012,80.50312042236328,,
XSPENDP.5T8.FDPUB.FNCUR,BLR,2013,88.8597183227539,,
XSPENDP.5T8.FDPUB.FNCUR,BLR,2014,91.80680847167969,,
XSPENDP.5T8.FDPUB.FNCUR,BLR,2015,95.08483123779297,,
XSPENDP.5T8.FDPUB.FNCUR,BLR,2016,96.0510482788086,,
XSPENDP.5T8.FDPUB.FNCUR,BLR,2017,94.09153747558594,,
XSPENDP.5T8.FDPUB.FNCUR,BLR,2018,90.46524810791016,,
XSPENDP.5T8.FDPUB.FNCUR,BLR,2019,92.40473937988281,,
XSPENDP.5T8.FDPUB.FNCUR,BLR,2020,92.55570220947266,,
XSPENDP.5T8.FDPUB.FNCUR,BLR,2021,92.12503814697266,,
XSPENDP.5T8.FDPUB.FNCUR,BLR,2022,93.7943115234375,,
XSPENDP.5T8.FDPUB.FNCUR,BLR,2023,92.21320343017578,,
XSPENDP.5T8.FDPUB.FNCUR,BLR,2024,92.25827026367188,,
XSPENDP.5T8.FDPUB.FNCUR,BLZ,2001,53.04277038574219,,
XSPENDP.5T8.FDPUB.FNCUR,BMU,2014,98.0618667602539,,
XSPENDP.5T8.FDPUB.FNCUR,BMU,2018,95.93306732177734,,
XSPENDP.5T8.FDPUB.FNCUR,BMU,2023,100,,
XSPENDP.5T8.FDPUB.FNCUR,BOL,2006,89.00910949707031,,
XSPENDP.5T8.FDPUB.FNCUR,BOL,2007,86.4039535522461,,
XSPENDP.5T8.FDPUB.FNCUR,BOL,2008,86.45133972167969,,
XSPENDP.5T8.FDPUB.FNCUR,BOL,2009,84.62078094482422,,
XSPENDP.5T8.FDPUB.FNCUR,BOL,2010,87.15254974365234,,
XSPENDP.5T8.FDPUB.FNCUR,BOL,2011,86.08741760253906,,
XSPENDP.5T8.FDPUB.FNCUR,BOL,2012,85.9180679321289,,
XSPENDP.5T8.FDPUB.FNCUR,BOL,2013,81.93573760986328,,
XSPENDP.5T8.FDPUB.FNCUR,BOL,2014,80.72447204589844,,
XSPENDP.5T8.FDPUB.FNCUR,BOL,2015,83.83309936523438,,
XSPENDP.5T8.FDPUB.FNCUR,BOL,2016,87.3188705444336,,
XSPENDP.5T8.FDPUB.FNCUR,BOL,2017,90.28614807128906,,
XSPENDP.5T8.FDPUB.FNCUR,BOL,2018,92.10633087158203,,
XSPENDP.5T8.FDPUB.FNCUR,BOL,2019,92.08020782470703,,
XSPENDP.5T8.FDPUB.FNCUR,BOL,2020,96.11869049072266,,
XSPENDP.5T8.FDPUB.FNCUR,BOL,2021,94.6861801147461,,
XSPENDP.5T8.FDPUB.FNCUR,BOL,2022,95.39209747314453,,
XSPENDP.5T8.FDPUB.FNCUR,BRA,2000,96.91636657714844,,
XSPENDP.5T8.FDPUB.FNCUR,BRA,2001,92.9409408569336,,
XSPENDP.5T8.FDPUB.FNCUR,BRA,2002,90.9161605834961,,
XSPENDP.5T8.FDPUB.FNCUR,BRA,2004,96.69651794433594,,
XSPENDP.5T8.FDPUB.FNCUR,BRA,2005,94.83936309814453,,
XSPENDP.5T8.FDPUB.FNCUR,BRA,2006,94.0714111328125,,
XSPENDP.5T8.FDPUB.FNCUR,BRA,2007,95.0941162109375,,
XSPENDP.5T8.FDPUB.FNCUR,BRA,2008,88.65451049804688,,
XSPENDP.5T8.FDPUB.FNCUR,BRA,2009,86.38710021972656,,
XSPENDP.5T8.FDPUB.FNCUR,BRA,2010,86.87077331542969,,
XSPENDP.5T8.FDPUB.FNCUR,BRA,2011,91.98551940917969,,
XSPENDP.5T8.FDPUB.FNCUR,BRA,2012,90.58432006835938,,
XSPENDP.5T8.FDPUB.FNCUR,BRA,2013,90.69017791748047,,
XSPENDP.5T8.FDPUB.FNCUR,BRA,2014,92.03530883789062,,
XSPENDP.5T8.FDPUB.FNCUR,BRA,2015,95.63939666748047,,
XSPENDP.5T8.FDPUB.FNCUR,BRA,2016,95.09069061279297,,
XSPENDP.5T8.FDPUB.FNCUR,BRA,2017,97.350341796875,,
XSPENDP.5T8.FDPUB.FNCUR,BRA,2018,96.73407745361328,,
XSPENDP.5T8.FDPUB.FNCUR,BRA,2019,97.4178466796875,,
XSPENDP.5T8.FDPUB.FNCUR,BRA,2020,97.39447784423828,,
XSPENDP.5T8.FDPUB.FNCUR,BRA,2021,97.37773132324219,,
XSPENDP.5T8.FDPUB.FNCUR,BRA,2022,96.77767944335938,,
XSPENDP.5T8.FDPUB.FNCUR,BRB,2000,100,,
XSPENDP.5T8.FDPUB.FNCUR,BRB,2001,99.06121826171875,,
XSPENDP.5T8.FDPUB.FNCUR,BRB,2002,99.6268081665039,,
XSPENDP.5T8.FDPUB.FNCUR,BRB,2003,99.80647277832031,,
XSPENDP.5T8.FDPUB.FNCUR,BRB,2004,99.94049835205078,,
XSPENDP.5T8.FDPUB.FNCUR,BRB,2005,99.5340576171875,,
XSPENDP.5T8.FDPUB.FNCUR,BRB,2007,90.54776763916016,,
XSPENDP.5T8.FDPUB.FNCUR,BRB,2008,98.83920288085938,,
XSPENDP.5T8.FDPUB.FNCUR,BRB,2009,98.94154357910156,,
XSPENDP.5T8.FDPUB.FNCUR,BRB,2010,99.50950622558594,,
XSPENDP.5T8.FDPUB.FNCUR,BRB,2013,98.33702087402344,,
XSPENDP.5T8.FDPUB.FNCUR,BRB,2014,100,,
XSPENDP.5T8.FDPUB.FNCUR,BRB,2016,100,,
XSPENDP.5T8.FDPUB.FNCUR,BRB,2019,97.09935760498047,,
XSPENDP.5T8.FDPUB.FNCUR,BRB,2020,99.93769073486328,,
XSPENDP.5T8.FDPUB.FNCUR,BRB,2021,98.33361053466797,,
XSPENDP.5T8.FDPUB.FNCUR,BRB,2022,98.96202850341797,,
XSPENDP.5T8.FDPUB.FNCUR,BRB,2023,98.57569122314453,,
XSPENDP.5T8.FDPUB.FNCUR,BRN,2016,97.44892883300781,,
XSPENDP.5T8.FDPUB.FNCUR,BWA,2009,92.25155639648438,,
XSPENDP.5T8.FDPUB.FNCUR,CAF,2005,98.67668151855469,,
XSPENDP.5T8.FDPUB.FNCUR,CAF,2007,98.90061950683594,,
XSPENDP.5T8.FDPUB.FNCUR,CAF,2008,96.71090698242188,,
XSPENDP.5T8.FDPUB.FNCUR,CAF,2010,95.83297729492188,,
XSPENDP.5T8.FDPUB.FNCUR,CAN,2006,92.4685287475586,,
XSPENDP.5T8.FDPUB.FNCUR,CAN,2008,90.53817749023438,,
XSPENDP.5T8.FDPUB.FNCUR,CAN,2009,88.36515045166016,,
XSPENDP.5T8.FDPUB.FNCUR,CAN,2010,87.65043640136719,,
XSPENDP.5T8.FDPUB.FNCUR,CAN,2011,85.19567108154297,,
XSPENDP.5T8.FDPUB.FNCUR,CAN,2013,90.97168731689453,,
XSPENDP.5T8.FDPUB.FNCUR,CAN,2014,91.40335845947266,,
XSPENDP.5T8.FDPUB.FNCUR,CAN,2015,91.26812744140625,,
XSPENDP.5T8.FDPUB.FNCUR,CAN,2016,92.79521942138672,,
XSPENDP.5T8.FDPUB.FNCUR,CAN,2017,89.64629364013672,,
XSPENDP.5T8.FDPUB.FNCUR,CAN,2018,89.99595642089844,,
XSPENDP.5T8.FDPUB.FNCUR,CAN,2019,93.7236328125,,
XSPENDP.5T8.FDPUB.FNCUR,CAN,2020,93.10611724853516,,
XSPENDP.5T8.FDPUB.FNCUR,CAN,2021,92.28018951416016,,
XSPENDP.5T8.FDPUB.FNCUR,CAN,2022,91.3281021118164,,
XSPENDP.5T8.FDPUB.FNCUR,CHE,2000,88.38175964355469,,
XSPENDP.5T8.FDPUB.FNCUR,CHE,2001,88.45276641845703,,
XSPENDP.5T8.FDPUB.FNCUR,CHE,2002,89.27420806884766,,
XSPENDP.5T8.FDPUB.FNCUR,CHE,2003,89.58756256103516,,
XSPENDP.5T8.FDPUB.FNCUR,CHE,2004,90.67154693603516,,
XSPENDP.5T8.FDPUB.FNCUR,CHE,2005,91.1794204711914,,
XSPENDP.5T8.FDPUB.FNCUR,CHE,2006,91.31257629394531,,
XSPENDP.5T8.FDPUB.FNCUR,CHE,2007,94.11165618896484,,
XSPENDP.5T8.FDPUB.FNCUR,CHE,2008,91.05184173583984,,
XSPENDP.5T8.FDPUB.FNCUR,CHE,2009,90.91226959228516,,
XSPENDP.5T8.FDPUB.FNCUR,CHE,2010,90.09613800048828,,
XSPENDP.5T8.FDPUB.FNCUR,CHE,2011,88.61274719238281,,
XSPENDP.5T8.FDPUB.FNCUR,CHE,2012,88.92549133300781,,
XSPENDP.5T8.FDPUB.FNCUR,CHE,2013,90.69132232666016,,
XSPENDP.5T8.FDPUB.FNCUR,CHE,2014,88.87777709960938,,
XSPENDP.5T8.FDPUB.FNCUR,CHE,2015,90.11190032958984,,
XSPENDP.5T8.FDPUB.FNCUR,CHE,2016,89.65959167480469,,
XSPENDP.5T8.FDPUB.FNCUR,CHL,2000,91.96147918701172,,
XSPENDP.5T8.FDPUB.FNCUR,CHL,2002,90.17135620117188,,
XSPENDP.5T8.FDPUB.FNCUR,CHL,2003,93.16863250732422,,
XSPENDP.5T8.FDPUB.FNCUR,CHL,2004,85.00910949707031,,
XSPENDP.5T8.FDPUB.FNCUR,CHL,2005,92.1443862915039,,
XSPENDP.5T8.FDPUB.FNCUR,CHL,2006,92.08556365966797,,
XSPENDP.5T8.FDPUB.FNCUR,CHL,2007,92.59667205810547,,
XSPENDP.5T8.FDPUB.FNCUR,CHL,2008,95.50289916992188,,
XSPENDP.5T8.FDPUB.FNCUR,CHL,2009,94.93778991699219,,
XSPENDP.5T8.FDPUB.FNCUR,CHL,2010,94.65514373779297,,
XSPENDP.5T8.FDPUB.FNCUR,CHL,2011,94.1391830444336,,
XSPENDP.5T8.FDPUB.FNCUR,CHL,2017,96.43901824951172,,
XSPENDP.5T8.FDPUB.FNCUR,CHL,2018,93.20255279541016,,
XSPENDP.5T8.FDPUB.FNCUR,CHL,2019,93.87255859375,,
XSPENDP.5T8.FDPUB.FNCUR,CHL,2020,93.4394302368164,,
XSPENDP.5T8.FDPUB.FNCUR,CHL,2021,93.4867172241211,,
XSPENDP.5T8.FDPUB.FNCUR,CHL,2022,92.12313842773438,,
XSPENDP.5T8.FDPUB.FNCUR,CHN,2022,78.73941040039062,,
XSPENDP.5T8.FDPUB.FNCUR,CHN,2023,80.23452758789062,,
XSPENDP.5T8.FDPUB.FNCUR,CIV,2006,95.41866302490234,,
XSPENDP.5T8.FDPUB.FNCUR,CIV,2007,94.20455169677734,,
XSPENDP.5T8.FDPUB.FNCUR,CIV,2008,93.74323272705078,,
XSPENDP.5T8.FDPUB.FNCUR,CIV,2009,94.51013946533203,,
XSPENDP.5T8.FDPUB.FNCUR,CIV,2010,95.78411102294922,,
XSPENDP.5T8.FDPUB.FNCUR,CIV,2011,83.33846282958984,,
XSPENDP.5T8.FDPUB.FNCUR,CIV,2012,74.31436157226562,,
XSPENDP.5T8.FDPUB.FNCUR,CIV,2013,82.99118041992188,,
XSPENDP.5T8.FDPUB.FNCUR,CIV,2014,92.44288635253906,,
XSPENDP.5T8.FDPUB.FNCUR,CIV,2015,90.57164764404297,UIS_EST,
XSPENDP.5T8.FDPUB.FNCUR,CIV,2016,73.88121032714844,,
XSPENDP.5T8.FDPUB.FNCUR,CIV,2017,82.45723724365234,,
XSPENDP.5T8.FDPUB.FNCUR,CIV,2018,82.07591247558594,,
XSPENDP.5T8.FDPUB.FNCUR,CIV,2019,89.33763122558594,,
XSPENDP.5T8.FDPUB.FNCUR,CIV,2020,71.00759887695312,,
XSPENDP.5T8.FDPUB.FNCUR,CIV,2021,86.08563995361328,,
XSPENDP.5T8.FDPUB.FNCUR,CIV,2022,77.5450210571289,,
XSPENDP.5T8.FDPUB.FNCUR,CIV,2023,83.51431274414062,,
XSPENDP.5T8.FDPUB.FNCUR,CIV,2024,79.75386047363281,,
XSPENDP.5T8.FDPUB.FNCUR,CMR,2008,76.43399047851562,,
XSPENDP.5T8.FDPUB.FNCUR,CMR,2009,100,,
XSPENDP.5T8.FDPUB.FNCUR,CMR,2010,69.72982788085938,,
XSPENDP.5T8.FDPUB.FNCUR,CMR,2011,86.3168716430664,,
XSPENDP.5T8.FDPUB.FNCUR,CMR,2012,100,,
XSPENDP.5T8.FDPUB.FNCUR,CMR,2013,63.22787094116211,,
XSPENDP.5T8.FDPUB.FNCUR,COD,2010,94.68119812011719,,
XSPENDP.5T8.FDPUB.FNCUR,COD,2013,99.85185241699219,,
XSPENDP.5T8.FDPUB.FNCUR,COG,2010,65.30030059814453,,
XSPENDP.5T8.FDPUB.FNCUR,COG,2013,80.0354232788086,,
XSPENDP.5T8.FDPUB.FNCUR,COK,2014,100,,
XSPENDP.5T8.FDPUB.FNCUR,COK,2015,100,,
XSPENDP.5T8.FDPUB.FNCUR,COK,2016,100,,
XSPENDP.5T8.FDPUB.FNCUR,COK,2022,100,,
XSPENDP.5T8.FDPUB.FNCUR,COK,2023,99.19801330566406,,
XSPENDP.5T8.FDPUB.FNCUR,COM,2015,99.99989318847656,,
XSPENDP.5T8.FDPUB.FNCUR,CPV,2004,81.4757308959961,,
XSPENDP.5T8.FDPUB.FNCUR,CPV,2006,53.96557998657227,,
XSPENDP.5T8.FDPUB.FNCUR,CPV,2008,87.8031005859375,,
XSPENDP.5T8.FDPUB.FNCUR,CPV,2009,74.82290649414062,,
XSPENDP.5T8.FDPUB.FNCUR,CPV,2014,100,,
XSPENDP.5T8.FDPUB.FNCUR,CPV,2015,94.70968627929688,,
XSPENDP.5T8.FDPUB.FNCUR,CPV,2016,88.69967651367188,,
XSPENDP.5T8.FDPUB.FNCUR,CPV,2019,94.44397735595703,,
XSPENDP.5T8.FDPUB.FNCUR,CRI,2016,100,,
XSPENDP.5T8.FDPUB.FNCUR,CRI,2017,100,,
XSPENDP.5T8.FDPUB.FNCUR,CRI,2018,100,,
XSPENDP.5T8.FDPUB.FNCUR,CRI,2019,90.22763061523438,,
XSPENDP.5T8.FDPUB.FNCUR,CRI,2020,93.4814682006836,,
XSPENDP.5T8.FDPUB.FNCUR,CRI,2021,93.41295623779297,,
XSPENDP.5T8.FDPUB.FNCUR,CRI,2023,97.38986206054688,,
XSPENDP.5T8.FDPUB.FNCUR,CUB,2000,85.56565856933594,,
XSPENDP.5T8.FDPUB.FNCUR,CUB,2001,84.14127349853516,,
XSPENDP.5T8.FDPUB.FNCUR,CUB,2002,85.85307312011719,,
XSPENDP.5T8.FDPUB.FNCUR,CUB,2004,81.50794219970703,,
XSPENDP.5T8.FDPUB.FNCUR,CUB,2005,84.76165008544922,,
XSPENDP.5T8.FDPUB.FNCUR,CUB,2006,87.4369888305664,,
XSPENDP.5T8.FDPUB.FNCUR,CUB,2007,96.9489974975586,,
XSPENDP.5T8.FDPUB.FNCUR,CUB,2008,98.49717712402344,,
XSPENDP.5T8.FDPUB.FNCUR,CUB,2009,98.67598724365234,,
XSPENDP.5T8.FDPUB.FNCUR,CUB,2010,99.1841812133789,,
XSPENDP.5T8.FDPUB.FNCUR,CUW,2013,100,,
XSPENDP.5T8.FDPUB.FNCUR,CYP,2000,75.09578704833984,,
XSPENDP.5T8.FDPUB.FNCUR,CYP,2001,76.58495330810547,,
XSPENDP.5T8.FDPUB.FNCUR,CYP,2002,65.11627960205078,,
XSPENDP.5T8.FDPUB.FNCUR,CYP,2003,74.85652923583984,,
XSPENDP.5T8.FDPUB.FNCUR,CYP,2004,79.8711166381836,,
XSPENDP.5T8.FDPUB.FNCUR,CYP,2005,81.01312255859375,,
XSPENDP.5T8.FDPUB.FNCUR,CYP,2006,79.57293701171875,,
XSPENDP.5T8.FDPUB.FNCUR,CYP,2007,83.46749114990234,,
XSPENDP.5T8.FDPUB.FNCUR,CYP,2008,73.27976989746094,,
XSPENDP.5T8.FDPUB.FNCUR,CYP,2009,79.52156829833984,,
XSPENDP.5T8.FDPUB.FNCUR,CYP,2010,84.3904800415039,,
XSPENDP.5T8.FDPUB.FNCUR,CYP,2011,89.19265747070312,,
XSPENDP.5T8.FDPUB.FNCUR,CYP,2013,92.6045913696289,,
XSPENDP.5T8.FDPUB.FNCUR,CYP,2014,94.79678344726562,,
XSPENDP.5T8.FDPUB.FNCUR,CYP,2015,91.10131072998047,,
XSPENDP.5T8.FDPUB.FNCUR,CYP,2016,88.67207336425781,,
XSPENDP.5T8.FDPUB.FNCUR,CYP,2017,74.35856628417969,,
XSPENDP.5T8.FDPUB.FNCUR,CYP,2019,95.50318908691406,,
XSPENDP.5T8.FDPUB.FNCUR,CYP,2020,95.23394012451172,,
XSPENDP.5T8.FDPUB.FNCUR,CYP,2021,94.9684829711914,,
XSPENDP.5T8.FDPUB.FNCUR,CYP,2022,93.10272979736328,,
XSPENDP.5T8.FDPUB.FNCUR,CZE,2000,89.56826782226562,,
XSPENDP.5T8.FDPUB.FNCUR,CZE,2001,88.07283782958984,,
XSPENDP.5T8.FDPUB.FNCUR,CZE,2002,88.10249328613281,,
XSPENDP.5T8.FDPUB.FNCUR,CZE,2003,86.13452911376953,,
XSPENDP.5T8.FDPUB.FNCUR,CZE,2004,86.66905975341797,,
XSPENDP.5T8.FDPUB.FNCUR,CZE,2005,84.09227752685547,,
XSPENDP.5T8.FDPUB.FNCUR,CZE,2006,88.00811767578125,,
XSPENDP.5T8.FDPUB.FNCUR,CZE,2007,81.04811096191406,,
XSPENDP.5T8.FDPUB.FNCUR,CZE,2008,87.83778381347656,,
XSPENDP.5T8.FDPUB.FNCUR,CZE,2009,89.34781646728516,,
XSPENDP.5T8.FDPUB.FNCUR,CZE,2010,91.18357849121094,,
XSPENDP.5T8.FDPUB.FNCUR,CZE,2011,79.9026870727539,,
XSPENDP.5T8.FDPUB.FNCUR,CZE,2012,90.32064056396484,,
XSPENDP.5T8.FDPUB.FNCUR,CZE,2013,91.39515686035156,,
XSPENDP.5T8.FDPUB.FNCUR,CZE,2014,92.88912200927734,,
XSPENDP.5T8.FDPUB.FNCUR,CZE,2015,89.94429779052734,,
XSPENDP.5T8.FDPUB.FNCUR,CZE,2016,92.36292266845703,,
XSPENDP.5T8.FDPUB.FNCUR,CZE,2017,92.98040771484375,,
XSPENDP.5T8.FDPUB.FNCUR,CZE,2018,83.37705993652344,,
XSPENDP.5T8.FDPUB.FNCUR,CZE,2019,87.88126373291016,,
XSPENDP.5T8.FDPUB.FNCUR,CZE,2020,90.5194320678711,,
XSPENDP.5T8.FDPUB.FNCUR,CZE,2021,83.96991729736328,,
XSPENDP.5T8.FDPUB.FNCUR,CZE,2022,85.71498107910156,,
XSPENDP.5T8.FDPUB.FNCUR,DEU,2012,89.65425872802734,,
XSPENDP.5T8.FDPUB.FNCUR,DEU,2013,90.96864318847656,,
XSPENDP.5T8.FDPUB.FNCUR,DEU,2014,91.30486297607422,,
XSPENDP.5T8.FDPUB.FNCUR,DEU,2015,90.831298828125,,
XSPENDP.5T8.FDPUB.FNCUR,DEU,2016,91.60428619384766,,
XSPENDP.5T8.FDPUB.FNCUR,DEU,2017,91.47145080566406,,
XSPENDP.5T8.FDPUB.FNCUR,DEU,2018,91.7574234008789,,
XSPENDP.5T8.FDPUB.FNCUR,DEU,2019,91.15447998046875,,
XSPENDP.5T8.FDPUB.FNCUR,DEU,2020,90.30471801757812,,
XSPENDP.5T8.FDPUB.FNCUR,DEU,2021,91.05609893798828,,
XSPENDP.5T8.FDPUB.FNCUR,DEU,2022,90.76033782958984,,
XSPENDP.5T8.FDPUB.FNCUR,DMA,2023,72.22473907470703,,
XSPENDP.5T8.FDPUB.FNCUR,DNK,2000,85.87447357177734,,
XSPENDP.5T8.FDPUB.FNCUR,DNK,2001,92.01242065429688,,
XSPENDP.5T8.FDPUB.FNCUR,DNK,2002,94.29781341552734,,
XSPENDP.5T8.FDPUB.FNCUR,DNK,2003,94.236572265625,,
XSPENDP.5T8.FDPUB.FNCUR,DNK,2004,94.42311096191406,,
XSPENDP.5T8.FDPUB.FNCUR,DNK,2005,96.62677001953125,,
XSPENDP.5T8.FDPUB.FNCUR,DNK,2006,96.52631378173828,,
XSPENDP.5T8.FDPUB.FNCUR,DNK,2007,96.3211669921875,,
XSPENDP.5T8.FDPUB.FNCUR,DNK,2008,95.47167205810547,,
XSPENDP.5T8.FDPUB.FNCUR,DNK,2010,97.20684814453125,,
XSPENDP.5T8.FDPUB.FNCUR,DNK,2011,98.10350036621094,,
XSPENDP.5T8.FDPUB.FNCUR,DNK,2012,92.26127624511719,,
XSPENDP.5T8.FDPUB.FNCUR,DNK,2014,96.88400268554688,,
XSPENDP.5T8.FDPUB.FNCUR,DNK,2016,87.83513641357422,,
XSPENDP.5T8.FDPUB.FNCUR,DNK,2017,95.23896026611328,,
XSPENDP.5T8.FDPUB.FNCUR,DNK,2018,95.13992309570312,,
XSPENDP.5T8.FDPUB.FNCUR,DNK,2019,95.6507797241211,,
XSPENDP.5T8.FDPUB.FNCUR,DNK,2020,93.40428924560547,,
XSPENDP.5T8.FDPUB.FNCUR,DNK,2021,94.47569274902344,,
XSPENDP.5T8.FDPUB.FNCUR,DNK,2022,95.54728698730469,,
XSPENDP.5T8.FDPUB.FNCUR,DOM,2002,97.40260314941406,,
XSPENDP.5T8.FDPUB.FNCUR,DOM,2007,90.45379638671875,,
XSPENDP.5T8.FDPUB.FNCUR,DZA,2023,78.29386138916016,,
XSPENDP.5T8.FDPUB.FNCUR,DZA,2024,91.54811096191406,,
XSPENDP.5T8.FDPUB.FNCUR,ECU,2019,91.248046875,,
XSPENDP.5T8.FDPUB.FNCUR,ECU,2020,92.90219116210938,,
XSPENDP.5T8.FDPUB.FNCUR,ECU,2021,90.76183319091797,,
XSPENDP.5T8.FDPUB.FNCUR,ECU,2022,91.80226135253906,,
XSPENDP.5T8.FDPUB.FNCUR,ECU,2023,91.28713989257812,,
XSPENDP.5T8.FDPUB.FNCUR,ECU,2024,89.67814636230469,,
XSPENDP.5T8.FDPUB.FNCUR,ERI,2000,47.13957977294922,,
XSPENDP.5T8.FDPUB.FNCUR,ERI,2002,24.02363967895508,,
XSPENDP.5T8.FDPUB.FNCUR,ERI,2004,63.74328994750977,,
XSPENDP.5T8.FDPUB.FNCUR,ESP,2000,78.43769073486328,,
XSPENDP.5T8.FDPUB.FNCUR,ESP,2001,79.98191833496094,,
XSPENDP.5T8.FDPUB.FNCUR,ESP,2002,80.48780822753906,,
XSPENDP.5T8.FDPUB.FNCUR,ESP,2003,79.79625701904297,,
XSPENDP.5T8.FDPUB.FNCUR,ESP,2004,80.99179077148438,,
XSPENDP.5T8.FDPUB.FNCUR,ESP,2005,83.15673065185547,,
XSPENDP.5T8.FDPUB.FNCUR,ESP,2006,81.85679626464844,,
XSPENDP.5T8.FDPUB.FNCUR,ESP,2007,80.41320037841797,,
XSPENDP.5T8.FDPUB.FNCUR,ESP,2008,79.35883331298828,,
XSPENDP.5T8.FDPUB.FNCUR,ESP,2009,81.21681213378906,,
XSPENDP.5T8.FDPUB.FNCUR,ESP,2010,81.58042907714844,,
XSPENDP.5T8.FDPUB.FNCUR,ESP,2012,84.32987213134766,,
XSPENDP.5T8.FDPUB.FNCUR,ESP,2013,86.9315185546875,,
XSPENDP.5T8.FDPUB.FNCUR,ESP,2014,87.7461929321289,,
XSPENDP.5T8.FDPUB.FNCUR,ESP,2015,87.11534118652344,,
XSPENDP.5T8.FDPUB.FNCUR,ESP,2016,88.84574127197266,,
XSPENDP.5T8.FDPUB.FNCUR,ESP,2017,87.70726776123047,,
XSPENDP.5T8.FDPUB.FNCUR,ESP,2018,88.26364135742188,,
XSPENDP.5T8.FDPUB.FNCUR,ESP,2019,88.32012939453125,,
XSPENDP.5T8.FDPUB.FNCUR,ESP,2020,87.67170715332031,,
XSPENDP.5T8.FDPUB.FNCUR,ESP,2021,86.69661712646484,,
XSPENDP.5T8.FDPUB.FNCUR,ESP,2022,85.88509368896484,,
XSPENDP.5T8.FDPUB.FNCUR,EST,2001,88.70967864990234,,
XSPENDP.5T8.FDPUB.FNCUR,EST,2002,95.67900848388672,,
XSPENDP.5T8.FDPUB.FNCUR,EST,2003,98.71465301513672,,
XSPENDP.5T8.FDPUB.FNCUR,EST,2004,99.49239349365234,,
XSPENDP.5T8.FDPUB.FNCUR,EST,2013,91.92256927490234,,
XSPENDP.5T8.FDPUB.FNCUR,EST,2014,94.80679321289062,,
XSPENDP.5T8.FDPUB.FNCUR,EST,2015,89.25479125976562,,
XSPENDP.5T8.FDPUB.FNCUR,EST,2016,95.87886047363281,,
XSPENDP.5T8.FDPUB.FNCUR,EST,2017,91.2416763305664,,
XSPENDP.5T8.FDPUB.FNCUR,EST,2018,82.15035247802734,,
XSPENDP.5T8.FDPUB.FNCUR,EST,2019,88.15632629394531,,
XSPENDP.5T8.FDPUB.FNCUR,EST,2020,90.74845123291016,,
XSPENDP.5T8.FDPUB.FNCUR,EST,2021,91.85350799560547,,
XSPENDP.5T8.FDPUB.FNCUR,EST,2022,94.12139892578125,,
XSPENDP.5T8.FDPUB.FNCUR,ETH,2009,46.66347885131836,,
XSPENDP.5T8.FDPUB.FNCUR,ETH,2010,42.91680145263672,,
XSPENDP.5T8.FDPUB.FNCUR,ETH,2011,44.13161087036133,,
XSPENDP.5T8.FDPUB.FNCUR,ETH,2012,47.79684066772461,,
XSPENDP.5T8.FDPUB.FNCUR,ETH,2013,47.94802856445313,,
XSPENDP.5T8.FDPUB.FNCUR,ETH,2014,43.76411819458008,,
XSPENDP.5T8.FDPUB.FNCUR,FIN,2000,93.53958129882812,,
XSPENDP.5T8.FDPUB.FNCUR,FIN,2001,93.26782989501953,,
XSPENDP.5T8.FDPUB.FNCUR,FIN,2002,94.39987182617188,,
XSPENDP.5T8.FDPUB.FNCUR,FIN,2003,95.013427734375,,
XSPENDP.5T8.FDPUB.FNCUR,FIN,2004,94.09455108642578,,
XSPENDP.5T8.FDPUB.FNCUR,FIN,2005,95.6351318359375,,
XSPENDP.5T8.FDPUB.FNCUR,FIN,2006,95.57373809814453,,
XSPENDP.5T8.FDPUB.FNCUR,FIN,2007,96.72377014160156,,
XSPENDP.5T8.FDPUB.FNCUR,FIN,2008,95.98822021484375,,
XSPENDP.5T8.FDPUB.FNCUR,FIN,2009,96.07425689697266,,
XSPENDP.5T8.FDPUB.FNCUR,FIN,2010,97.5771713256836,,
XSPENDP.5T8.FDPUB.FNCUR,FIN,2011,96.21311950683594,,
XSPENDP.5T8.FDPUB.FNCUR,FIN,2012,96.654296875,,
XSPENDP.5T8.FDPUB.FNCUR,FIN,2013,97.00694274902344,,
XSPENDP.5T8.FDPUB.FNCUR,FIN,2014,97.06343841552734,,
XSPENDP.5T8.FDPUB.FNCUR,FIN,2015,95.85166931152344,,
XSPENDP.5T8.FDPUB.FNCUR,FIN,2016,96.59461212158203,,
XSPENDP.5T8.FDPUB.FNCUR,FIN,2017,94.16574096679688,,
XSPENDP.5T8.FDPUB.FNCUR,FIN,2018,96.93282318115234,,
XSPENDP.5T8.FDPUB.FNCUR,FIN,2019,95.64710998535156,,
XSPENDP.5T8.FDPUB.FNCUR,FIN,2020,95.79521179199219,,
XSPENDP.5T8.FDPUB.FNCUR,FIN,2021,94.92062377929688,,
XSPENDP.5T8.FDPUB.FNCUR,FIN,2022,96.99738311767578,,
XSPENDP.5T8.FDPUB.FNCUR,FRA,2017,91.83866119384766,,
XSPENDP.5T8.FDPUB.FNCUR,FRA,2018,91.94023895263672,,
XSPENDP.5T8.FDPUB.FNCUR,FRA,2019,91.87554168701172,,
XSPENDP.5T8.FDPUB.FNCUR,FRA,2020,91.57879638671875,,
XSPENDP.5T8.FDPUB.FNCUR,FRA,2021,91.03782653808594,,
XSPENDP.5T8.FDPUB.FNCUR,FRA,2022,90.43644714355469,,
XSPENDP.5T8.FDPUB.FNCUR,GEO,2015,92.08910369873047,,
XSPENDP.5T8.FDPUB.FNCUR,GHA,2001,99.67169189453125,,
XSPENDP.5T8.FDPUB.FNCUR,GHA,2004,89.61747741699219,,
XSPENDP.5T8.FDPUB.FNCUR,GHA,2005,81.52819061279297,,
XSPENDP.5T8.FDPUB.FNCUR,GHA,2006,85.13902282714844,,
XSPENDP.5T8.FDPUB.FNCUR,GHA,2007,73.12461853027344,,
XSPENDP.5T8.FDPUB.FNCUR,GHA,2008,77.42906188964844,,
XSPENDP.5T8.FDPUB.FNCUR,GHA,2009,79.27008819580078,,
XSPENDP.5T8.FDPUB.FNCUR,GHA,2010,73.31316375732422,,
XSPENDP.5T8.FDPUB.FNCUR,GHA,2012,98.64945220947266,,
XSPENDP.5T8.FDPUB.FNCUR,GHA,2013,93.6432876586914,,
XSPENDP.5T8.FDPUB.FNCUR,GHA,2014,77.26573181152344,,
XSPENDP.5T8.FDPUB.FNCUR,GIN,2008,96.69541931152344,,
XSPENDP.5T8.FDPUB.FNCUR,GIN,2009,89.57691955566406,,
XSPENDP.5T8.FDPUB.FNCUR,GIN,2010,75.63748168945312,,
XSPENDP.5T8.FDPUB.FNCUR,GIN,2011,94.58229064941406,,
XSPENDP.5T8.FDPUB.FNCUR,GIN,2012,98.41378021240234,,
XSPENDP.5T8.FDPUB.FNCUR,GIN,2013,66.82398223876953,,
XSPENDP.5T8.FDPUB.FNCUR,GIN,2014,72.97679138183594,,
XSPENDP.5T8.FDPUB.FNCUR,GIN,2015,72.97679138183594,,
XSPENDP.5T8.FDPUB.FNCUR,GIN,2016,72.97679138183594,,
XSPENDP.5T8.FDPUB.FNCUR,GIN,2017,72.97679138183594,,
XSPENDP.5T8.FDPUB.FNCUR,GIN,2018,72.61669921875,,
XSPENDP.5T8.FDPUB.FNCUR,GIN,2019,96.66383361816406,,
XSPENDP.5T8.FDPUB.FNCUR,GIN,2020,98.6220703125,,
XSPENDP.5T8.FDPUB.FNCUR,GMB,2008,95.60665893554688,,
XSPENDP.5T8.FDPUB.FNCUR,GMB,2009,100,,
XSPENDP.5T8.FDPUB.FNCUR,GMB,2010,85.96138763427734,,
XSPENDP.5T8.FDPUB.FNCUR,GMB,2011,87.3846435546875,,
XSPENDP.5T8.FDPUB.FNCUR,GMB,2012,84.78057861328125,,
XSPENDP.5T8.FDPUB.FNCUR,GNB,2010,71.62505340576172,,
XSPENDP.5T8.FDPUB.FNCUR,GNB,2011,62.82609939575195,,
XSPENDP.5T8.FDPUB.FNCUR,GNB,2012,76.6955795288086,,
XSPENDP.5T8.FDPUB.FNCUR,GNB,2013,95.27085876464844,,
XSPENDP.5T8.FDPUB.FNCUR,GRC,2000,75.61976623535156,,
XSPENDP.5T8.FDPUB.FNCUR,GRC,2001,60.09439086914063,,
XSPENDP.5T8.FDPUB.FNCUR,GRC,2002,59.92127990722656,,
XSPENDP.5T8.FDPUB.FNCUR,GRC,2003,59.22006988525391,,
XSPENDP.5T8.FDPUB.FNCUR,GRC,2004,66.72705078125,,
XSPENDP.5T8.FDPUB.FNCUR,GRC,2005,65.84200286865234,,
XSPENDP.5T8.FDPUB.FNCUR,GRC,2015,58.25056838989258,,
XSPENDP.5T8.FDPUB.FNCUR,GRC,2016,57.38785171508789,,
XSPENDP.5T8.FDPUB.FNCUR,GRC,2017,56.68915176391602,,
XSPENDP.5T8.FDPUB.FNCUR,GRC,2018,56.11993026733398,,
XSPENDP.5T8.FDPUB.FNCUR,GRC,2019,52.47840118408203,,
XSPENDP.5T8.FDPUB.FNCUR,GRC,2022,55.68194961547852,,
XSPENDP.5T8.FDPUB.FNCUR,GRD,2003,81.35730743408203,,
XSPENDP.5T8.FDPUB.FNCUR,GTM,2006,100,,
XSPENDP.5T8.FDPUB.FNCUR,GTM,2008,95.69922637939453,,
XSPENDP.5T8.FDPUB.FNCUR,GTM,2010,100,,
XSPENDP.5T8.FDPUB.FNCUR,GTM,2011,100,,
XSPENDP.5T8.FDPUB.FNCUR,GTM,2012,96.6588134765625,,
XSPENDP.5T8.FDPUB.FNCUR,GTM,2013,92.61538696289062,,
XSPENDP.5T8.FDPUB.FNCUR,GTM,2014,95.53704833984375,,
XSPENDP.5T8.FDPUB.FNCUR,GTM,2015,81.0210189819336,,
XSPENDP.5T8.FDPUB.FNCUR,GTM,2016,99.23861694335938,,
XSPENDP.5T8.FDPUB.FNCUR,GTM,2017,97.47502136230469,,
XSPENDP.5T8.FDPUB.FNCUR,GTM,2018,87.83683776855469,,
XSPENDP.5T8.FDPUB.FNCUR,GTM,2019,88.15460205078125,,
XSPENDP.5T8.FDPUB.FNCUR,GTM,2020,89.98223876953125,,
XSPENDP.5T8.FDPUB.FNCUR,GTM,2021,94.99732971191406,,
XSPENDP.5T8.FDPUB.FNCUR,GTM,2022,100,,
XSPENDP.5T8.FDPUB.FNCUR,GTM,2023,99.50299835205078,,
XSPENDP.5T8.FDPUB.FNCUR,GTM,2024,99.48761749267578,,
XSPENDP.5T8.FDPUB.FNCUR,GUY,2002,82.6039810180664,,
XSPENDP.5T8.FDPUB.FNCUR,GUY,2004,93.35015869140625,,
XSPENDP.5T8.FDPUB.FNCUR,GUY,2005,91.49433135986328,,
XSPENDP.5T8.FDPUB.FNCUR,GUY,2006,86.0408935546875,,
XSPENDP.5T8.FDPUB.FNCUR,GUY,2007,92.77562713623047,,
XSPENDP.5T8.FDPUB.FNCUR,GUY,2009,85.5700912475586,,
XSPENDP.5T8.FDPUB.FNCUR,GUY,2010,94.081787109375,,
XSPENDP.5T8.FDPUB.FNCUR,GUY,2011,94.1259994506836,,
XSPENDP.5T8.FDPUB.FNCUR,GUY,2012,93.13165283203125,,
XSPENDP.5T8.FDPUB.FNCUR,HKG,2004,95.93238067626953,,
XSPENDP.5T8.FDPUB.FNCUR,HKG,2005,95.80699920654297,,
XSPENDP.5T8.FDPUB.FNCUR,HKG,2007,77.7868423461914,,
XSPENDP.5T8.FDPUB.FNCUR,HKG,2008,76.452880859375,,
XSPENDP.5T8.FDPUB.FNCUR,HKG,2009,38.45718002319336,,
XSPENDP.5T8.FDPUB.FNCUR,HKG,2010,80.1767807006836,,
XSPENDP.5T8.FDPUB.FNCUR,HKG,2011,72.4811782836914,,
XSPENDP.5T8.FDPUB.FNCUR,HKG,2012,60.16257095336914,,
XSPENDP.5T8.FDPUB.FNCUR,HND,2012,89.90424346923828,,
XSPENDP.5T8.FDPUB.FNCUR,HND,2013,78.43273162841797,,
XSPENDP.5T8.FDPUB.FNCUR,HND,2014,91.17340850830078,,
XSPENDP.5T8.FDPUB.FNCUR,HND,2015,91.0435791015625,,
XSPENDP.5T8.FDPUB.FNCUR,HND,2016,90.5201187133789,,
XSPENDP.5T8.FDPUB.FNCUR,HND,2017,92.20218658447266,,
XSPENDP.5T8.FDPUB.FNCUR,HND,2018,91.96585845947266,,
XSPENDP.5T8.FDPUB.FNCUR,HND,2019,89.97689056396484,,
XSPENDP.5T8.FDPUB.FNCUR,HRV,2000,96.8577880859375,,
XSPENDP.5T8.FDPUB.FNCUR,HRV,2001,94.40281677246094,,
XSPENDP.5T8.FDPUB.FNCUR,HRV,2002,91.28465270996094,,
XSPENDP.5T8.FDPUB.FNCUR,HRV,2003,92.95545196533203,,
XSPENDP.5T8.FDPUB.FNCUR,HRV,2004,97.50225067138672,,
XSPENDP.5T8.FDPUB.FNCUR,HRV,2007,92.854248046875,,
XSPENDP.5T8.FDPUB.FNCUR,HRV,2008,98.77638244628906,,
XSPENDP.5T8.FDPUB.FNCUR,HRV,2009,82.78279876708984,,
XSPENDP.5T8.FDPUB.FNCUR,HRV,2010,87.6418228149414,,
XSPENDP.5T8.FDPUB.FNCUR,HRV,2011,90.16062927246094,,
XSPENDP.5T8.FDPUB.FNCUR,HRV,2013,92.86614990234375,,
XSPENDP.5T8.FDPUB.FNCUR,HRV,2014,91.2305679321289,,
XSPENDP.5T8.FDPUB.FNCUR,HRV,2015,90.11405181884766,,
XSPENDP.5T8.FDPUB.FNCUR,HRV,2017,91.34732818603516,,
XSPENDP.5T8.FDPUB.FNCUR,HRV,2018,93.71732330322266,,
XSPENDP.5T8.FDPUB.FNCUR,HRV,2019,88.63796997070312,,
XSPENDP.5T8.FDPUB.FNCUR,HRV,2020,85.71253967285156,,
XSPENDP.5T8.FDPUB.FNCUR,HRV,2021,89.20793151855469,,
XSPENDP.5T8.FDPUB.FNCUR,HUN,2000,82.37332153320312,,
XSPENDP.5T8.FDPUB.FNCUR,HUN,2001,82.23696899414062,,
XSPENDP.5T8.FDPUB.FNCUR,HUN,2002,82.6889877319336,,
XSPENDP.5T8.FDPUB.FNCUR,HUN,2003,85.17314147949219,,
XSPENDP.5T8.FDPUB.FNCUR,HUN,2004,87.28858947753906,,
XSPENDP.5T8.FDPUB.FNCUR,HUN,2005,87.569580078125,,
XSPENDP.5T8.FDPUB.FNCUR,HUN,2006,88.5130386352539,,
XSPENDP.5T8.FDPUB.FNCUR,HUN,2007,90.59786224365234,,
XSPENDP.5T8.FDPUB.FNCUR,HUN,2008,91.02259826660156,,
XSPENDP.5T8.FDPUB.FNCUR,HUN,2009,84.11634826660156,,
XSPENDP.5T8.FDPUB.FNCUR,HUN,2010,88.56397247314453,,
XSPENDP.5T8.FDPUB.FNCUR,HUN,2011,86.02092742919922,,
XSPENDP.5T8.FDPUB.FNCUR,HUN,2012,92.69062805175781,,
XSPENDP.5T8.FDPUB.FNCUR,HUN,2013,90.41232299804688,,
XSPENDP.5T8.FDPUB.FNCUR,HUN,2014,86.95716857910156,,
XSPENDP.5T8.FDPUB.FNCUR,HUN,2015,89.86564636230469,,
XSPENDP.5T8.FDPUB.FNCUR,HUN,2016,83.49463653564453,,
XSPENDP.5T8.FDPUB.FNCUR,HUN,2017,81.1424789428711,,
XSPENDP.5T8.FDPUB.FNCUR,HUN,2018,81.32746887207031,,
XSPENDP.5T8.FDPUB.FNCUR,HUN,2019,82.27159881591797,,
XSPENDP.5T8.FDPUB.FNCUR,HUN,2020,78.92935943603516,,
XSPENDP.5T8.FDPUB.FNCUR,HUN,2021,89.35626983642578,,
XSPENDP.5T8.FDPUB.FNCUR,HUN,2022,93.00110626220703,,
XSPENDP.5T8.FDPUB.FNCUR,IDN,2007,88.04344177246094,,
XSPENDP.5T8.FDPUB.FNCUR,IDN,2008,86.12116241455078,,
XSPENDP.5T8.FDPUB.FNCUR,IDN,2009,78.36518859863281,,
XSPENDP.5T8.FDPUB.FNCUR,IDN,2010,72.88275146484375,,
XSPENDP.5T8.FDPUB.FNCUR,IDN,2011,74.56310272216797,,
XSPENDP.5T8.FDPUB.FNCUR,IDN,2012,71.74282836914062,,
XSPENDP.5T8.FDPUB.FNCUR,IDN,2013,80.32759094238281,,
XSPENDP.5T8.FDPUB.FNCUR,IDN,2014,81.36653137207031,,
XSPENDP.5T8.FDPUB.FNCUR,IDN,2015,77.75630950927734,,
XSPENDP.5T8.FDPUB.FNCUR,IND,2000,98.81993103027344,,
XSPENDP.5T8.FDPUB.FNCUR,IND,2003,99.03711700439453,,
XSPENDP.5T8.FDPUB.FNCUR,IND,2004,98.29631042480469,,
XSPENDP.5T8.FDPUB.FNCUR,IND,2005,97.54556274414062,,
XSPENDP.5T8.FDPUB.FNCUR,IRL,2000,84.03285217285156,,
XSPENDP.5T8.FDPUB.FNCUR,IRL,2001,81.59615325927734,,
XSPENDP.5T8.FDPUB.FNCUR,IRL,2002,86.93949890136719,,
XSPENDP.5T8.FDPUB.FNCUR,IRL,2003,95.08145141601562,,
XSPENDP.5T8.FDPUB.FNCUR,IRL,2004,94.68006134033203,,
XSPENDP.5T8.FDPUB.FNCUR,IRL,2005,95.05998229980469,,
XSPENDP.5T8.FDPUB.FNCUR,IRL,2006,93.46578216552734,,
XSPENDP.5T8.FDPUB.FNCUR,IRL,2007,91.68440246582031,,
XSPENDP.5T8.FDPUB.FNCUR,IRL,2008,90.7181396484375,,
XSPENDP.5T8.FDPUB.FNCUR,IRL,2009,88.9610595703125,,
XSPENDP.5T8.FDPUB.FNCUR,IRL,2010,89.51129913330078,,
XSPENDP.5T8.FDPUB.FNCUR,IRL,2011,93.00382995605469,,
XSPENDP.5T8.FDPUB.FNCUR,IRL,2012,94.09687042236328,,
XSPENDP.5T8.FDPUB.FNCUR,IRL,2013,93.11226654052734,,
XSPENDP.5T8.FDPUB.FNCUR,IRL,2014,94.03874206542969,,
XSPENDP.5T8.FDPUB.FNCUR,IRL,2015,94.42207336425781,,
XSPENDP.5T8.FDPUB.FNCUR,IRL,2016,95.83831024169922,,
XSPENDP.5T8.FDPUB.FNCUR,IRL,2017,98.24163055419922,,
XSPENDP.5T8.FDPUB.FNCUR,IRL,2018,98.267578125,,
XSPENDP.5T8.FDPUB.FNCUR,IRL,2019,97.4381332397461,,
XSPENDP.5T8.FDPUB.FNCUR,IRL,2020,96.98880767822266,,
XSPENDP.5T8.FDPUB.FNCUR,IRL,2021,97.39807891845703,,
XSPENDP.5T8.FDPUB.FNCUR,IRN,2000,83.95287322998047,,
XSPENDP.5T8.FDPUB.FNCUR,IRN,2002,82.15425872802734,,
XSPENDP.5T8.FDPUB.FNCUR,IRN,2013,95.4652099609375,,
XSPENDP.5T8.FDPUB.FNCUR,IRN,2014,93.7153091430664,,
XSPENDP.5T8.FDPUB.FNCUR,IRN,2015,96.00628662109375,,
XSPENDP.5T8.FDPUB.FNCUR,IRN,2016,94.55021667480469,,
XSPENDP.5T8.FDPUB.FNCUR,IRN,2017,87.48957061767578,,
XSPENDP.5T8.FDPUB.FNCUR,IRN,2018,88.67159271240234,,
XSPENDP.5T8.FDPUB.FNCUR,IRN,2019,92.16410827636719,,
XSPENDP.5T8.FDPUB.FNCUR,IRN,2020,90.07811737060547,,
XSPENDP.5T8.FDPUB.FNCUR,IRN,2022,91.69612884521484,,
XSPENDP.5T8.FDPUB.FNCUR,ISL,2004,91.51029205322266,,
XSPENDP.5T8.FDPUB.FNCUR,ISL,2005,95.00273132324219,,
XSPENDP.5T8.FDPUB.FNCUR,ISL,2006,92.41845703125,,
XSPENDP.5T8.FDPUB.FNCUR,ISL,2007,82.05169677734375,,
XSPENDP.5T8.FDPUB.FNCUR,ISL,2008,91.2925033569336,,
XSPENDP.5T8.FDPUB.FNCUR,ISL,2009,99.9460678100586,,
XSPENDP.5T8.FDPUB.FNCUR,ISL,2010,93.51676940917969,,
XSPENDP.5T8.FDPUB.FNCUR,ISL,2011,95.72183227539062,,
XSPENDP.5T8.FDPUB.FNCUR,ISL,2012,94.41593933105469,,
XSPENDP.5T8.FDPUB.FNCUR,ISL,2013,94.92253112792969,,
XSPENDP.5T8.FDPUB.FNCUR,ISL,2014,94.76416778564453,,
XSPENDP.5T8.FDPUB.FNCUR,ISL,2015,93.6175765991211,,
XSPENDP.5T8.FDPUB.FNCUR,ISL,2016,93.41053009033203,,
XSPENDP.5T8.FDPUB.FNCUR,ISL,2017,97.58984375,,
XSPENDP.5T8.FDPUB.FNCUR,ISL,2018,96.95555877685547,,
XSPENDP.5T8.FDPUB.FNCUR,ISL,2019,96.44790649414062,,
XSPENDP.5T8.FDPUB.FNCUR,ISL,2020,97.9571304321289,,
XSPENDP.5T8.FDPUB.FNCUR,ISL,2021,97.99385070800781,,
XSPENDP.5T8.FDPUB.FNCUR,ISL,2022,97.59522247314453,,
XSPENDP.5T8.FDPUB.FNCUR,ISR,2000,90.84158325195312,,
XSPENDP.5T8.FDPUB.FNCUR,ISR,2001,92.81436920166016,,
XSPENDP.5T8.FDPUB.FNCUR,ISR,2002,92.01680755615234,,
XSPENDP.5T8.FDPUB.FNCUR,ISR,2003,90.29650115966797,,
XSPENDP.5T8.FDPUB.FNCUR,ISR,2004,88.69048309326172,,
XSPENDP.5T8.FDPUB.FNCUR,ISR,2005,87.6790771484375,,
XSPENDP.5T8.FDPUB.FNCUR,ISR,2006,89.7196273803711,,
XSPENDP.5T8.FDPUB.FNCUR,ISR,2007,90.33332824707031,,
XSPENDP.5T8.FDPUB.FNCUR,ISR,2008,87.66667175292969,,
XSPENDP.5T8.FDPUB.FNCUR,ISR,2009,86.6220703125,,
XSPENDP.5T8.FDPUB.FNCUR,ISR,2010,81.78439331054688,,
XSPENDP.5T8.FDPUB.FNCUR,ISR,2011,83.60128784179688,,
XSPENDP.5T8.FDPUB.FNCUR,ISR,2012,83.13253021240234,,
XSPENDP.5T8.FDPUB.FNCUR,ISR,2013,78.17108917236328,,
XSPENDP.5T8.FDPUB.FNCUR,ISR,2014,75.60975646972656,,
XSPENDP.5T8.FDPUB.FNCUR,ISR,2015,86.32327270507812,,
XSPENDP.5T8.FDPUB.FNCUR,ISR,2016,87.3668212890625,,
XSPENDP.5T8.FDPUB.FNCUR,ISR,2017,86.40776824951172,,
XSPENDP.5T8.FDPUB.FNCUR,ISR,2018,85.76873779296875,,
XSPENDP.5T8.FDPUB.FNCUR,ISR,2019,87.56038665771484,,
XSPENDP.5T8.FDPUB.FNCUR,ISR,2020,81.35888671875,,
XSPENDP.5T8.FDPUB.FNCUR,ISR,2021,77.64933013916016,,
XSPENDP.5T8.FDPUB.FNCUR,ISR,2022,82.62068939208984,,
XSPENDP.5T8.FDPUB.FNCUR,ITA,2000,82.84947967529297,,
XSPENDP.5T8.FDPUB.FNCUR,ITA,2001,83.02799224853516,,
XSPENDP.5T8.FDPUB.FNCUR,ITA,2002,83.39746856689453,,
XSPENDP.5T8.FDPUB.FNCUR,ITA,2003,86.65119171142578,,
XSPENDP.5T8.FDPUB.FNCUR,ITA,2004,88.77046966552734,,
XSPENDP.5T8.FDPUB.FNCUR,ITA,2005,89.35576629638672,,
XSPENDP.5T8.FDPUB.FNCUR,ITA,2006,89.26924896240234,,
XSPENDP.5T8.FDPUB.FNCUR,ITA,2007,88.14724731445312,,
XSPENDP.5T8.FDPUB.FNCUR,ITA,2008,88.93183135986328,,
XSPENDP.5T8.FDPUB.FNCUR,ITA,2009,91.02822875976562,,
XSPENDP.5T8.FDPUB.FNCUR,ITA,2010,91.7107925415039,,
XSPENDP.5T8.FDPUB.FNCUR,ITA,2011,90.91516876220703,,
XSPENDP.5T8.FDPUB.FNCUR,ITA,2012,90.75739288330078,,
XSPENDP.5T8.FDPUB.FNCUR,ITA,2013,84.9906234741211,,
XSPENDP.5T8.FDPUB.FNCUR,ITA,2014,90.8093490600586,,
XSPENDP.5T8.FDPUB.FNCUR,ITA,2015,90.43708801269531,,
XSPENDP.5T8.FDPUB.FNCUR,ITA,2016,92.870849609375,,
XSPENDP.5T8.FDPUB.FNCUR,ITA,2017,93.68730926513672,,
XSPENDP.5T8.FDPUB.FNCUR,ITA,2018,90.62296295166016,,
XSPENDP.5T8.FDPUB.FNCUR,ITA,2019,90.95092010498047,,
XSPENDP.5T8.FDPUB.FNCUR,ITA,2020,90.38697814941406,,
XSPENDP.5T8.FDPUB.FNCUR,ITA,2021,90.57662963867188,,
XSPENDP.5T8.FDPUB.FNCUR,ITA,2022,90.7516098022461,,
XSPENDP.5T8.FDPUB.FNCUR,JAM,2002,84.73111724853516,,
XSPENDP.5T8.FDPUB.FNCUR,JAM,2004,99.35404968261719,,
XSPENDP.5T8.FDPUB.FNCUR,JAM,2005,99.68119049072266,,
XSPENDP.5T8.FDPUB.FNCUR,JAM,2008,100,,
XSPENDP.5T8.FDPUB.FNCUR,JAM,2009,100,,
XSPENDP.5T8.FDPUB.FNCUR,JAM,2011,95.51692962646484,,
XSPENDP.5T8.FDPUB.FNCUR,JAM,2012,99.22306060791016,,
XSPENDP.5T8.FDPUB.FNCUR,JAM,2014,98.14045715332031,,
XSPENDP.5T8.FDPUB.FNCUR,JAM,2015,98.28215789794922,,
XSPENDP.5T8.FDPUB.FNCUR,JAM,2016,95.78749084472656,,
XSPENDP.5T8.FDPUB.FNCUR,JAM,2017,95.29931640625,,
XSPENDP.5T8.FDPUB.FNCUR,JAM,2018,98.08551025390625,,
XSPENDP.5T8.FDPUB.FNCUR,JAM,2019,99.51544952392578,,
XSPENDP.5T8.FDPUB.FNCUR,JAM,2021,99.93475341796875,,
XSPENDP.5T8.FDPUB.FNCUR,JAM,2022,99.9674301147461,,
XSPENDP.5T8.FDPUB.FNCUR,JAM,2024,100,,
XSPENDP.5T8.FDPUB.FNCUR,JOR,2016,68.0528564453125,,
XSPENDP.5T8.FDPUB.FNCUR,JOR,2017,94.46800994873047,,
XSPENDP.5T8.FDPUB.FNCUR,JOR,2018,27.16605949401855,,
XSPENDP.5T8.FDPUB.FNCUR,JOR,2019,35.30863189697266,,
XSPENDP.5T8.FDPUB.FNCUR,JOR,2021,36.47111892700195,,
XSPENDP.5T8.FDPUB.FNCUR,JOR,2024,41.15671920776367,,
XSPENDP.5T8.FDPUB.FNCUR,JPN,2000,79.15941619873047,,
XSPENDP.5T8.FDPUB.FNCUR,JPN,2001,82.70552825927734,,
XSPENDP.5T8.FDPUB.FNCUR,JPN,2002,84.44812774658203,,
XSPENDP.5T8.FDPUB.FNCUR,JPN,2003,82.1388168334961,,
XSPENDP.5T8.FDPUB.FNCUR,JPN,2004,84.84323120117188,,
XSPENDP.5T8.FDPUB.FNCUR,JPN,2005,91.52937316894531,,
XSPENDP.5T8.FDPUB.FNCUR,JPN,2006,88.09105682373047,,
XSPENDP.5T8.FDPUB.FNCUR,JPN,2007,90.47663116455078,,
XSPENDP.5T8.FDPUB.FNCUR,JPN,2008,87.6746597290039,,
XSPENDP.5T8.FDPUB.FNCUR,JPN,2010,81.12226104736328,,
XSPENDP.5T8.FDPUB.FNCUR,JPN,2011,87.94441223144531,,
XSPENDP.5T8.FDPUB.FNCUR,JPN,2012,85.97132110595703,,
XSPENDP.5T8.FDPUB.FNCUR,JPN,2013,80.28836059570312,,
XSPENDP.5T8.FDPUB.FNCUR,JPN,2014,83.49015808105469,,
XSPENDP.5T8.FDPUB.FNCUR,JPN,2015,88.82556915283203,,
XSPENDP.5T8.FDPUB.FNCUR,JPN,2016,89.60054016113281,,
XSPENDP.5T8.FDPUB.FNCUR,JPN,2017,89.91771697998047,,
XSPENDP.5T8.FDPUB.FNCUR,JPN,2018,91.80464935302734,,
XSPENDP.5T8.FDPUB.FNCUR,JPN,2019,89.55756378173828,,
XSPENDP.5T8.FDPUB.FNCUR,JPN,2020,87.09036254882812,,
XSPENDP.5T8.FDPUB.FNCUR,JPN,2021,87.26087188720703,,
XSPENDP.5T8.FDPUB.FNCUR,KAZ,2002,79.9055404663086,,
XSPENDP.5T8.FDPUB.FNCUR,KAZ,2004,77.45912170410156,,
XSPENDP.5T8.FDPUB.FNCUR,KAZ,2005,82.46131134033203,,
XSPENDP.5T8.FDPUB.FNCUR,KAZ,2006,85.97785186767578,,
XSPENDP.5T8.FDPUB.FNCUR,KAZ,2007,84.60334014892578,,
XSPENDP.5T8.FDPUB.FNCUR,KAZ,2008,86.51290893554688,,
XSPENDP.5T8.FDPUB.FNCUR,KAZ,2009,89.39427947998047,,
XSPENDP.5T8.FDPUB.FNCUR,KAZ,2010,86.36058807373047,,
XSPENDP.5T8.FDPUB.FNCUR,KAZ,2011,90.69400787353516,,
XSPENDP.5T8.FDPUB.FNCUR,KAZ,2012,88.70845031738281,,
XSPENDP.5T8.FDPUB.FNCUR,KAZ,2013,92.95329284667969,,
XSPENDP.5T8.FDPUB.FNCUR,KAZ,2014,95.72962188720703,,
XSPENDP.5T8.FDPUB.FNCUR,KAZ,2015,94.24053192138672,,
XSPENDP.5T8.FDPUB.FNCUR,KAZ,2016,95.20702362060547,,
XSPENDP.5T8.FDPUB.FNCUR,KAZ,2017,95.72116088867188,,
XSPENDP.5T8.FDPUB.FNCUR,KAZ,2018,97.53900146484375,,
XSPENDP.5T8.FDPUB.FNCUR,KAZ,2019,100,,
XSPENDP.5T8.FDPUB.FNCUR,KEN,2011,97.2603988647461,,
XSPENDP.5T8.FDPUB.FNCUR,KEN,2012,92.87848663330078,,
XSPENDP.5T8.FDPUB.FNCUR,KEN,2013,100,,
XSPENDP.5T8.FDPUB.FNCUR,KEN,2014,100,,
XSPENDP.5T8.FDPUB.FNCUR,KEN,2015,97.61831665039062,,
XSPENDP.5T8.FDPUB.FNCUR,KGZ,2005,93.1191177368164,,
XSPENDP.5T8.FDPUB.FNCUR,KGZ,2006,92.69522094726562,,
XSPENDP.5T8.FDPUB.FNCUR,KGZ,2007,89.46533203125,,
XSPENDP.5T8.FDPUB.FNCUR,KGZ,2008,86.69242095947266,,
XSPENDP.5T8.FDPUB.FNCUR,KGZ,2009,89.91029357910156,,
XSPENDP.5T8.FDPUB.FNCUR,KGZ,2010,93.77452850341797,,
XSPENDP.5T8.FDPUB.FNCUR,KGZ,2012,95.26313781738281,,
XSPENDP.5T8.FDPUB.FNCUR,KGZ,2013,93.87568664550781,,
XSPENDP.5T8.FDPUB.FNCUR,KGZ,2014,99.27973937988281,,
XSPENDP.5T8.FDPUB.FNCUR,KGZ,2015,99.69454956054688,,
XSPENDP.5T8.FDPUB.FNCUR,KGZ,2016,99.57819366455078,,
XSPENDP.5T8.FDPUB.FNCUR,KGZ,2017,99.7833023071289,,
XSPENDP.5T8.FDPUB.FNCUR,KGZ,2018,99.91507720947266,,
XSPENDP.5T8.FDPUB.FNCUR,KGZ,2019,97.7126693725586,,
XSPENDP.5T8.FDPUB.FNCUR,KGZ,2020,99.38896179199219,,
XSPENDP.5T8.FDPUB.FNCUR,KGZ,2021,97.99388885498047,,
XSPENDP.5T8.FDPUB.FNCUR,KHM,2009,100,,
XSPENDP.5T8.FDPUB.FNCUR,KHM,2010,100,,
XSPENDP.5T8.FDPUB.FNCUR,KHM,2011,100,,
XSPENDP.5T8.FDPUB.FNCUR,KHM,2012,100,,
XSPENDP.5T8.FDPUB.FNCUR,KHM,2013,100,,
XSPENDP.5T8.FDPUB.FNCUR,KHM,2014,100,,
XSPENDP.5T8.FDPUB.FNCUR,KNA,2016,100,,
XSPENDP.5T8.FDPUB.FNCUR,KOR,2015,87.0551528930664,,
XSPENDP.5T8.FDPUB.FNCUR,KOR,2016,87.8432388305664,,
XSPENDP.5T8.FDPUB.FNCUR,KOR,2017,86.8573226928711,,
XSPENDP.5T8.FDPUB.FNCUR,KOR,2018,86.92511749267578,,
XSPENDP.5T8.FDPUB.FNCUR,KOR,2019,86.38028717041016,,
XSPENDP.5T8.FDPUB.FNCUR,KOR,2020,84.37245178222656,,
XSPENDP.5T8.FDPUB.FNCUR,KOR,2021,86.36588287353516,,
XSPENDP.5T8.FDPUB.FNCUR,KOR,2022,87.32850646972656,,
XSPENDP.5T8.FDPUB.FNCUR,KWT,2002,82.52400207519531,,
XSPENDP.5T8.FDPUB.FNCUR,KWT,2005,83.99851989746094,,
XSPENDP.5T8.FDPUB.FNCUR,LAO,2009,52.56465911865234,,
XSPENDP.5T8.FDPUB.FNCUR,LAO,2010,66.65013885498047,,
XSPENDP.5T8.FDPUB.FNCUR,LAO,2011,61.57347869873047,,
XSPENDP.5T8.FDPUB.FNCUR,LAO,2012,69.95989227294922,,
XSPENDP.5T8.FDPUB.FNCUR,LAO,2013,61.39945983886719,,
XSPENDP.5T8.FDPUB.FNCUR,LAO,2014,60.17995071411133,,
XSPENDP.5T8.FDPUB.FNCUR,LBN,2002,99.57299041748047,,
XSPENDP.5T8.FDPUB.FNCUR,LBN,2004,99.57341766357422,,
XSPENDP.5T8.FDPUB.FNCUR,LBN,2005,99.5766830444336,,
XSPENDP.5T8.FDPUB.FNCUR,LBN,2006,99.5766830444336,,
XSPENDP.5T8.FDPUB.FNCUR,LBN,2007,99.37581634521484,,
XSPENDP.5T8.FDPUB.FNCUR,LBN,2008,97.4076919555664,,
XSPENDP.5T8.FDPUB.FNCUR,LBN,2010,97.73623657226562,,
XSPENDP.5T8.FDPUB.FNCUR,LBN,2011,97.68540954589844,,
XSPENDP.5T8.FDPUB.FNCUR,LBN,2012,100,,
XSPENDP.5T8.FDPUB.FNCUR,LCA,2000,99.76789093017578,,
XSPENDP.5T8.FDPUB.FNCUR,LCA,2023,100,,
XSPENDP.5T8.FDPUB.FNCUR,LKA,2010,63.6061897277832,,
XSPENDP.5T8.FDPUB.FNCUR,LKA,2011,56.92023086547852,,
XSPENDP.5T8.FDPUB.FNCUR,LKA,2012,64.22557830810547,,
XSPENDP.5T8.FDPUB.FNCUR,LKA,2013,59.68399810791016,,
XSPENDP.5T8.FDPUB.FNCUR,LKA,2014,55.3330192565918,,
XSPENDP.5T8.FDPUB.FNCUR,LKA,2015,59.15108871459961,,
XSPENDP.5T8.FDPUB.FNCUR,LKA,2016,59.13153076171875,,
XSPENDP.5T8.FDPUB.FNCUR,LKA,2017,65.32141876220703,,
XSPENDP.5T8.FDPUB.FNCUR,LKA,2018,60.67657089233398,,
XSPENDP.5T8.FDPUB.FNCUR,LSO,2001,96.4691390991211,,
XSPENDP.5T8.FDPUB.FNCUR,LSO,2008,96.18173217773438,UIS_EST,
XSPENDP.5T8.FDPUB.FNCUR,LSO,2018,100,,
XSPENDP.5T8.FDPUB.FNCUR,LTU,2001,93.58950805664062,,
XSPENDP.5T8.FDPUB.FNCUR,LTU,2002,91.42323303222656,,
XSPENDP.5T8.FDPUB.FNCUR,LTU,2003,92.69111633300781,,
XSPENDP.5T8.FDPUB.FNCUR,LTU,2004,90.52176666259766,,
XSPENDP.5T8.FDPUB.FNCUR,LTU,2005,89.34696197509766,,
XSPENDP.5T8.FDPUB.FNCUR,LTU,2006,85.98385620117188,,
XSPENDP.5T8.FDPUB.FNCUR,LTU,2007,82.94127655029297,,
XSPENDP.5T8.FDPUB.FNCUR,LTU,2008,87.50060272216797,,
XSPENDP.5T8.FDPUB.FNCUR,LTU,2009,91.38186645507812,,
XSPENDP.5T8.FDPUB.FNCUR,LTU,2010,83.0339584350586,,
XSPENDP.5T8.FDPUB.FNCUR,LTU,2011,75.0722885131836,,
XSPENDP.5T8.FDPUB.FNCUR,LTU,2012,75.3093490600586,,
XSPENDP.5T8.FDPUB.FNCUR,LTU,2013,77.6747817993164,,
XSPENDP.5T8.FDPUB.FNCUR,LTU,2014,73.37576293945312,,
XSPENDP.5T8.FDPUB.FNCUR,LTU,2015,72.33506774902344,,
XSPENDP.5T8.FDPUB.FNCUR,LTU,2016,92.41948699951172,,
XSPENDP.5T8.FDPUB.FNCUR,LTU,2017,92.52345275878906,,
XSPENDP.5T8.FDPUB.FNCUR,LTU,2018,93.7503433227539,,
XSPENDP.5T8.FDPUB.FNCUR,LTU,2019,94.15167236328125,,
XSPENDP.5T8.FDPUB.FNCUR,LTU,2020,78.0189437866211,,
XSPENDP.5T8.FDPUB.FNCUR,LTU,2021,89.16751861572266,,
XSPENDP.5T8.FDPUB.FNCUR,LTU,2022,88.51199340820312,,
XSPENDP.5T8.FDPUB.FNCUR,LUX,2012,86.58193969726562,,
XSPENDP.5T8.FDPUB.FNCUR,LUX,2013,73.8465576171875,,
XSPENDP.5T8.FDPUB.FNCUR,LUX,2014,69.47003936767578,,
XSPENDP.5T8.FDPUB.FNCUR,LUX,2015,74.66081237792969,,
XSPENDP.5T8.FDPUB.FNCUR,LUX,2017,92.87477111816406,,
XSPENDP.5T8.FDPUB.FNCUR,LUX,2018,92.88313293457031,,
XSPENDP.5T8.FDPUB.FNCUR,LUX,2019,95.50524139404297,,
XSPENDP.5T8.FDPUB.FNCUR,LUX,2020,97.29073333740234,,
XSPENDP.5T8.FDPUB.FNCUR,LUX,2021,97.2877426147461,,
XSPENDP.5T8.FDPUB.FNCUR,LUX,2022,98.20893859863281,,
XSPENDP.5T8.FDPUB.FNCUR,LVA,2000,79.16667175292969,,
XSPENDP.5T8.FDPUB.FNCUR,LVA,2001,100,,
XSPENDP.5T8.FDPUB.FNCUR,LVA,2002,100,,
XSPENDP.5T8.FDPUB.FNCUR,LVA,2003,94.44444274902344,,
XSPENDP.5T8.FDPUB.FNCUR,LVA,2004,95.83332824707031,,
XSPENDP.5T8.FDPUB.FNCUR,LVA,2006,89.23204803466797,,
XSPENDP.5T8.FDPUB.FNCUR,LVA,2007,91.11351013183594,,
XSPENDP.5T8.FDPUB.FNCUR,LVA,2008,93.81012725830078,,
XSPENDP.5T8.FDPUB.FNCUR,LVA,2009,96.20658874511719,,
XSPENDP.5T8.FDPUB.FNCUR,LVA,2010,89.76976776123047,,
XSPENDP.5T8.FDPUB.FNCUR,LVA,2011,82.29608917236328,,
XSPENDP.5T8.FDPUB.FNCUR,LVA,2012,79.75187683105469,,
XSPENDP.5T8.FDPUB.FNCUR,LVA,2013,81.43351745605469,,
XSPENDP.5T8.FDPUB.FNCUR,LVA,2014,74.34561157226562,,
XSPENDP.5T8.FDPUB.FNCUR,LVA,2015,66.61614227294922,,
XSPENDP.5T8.FDPUB.FNCUR,LVA,2016,96.21351623535156,,
XSPENDP.5T8.FDPUB.FNCUR,LVA,2017,94.30400085449219,,
XSPENDP.5T8.FDPUB.FNCUR,LVA,2018,83.88213348388672,,
XSPENDP.5T8.FDPUB.FNCUR,LVA,2019,90.22090148925781,,
XSPENDP.5T8.FDPUB.FNCUR,LVA,2020,86.66800689697266,,
XSPENDP.5T8.FDPUB.FNCUR,LVA,2021,92.07408142089844,,
XSPENDP.5T8.FDPUB.FNCUR,LVA,2022,87.42823791503906,,
XSPENDP.5T8.FDPUB.FNCUR,MAC,2009,89.57959747314453,,
XSPENDP.5T8.FDPUB.FNCUR,MAC,2010,50.23123931884766,,
XSPENDP.5T8.FDPUB.FNCUR,MAC,2011,35.79285049438477,,
XSPENDP.5T8.FDPUB.FNCUR,MAC,2012,25.38530921936035,,
XSPENDP.5T8.FDPUB.FNCUR,MAC,2013,67.05770874023438,,
XSPENDP.5T8.FDPUB.FNCUR,MAC,2014,84.83547973632812,,
XSPENDP.5T8.FDPUB.FNCUR,MAC,2015,89.05030059814453,,
XSPENDP.5T8.FDPUB.FNCUR,MAC,2016,90.43689727783203,,
XSPENDP.5T8.FDPUB.FNCUR,MAC,2017,93.67376708984375,,
XSPENDP.5T8.FDPUB.FNCUR,MAC,2018,80.17833709716797,,
XSPENDP.5T8.FDPUB.FNCUR,MAC,2019,77.64954376220703,,
XSPENDP.5T8.FDPUB.FNCUR,MAC,2020,79.97786712646484,,
XSPENDP.5T8.FDPUB.FNCUR,MAC,2021,84.06815338134766,,
XSPENDP.5T8.FDPUB.FNCUR,MAC,2022,83.48082733154297,,
XSPENDP.5T8.FDPUB.FNCUR,MAC,2023,77.76074981689453,,
XSPENDP.5T8.FDPUB.FNCUR,MAR,2009,84.63951110839844,,
XSPENDP.5T8.FDPUB.FNCUR,MCO,2021,94.25849151611328,,
XSPENDP.5T8.FDPUB.FNCUR,MCO,2022,64.4897689819336,,
XSPENDP.5T8.FDPUB.FNCUR,MCO,2023,70.96092224121094,,
XSPENDP.5T8.FDPUB.FNCUR,MDA,2006,100,,
XSPENDP.5T8.FDPUB.FNCUR,MDA,2007,87.26348876953125,,
XSPENDP.5T8.FDPUB.FNCUR,MDA,2008,86.10862731933594,,
XSPENDP.5T8.FDPUB.FNCUR,MDA,2009,95.13452911376953,,
XSPENDP.5T8.FDPUB.FNCUR,MDA,2010,93.67839050292969,,
XSPENDP.5T8.FDPUB.FNCUR,MDA,2011,92.73538208007812,,
XSPENDP.5T8.FDPUB.FNCUR,MDA,2012,93.66535949707031,,
XSPENDP.5T8.FDPUB.FNCUR,MDA,2013,90.59767150878906,,
XSPENDP.5T8.FDPUB.FNCUR,MDA,2014,94.86241912841797,,
XSPENDP.5T8.FDPUB.FNCUR,MDA,2015,95.51802825927734,,
XSPENDP.5T8.FDPUB.FNCUR,MDA,2016,96.29717254638672,,
XSPENDP.5T8.FDPUB.FNCUR,MDA,2017,94.64640045166016,,
XSPENDP.5T8.FDPUB.FNCUR,MDA,2018,92.39118957519531,,
XSPENDP.5T8.FDPUB.FNCUR,MDA,2019,93.25025177001953,,
XSPENDP.5T8.FDPUB.FNCUR,MDA,2020,93.7225112915039,,
XSPENDP.5T8.FDPUB.FNCUR,MDA,2021,93.80738067626953,,
XSPENDP.5T8.FDPUB.FNCUR,MDA,2022,91.4909896850586,,
XSPENDP.5T8.FDPUB.FNCUR,MDA,2023,88.876220703125,,
XSPENDP.5T8.FDPUB.FNCUR,MDG,2005,78.24600219726562,UIS_EST,
XSPENDP.5T8.FDPUB.FNCUR,MDG,2006,97.74981689453125,UIS_EST,
XSPENDP.5T8.FDPUB.FNCUR,MDG,2007,89.39140319824219,,
XSPENDP.5T8.FDPUB.FNCUR,MDG,2008,88.10765838623047,,
XSPENDP.5T8.FDPUB.FNCUR,MDG,2011,86.1573486328125,NAT_EST,
XSPENDP.5T8.FDPUB.FNCUR,MDG,2012,99.55763244628906,NAT_EST,
XSPENDP.5T8.FDPUB.FNCUR,MDG,2013,94.45182800292969,,
XSPENDP.5T8.FDPUB.FNCUR,MDG,2015,92.05856323242188,,
XSPENDP.5T8.FDPUB.FNCUR,MDG,2016,93.89337921142578,,
XSPENDP.5T8.FDPUB.FNCUR,MDG,2017,95.21064758300781,,
XSPENDP.5T8.FDPUB.FNCUR,MDV,2009,99.67884063720703,,
XSPENDP.5T8.FDPUB.FNCUR,MDV,2010,98.0827407836914,,
XSPENDP.5T8.FDPUB.FNCUR,MDV,2011,92.94898986816406,,
XSPENDP.5T8.FDPUB.FNCUR,MDV,2012,99.6832275390625,,
XSPENDP.5T8.FDPUB.FNCUR,MDV,2013,99.84027862548828,,
XSPENDP.5T8.FDPUB.FNCUR,MDV,2014,99.87863159179688,,
XSPENDP.5T8.FDPUB.FNCUR,MDV,2015,99.83561706542969,,
XSPENDP.5T8.FDPUB.FNCUR,MDV,2016,99.95826721191406,,
XSPENDP.5T8.FDPUB.FNCUR,MEX,2001,95.69951629638672,,
XSPENDP.5T8.FDPUB.FNCUR,MEX,2002,97.28370666503906,,
XSPENDP.5T8.FDPUB.FNCUR,MEX,2003,94.78362274169922,,
XSPENDP.5T8.FDPUB.FNCUR,MEX,2004,96.91776275634766,,
XSPENDP.5T8.FDPUB.FNCUR,MEX,2005,95.50074768066406,,
XSPENDP.5T8.FDPUB.FNCUR,MEX,2006,95.68415832519531,,
XSPENDP.5T8.FDPUB.FNCUR,MEX,2007,95.23448181152344,,
XSPENDP.5T8.FDPUB.FNCUR,MEX,2008,94.36229705810547,,
XSPENDP.5T8.FDPUB.FNCUR,MEX,2009,93.56195068359375,,
XSPENDP.5T8.FDPUB.FNCUR,MEX,2010,91.4765396118164,,
XSPENDP.5T8.FDPUB.FNCUR,MEX,2011,92.4217529296875,,
XSPENDP.5T8.FDPUB.FNCUR,MEX,2012,93.18769836425781,,
XSPENDP.5T8.FDPUB.FNCUR,MEX,2013,92.28385162353516,,
XSPENDP.5T8.FDPUB.FNCUR,MEX,2014,91.91105651855469,,
XSPENDP.5T8.FDPUB.FNCUR,MEX,2015,92.75636291503906,,
XSPENDP.5T8.FDPUB.FNCUR,MEX,2016,93.8988265991211,,
XSPENDP.5T8.FDPUB.FNCUR,MEX,2017,96.15408325195312,,
XSPENDP.5T8.FDPUB.FNCUR,MEX,2018,96.65213012695312,,
XSPENDP.5T8.FDPUB.FNCUR,MEX,2019,97.49359130859375,,
XSPENDP.5T8.FDPUB.FNCUR,MEX,2020,97.18122863769531,,
XSPENDP.5T8.FDPUB.FNCUR,MEX,2021,97.3821029663086,,
XSPENDP.5T8.FDPUB.FNCUR,MEX,2022,97.44560241699219,,
XSPENDP.5T8.FDPUB.FNCUR,MHL,2019,100,,
XSPENDP.5T8.FDPUB.FNCUR,MHL,2022,100,,
XSPENDP.5T8.FDPUB.FNCUR,MKD,2002,98.88072204589844,,
XSPENDP.5T8.FDPUB.FNCUR,MLI,2008,88.78079223632812,,
XSPENDP.5T8.FDPUB.FNCUR,MLI,2009,86.02210998535156,,
XSPENDP.5T8.FDPUB.FNCUR,MLI,2010,92.12875366210938,,
XSPENDP.5T8.FDPUB.FNCUR,MLI,2011,81.92323303222656,,
XSPENDP.5T8.FDPUB.FNCUR,MLI,2012,89.93003845214844,,
XSPENDP.5T8.FDPUB.FNCUR,MLI,2013,88.9281234741211,,
XSPENDP.5T8.FDPUB.FNCUR,MLI,2014,89.64022064208984,,
XSPENDP.5T8.FDPUB.FNCUR,MLI,2015,88.9768295288086,,
XSPENDP.5T8.FDPUB.FNCUR,MLI,2016,93.92752838134766,,
XSPENDP.5T8.FDPUB.FNCUR,MLI,2017,97.49713897705078,,
XSPENDP.5T8.FDPUB.FNCUR,MLI,2018,93.66046142578125,,
XSPENDP.5T8.FDPUB.FNCUR,MLI,2019,88.19331359863281,,
XSPENDP.5T8.FDPUB.FNCUR,MLI,2020,93.59526824951172,,
XSPENDP.5T8.FDPUB.FNCUR,MLI,2021,90.24227905273438,,
XSPENDP.5T8.FDPUB.FNCUR,MLT,2002,91.56661224365234,,
XSPENDP.5T8.FDPUB.FNCUR,MLT,2004,94.7677993774414,,
XSPENDP.5T8.FDPUB.FNCUR,MLT,2007,96.23058319091797,,
XSPENDP.5T8.FDPUB.FNCUR,MLT,2008,93.50438690185547,,
XSPENDP.5T8.FDPUB.FNCUR,MLT,2009,96.44094848632812,,
XSPENDP.5T8.FDPUB.FNCUR,MLT,2010,81.6336898803711,,
XSPENDP.5T8.FDPUB.FNCUR,MLT,2011,74.61505889892578,,
XSPENDP.5T8.FDPUB.FNCUR,MLT,2012,96.27703857421875,,
XSPENDP.5T8.FDPUB.FNCUR,MLT,2013,77.94770812988281,,
XSPENDP.5T8.FDPUB.FNCUR,MLT,2014,90.43295288085938,,
XSPENDP.5T8.FDPUB.FNCUR,MLT,2015,79.33612060546875,,
XSPENDP.5T8.FDPUB.FNCUR,MLT,2016,75.3408203125,,
XSPENDP.5T8.FDPUB.FNCUR,MLT,2017,79.97737884521484,,
XSPENDP.5T8.FDPUB.FNCUR,MLT,2019,73.59137725830078,,
XSPENDP.5T8.FDPUB.FNCUR,MLT,2021,73.8921127319336,,
XSPENDP.5T8.FDPUB.FNCUR,MLT,2022,75.73898315429688,,
XSPENDP.5T8.FDPUB.FNCUR,MMR,2011,60.11188125610352,,
XSPENDP.5T8.FDPUB.FNCUR,MMR,2017,50.8177490234375,,
XSPENDP.5T8.FDPUB.FNCUR,MMR,2019,51.0977897644043,,
XSPENDP.5T8.FDPUB.FNCUR,MNG,2000,100,,
XSPENDP.5T8.FDPUB.FNCUR,MNG,2002,97.30402374267578,,
XSPENDP.5T8.FDPUB.FNCUR,MNG,2012,100,,
XSPENDP.5T8.FDPUB.FNCUR,MNG,2013,100,,
XSPENDP.5T8.FDPUB.FNCUR,MNG,2014,100,,
XSPENDP.5T8.FDPUB.FNCUR,MNG,2015,100,,
XSPENDP.5T8.FDPUB.FNCUR,MNG,2017,41.34651947021484,,
XSPENDP.5T8.FDPUB.FNCUR,MOZ,2006,86.2750473022461,,
XSPENDP.5T8.FDPUB.FNCUR,MOZ,2012,80.74066925048828,,
XSPENDP.5T8.FDPUB.FNCUR,MOZ,2013,80.74066925048828,,
XSPENDP.5T8.FDPUB.FNCUR,MSR,2000,68.96552276611328,UIS_EST,
XSPENDP.5T8.FDPUB.FNCUR,MUS,2010,98.63670349121094,,
XSPENDP.5T8.FDPUB.FNCUR,MWI,2010,97.93779754638672,,
XSPENDP.5T8.FDPUB.FNCUR,MWI,2011,99.3508071899414,,
XSPENDP.5T8.FDPUB.FNCUR,MWI,2012,98.09114837646484,,
XSPENDP.5T8.FDPUB.FNCUR,MWI,2014,95.41219329833984,,
XSPENDP.5T8.FDPUB.FNCUR,MWI,2015,98.29003143310547,,
XSPENDP.5T8.FDPUB.FNCUR,MWI,2016,92.16117858886719,,
XSPENDP.5T8.FDPUB.FNCUR,MYS,2000,53.98033142089844,,
XSPENDP.5T8.FDPUB.FNCUR,MYS,2001,48.58641815185547,,
XSPENDP.5T8.FDPUB.FNCUR,MYS,2002,53.03363037109375,,
XSPENDP.5T8.FDPUB.FNCUR,MYS,2003,64.15049743652344,,
XSPENDP.5T8.FDPUB.FNCUR,MYS,2004,89.00377655029297,,
XSPENDP.5T8.FDPUB.FNCUR,MYS,2006,78.54818725585938,,
XSPENDP.5T8.FDPUB.FNCUR,MYS,2007,58.34819030761719,,
XSPENDP.5T8.FDPUB.FNCUR,MYS,2008,99.3846664428711,,
XSPENDP.5T8.FDPUB.FNCUR,MYS,2009,70.64472961425781,,
XSPENDP.5T8.FDPUB.FNCUR,MYS,2010,66.6473617553711,,
XSPENDP.5T8.FDPUB.FNCUR,MYS,2011,76.62496185302734,,
XSPENDP.5T8.FDPUB.FNCUR,MYS,2012,82.64967346191406,,
XSPENDP.5T8.FDPUB.FNCUR,MYS,2013,81.09691619873047,,
XSPENDP.5T8.FDPUB.FNCUR,MYS,2016,86.73985290527344,,
XSPENDP.5T8.FDPUB.FNCUR,MYS,2017,81.68151092529297,,
XSPENDP.5T8.FDPUB.FNCUR,MYS,2018,83.53169250488281,,
XSPENDP.5T8.FDPUB.FNCUR,MYS,2019,80.34886169433594,,
XSPENDP.5T8.FDPUB.FNCUR,MYS,2020,85.76236724853516,,
XSPENDP.5T8.FDPUB.FNCUR,MYS,2021,82.19538879394531,,
XSPENDP.5T8.FDPUB.FNCUR,NAM,2000,86.69786834716797,,
XSPENDP.5T8.FDPUB.FNCUR,NAM,2014,100,,
XSPENDP.5T8.FDPUB.FNCUR,NER,2006,98.92601013183594,,
XSPENDP.5T8.FDPUB.FNCUR,NER,2008,95.54554748535156,,
XSPENDP.5T8.FDPUB.FNCUR,NER,2009,92.6561508178711,,
XSPENDP.5T8.FDPUB.FNCUR,NER,2010,91.4768295288086,,
XSPENDP.5T8.FDPUB.FNCUR,NER,2011,79.95169830322266,,
XSPENDP.5T8.FDPUB.FNCUR,NER,2012,81.35826873779297,,
XSPENDP.5T8.FDPUB.FNCUR,NER,2013,87.7645034790039,,
XSPENDP.5T8.FDPUB.FNCUR,NER,2014,83.74356079101562,,
XSPENDP.5T8.FDPUB.FNCUR,NER,2015,98.02857208251953,,
XSPENDP.5T8.FDPUB.FNCUR,NER,2016,93.61457061767578,,
XSPENDP.5T8.FDPUB.FNCUR,NER,2017,93.71849822998047,,
XSPENDP.5T8.FDPUB.FNCUR,NER,2018,96.72305297851562,,
XSPENDP.5T8.FDPUB.FNCUR,NIC,2010,81.99967193603516,,
XSPENDP.5T8.FDPUB.FNCUR,NIC,2023,94.65705871582031,,
XSPENDP.5T8.FDPUB.FNCUR,NLD,2000,89.1082992553711,,
XSPENDP.5T8.FDPUB.FNCUR,NLD,2001,87.37151336669922,,
XSPENDP.5T8.FDPUB.FNCUR,NLD,2002,87.22032165527344,,
XSPENDP.5T8.FDPUB.FNCUR,NLD,2003,87.75347900390625,,
XSPENDP.5T8.FDPUB.FNCUR,NLD,2004,88.94146728515625,,
XSPENDP.5T8.FDPUB.FNCUR,NLD,2005,89.18501281738281,,
XSPENDP.5T8.FDPUB.FNCUR,NLD,2006,87.85662841796875,,
XSPENDP.5T8.FDPUB.FNCUR,NLD,2007,87.3068618774414,,
XSPENDP.5T8.FDPUB.FNCUR,NLD,2008,85.61327362060547,,
XSPENDP.5T8.FDPUB.FNCUR,NLD,2009,91.40516662597656,,
XSPENDP.5T8.FDPUB.FNCUR,NLD,2010,90.12122344970703,,
XSPENDP.5T8.FDPUB.FNCUR,NLD,2011,90.42230987548828,,
XSPENDP.5T8.FDPUB.FNCUR,NLD,2012,89.0223388671875,,
XSPENDP.5T8.FDPUB.FNCUR,NLD,2013,88.06735229492188,,
XSPENDP.5T8.FDPUB.FNCUR,NLD,2014,87.43380737304688,,
XSPENDP.5T8.FDPUB.FNCUR,NLD,2015,88.51828002929688,,
XSPENDP.5T8.FDPUB.FNCUR,NLD,2016,89.15247344970703,,
XSPENDP.5T8.FDPUB.FNCUR,NLD,2017,89.05850219726562,,
XSPENDP.5T8.FDPUB.FNCUR,NLD,2018,89.40666961669922,,
XSPENDP.5T8.FDPUB.FNCUR,NLD,2019,89.40931701660156,,
XSPENDP.5T8.FDPUB.FNCUR,NLD,2020,88.76463317871094,,
XSPENDP.5T8.FDPUB.FNCUR,NLD,2021,88.46952819824219,,
XSPENDP.5T8.FDPUB.FNCUR,NLD,2022,88.0921401977539,,
XSPENDP.5T8.FDPUB.FNCUR,NOR,2000,88.68035125732422,,
XSPENDP.5T8.FDPUB.FNCUR,NOR,2001,90.42144012451172,,
XSPENDP.5T8.FDPUB.FNCUR,NOR,2002,90.6412582397461,,
XSPENDP.5T8.FDPUB.FNCUR,NOR,2003,91.13529205322266,,
XSPENDP.5T8.FDPUB.FNCUR,NOR,2004,89.32283782958984,,
XSPENDP.5T8.FDPUB.FNCUR,NOR,2005,90.61982727050781,,
XSPENDP.5T8.FDPUB.FNCUR,NOR,2006,93.953857421875,,
XSPENDP.5T8.FDPUB.FNCUR,NOR,2007,94.14724731445312,,
XSPENDP.5T8.FDPUB.FNCUR,NOR,2008,93.99640655517578,,
XSPENDP.5T8.FDPUB.FNCUR,NOR,2009,94.0686264038086,,
XSPENDP.5T8.FDPUB.FNCUR,NOR,2010,93.43267822265625,,
XSPENDP.5T8.FDPUB.FNCUR,NOR,2011,94.15846252441406,,
XSPENDP.5T8.FDPUB.FNCUR,NOR,2013,92.68428802490234,,
XSPENDP.5T8.FDPUB.FNCUR,NOR,2014,92.33486938476562,,
XSPENDP.5T8.FDPUB.FNCUR,NOR,2015,90.26641845703125,,
XSPENDP.5T8.FDPUB.FNCUR,NOR,2016,87.31812286376953,,
XSPENDP.5T8.FDPUB.FNCUR,NOR,2017,87.90767669677734,,
XSPENDP.5T8.FDPUB.FNCUR,NOR,2018,88.2347412109375,,
XSPENDP.5T8.FDPUB.FNCUR,NOR,2019,87.57186889648438,,
XSPENDP.5T8.FDPUB.FNCUR,NOR,2020,88.35682678222656,,
XSPENDP.5T8.FDPUB.FNCUR,NOR,2021,92.1137924194336,,
XSPENDP.5T8.FDPUB.FNCUR,NOR,2022,90.34607696533203,,
XSPENDP.5T8.FDPUB.FNCUR,NPL,2010,82.36962127685547,,
XSPENDP.5T8.FDPUB.FNCUR,NPL,2011,82.37564086914062,,
XSPENDP.5T8.FDPUB.FNCUR,NPL,2012,82.43345642089844,,
XSPENDP.5T8.FDPUB.FNCUR,NPL,2013,82.42894744873047,,
XSPENDP.5T8.FDPUB.FNCUR,NPL,2014,82.35836791992188,,
XSPENDP.5T8.FDPUB.FNCUR,NPL,2015,82.38887786865234,,
XSPENDP.5T8.FDPUB.FNCUR,NZL,2000,83.99308013916016,,
XSPENDP.5T8.FDPUB.FNCUR,NZL,2013,85.80937957763672,,
XSPENDP.5T8.FDPUB.FNCUR,NZL,2014,84.38542175292969,,
XSPENDP.5T8.FDPUB.FNCUR,NZL,2015,83.2429428100586,,
XSPENDP.5T8.FDPUB.FNCUR,NZL,2016,83.82549285888672,,
XSPENDP.5T8.FDPUB.FNCUR,NZL,2017,82.22633361816406,,
XSPENDP.5T8.FDPUB.FNCUR,NZL,2018,83.49002838134766,,
XSPENDP.5T8.FDPUB.FNCUR,NZL,2019,82.77474975585938,,
XSPENDP.5T8.FDPUB.FNCUR,NZL,2020,87.06481170654297,,
XSPENDP.5T8.FDPUB.FNCUR,NZL,2021,87.81414031982422,,
XSPENDP.5T8.FDPUB.FNCUR,NZL,2022,84.87744903564453,,
XSPENDP.5T8.FDPUB.FNCUR,NZL,2023,87.92389678955078,,
XSPENDP.5T8.FDPUB.FNCUR,OMN,2002,96.65194702148438,,
XSPENDP.5T8.FDPUB.FNCUR,OMN,2016,36.62662124633789,,
XSPENDP.5T8.FDPUB.FNCUR,OMN,2020,70.74207305908203,,
XSPENDP.5T8.FDPUB.FNCUR,OMN,2021,66.77024841308594,,
XSPENDP.5T8.FDPUB.FNCUR,OMN,2022,67.0031509399414,,
XSPENDP.5T8.FDPUB.FNCUR,OMN,2023,59.49607849121094,,
XSPENDP.5T8.FDPUB.FNCUR,OMN,2024,60.15689849853516,,
XSPENDP.5T8.FDPUB.FNCUR,PAK,2013,71.52242279052734,,
XSPENDP.5T8.FDPUB.FNCUR,PAN,2001,96.40354919433594,,
XSPENDP.5T8.FDPUB.FNCUR,PAN,2002,58.99377822875977,,
XSPENDP.5T8.FDPUB.FNCUR,PAN,2012,86.98652648925781,,
XSPENDP.5T8.FDPUB.FNCUR,PAN,2013,95.73664855957031,,
XSPENDP.5T8.FDPUB.FNCUR,PER,2001,85.54910278320312,,
XSPENDP.5T8.FDPUB.FNCUR,PER,2002,93.48780059814453,,
XSPENDP.5T8.FDPUB.FNCUR,PER,2003,85.5799331665039,,
XSPENDP.5T8.FDPUB.FNCUR,PER,2004,80.6610107421875,,
XSPENDP.5T8.FDPUB.FNCUR,PER,2005,84.9372329711914,,
XSPENDP.5T8.FDPUB.FNCUR,PER,2006,77.9937515258789,,
XSPENDP.5T8.FDPUB.FNCUR,PER,2007,67.56748962402344,,
XSPENDP.5T8.FDPUB.FNCUR,PER,2008,78.99459075927734,,
XSPENDP.5T8.FDPUB.FNCUR,PER,2009,79.7508773803711,,
XSPENDP.5T8.FDPUB.FNCUR,PER,2010,82.17286682128906,,
XSPENDP.5T8.FDPUB.FNCUR,PER,2011,83.12033081054688,,
XSPENDP.5T8.FDPUB.FNCUR,PER,2012,83.53816986083984,,
XSPENDP.5T8.FDPUB.FNCUR,PER,2013,83.49434661865234,,
XSPENDP.5T8.FDPUB.FNCUR,PER,2014,80.60965728759766,,
XSPENDP.5T8.FDPUB.FNCUR,PER,2015,85.34220886230469,,
XSPENDP.5T8.FDPUB.FNCUR,PER,2016,86.5121078491211,,
XSPENDP.5T8.FDPUB.FNCUR,PER,2017,82.3570785522461,,
XSPENDP.5T8.FDPUB.FNCUR,PER,2018,81.29293060302734,,
XSPENDP.5T8.FDPUB.FNCUR,PER,2019,82.75028991699219,,
XSPENDP.5T8.FDPUB.FNCUR,PER,2020,84.40023040771484,,
XSPENDP.5T8.FDPUB.FNCUR,PER,2021,83.85601806640625,,
XSPENDP.5T8.FDPUB.FNCUR,PER,2022,80.78411865234375,,
XSPENDP.5T8.FDPUB.FNCUR,PER,2023,78.76959991455078,,
XSPENDP.5T8.FDPUB.FNCUR,PER,2024,74.77925872802734,,
XSPENDP.5T8.FDPUB.FNCUR,PHL,2000,95.41332244873047,,
XSPENDP.5T8.FDPUB.FNCUR,PHL,2001,95.41332244873047,,
XSPENDP.5T8.FDPUB.FNCUR,PHL,2002,97.80960845947266,,
XSPENDP.5T8.FDPUB.FNCUR,PHL,2003,97.73612213134766,,
XSPENDP.5T8.FDPUB.FNCUR,PHL,2004,97.71520233154297,,
XSPENDP.5T8.FDPUB.FNCUR,PHL,2005,98.38568115234375,,
XSPENDP.5T8.FDPUB.FNCUR,PHL,2007,94.66184997558594,,
XSPENDP.5T8.FDPUB.FNCUR,PHL,2008,86.54966735839844,,
XSPENDP.5T8.FDPUB.FNCUR,PHL,2009,87.46392059326172,,
XSPENDP.5T8.FDPUB.FNCUR,POL,2000,92.49556732177734,,
XSPENDP.5T8.FDPUB.FNCUR,POL,2001,96.16346740722656,,
XSPENDP.5T8.FDPUB.FNCUR,POL,2002,96.67337036132812,,
XSPENDP.5T8.FDPUB.FNCUR,POL,2003,89.18128204345703,,
XSPENDP.5T8.FDPUB.FNCUR,POL,2004,87.5642318725586,,
XSPENDP.5T8.FDPUB.FNCUR,POL,2005,87.8049087524414,,
XSPENDP.5T8.FDPUB.FNCUR,POL,2006,85.46862030029297,,
XSPENDP.5T8.FDPUB.FNCUR,POL,2007,85.04649353027344,,
XSPENDP.5T8.FDPUB.FNCUR,POL,2008,87.31085205078125,,
XSPENDP.5T8.FDPUB.FNCUR,POL,2009,86.89759063720703,,
XSPENDP.5T8.FDPUB.FNCUR,POL,2010,80.58502960205078,,
XSPENDP.5T8.FDPUB.FNCUR,POL,2011,78.23210906982422,,
XSPENDP.5T8.FDPUB.FNCUR,POL,2012,80.07843780517578,,
XSPENDP.5T8.FDPUB.FNCUR,POL,2014,84.55535125732422,,
XSPENDP.5T8.FDPUB.FNCUR,POL,2015,83.32089233398438,,
XSPENDP.5T8.FDPUB.FNCUR,POL,2016,91.60970306396484,,
XSPENDP.5T8.FDPUB.FNCUR,POL,2017,90.94052124023438,,
XSPENDP.5T8.FDPUB.FNCUR,POL,2018,87.82306671142578,,
XSPENDP.5T8.FDPUB.FNCUR,POL,2019,89.2799301147461,,
XSPENDP.5T8.FDPUB.FNCUR,POL,2020,87.68541717529297,,
XSPENDP.5T8.FDPUB.FNCUR,POL,2021,87.74900817871094,,
XSPENDP.5T8.FDPUB.FNCUR,POL,2022,87.83116149902344,,
XSPENDP.5T8.FDPUB.FNCUR,PRI,2013,100,,
XSPENDP.5T8.FDPUB.FNCUR,PRI,2014,100,,
XSPENDP.5T8.FDPUB.FNCUR,PRT,2000,85.66697692871094,,
XSPENDP.5T8.FDPUB.FNCUR,PRT,2001,87.03589630126953,,
XSPENDP.5T8.FDPUB.FNCUR,PRT,2002,88.54873657226562,,
XSPENDP.5T8.FDPUB.FNCUR,PRT,2003,94.93457794189453,,
XSPENDP.5T8.FDPUB.FNCUR,PRT,2004,93.66880798339844,,
XSPENDP.5T8.FDPUB.FNCUR,PRT,2005,90.35897064208984,,
XSPENDP.5T8.FDPUB.FNCUR,PRT,2006,89.47425842285156,,
XSPENDP.5T8.FDPUB.FNCUR,PRT,2007,91.06532287597656,,
XSPENDP.5T8.FDPUB.FNCUR,PRT,2008,92.52771759033203,,
XSPENDP.5T8.FDPUB.FNCUR,PRT,2009,94.78003692626953,,
XSPENDP.5T8.FDPUB.FNCUR,PRT,2010,91.53449249267578,,
XSPENDP.5T8.FDPUB.FNCUR,PRT,2011,92.12409973144531,,
XSPENDP.5T8.FDPUB.FNCUR,PRT,2013,93.81604766845703,,
XSPENDP.5T8.FDPUB.FNCUR,PRT,2014,93.7716064453125,,
XSPENDP.5T8.FDPUB.FNCUR,PRT,2015,92.15090942382812,,
XSPENDP.5T8.FDPUB.FNCUR,PRT,2017,94.83815002441406,,
XSPENDP.5T8.FDPUB.FNCUR,PRT,2018,94.98478698730469,,
XSPENDP.5T8.FDPUB.FNCUR,PRT,2019,94.44480895996094,,
XSPENDP.5T8.FDPUB.FNCUR,PRT,2020,94.651123046875,,
XSPENDP.5T8.FDPUB.FNCUR,PRT,2021,93.76316833496094,,
XSPENDP.5T8.FDPUB.FNCUR,PRT,2022,94.13050842285156,,
XSPENDP.5T8.FDPUB.FNCUR,PRY,2002,98.68242645263672,,
XSPENDP.5T8.FDPUB.FNCUR,PRY,2003,99.13542175292969,,
XSPENDP.5T8.FDPUB.FNCUR,PRY,2004,98.42723846435547,,
XSPENDP.5T8.FDPUB.FNCUR,PRY,2007,88.19338989257812,,
XSPENDP.5T8.FDPUB.FNCUR,PRY,2010,91.45494079589844,,
XSPENDP.5T8.FDPUB.FNCUR,PRY,2011,89.83709716796875,,
XSPENDP.5T8.FDPUB.FNCUR,PRY,2012,91.84538269042969,,
XSPENDP.5T8.FDPUB.FNCUR,PRY,2016,95.12124633789062,,
XSPENDP.5T8.FDPUB.FNCUR,PRY,2020,95.5213623046875,,
XSPENDP.5T8.FDPUB.FNCUR,PRY,2021,96.08599853515625,,
XSPENDP.5T8.FDPUB.FNCUR,PRY,2022,96.83305358886719,,
XSPENDP.5T8.FDPUB.FNCUR,PRY,2023,96.34964752197266,,
XSPENDP.5T8.FDPUB.FNCUR,PRY,2024,93.79656219482422,,
XSPENDP.5T8.FDPUB.FNCUR,PSE,2021,87.42630004882812,,
XSPENDP.5T8.FDPUB.FNCUR,ROU,2001,87.59780883789062,,
XSPENDP.5T8.FDPUB.FNCUR,ROU,2002,83.2683334350586,,
XSPENDP.5T8.FDPUB.FNCUR,ROU,2003,77.6038589477539,,
XSPENDP.5T8.FDPUB.FNCUR,ROU,2004,91.3327865600586,,
XSPENDP.5T8.FDPUB.FNCUR,ROU,2005,92.48291778564453,,
XSPENDP.5T8.FDPUB.FNCUR,ROU,2006,67.60325622558594,,
XSPENDP.5T8.FDPUB.FNCUR,ROU,2007,80.30670166015625,,
XSPENDP.5T8.FDPUB.FNCUR,ROU,2008,74.10700988769531,,
XSPENDP.5T8.FDPUB.FNCUR,ROU,2009,76.50080108642578,,
XSPENDP.5T8.FDPUB.FNCUR,ROU,2010,85.67561340332031,,
XSPENDP.5T8.FDPUB.FNCUR,ROU,2011,87.77442169189453,,
XSPENDP.5T8.FDPUB.FNCUR,ROU,2012,89.15219116210938,,
XSPENDP.5T8.FDPUB.FNCUR,ROU,2013,90.56292724609375,,
XSPENDP.5T8.FDPUB.FNCUR,ROU,2014,93.87393951416016,,
XSPENDP.5T8.FDPUB.FNCUR,ROU,2015,94.30764770507812,,
XSPENDP.5T8.FDPUB.FNCUR,ROU,2016,93.12844848632812,,
XSPENDP.5T8.FDPUB.FNCUR,ROU,2017,93.98573303222656,,
XSPENDP.5T8.FDPUB.FNCUR,ROU,2018,94.73863983154297,,
XSPENDP.5T8.FDPUB.FNCUR,ROU,2019,95.61119842529297,,
XSPENDP.5T8.FDPUB.FNCUR,ROU,2020,94.86019897460938,,
XSPENDP.5T8.FDPUB.FNCUR,ROU,2021,91.57581329345703,,
XSPENDP.5T8.FDPUB.FNCUR,ROU,2022,91.36438751220703,,
XSPENDP.5T8.FDPUB.FNCUR,RUS,2012,85.3117904663086,,
XSPENDP.5T8.FDPUB.FNCUR,RUS,2013,86.01702117919922,,
XSPENDP.5T8.FDPUB.FNCUR,RUS,2014,78.8809814453125,,
XSPENDP.5T8.FDPUB.FNCUR,RUS,2015,87.52397918701172,,
XSPENDP.5T8.FDPUB.FNCUR,RUS,2017,90.07756805419922,,
XSPENDP.5T8.FDPUB.FNCUR,RUS,2018,89.96012115478516,,
XSPENDP.5T8.FDPUB.FNCUR,RWA,2010,93.40428161621094,,
XSPENDP.5T8.FDPUB.FNCUR,RWA,2011,90.80785369873047,,
XSPENDP.5T8.FDPUB.FNCUR,RWA,2012,83.71098327636719,,
XSPENDP.5T8.FDPUB.FNCUR,RWA,2013,82.22149658203125,,
XSPENDP.5T8.FDPUB.FNCUR,RWA,2015,17.1229190826416,UIS_EST,
XSPENDP.5T8.FDPUB.FNCUR,RWA,2016,18.93601036071777,UIS_EST,
XSPENDP.5T8.FDPUB.FNCUR,RWA,2018,74.20144653320312,,
XSPENDP.5T8.FDPUB.FNCUR,RWA,2021,66.77088165283203,,
XSPENDP.5T8.FDPUB.FNCUR,RWA,2022,45.47845840454102,,
XSPENDP.5T8.FDPUB.FNCUR,RWA,2023,48,,
XSPENDP.5T8.FDPUB.FNCUR,RWA,2024,79,,
XSPENDP.5T8.FDPUB.FNCUR,SAU,2021,100,,
XSPENDP.5T8.FDPUB.FNCUR,SEN,2009,97.75404357910156,,
XSPENDP.5T8.FDPUB.FNCUR,SEN,2010,94.30937194824219,,
XSPENDP.5T8.FDPUB.FNCUR,SEN,2011,97.75404357910156,,
XSPENDP.5T8.FDPUB.FNCUR,SEN,2012,91.50971984863281,,
XSPENDP.5T8.FDPUB.FNCUR,SEN,2013,52.5872802734375,,
XSPENDP.5T8.FDPUB.FNCUR,SEN,2014,68.85012817382812,,
XSPENDP.5T8.FDPUB.FNCUR,SEN,2015,79.18852233886719,,
XSPENDP.5T8.FDPUB.FNCUR,SEN,2016,90.1041030883789,,
XSPENDP.5T8.FDPUB.FNCUR,SEN,2017,74.6907730102539,,
XSPENDP.5T8.FDPUB.FNCUR,SEN,2018,89.0905990600586,,
XSPENDP.5T8.FDPUB.FNCUR,SEN,2019,75.24339294433594,,
XSPENDP.5T8.FDPUB.FNCUR,SEN,2020,68.7132797241211,,
XSPENDP.5T8.FDPUB.FNCUR,SEN,2021,73.04083251953125,,
XSPENDP.5T8.FDPUB.FNCUR,SEN,2022,59.93078994750977,,
XSPENDP.5T8.FDPUB.FNCUR,SGP,2008,87.14134216308594,,
XSPENDP.5T8.FDPUB.FNCUR,SGP,2009,95.38934326171875,,
XSPENDP.5T8.FDPUB.FNCUR,SGP,2010,93.28063201904297,,
XSPENDP.5T8.FDPUB.FNCUR,SGP,2011,93.70339965820312,,
XSPENDP.5T8.FDPUB.FNCUR,SGP,2012,98.32073974609375,,
XSPENDP.5T8.FDPUB.FNCUR,SGP,2013,92.96875,,
XSPENDP.5T8.FDPUB.FNCUR,SGP,2016,93.66751098632812,,
XSPENDP.5T8.FDPUB.FNCUR,SGP,2017,97.74610900878906,,
XSPENDP.5T8.FDPUB.FNCUR,SGP,2018,97.67479705810547,,
XSPENDP.5T8.FDPUB.FNCUR,SGP,2019,98.81831359863281,,
XSPENDP.5T8.FDPUB.FNCUR,SGP,2020,92.22933959960938,,
XSPENDP.5T8.FDPUB.FNCUR,SGP,2021,94.95561981201172,,
XSPENDP.5T8.FDPUB.FNCUR,SGP,2022,97.05052947998047,,
XSPENDP.5T8.FDPUB.FNCUR,SGP,2023,99.10421752929688,,
XSPENDP.5T8.FDPUB.FNCUR,SLE,2007,100,,
XSPENDP.5T8.FDPUB.FNCUR,SLE,2008,89.87185668945312,,
XSPENDP.5T8.FDPUB.FNCUR,SLE,2009,99.49346160888672,,
XSPENDP.5T8.FDPUB.FNCUR,SLE,2010,93.67830657958984,,
XSPENDP.5T8.FDPUB.FNCUR,SLE,2011,97.1550064086914,,
XSPENDP.5T8.FDPUB.FNCUR,SLE,2012,100,,
XSPENDP.5T8.FDPUB.FNCUR,SLE,2013,99.89051055908203,,
XSPENDP.5T8.FDPUB.FNCUR,SLE,2014,99.78389739990234,,
XSPENDP.5T8.FDPUB.FNCUR,SLE,2021,81,,
XSPENDP.5T8.FDPUB.FNCUR,SLE,2022,80.57939910888672,,
XSPENDP.5T8.FDPUB.FNCUR,SLV,2000,98.3307876586914,,
XSPENDP.5T8.FDPUB.FNCUR,SLV,2002,100,,
XSPENDP.5T8.FDPUB.FNCUR,SLV,2003,97.95472717285156,,
XSPENDP.5T8.FDPUB.FNCUR,SLV,2005,98.75768280029297,,
XSPENDP.5T8.FDPUB.FNCUR,SLV,2006,79.1277084350586,,
XSPENDP.5T8.FDPUB.FNCUR,SLV,2011,92.35327911376953,,
XSPENDP.5T8.FDPUB.FNCUR,SLV,2012,99.03478240966797,,
XSPENDP.5T8.FDPUB.FNCUR,SLV,2015,98.68347930908203,,
XSPENDP.5T8.FDPUB.FNCUR,SLV,2016,98.9235610961914,,
XSPENDP.5T8.FDPUB.FNCUR,SLV,2017,98.0805892944336,,
XSPENDP.5T8.FDPUB.FNCUR,SLV,2018,99.10838317871094,,
XSPENDP.5T8.FDPUB.FNCUR,SLV,2019,97.55106353759766,,
XSPENDP.5T8.FDPUB.FNCUR,SLV,2020,99.21633911132812,,
XSPENDP.5T8.FDPUB.FNCUR,SLV,2021,81.80082702636719,,
XSPENDP.5T8.FDPUB.FNCUR,SLV,2022,98.52828216552734,,
XSPENDP.5T8.FDPUB.FNCUR,SLV,2023,99.4165267944336,,
XSPENDP.5T8.FDPUB.FNCUR,SLV,2024,99.31316375732422,,
XSPENDP.5T8.FDPUB.FNCUR,SMR,2017,98.19171905517578,,
XSPENDP.5T8.FDPUB.FNCUR,SMR,2018,95.62509155273438,,
XSPENDP.5T8.FDPUB.FNCUR,SMR,2019,96.50968933105469,,
XSPENDP.5T8.FDPUB.FNCUR,SMR,2020,96.18846893310547,,
XSPENDP.5T8.FDPUB.FNCUR,SMR,2021,96.12138366699219,,
XSPENDP.5T8.FDPUB.FNCUR,SMR,2022,97.06610870361328,,
XSPENDP.5T8.FDPUB.FNCUR,SMR,2023,97.88033294677734,,
XSPENDP.5T8.FDPUB.FNCUR,SRB,2007,94.34107208251953,,
XSPENDP.5T8.FDPUB.FNCUR,SRB,2011,96.41539001464844,,
XSPENDP.5T8.FDPUB.FNCUR,SRB,2016,95.9520034790039,,
XSPENDP.5T8.FDPUB.FNCUR,SRB,2017,89.14470672607422,,
XSPENDP.5T8.FDPUB.FNCUR,SRB,2018,96.13665008544922,,
XSPENDP.5T8.FDPUB.FNCUR,SRB,2019,96.34929656982422,,
XSPENDP.5T8.FDPUB.FNCUR,SRB,2021,96.78343200683594,,
XSPENDP.5T8.FDPUB.FNCUR,SRB,2022,96.0376968383789,,
XSPENDP.5T8.FDPUB.FNCUR,SRB,2023,96.83878326416016,,
XSPENDP.5T8.FDPUB.FNCUR,SSD,2013,100,,
XSPENDP.5T8.FDPUB.FNCUR,SSD,2014,90.19654846191406,,
XSPENDP.5T8.FDPUB.FNCUR,SSD,2015,100,,
XSPENDP.5T8.FDPUB.FNCUR,SSD,2016,100,,
XSPENDP.5T8.FDPUB.FNCUR,SVK,2000,89.83381652832031,,
XSPENDP.5T8.FDPUB.FNCUR,SVK,2001,90.25611114501953,,
XSPENDP.5T8.FDPUB.FNCUR,SVK,2002,90.08261108398438,,
XSPENDP.5T8.FDPUB.FNCUR,SVK,2003,89.88919067382812,,
XSPENDP.5T8.FDPUB.FNCUR,SVK,2004,91.4092788696289,,
XSPENDP.5T8.FDPUB.FNCUR,SVK,2005,91.98002624511719,,
XSPENDP.5T8.FDPUB.FNCUR,SVK,2006,90.59427642822266,,
XSPENDP.5T8.FDPUB.FNCUR,SVK,2007,93.33094787597656,,
XSPENDP.5T8.FDPUB.FNCUR,SVK,2008,91.44483184814453,,
XSPENDP.5T8.FDPUB.FNCUR,SVK,2009,90.73314666748047,,
XSPENDP.5T8.FDPUB.FNCUR,SVK,2010,78.50666809082031,,
XSPENDP.5T8.FDPUB.FNCUR,SVK,2011,80.61534881591797,,
XSPENDP.5T8.FDPUB.FNCUR,SVK,2012,81.15785217285156,,
XSPENDP.5T8.FDPUB.FNCUR,SVK,2013,83.0380630493164,,
XSPENDP.5T8.FDPUB.FNCUR,SVK,2014,83.01776123046875,,
XSPENDP.5T8.FDPUB.FNCUR,SVK,2015,64.68550109863281,,
XSPENDP.5T8.FDPUB.FNCUR,SVK,2016,92.93470001220703,,
XSPENDP.5T8.FDPUB.FNCUR,SVK,2017,92.9417495727539,,
XSPENDP.5T8.FDPUB.FNCUR,SVK,2018,93.938232421875,,
XSPENDP.5T8.FDPUB.FNCUR,SVK,2019,93.59761810302734,,
XSPENDP.5T8.FDPUB.FNCUR,SVK,2020,92.76252746582031,,
XSPENDP.5T8.FDPUB.FNCUR,SVK,2021,89.53826141357422,,
XSPENDP.5T8.FDPUB.FNCUR,SVK,2022,88.98792266845703,,
XSPENDP.5T8.FDPUB.FNCUR,SVN,2003,91.41996002197266,,
XSPENDP.5T8.FDPUB.FNCUR,SVN,2004,90.80142974853516,,
XSPENDP.5T8.FDPUB.FNCUR,SVN,2005,86.42105102539062,,
XSPENDP.5T8.FDPUB.FNCUR,SVN,2006,89.02118682861328,,
XSPENDP.5T8.FDPUB.FNCUR,SVN,2007,87.89885711669922,,
XSPENDP.5T8.FDPUB.FNCUR,SVN,2008,86.46614074707031,,
XSPENDP.5T8.FDPUB.FNCUR,SVN,2009,87.83268737792969,,
XSPENDP.5T8.FDPUB.FNCUR,SVN,2010,89.68383026123047,,
XSPENDP.5T8.FDPUB.FNCUR,SVN,2011,90.0992202758789,,
XSPENDP.5T8.FDPUB.FNCUR,SVN,2012,88.88957214355469,,
XSPENDP.5T8.FDPUB.FNCUR,SVN,2013,83.37097930908203,,
XSPENDP.5T8.FDPUB.FNCUR,SVN,2014,85.11766815185547,,
XSPENDP.5T8.FDPUB.FNCUR,SVN,2015,89.63961791992188,,
XSPENDP.5T8.FDPUB.FNCUR,SVN,2016,92.60395812988281,,
XSPENDP.5T8.FDPUB.FNCUR,SVN,2017,92.54165649414062,,
XSPENDP.5T8.FDPUB.FNCUR,SVN,2018,91.59555053710938,,
XSPENDP.5T8.FDPUB.FNCUR,SVN,2019,91.58659362792969,,
XSPENDP.5T8.FDPUB.FNCUR,SVN,2020,89.99784088134766,,
XSPENDP.5T8.FDPUB.FNCUR,SVN,2021,89.4890365600586,,
XSPENDP.5T8.FDPUB.FNCUR,SVN,2022,88.8543930053711,,
XSPENDP.5T8.FDPUB.FNCUR,SWE,2000,100,,
XSPENDP.5T8.FDPUB.FNCUR,SWE,2001,100,,
XSPENDP.5T8.FDPUB.FNCUR,SWE,2003,100,,
XSPENDP.5T8.FDPUB.FNCUR,SWE,2004,100,,
XSPENDP.5T8.FDPUB.FNCUR,SWE,2005,95.76197814941406,,
XSPENDP.5T8.FDPUB.FNCUR,SWE,2006,96.00657653808594,,
XSPENDP.5T8.FDPUB.FNCUR,SWE,2007,96.1177978515625,,
XSPENDP.5T8.FDPUB.FNCUR,SWE,2008,96.3949966430664,,
XSPENDP.5T8.FDPUB.FNCUR,SWE,2009,96.54424285888672,,
XSPENDP.5T8.FDPUB.FNCUR,SWE,2010,96.75103759765625,,
XSPENDP.5T8.FDPUB.FNCUR,SWE,2011,96.73551177978516,,
XSPENDP.5T8.FDPUB.FNCUR,SWE,2012,96.63619995117188,,
XSPENDP.5T8.FDPUB.FNCUR,SWE,2013,96.6267318725586,,
XSPENDP.5T8.FDPUB.FNCUR,SWE,2014,96.53996276855469,,
XSPENDP.5T8.FDPUB.FNCUR,SWE,2015,96.39750671386719,,
XSPENDP.5T8.FDPUB.FNCUR,SWE,2016,96.29817962646484,,
XSPENDP.5T8.FDPUB.FNCUR,SWE,2017,96.29547882080078,,
XSPENDP.5T8.FDPUB.FNCUR,SWE,2018,96.26165771484375,,
XSPENDP.5T8.FDPUB.FNCUR,SWE,2019,96.21333312988281,,
XSPENDP.5T8.FDPUB.FNCUR,SWE,2020,96.2021484375,,
XSPENDP.5T8.FDPUB.FNCUR,SWE,2021,96.31932067871094,,
XSPENDP.5T8.FDPUB.FNCUR,SWE,2022,96.45488739013672,,
XSPENDP.5T8.FDPUB.FNCUR,SWZ,2014,99.46949005126953,,
XSPENDP.5T8.FDPUB.FNCUR,SYC,2012,92.01437377929688,,
XSPENDP.5T8.FDPUB.FNCUR,SYC,2013,86.81733703613281,,
XSPENDP.5T8.FDPUB.FNCUR,SYC,2014,96.81346893310547,,
XSPENDP.5T8.FDPUB.FNCUR,SYC,2015,99.00596618652344,,
XSPENDP.5T8.FDPUB.FNCUR,SYC,2016,100,,
XSPENDP.5T8.FDPUB.FNCUR,TCA,2015,98.62873077392578,,
XSPENDP.5T8.FDPUB.FNCUR,TCD,2011,67.72493743896484,,
XSPENDP.5T8.FDPUB.FNCUR,TCD,2012,23.70498085021973,,
XSPENDP.5T8.FDPUB.FNCUR,TCD,2020,99.11042785644531,,
XSPENDP.5T8.FDPUB.FNCUR,TCD,2021,81.093017578125,,
XSPENDP.5T8.FDPUB.FNCUR,TGO,2000,99.72315216064453,,
XSPENDP.5T8.FDPUB.FNCUR,TGO,2010,97.5924301147461,,
XSPENDP.5T8.FDPUB.FNCUR,TGO,2011,92.77777862548828,,
XSPENDP.5T8.FDPUB.FNCUR,TGO,2012,100,,
XSPENDP.5T8.FDPUB.FNCUR,TGO,2013,100,,
XSPENDP.5T8.FDPUB.FNCUR,TGO,2014,88.38804626464844,,
XSPENDP.5T8.FDPUB.FNCUR,TGO,2015,90.98370361328125,,
XSPENDP.5T8.FDPUB.FNCUR,TGO,2016,90.30361938476562,,
XSPENDP.5T8.FDPUB.FNCUR,TGO,2017,99.58867645263672,,
XSPENDP.5T8.FDPUB.FNCUR,THA,2010,89.23825073242188,,
XSPENDP.5T8.FDPUB.FNCUR,THA,2011,82.66645050048828,,
XSPENDP.5T8.FDPUB.FNCUR,THA,2012,88.03766632080078,,
XSPENDP.5T8.FDPUB.FNCUR,THA,2013,86.38471221923828,,
XSPENDP.5T8.FDPUB.FNCUR,THA,2014,95.92288208007812,,
XSPENDP.5T8.FDPUB.FNCUR,TJK,2015,63.25133895874023,,
XSPENDP.5T8.FDPUB.FNCUR,TKM,2012,96.80850982666016,,
XSPENDP.5T8.FDPUB.FNCUR,TKM,2021,99.8686294555664,,
XSPENDP.5T8.FDPUB.FNCUR,TKM,2022,99.55609893798828,,
XSPENDP.5T8.FDPUB.FNCUR,TKM,2023,99.6857681274414,,
XSPENDP.5T8.FDPUB.FNCUR,TLS,2008,80.02783966064453,,
XSPENDP.5T8.FDPUB.FNCUR,TLS,2009,96.2806167602539,,
XSPENDP.5T8.FDPUB.FNCUR,TLS,2010,100,,
XSPENDP.5T8.FDPUB.FNCUR,TLS,2011,94.10421752929688,,
XSPENDP.5T8.FDPUB.FNCUR,TLS,2012,93.17989349365234,,
XSPENDP.5T8.FDPUB.FNCUR,TLS,2013,97.30061340332031,,
XSPENDP.5T8.FDPUB.FNCUR,TLS,2014,95.39803314208984,,
XSPENDP.5T8.FDPUB.FNCUR,TTO,2020,86.80078887939453,,
XSPENDP.5T8.FDPUB.FNCUR,TTO,2021,80.86138153076172,,
XSPENDP.5T8.FDPUB.FNCUR,TTO,2022,81.96824645996094,,
XSPENDP.5T8.FDPUB.FNCUR,TTO,2023,84.23998260498047,,
XSPENDP.5T8.FDPUB.FNCUR,TUN,2000,74.1462173461914,,
XSPENDP.5T8.FDPUB.FNCUR,TUN,2001,75.23040771484375,,
XSPENDP.5T8.FDPUB.FNCUR,TUN,2002,75.1152114868164,,
XSPENDP.5T8.FDPUB.FNCUR,TUN,2007,81.7436294555664,,
XSPENDP.5T8.FDPUB.FNCUR,TUN,2008,82.41403198242188,,
XSPENDP.5T8.FDPUB.FNCUR,TUN,2009,75.5232925415039,,
XSPENDP.5T8.FDPUB.FNCUR,TUN,2010,76.41802978515625,,
XSPENDP.5T8.FDPUB.FNCUR,TUR,2011,79.02613830566406,,
XSPENDP.5T8.FDPUB.FNCUR,TUR,2012,75.45742797851562,,
XSPENDP.5T8.FDPUB.FNCUR,TUR,2013,79.16429138183594,,
XSPENDP.5T8.FDPUB.FNCUR,TUR,2014,78.27742004394531,,
XSPENDP.5T8.FDPUB.FNCUR,TUR,2015,80.56413269042969,,
XSPENDP.5T8.FDPUB.FNCUR,TUR,2016,80.46617889404297,,
XSPENDP.5T8.FDPUB.FNCUR,TUR,2017,81.67147827148438,,
XSPENDP.5T8.FDPUB.FNCUR,TUR,2018,84.2198486328125,,
XSPENDP.5T8.FDPUB.FNCUR,TUR,2019,90.03388214111328,,
XSPENDP.5T8.FDPUB.FNCUR,TUR,2020,90.94032287597656,,
XSPENDP.5T8.FDPUB.FNCUR,TUR,2021,88.03502655029297,,
XSPENDP.5T8.FDPUB.FNCUR,TUR,2022,86.79266357421875,,
XSPENDP.5T8.FDPUB.FNCUR,UGA,2004,75.45992279052734,,
XSPENDP.5T8.FDPUB.FNCUR,UGA,2009,93.33209228515625,,
XSPENDP.5T8.FDPUB.FNCUR,UGA,2010,94.3039321899414,,
XSPENDP.5T8.FDPUB.FNCUR,UGA,2011,88.79866027832031,,
XSPENDP.5T8.FDPUB.FNCUR,UGA,2012,96.56613159179688,,
XSPENDP.5T8.FDPUB.FNCUR,UGA,2013,94.41548156738281,,
XSPENDP.5T8.FDPUB.FNCUR,UGA,2014,91.24694061279297,,
XSPENDP.5T8.FDPUB.FNCUR,UKR,2000,83.22083282470703,,
XSPENDP.5T8.FDPUB.FNCUR,UKR,2011,96.01753234863281,,
XSPENDP.5T8.FDPUB.FNCUR,UKR,2012,96.54591369628906,,
XSPENDP.5T8.FDPUB.FNCUR,UKR,2013,97.70185089111328,,
XSPENDP.5T8.FDPUB.FNCUR,UKR,2014,97.87940979003906,,
XSPENDP.5T8.FDPUB.FNCUR,UKR,2016,91.11885070800781,,
XSPENDP.5T8.FDPUB.FNCUR,UKR,2017,94.03121948242188,,
XSPENDP.5T8.FDPUB.FNCUR,UKR,2018,94.55435943603516,,
XSPENDP.5T8.FDPUB.FNCUR,UKR,2019,93.67073822021484,,
XSPENDP.5T8.FDPUB.FNCUR,UKR,2020,95.47122955322266,,
XSPENDP.5T8.FDPUB.FNCUR,UKR,2021,95.35729217529297,,
XSPENDP.5T8.FDPUB.FNCUR,URY,2000,94.90229797363281,,
XSPENDP.5T8.FDPUB.FNCUR,URY,2002,94.25990295410156,,
XSPENDP.5T8.FDPUB.FNCUR,URY,2003,95.15235900878906,,
XSPENDP.5T8.FDPUB.FNCUR,URY,2004,95.7502670288086,,
XSPENDP.5T8.FDPUB.FNCUR,URY,2005,95.0230484008789,,
XSPENDP.5T8.FDPUB.FNCUR,URY,2006,93.92643737792969,,
XSPENDP.5T8.FDPUB.FNCUR,URY,2011,93.0081787109375,,
XSPENDP.5T8.FDPUB.FNCUR,URY,2013,93.08995819091797,,
XSPENDP.5T8.FDPUB.FNCUR,URY,2014,92.3780288696289,,
XSPENDP.5T8.FDPUB.FNCUR,URY,2015,92.82501220703125,,
XSPENDP.5T8.FDPUB.FNCUR,URY,2016,93.267822265625,,
XSPENDP.5T8.FDPUB.FNCUR,URY,2017,94.14253234863281,,
XSPENDP.5T8.FDPUB.FNCUR,URY,2018,93.95973205566406,,
XSPENDP.5T8.FDPUB.FNCUR,URY,2019,93.65290069580078,,
XSPENDP.5T8.FDPUB.FNCUR,URY,2020,92.69123077392578,,
XSPENDP.5T8.FDPUB.FNCUR,URY,2021,92.25177764892578,,
XSPENDP.5T8.FDPUB.FNCUR,URY,2022,93.67886352539062,,
XSPENDP.5T8.FDPUB.FNCUR,URY,2023,92.8520736694336,,
XSPENDP.5T8.FDPUB.FNCUR,USA,2015,90.05815124511719,,
XSPENDP.5T8.FDPUB.FNCUR,USA,2016,95.3379135131836,,
XSPENDP.5T8.FDPUB.FNCUR,USA,2017,90.29271697998047,,
XSPENDP.5T8.FDPUB.FNCUR,USA,2018,90.91824340820312,,
XSPENDP.5T8.FDPUB.FNCUR,USA,2019,91.1174087524414,,
XSPENDP.5T8.FDPUB.FNCUR,USA,2020,91.39716339111328,,
XSPENDP.5T8.FDPUB.FNCUR,USA,2021,91.70321655273438,,
XSPENDP.5T8.FDPUB.FNCUR,UZB,2018,100,,
XSPENDP.5T8.FDPUB.FNCUR,UZB,2020,100,,
XSPENDP.5T8.FDPUB.FNCUR,UZB,2021,100,,
XSPENDP.5T8.FDPUB.FNCUR,VCT,2005,100,,
XSPENDP.5T8.FDPUB.FNCUR,VCT,2009,100,,
XSPENDP.5T8.FDPUB.FNCUR,VEN,2006,84.9998779296875,,
XSPENDP.5T8.FDPUB.FNCUR,VEN,2007,97.24928283691406,,
XSPENDP.5T8.FDPUB.FNCUR,VEN,2009,100,,
XSPENDP.5T8.FDPUB.FNCUR,VEN,2023,97.31829071044922,,
XSPENDP.5T8.FDPUB.FNCUR,VGB,2007,100,,
XSPENDP.5T8.FDPUB.FNCUR,VNM,2009,70.68714904785156,,
XSPENDP.5T8.FDPUB.FNCUR,VNM,2010,76.5505599975586,,
XSPENDP.5T8.FDPUB.FNCUR,VNM,2011,77.1922378540039,,
XSPENDP.5T8.FDPUB.FNCUR,VNM,2012,78.9494400024414,,
XSPENDP.5T8.FDPUB.FNCUR,VNM,2013,76.46082305908203,,
XSPENDP.5T8.FDPUB.FNCUR,VUT,2019,100,,
XSPENDP.5T8.FDPUB.FNCUR,VUT,2020,99.24755096435547,,
XSPENDP.5T8.FDPUB.FNCUR,WSM,2016,100,,
XSPENDP.5T8.FDPUB.FNCUR,ZAF,2001,98.44756317138672,,
XSPENDP.5T8.FDPUB.FNCUR,ZAF,2003,99.95520782470703,,
XSPENDP.5T8.FDPUB.FNCUR,ZAF,2005,99.85193634033203,,
XSPENDP.5T8.FDPUB.FNCUR,ZAF,2006,95.89717864990234,UIS_EST,
XSPENDP.5T8.FDPUB.FNCUR,ZAF,2007,99.95443725585938,UIS_EST,
XSPENDP.5T8.FDPUB.FNCUR,ZAF,2008,99.94075775146484,,
XSPENDP.5T8.FDPUB.FNCUR,ZAF,2009,99.90631866455078,UIS_EST,
XSPENDP.5T8.FDPUB.FNCUR,ZAF,2010,99.76998138427734,UIS_EST,
XSPENDP.5T8.FDPUB.FNCUR,ZAF,2014,100,,
XSPENDP.5T8.FDPUB.FNCUR,ZAF,2017,94.85054779052734,,
XSPENDP.5T8.FDPUB.FNCUR,ZAF,2018,95.27362060546875,,
XSPENDP.5T8.FDPUB.FNCUR,ZAF,2019,95.29199981689453,,
XSPENDP.5T8.FDPUB.FNCUR,ZAF,2020,95.43859100341797,,
XSPENDP.5T8.FDPUB.FNCUR,ZAF,2021,95.984130859375,,
XSPENDP.5T8.FDPUB.FNCUR,ZAF,2022,99.99577331542969,,
XSPENDP.5T8.FDPUB.FNCUR,ZAF,2023,99.99771881103516,,
XSPENDP.5T8.FDPUB.FNCUR,ZAF,2024,99.99983215332031,,
XSPENDP.5T8.FDPUB.FNCUR,ZMB,2000,100,,
XSPENDP.5T8.FDPUB.FNCUR,ZMB,2004,95.24234771728516,,
XSPENDP.5T8.FDPUB.FNCUR,ZMB,2015,57.31385040283203,,
XSPENDP.5T8.FDPUB.FNCUR,ZMB,2016,56.22547149658203,,
XSPENDP.5T8.FDPUB.FNCUR,ZWE,2009,94.77413940429688,,